comment_id,username,comment_text,like_count,reply_count,topic_id,topic_name,main_topic_prob,alt_topic_1,alt_topic_1_name,alt_topic_1_prob,alt_topic_2,alt_topic_2_name,alt_topic_2_prob
7656819234199585554,gntl_12,saya berada di sumut apakah bisa daftar kuliah disini juga,1,1,5,Kerja Negeri Kuliah,0.7733676433563232,69,Apakah S1Hukum Perdagangan,0.77287757396698,100,Umur Usia Irt,0.7505118250846863
7657028412909912852,univsiberasia,UNSIA menerapkan sistem perkuliahan secara online maka kakak bisa berkuliah dimana saja dan kapan saja. Nah UNSIA bisa menjadi tujuan kakak yg ingin kuliah sambil bekerja kak karena memang waktunya fleksibel dan bisa dilaksanakan kapanpun dan dimanapun🤩,0,0,72,Tujuan Berkuliah Dimanapun,0.9864195585250854,86,Darimana 100 Jadi,0.8303506970405579,101,Favorit Pilih Fleksibel,0.7410690784454346
7656745347297035026,luigi.powder,biaya brapa prof,1,0,99,Biayanya Biaya Berapa,0.9014774560928345,18,Berapa Biaya Bayar,0.7926830649375916,77,Per Berapa Semester,0.7410211563110352
7656665895242842901,muhammadhannafis.kom,menyala 🔥,1,0,105,Swasta Oktober Situ,0.8983564376831055,29,Menyimak Nyimakkk Ut,0.9360653162002563,28,Asa Hum ,0.9352115392684937
7657152480103744274,smokinaftersad_,"hai kak, mau tanya untuk pengumuman hasil seleksi jalur pendaftaran beasiswa diumumkan kapan kak? soalnya saya cek selalu ""masih salam proses seleksi"" mohon pencerahannya 🙏🏻",0,0,106,Hasil Seleksi Pengumuman,0.8651903867721558,91,Ulang Bayar Isi,0.8137929439544678,49,Ijazahnya Lulus Kan,0.8104941844940186
7655578819294282516,rumiiiiiiiiii20_,"Haii kak, apakah ada program studi pgsd kak?",0,1,0,Jurusan Teknik Inggris,0.8191820979118347,120,Tanya Non S2Nya,0.8400946259498596,37,S2 Ada Doktoral,0.7985202074050903
7655625945747260167,univsiberasia,"Hai Kakak, UNSIA memiliki 6 prodi yaitu akuntansi, komunikasi, manajemen, sistem informasi, informatika, dan teknologi informasi🤗",0,0,63,Informasi Informatika Akuntansi,0.9219193458557129,136,Yaitu Akuntansi Terdapat,0.9254196882247925,130,Pt Terakreditasi Ban,0.6764167547225952
7655302739774309140,jochi.solution,"lihat pak Joko sehat senang sekali, dosen penguji saya pas sidang. sehat2 terus pak..",0,1,55,Sukses Selalu Sehat,0.6193843483924866,62,Semoga Allah Doain,0.6387973427772522,25,Amin Selalu Semangat,0.6281924247741699
7655626143144313618,univsiberasia,"Wah, ada alumni UNSIA nih. Sukses selalu untuk Kakak yaa🤩",1,0,25,Amin Selalu Semangat,0.8375585079193115,62,Semoga Allah Doain,0.8087833523750305,55,Sukses Selalu Sehat,0.7923117876052856
7655313616019063560,hrlnyti,sehat sehat sll pak dosen😘,0,1,55,Sukses Selalu Sehat,0.8298832178115845,25,Amin Selalu Semangat,0.7628298997879028,97,Salam Mantap Kenal,0.7493740320205688
7655626057009349383,univsiberasia,"Wah, ada mahasiswanya Pak Joko nih. Semangat selalu untuk Kakak yaa😊",0,0,25,Amin Selalu Semangat,0.8483849167823792,113,Semangat Wah Berpikir,0.771072506904602,94,Ditunggu Tunggu Wah,0.7682754993438721
7657152591726232338,smokinaftersad_,"hai kak, mau tanya untuk pengumuman hasil seleksi jalur pendaftaran beasiswa diumumkan kapan kak? soalnya saya cek selalu ""masih salam proses seleksi"" mohon pencerahannya 🙏🏻",0,0,106,Hasil Seleksi Pengumuman,0.8651903867721558,91,Ulang Bayar Isi,0.8137929439544678,49,Ijazahnya Lulus Kan,0.8104941844940186
7655578756916151060,rumiiiiiiiiii20_,"Haii kak, apakah ada program studi pgsd kak?",1,1,0,Jurusan Teknik Inggris,0.8191822171211243,120,Tanya Non S2Nya,0.8400947451591492,37,S2 Ada Doktoral,0.7985203266143799
7656410701746160405,einaafets,"Hi kak, belum ada",0,0,15,Hi Halo Dong,0.8641812801361084,43,Belum Huhu Nih,0.8171354532241821,79,Daftar Sudah Kamu,0.7909830212593079
7654929379759391495,dheaa_107,semoga aku yg semester bisa selesai sampai wisuda 🥰🙏,0,1,62,Semoga Allah Doain,0.8419418334960938,118,Desember Baca Depan,0.7429915070533752,111,Alhamdulillah Keluarga Bagian,0.7401871681213379
7655597644568396564,univsiberasia,"Wah , aamiin Kak. Semangat selalu untuk kuliahnya yaa🤗",1,0,25,Amin Selalu Semangat,0.9323552846908569,113,Semangat Wah Berpikir,0.8130084276199341,62,Semoga Allah Doain,0.8087174892425537
7652962772066796309,riko.noviantoro,Gagah liat Abang Dafi,3,0,38,Ih Maba Grupnya,0.714645266532898,126,Keren Mukanya Asing,0.6368848085403442,48,Betul Banget Lucu,0.6332675218582153
7652963474851414802,mahatir0809,min taun depan buka prodi pertanian donh,0,0,78,Kapan Min Gel,0.772680401802063,132,Mending Ptnbh Alumni,0.7945472598075867,30,Korea Degree Min,0.7940905094146729
7657152713642394386,smokinaftersad_,"hai kak, mau tanya untuk pengumuman hasil seleksi jalur pendaftaran beasiswa diumumkan kapan kak? soalnya saya cek selalu ""masih salam proses seleksi"" mohon pencerahannya 🙏🏻",0,0,106,Hasil Seleksi Pengumuman,0.8651903867721558,91,Ulang Bayar Isi,0.8137929439544678,49,Ijazahnya Lulus Kan,0.8104941844940186
7654923550213653255,dheaa_107,saya juga di dukung 100%oleh boss saya🥲,1,1,102,100 Fully Bk,0.616523265838623,93,Jujur Review Kata,0.6364980936050415,62,Semoga Allah Doain,0.6051311492919922
7654956671412814612,dewi.absur,Kerenn kak,0,0,126,Keren Mukanya Asing,0.8871108293533325,48,Betul Banget Lucu,0.8711929321289062,53,Dong Kayaknya Banget,0.8063467741012573
7652265970035966740,dewi.absur,Bos sayaa😭😭😭 bos saya yg sangat mendukung penuh dari banyak hall,1,2,21,Malam Shift Begitu,0.43498939275741577,93,Jujur Review Kata,0.5162780284881592,97,Salam Mantap Kenal,0.5107836723327637
7652337096116192018,univsiberasia,"Hi Kak Dewi, wahh boleh nih Kak ajak bosnya nanti pas wisuda🤩",0,0,15,Hi Halo Dong,0.7771471738815308,96,Secara Dilaksanakan Hybrid,0.7549115419387817,94,Ditunggu Tunggu Wah,0.7386726140975952
7652341898615358229,dewi.absur,"Pastiii , tapi nanti masih lamaaa baru juga maba😂😂",0,0,38,Ih Maba Grupnya,0.7104326486587524,118,Desember Baca Depan,0.7797049880027771,34,Daftar Tinggal Baru,0.741140604019165
7653817470851859221,arisianaon__,"kaa, mau tanya2 biaya per smt nya kemana ya?",1,3,120,Tanya Non S2Nya,0.8585598468780518,18,Berapa Biaya Bayar,0.8432472944259644,17,Cara Daftarnya Bagaimana,0.802843451499939
7654411010324824850,univsiberasia,"Hi Kak, untuk UKT di UNSIA hanya 3jt lho persemester🤗",0,0,1,Dicicil 3Jt Hanya,0.8667872548103333,67,Program Belum Dibuka,0.7917423248291016,30,Korea Degree Min,0.7799749970436096
7654551536341975816,mii92830,Persemester brp bulan ka?,0,0,65,Angkatan Berapa Kira,0.8591525554656982,18,Berapa Biaya Bayar,0.8422822952270508,77,Per Berapa Semester,0.8218701481819153
7656410974685266709,einaafets,16 minggu kak,0,0,110,Jakarta Selatan Ragunan,0.5586248636245728,26,Adek Duluan Nurul,0.7591990828514099,124,Juta Serius 3Jt,0.7415370941162109
7654629648786244360,irabbyy,"lulusan paket C , IRT umur 30 tahun, bisa daftar kuliah di sini ga ya? 😁",0,3,100,Umur Usia Irt,0.8493019938468933,4,D3 S1 Lanjut,0.8431293964385986,119,Teman Syarat Magang,0.8376997709274292
7655311678331110151,univsiberasia,"Hi Kak, Nggak ada batasan umur kok Kakak
Di UNSIA, yang penting semangat belajarnya, bukan usianya 🙌
Karena belajar itu nggak kenal umur, yang muda semangat, yang udah berpengalaman juga makin keren",1,0,85,Umur Muda Batasan,0.8696718215942383,86,Darimana 100 Jadi,0.7379432916641235,46,Ut Pengin Bidang,0.7023752927780151
7655309581862437640,r.post1,"bisa kayaknya, daftar aja yuk. aku jg baru daftar nih",0,0,34,Daftar Tinggal Baru,0.8620988130569458,79,Daftar Sudah Kamu,0.8036220073699951,27,Join Grup Yuk,0.7890511751174927
7655344388307157778,irabbyy,"aku masih kepoin info tentang unsia ini kak, InsyaAllah nanti kalo udah mantep hati nya mau daftar juga 🤭",1,0,34,Daftar Tinggal Baru,0.8653972148895264,46,Ut Pengin Bidang,0.8216292262077332,79,Daftar Sudah Kamu,0.8044488430023193
7655578486644654868,rumiiiiiiiiii20_,"Haii kak, apakah ada program studi pgsd?",2,0,0,Jurusan Teknik Inggris,0.7998670339584351,120,Tanya Non S2Nya,0.819831132888794,67,Program Belum Dibuka,0.7927443981170654
7654508374486450962,achaleyy23,masih bisa daftar ga kak?,0,1,47,Daftar Gelombang Januari,0.9094913005828857,3,Buka Pendaftaran Masih,0.8599444031715393,79,Daftar Sudah Kamu,0.8450316190719604
7654518915834086151,univsiberasia,"Hai Kak, Sudah dibuka nih Kakak pendaftaran mahasiswa baru
Hari ini resmi pendaftaran Mahasiswa Baru UNSIA dimulai. Jadi Kakak bisa langsung daftar sekarang di pmb.unsia.ac.id, pilih jurusan favorit, dan mulai kuliah online fleksibel dari mana aja🤩",0,0,101,Favorit Pilih Fleksibel,0.9648154973983765,83,Pilih Favorit Mulai,0.9097179174423218,2,Website Id Ac,0.8723965287208557
7654969783415456513,jean_jj96,ka unsia bisa doble degree gak,0,1,30,Korea Degree Min,0.8464659452438354,9,Kip Unsia Diterima,0.8072247505187988,39,Beasiswa Kkn Program,0.8036290407180786
7655597151955895061,univsiberasia,"Hi Kakak, bisa yaa",0,0,15,Hi Halo Dong,0.9227440357208252,53,Dong Kayaknya Banget,0.8376173377037048,87,Hihi Jugakk Wakty,0.8222273588180542
7655470363153777415,secondchoiceeeeeeee44,"kakk, kpan pembukaan gelombang ke 5 nya?",1,1,31,Kapan Pendaftarannya Gelombang,0.8680195808410645,89,Tanggal Gelombang Bulan,0.847162663936615,78,Kapan Min Gel,0.8168109655380249
7655584531843597074,univsiberasia,"Hi Kak, saat ini sudah dibuka ya pendaftaran mahasiswa baru gelombang 5",1,0,66,Dibuka Mahasiswa Baru,0.936665415763855,54,Membuka Lho Mahasiswa,0.8661246299743652,10,Maret April Bulan,0.8300225734710693
7653358482506433287,urfav.g1rl7,Ka ig nya apa,0,1,116,Ig Akun Sering,0.8153802156448364,6,Dimana Daerah Mana,0.8281236290931702,52,Web Lewat Kemana,0.7956856489181519
7655597410743993108,univsiberasia,UNSIA memiliki 2 akun instagram yaitu @univsiberasia dan @ppmbunsia_offical,0,0,2,Website Id Ac,0.6381043195724487,56,Universitas Siber Asia,0.6235807538032532,130,Pt Terakreditasi Ban,0.5911611318588257
7655008088894997268,nszfd,"halo min mau tanya, setelah gelombang 4 apakah ada pendaftaran gelombang 5?",0,1,89,Tanggal Gelombang Bulan,0.7475500106811523,120,Tanya Non S2Nya,0.7984618544578552,91,Ulang Bayar Isi,0.7722819447517395
7655175774807687954,univsiberasia,"Hi Kak, pastinya ada dong Kak🤗",0,0,15,Hi Halo Dong,0.8941665887832642,60,Admin Dm Boleh,0.7935606241226196,35,Infonya Terima Kasih,0.7870720624923706
7654283319035413256,yunixz,ada kelas karyawan ka?,0,1,51,Open Otw Pkl,0.8684656620025635,0,Jurusan Teknik Inggris,0.7759082317352295,43,Belum Huhu Nih,0.7754323482513428
7654410848518161160,univsiberasia,"Hai Kakak Yun, UNSIA menerapkan sistem perkuliahan secara online maka kakak bisa berkuliah dimana saja dan kapan saja. Nah UNSIA bisa menjadi tujuan kakak yg ingin kuliah sambil bekerja kak karena memang waktunya fleksibel dan bisa dilaksanakan kapanpun dan dimanapun🤩",0,0,72,Tujuan Berkuliah Dimanapun,0.9817453622817993,86,Darimana 100 Jadi,0.8483760356903076,101,Favorit Pilih Fleksibel,0.7623312473297119
7653152199933707015,thisisrandompeople_,buka pendaftaran kapan lagi min ?,1,1,78,Kapan Min Gel,0.9014357328414917,3,Buka Pendaftaran Masih,0.8250861167907715,31,Kapan Pendaftarannya Gelombang,0.8089005947113037
7653302903763075848,univsiberasia,"Hi Kakak, saat ini UNSIA masih membuka pendaftaran lhoo🤩🤩",0,0,54,Membuka Lho Mahasiswa,0.9479553699493408,66,Dibuka Mahasiswa Baru,0.9000975489616394,67,Program Belum Dibuka,0.8542072772979736
7656393790466310919,chikaa_nff,🥰🥰🥰,0,0,28,Asa Hum ,0.9997044801712036,13,  ,1.0,61,  ,1.0
7652316174584431368,panggilajamantanku_,min mulai kuliah nya di bulan brp?,1,1,30,Korea Degree Min,0.7652299404144287,89,Tanggal Gelombang Bulan,0.8464795351028442,77,Per Berapa Semester,0.8149906396865845
7652337177868124936,univsiberasia,Untuk perkuliahan akan dimulai di bulan Oktober ya Kakak🤩,0,0,10,Maret April Bulan,0.8727518916130066,109,Ditutup Khawatir Kembali,0.8062561750411987,96,Secara Dilaksanakan Hybrid,0.7687878012657166
7652200138919871250,viwwtiara_,min aku maba gel 2 blm di masukin grup² kenapa ya? nim jga blm di bagiin,2,1,78,Kapan Min Gel,0.7201139330863953,91,Ulang Bayar Isi,0.7648736238479614,30,Korea Degree Min,0.763245701789856
7652200856108139271,univsiberasia,"Halo Kak Ara, untuk link grup whatsapp akan dikirimkan ketika mendekati perkuliahan ya Kak dan NIM akan terbit sebelum perkuliahan dimulai😊",5,0,2,Website Id Ac,0.7836031913757324,10,Maret April Bulan,0.7721056342124939,73,Program Dibuka Saat,0.7424586415290833
7652412013872956180,satu_toko0,kok gk d Unas lagi min wisudaanya,0,0,104,Aman Unas Ciber,0.7263802289962769,88,Pindah Semester Ngulang,0.7584249973297119,30,Korea Degree Min,0.7532499432563782
7654085968132424466,kimmyjennaira_,kak masih buka gelombang gak sih? ketinggalan nih😭,0,3,3,Buka Pendaftaran Masih,0.8376089334487915,47,Daftar Gelombang Januari,0.8140174150466919,34,Daftar Tinggal Baru,0.8112502098083496
7654411675086619399,univsiberasia,"Hi Kakak, UNSIA masih membuka pendaftaran mahasiswa baru lhoo, yuk daftar langsung ke website resmi UNSIA di pmb.unsia.ac.id🤗",0,0,2,Website Id Ac,0.9123258590698242,54,Membuka Lho Mahasiswa,0.8552137017250061,101,Favorit Pilih Fleksibel,0.854671835899353
7654423407207219976,kimmyjennaira_,sampe bulan apa kak?,0,0,135,Infoin Mau Lantang,0.7171676158905029,89,Tanggal Gelombang Bulan,0.7406631708145142,65,Angkatan Berapa Kira,0.7344740629196167
7654424322649719560,univsiberasia,Pendaftaran dibuka sampai bulan Agustus ya Kak,0,0,10,Maret April Bulan,0.9083648920059204,31,Kapan Pendaftarannya Gelombang,0.8106648921966553,3,Buka Pendaftaran Masih,0.8043133616447449
7650786910147789575,eayaa30,daftarnya harus pake KTP kah? blm punya ktp,0,1,76,Paket Ijazah Sih,0.7291154861450195,47,Daftar Gelombang Januari,0.6828954219818115,91,Ulang Bayar Isi,0.6815649271011353
7653033370599211784,univsiberasia,"Hi Kakak, betul banget. Salah satu persyaratan wajibnya harus menyertakan KTP😊",0,0,53,Dong Kayaknya Banget,0.5593229532241821,91,Ulang Bayar Isi,0.6799629926681519,119,Teman Syarat Magang,0.6377468705177307
7652327181205668628,onlylhere,"halo kak mau bertanya, untuk biaya s1 pjj komunikasi berapa persemester?? apakah flat sampe lulus?? atau ga?? tolong di jawab yaaa",3,1,134,Pjj Akre Industri,0.7298226952552795,49,Ijazahnya Lulus Kan,0.8447182178497314,120,Tanya Non S2Nya,0.8357086777687073
7652340833848443666,univsiberasia,"Hi Kak, UKT di UNSIA hanya 3juta lho persemesternyaa, dan benar banget Kak itu flat sampai akhir🤗",2,0,1,Dicicil 3Jt Hanya,0.8489409685134888,86,Darimana 100 Jadi,0.8014460802078247,49,Ijazahnya Lulus Kan,0.7930968999862671
7651275654612517640,hamballahyangbaik,min bakal ada gelombang 4 gak ya?,0,0,39,Beasiswa Kkn Program,0.8248201608657837,89,Tanggal Gelombang Bulan,0.8120888471603394,47,Daftar Gelombang Januari,0.8068408370018005
7652736107487249173,buttercuppiey,kalo mau nanya nanya bisa ke wa ga ya? atau ada kontak yang bisa dihubungi?,0,0,8,Tanya Bertanya Chat,0.7413420677185059,36,Dm Admin Detailnya,0.7454181909561157,52,Web Lewat Kemana,0.7260582447052002
7650489467044332309,salsapt_3,tes seleksi di lakuin online juga kah?,3,1,7,Offline Ujiannya Online,0.8044922351837158,112,Ujian Tes Online,0.7772128582000732,115,Full Fisik Diunsia,0.751643180847168
7650544277579825927,univsiberasia,"Halo Kak, betul ya, dari awal pendaftaran sampai sidang skripsi UNSIA online yahh🤗",0,0,58,Tugas Akhir Skripsi,0.826422929763794,10,Maret April Bulan,0.8124859929084778,44,100 Learning Fully,0.8022037744522095
7652389462669165332,ruzal754,kak masih bisa daftar ga yaa,1,1,47,Daftar Gelombang Januari,0.904700756072998,3,Buka Pendaftaran Masih,0.8591278195381165,17,Cara Daftarnya Bagaimana,0.8584065437316895
7652419572410974984,univsiberasia,"Hi Kakak, UNSIA masih membuka pendaftaran mahasiswa baru lho😊",0,0,54,Membuka Lho Mahasiswa,0.9566982388496399,66,Dibuka Mahasiswa Baru,0.9200868606567383,67,Program Belum Dibuka,0.8216487169265747
7651392751880340242,111aul_,"Halo kak, untuk pengumuman hasil seleksi jalur konversi kapan ya?",1,1,106,Hasil Seleksi Pengumuman,0.8525485396385193,31,Kapan Pendaftarannya Gelombang,0.8036085367202759,12,Konversi Jalur Melalui,0.7800710201263428
7651465137110516487,univsiberasia,"Hi Kakak, untuk hasil konversi akan keluar 7-14 hari yahh🤗",0,0,106,Hasil Seleksi Pengumuman,0.7604565620422363,123,Jam Kelas Karyawan,0.6910444498062134,10,Maret April Bulan,0.6890519857406616
7651496909340934919,oloolo19,Kak pendaftaran masih buka kah ya?,1,1,3,Buka Pendaftaran Masih,0.9257432818412781,31,Kapan Pendaftarannya Gelombang,0.8764705657958984,78,Kapan Min Gel,0.8396958112716675
7651651637999764231,univsiberasia,"Hi Kakak, masih dibuka yah pendaftaran mahasiswa baru🤗",0,0,66,Dibuka Mahasiswa Baru,0.9448331594467163,54,Membuka Lho Mahasiswa,0.8540520071983337,10,Maret April Bulan,0.8150742053985596
7650500775404045072,rry.putri,yayy aku manajemennn nihhh,1,0,38,Ih Maba Grupnya,0.8223180770874023,118,Desember Baca Depan,0.7452452182769775,57,Nilai Sesi Sabar,0.7365891933441162
7650526521572344596,nay.properti,kakkk ini lokasinya dimanaa yaa,1,1,6,Dimana Daerah Mana,0.8799077272415161,52,Web Lewat Kemana,0.8437409996986389,31,Kapan Pendaftarannya Gelombang,0.7911595702171326
7650544082398479112,univsiberasia,"Halo Kakak, Kampus UNSIA terletak di Jl. Harsono RM No.1, RT.5/RW.7, Ragunan, Kec. Ps. Minggu, Kota Jakarta Selatan, Daerah Khusus Ibukota Jakarta",0,0,110,Jakarta Selatan Ragunan,0.8870041370391846,136,Yaitu Akuntansi Terdapat,0.5093677043914795,63,Informasi Informatika Akuntansi,0.49208515882492065
7650532054995714824,viwwtiara_,ada baju masing² prodi ga ya min?,0,0,11,Skripsi Sidang Tidak,0.7847248911857605,39,Beasiswa Kkn Program,0.7708916068077087,115,Full Fisik Diunsia,0.7647576332092285
7650502984661549845,yulianieka123,Salam sehat dari Mahasiswa Manajemen 😊,0,0,55,Sukses Selalu Sehat,0.7623653411865234,97,Salam Mantap Kenal,0.7143290042877197,111,Alhamdulillah Keluarga Bagian,0.6349260807037354
7650595134698914568,blueeins,ka gelombang terakhir buka sampai kapan ya,0,0,31,Kapan Pendaftarannya Gelombang,0.8983859419822693,89,Tanggal Gelombang Bulan,0.8760228157043457,3,Buka Pendaftaran Masih,0.8396153450012207
7650509448914879252,de.y___,Eyyowww maba ilkom 🥰,1,0,103,Ilkom Ieu Balang,0.8569775819778442,19,Com Nice Https,0.6821156144142151,38,Ih Maba Grupnya,0.6267239451408386
7650532493150438151,annearrr,Aku banget,0,0,38,Ih Maba Grupnya,0.799443244934082,122,Kalbar Ia Kebingungan,0.8218036890029907,75,Iya Iyapp Introvert,0.8055477142333984
7650488852775486228,riko.noviantoro,Mantaaap,0,0,97,Salam Mantap Kenal,0.7695177793502808,126,Keren Mukanya Asing,0.8737563490867615,19,Com Nice Https,0.8083141446113586
7652945181868049159,acah1149,anak saya baru daftar diunsia,0,2,9,Kip Unsia Diterima,0.7243032455444336,100,Umur Usia Irt,0.697304904460907,111,Alhamdulillah Keluarga Bagian,0.6624077558517456
7653033223912620808,univsiberasia,"Halo Ibu Aisyah, wah keren banget.. semoga kuliahnya selalu dilancarkan ya nanti Bu, dan Ibu sehat selalu supaya bisa menyaksikan anak Ibu wisuda dan sukses🤗",1,0,25,Amin Selalu Semangat,0.812463104724884,62,Semoga Allah Doain,0.8185336589813232,55,Sukses Selalu Sehat,0.7114190459251404
7653034594148762376,acah1149,aamiin,0,0,25,Amin Selalu Semangat,0.6591169834136963,131,Next Up Gass,0.6741111874580383,55,Sukses Selalu Sehat,0.6701043844223022
7652185130995663634,cheeseanuts,"maaf min, mau tanya lebih lanjut untuk info beasiswa nya bisa diakses dimana ya?",0,1,41,Info Link Cara,0.7241030335426331,120,Tanya Non S2Nya,0.8610900640487671,8,Tanya Bertanya Chat,0.8182021379470825
7652185635755361042,univsiberasia,Hi Kak untuk informasi lebih lengkapnya bisa melalui akun instagram @ppmbunsia_official dan website resmi UNSIA di pmb.unsia.ac.id,1,0,2,Website Id Ac,0.8875880837440491,101,Favorit Pilih Fleksibel,0.755179226398468,83,Pilih Favorit Mulai,0.7113777995109558
7646363747960095506,pratama6792,"Wah bersyukur banget bisa keterima di UNSIA, 🥰🥰🥰",0,0,9,Kip Unsia Diterima,0.7850177884101868,111,Alhamdulillah Keluarga Bagian,0.8473634719848633,62,Semoga Allah Doain,0.7607159614562988
7631893100264162049,rayfero0,guys Ayuk buat group kita,1,0,27,Join Grup Yuk,0.7596759796142578,24,Ayo Ikutt Ikut,0.6869646906852722,116,Ig Akun Sering,0.6592724323272705
7634763094427173648,_abcdef1999,halo kak. saya pengen daftar. bisa info pendaftaran nya kak 🙏,0,1,17,Cara Daftarnya Bagaimana,0.833383321762085,120,Tanya Non S2Nya,0.8073256015777588,8,Tanya Bertanya Chat,0.8020086288452148
7634765924642603794,univsiberasia,"Hi Kakak, untuk informasi lebih lanjut bisa melalui DM yaa😊",1,0,36,Dm Admin Detailnya,0.9413933753967285,60,Admin Dm Boleh,0.8508518934249878,23,Dm Cek Izin,0.7515122890472412
7634009400743314177,matchaduls,mau tanya tentang pendaftaran buka kapan ya? wa nya ada info di banned ya?,0,1,3,Buka Pendaftaran Masih,0.8125671744346619,91,Ulang Bayar Isi,0.8154851198196411,8,Tanya Bertanya Chat,0.8145700693130493
7634045208283792146,univsiberasia,"Hi Kakak, info lebih lanjut bisa melalui DM ya Kakak",0,0,36,Dm Admin Detailnya,0.9388267397880554,60,Admin Dm Boleh,0.8566993474960327,23,Dm Cek Izin,0.7653284072875977
7631986624918717202,akunku_q,kak uang kuliah nya ada beasiswa gak?,1,0,39,Beasiswa Kkn Program,0.9063571691513062,120,Tanya Non S2Nya,0.8536518812179565,30,Korea Degree Min,0.8420428037643433
7630402253702972178,arazeehbluu,kpan buka pendaftaran lgi k,0,1,78,Kapan Min Gel,0.8816606998443604,3,Buka Pendaftaran Masih,0.8396265506744385,31,Kapan Pendaftarannya Gelombang,0.8233023285865784
7630731052940854023,univsiberasia,"Hi Kakak, Saat ini untuk pendaftaran mahasiswa baru sudah ditutup nih Kakak. Namun, jangan khawatir dibuka kembali di semester ganjil yaa yaitu di bulan Juni🤗",0,0,109,Ditutup Khawatir Kembali,0.9844383597373962,66,Dibuka Mahasiswa Baru,0.8141007423400879,10,Maret April Bulan,0.7952994108200073
7630767655666696978,kakacan86,Untuk s2 hukum kk,0,0,50,S2 Pendidikan Hukum,0.8427443504333496,42,Jurusan Ekonomi Hukum,0.771336555480957,4,D3 S1 Lanjut,0.7392960786819458
7630119482337428244,yoursweetpineapples,ada skripsi ga min?,0,1,11,Skripsi Sidang Tidak,0.9202315807342529,39,Beasiswa Kkn Program,0.833926796913147,37,S2 Ada Doktoral,0.8172696828842163
7630731182015316743,univsiberasia,"Hi Kak, untuk tugas akhir menggunakan skripsi ya di UNSIA😊",0,0,58,Tugas Akhir Skripsi,0.9227238893508911,67,Program Belum Dibuka,0.820462703704834,30,Korea Degree Min,0.7922520041465759
7634067262446224148,_mrvhalefi,pendaftaran mulai kapan kak,0,2,31,Kapan Pendaftarannya Gelombang,0.9379900693893433,78,Kapan Min Gel,0.8626084327697754,3,Buka Pendaftaran Masih,0.8593458533287048
7634406424319755028,univsiberasia,"Hi Kakak, Saat ini untuk pendaftaran mahasiswa baru sudah ditutup nih Kakak. Tapiii, jangan khawatir Kak, aku kasih bocoran nihh, dibuka kembali pendaftarannya di tanggal 1 Mei 2026 lhoo🤫",0,0,109,Ditutup Khawatir Kembali,0.91759192943573,10,Maret April Bulan,0.8194965720176697,66,Dibuka Mahasiswa Baru,0.8001440763473511
7634560528657302273,memskuy21,maaf min untuk akhir tahun nanti masih ada kesempatan apa tidak ya buat pendaftaran,0,0,3,Buka Pendaftaran Masih,0.7999365925788879,78,Kapan Min Gel,0.7868980765342712,47,Daftar Gelombang Januari,0.7799789905548096
7638155073994883858,exchorinawitha,"prodi hukum ada nggk kak?, dan saya bisa lanjut rpl kah? dl S1 Komunikasi UPN Surabaya, mau ambil hukum bisa?
dan Akreditasi nya apa ya?",0,0,68,Rpl Pengalaman Jalur,0.737798273563385,49,Ijazahnya Lulus Kan,0.860687255859375,4,D3 S1 Lanjut,0.8407294750213623
7647842648754209556,bbeninggg0,ada skripsi ngga?,0,0,11,Skripsi Sidang Tidak,0.9020941257476807,51,Open Otw Pkl,0.8138076066970825,114,S2 Lita Anis,0.8131649494171143
7635981062736528136,fzyyy._,"ada prodi ilmu hukum ngga ya, aku pengin pindah",0,0,88,Pindah Semester Ngulang,0.831924557685852,0,Jurusan Teknik Inggris,0.8766512870788574,30,Korea Degree Min,0.8394601941108704
7635131182514668309,piaaacinnamon,"kak,kalo uda sem 4 dari univ lain pindah ke sini bisa ga langsung nerusin",0,1,88,Pindah Semester Ngulang,0.8338749408721924,49,Ijazahnya Lulus Kan,0.839115560054779,4,D3 S1 Lanjut,0.8317738175392151
7635131542851535624,univsiberasia,"Hi Kak, bisa melalui jalur alih jenjang atau konversi yahhh😊",0,0,12,Konversi Jalur Melalui,0.9338376522064209,22,Pindahan Menerima Ut,0.7790465354919434,120,Tanya Non S2Nya,0.7622554302215576
7633822381862388501,_putrimayang,Pengen bgt kuliah online,0,0,46,Ut Pengin Bidang,0.7141737937927246,132,Mending Ptnbh Alumni,0.7311693429946899,128,Main Kampusnya Kekampus,0.729157567024231
7631201309093937938,manubias1asa,"halo kak,ada jurusan ekonomi gak",0,2,0,Jurusan Teknik Inggris,0.8849109411239624,120,Tanya Non S2Nya,0.8606645464897156,37,S2 Ada Doktoral,0.8393474817276001
7631425077032747784,univsiberasia,"Hi Kakak, di UNSIA memiliki 6 prodi yaitu akuntansi, komunikasi, manajemen, sistem informasi, informatika, dan teknologi informasi😊",0,0,63,Informasi Informatika Akuntansi,0.9277071952819824,136,Yaitu Akuntansi Terdapat,0.9370429515838623,130,Pt Terakreditasi Ban,0.6762279272079468
7632575159471899410,ja.11m81_,"halo kak, jurusan teknologi informasi udah ada ya kak",0,0,63,Informasi Informatika Akuntansi,0.7306256294250488,73,Program Dibuka Saat,0.8345870971679688,67,Program Belum Dibuka,0.8241239786148071
7646964741193843477,kir4n4_28,😁,0,0,61,  ,1.0,13,  ,1.0,20,Yes  ,0.999908447265625
7639041893061673735,riyanhalawa_,"min ada jurusan ilkom ngak ya, aku mau pindah kira""bisa ngak ya soalnya aku dah semester 6",1,3,49,Ijazahnya Lulus Kan,0.8816442489624023,88,Pindah Semester Ngulang,0.8440216779708862,46,Ut Pengin Bidang,0.8416101932525635
7639236999966196488,univsiberasia,"Hi Kakak, bisa banget melalui jalur alih jenjang ya Kakak",0,0,12,Konversi Jalur Melalui,0.9092262387275696,15,Hi Halo Dong,0.7654404640197754,22,Pindahan Menerima Ut,0.7634315490722656
7641146405554569991,twyah_,"Ada ilkom kak, aku alumni ilkom",0,0,103,Ilkom Ieu Balang,0.6066328883171082,9,Kip Unsia Diterima,0.750275194644928,0,Jurusan Teknik Inggris,0.7230276465415955
7639390516580320008,riyanhalawa_,"kira""ngak ngulang kak???",0,0,88,Pindah Semester Ngulang,0.6969082355499268,43,Belum Huhu Nih,0.7757271528244019,38,Ih Maba Grupnya,0.7720069885253906
7631533490992284423,srvnaandinn,Lovvvv unsiaaaa🫶🏻,1,0,19,Com Nice Https,0.697187602519989,103,Ilkom Ieu Balang,0.6645152568817139,82,Nrrjml Hbd Nz,0.6057745218276978
7637166690279752469,costa.mariano.hen,jadi Mahasiswa di UNSIA senan bgt aku,0,0,9,Kip Unsia Diterima,0.786923348903656,111,Alhamdulillah Keluarga Bagian,0.7743607759475708,57,Nilai Sesi Sabar,0.7611299753189087
7640595797905802005,yizhanyizhan123,Aku pgn pindah ke UNSIA,0,0,9,Kip Unsia Diterima,0.8354166150093079,88,Pindah Semester Ngulang,0.7808791399002075,111,Alhamdulillah Keluarga Bagian,0.7564250230789185
7640123722162488081,dorasquarepants22,bisa jalur rpl ga?,0,0,68,Rpl Pengalaman Jalur,0.8940130472183228,115,Full Fisik Diunsia,0.7654862403869629,11,Skripsi Sidang Tidak,0.7647914886474609
7631500033137836820,jochi.solution,jaya selalu kampusku UNSIA,1,0,55,Sukses Selalu Sehat,0.8749938011169434,111,Alhamdulillah Keluarga Bagian,0.73032146692276,25,Amin Selalu Semangat,0.6942248344421387
7634244290302296852,user289020523,s2 pendidikan ada kah?,0,0,50,S2 Pendidikan Hukum,0.9243892431259155,37,S2 Ada Doktoral,0.8500289916992188,114,S2 Lita Anis,0.8466317653656006
7628608898790048519,bye_bye138,😁😁😁,0,0,32,Merdeka Di ,0.99981689453125,13,  ,1.0,61,  ,1.0
7626550748558131986,gomugura,hadiiiir dari informatika🙌🏻🙌🏻,1,0,63,Informasi Informatika Akuntansi,0.5278973579406738,19,Com Nice Https,0.7096433639526367,103,Ilkom Ieu Balang,0.7004131078720093
7626408468799341320,erlin.335,😭hooh iii bsk tanggal 11,1,0,89,Tanggal Gelombang Bulan,0.6727797389030457,118,Desember Baca Depan,0.6998578906059265,129,Bismillah Bismillahirrahmanirrahim Sticker,0.6523521542549133
7626567144961196807,nonariani11,hadir ka,1,0,33,Bagaimana Wisudanya Tes,0.551441490650177,26,Adek Duluan Nurul,0.8302043676376343,24,Ayo Ikutt Ikut,0.8077853918075562
7626128645258150664,zizelllllll,"kak aku lulus april ini, kalo mau daftar gimana ya?",0,1,10,Maret April Bulan,0.7990107536315918,49,Ijazahnya Lulus Kan,0.8666463494300842,34,Daftar Tinggal Baru,0.8294684290885925
7626292092680192775,univsiberasia,"Hi Kakak, Saat ini untuk pendaftaran mahasiswa baru sudah ditutup nih Kakak. Namun, jangan khawatir dibuka kembali di semester ganjil yaa yaitu di bulan Juni🤗",1,0,109,Ditutup Khawatir Kembali,0.9844383597373962,66,Dibuka Mahasiswa Baru,0.8141007423400879,10,Maret April Bulan,0.7952994108200073
7620089140696941333,wahyu_delima5,nice,0,0,19,Com Nice Https,0.8425315022468567,131,Next Up Gass,0.8183618783950806,126,Keren Mukanya Asing,0.7958698272705078
7622640957465477904,siti.amanah71,slmualaikum p dusen,0,0,97,Salam Mantap Kenal,0.7446473836898804,103,Ilkom Ieu Balang,0.6421397924423218,55,Sukses Selalu Sehat,0.6301063895225525
7622640654930199313,siti.amanah71,mohon maaf lahir baten,0,0,97,Salam Mantap Kenal,0.6883471012115479,98,Terima Kasih Murid,0.6267648339271545,35,Infonya Terima Kasih,0.5998814105987549
7619992556323996437,originalleee,selamat hari rayaa 🙏🌙,0,0,55,Sukses Selalu Sehat,0.7117260694503784,129,Bismillah Bismillahirrahmanirrahim Sticker,0.6894766092300415,25,Amin Selalu Semangat,0.6605720520019531
7622642547979469585,siti.amanah71,tanggal berapa,0,0,89,Tanggal Gelombang Bulan,0.7079987525939941,105,Swasta Oktober Situ,0.73760986328125,99,Biayanya Biaya Berapa,0.7245000600814819
7612625259805016839,rustorusto277,Sukse selalu untuk UNSIA❤️,0,1,55,Sukses Selalu Sehat,0.9356027841567993,25,Amin Selalu Semangat,0.8012239933013916,97,Salam Mantap Kenal,0.7059651017189026
7612667645083779858,univsiberasia,"Amin, terima kasih Kak. Semangat selalu untuk Kakak🤗",0,0,25,Amin Selalu Semangat,0.9264042973518372,98,Terima Kasih Murid,0.8252973556518555,113,Semangat Wah Berpikir,0.7832738161087036
7613302998295397141,najef.rahid,SEMOGA UNSIA BISA TERAKREDITASI A. Amiinnn,1,0,55,Sukses Selalu Sehat,0.8275752067565918,62,Semoga Allah Doain,0.7781796455383301,111,Alhamdulillah Keluarga Bagian,0.7690196633338928
7619387359842697992,bot.hunting,"jayalah kampus ku!! terimakasih atas ilmu yg diberikan, sangat membantu pekerjaan saya saat ini. 🔥
Ijiiiin... ☺️🫷🏻",2,1,25,Amin Selalu Semangat,0.7525118589401245,62,Semoga Allah Doain,0.7307559847831726,55,Sukses Selalu Sehat,0.7051335573196411
7619488854190031634,univsiberasia,"Wah, terimakasih Kakak, sukses selalu untuk Kakak ya🤩",1,0,25,Amin Selalu Semangat,0.9237594604492188,98,Terima Kasih Murid,0.8352842330932617,35,Infonya Terima Kasih,0.817973256111145
7613211369865741077,danisphase,mau tnya deh utk daftar ulang dan pembayaran UKT utk gelombang 7 terakhir kapan huhu plss,0,1,91,Ulang Bayar Isi,0.8255963325500488,106,Hasil Seleksi Pengumuman,0.7942823171615601,89,Tanggal Gelombang Bulan,0.7783031463623047
7613230214248694536,univsiberasia,"Hi Kak, maksimal di pertengahan Maret ya Kakak😊",0,0,10,Maret April Bulan,0.8870481252670288,96,Secara Dilaksanakan Hybrid,0.7776374816894531,94,Ditunggu Tunggu Wah,0.7579857110977173
7622642284244894465,siti.amanah71,saya orang ga puny pak,0,0,5,Kerja Negeri Kuliah,0.5402444005012512,45,Enggak Ribet Fh,0.6902883052825928,38,Ih Maba Grupnya,0.6774649024009705
7622641693897278209,siti.amanah71,thn89 lahir ny,0,0,97,Salam Mantap Kenal,0.6601976156234741,26,Adek Duluan Nurul,0.6742427349090576,129,Bismillah Bismillahirrahmanirrahim Sticker,0.6532893180847168
7622642492194194193,siti.amanah71,ingin anak saya biar bisah krja yang lebi baik sekolah lagi,0,0,62,Semoga Allah Doain,0.7392919063568115,100,Umur Usia Irt,0.6561141610145569,46,Ut Pengin Bidang,0.6480581760406494
7622641362017878785,siti.amanah71,anak saya inginsaya sekolahan kapan bisah datar,0,0,100,Umur Usia Irt,0.7243103981018066,88,Pindah Semester Ngulang,0.6744785308837891,5,Kerja Negeri Kuliah,0.6597855091094971
7612614285840188167,angelina.angel345,🥰🥰🥰,1,0,61,  ,1.0,13,  ,1.0,20,Yes  ,0.999908447265625
7613807851768972052,puspita.janwalia,ka unsia kapan buka pendaftaran lagi ya?,1,3,3,Buka Pendaftaran Masih,0.8736391067504883,31,Kapan Pendaftarannya Gelombang,0.8691026568412781,10,Maret April Bulan,0.865969717502594
7613960195551658770,univsiberasia,"Hi Kak, UNSIA saat ini masih dibuka lho pendaftaraan mahasiswa baru 🤩",0,0,66,Dibuka Mahasiswa Baru,0.942081093788147,54,Membuka Lho Mahasiswa,0.926659107208252,67,Program Belum Dibuka,0.8115818500518799
7615850714506052372,elee8__,pendaftaran dibuka sampai kpn ka?,0,0,31,Kapan Pendaftarannya Gelombang,0.9320423603057861,3,Buka Pendaftaran Masih,0.8565895557403564,78,Kapan Min Gel,0.8558690547943115
7616624305573626645,einaafets,Kemungkinan smpe awal april masih.. Krn mulai kuliah 13 april,0,0,10,Maret April Bulan,0.7134735584259033,89,Tanggal Gelombang Bulan,0.7076995372772217,100,Umur Usia Irt,0.6863493919372559
7612891047623148309,riko.noviantoro,sukses selalu,1,0,55,Sukses Selalu Sehat,0.8493058085441589,25,Amin Selalu Semangat,0.7846815586090088,113,Semangat Wah Berpikir,0.7696904540061951
7613963870126965512,rehanramm,Aku bisa konsul ke siapa ya?,0,1,52,Web Lewat Kemana,0.795206606388092,8,Tanya Bertanya Chat,0.7559929490089417,6,Dimana Daerah Mana,0.7486916780471802
7613964466039849735,univsiberasia,"Hi Kakak, info lebih detailnya bisa melalui DM ya 🤗",0,0,36,Dm Admin Detailnya,0.9493248462677002,60,Admin Dm Boleh,0.8740774393081665,23,Dm Cek Izin,0.7808198928833008
7615212038326928136,sukaredvelvetkeju,kak di unsia aja jurusan apa aja ya? yg tersedia untuk saat ini dan yg akan dtng kedepannya?🙏🏻,1,1,16,Apa Saja Jurusan,0.8189987540245056,119,Teman Syarat Magang,0.8063796758651733,49,Ijazahnya Lulus Kan,0.7676900029182434
7615225714153308935,univsiberasia,"Hi Kakak, saat ini UNSIA memiliki 6 prodi yaitu akuntansi, komunikasi, manajemen, sistem informasi, informatika, dan teknologi informasi",0,0,63,Informasi Informatika Akuntansi,0.9109958410263062,136,Yaitu Akuntansi Terdapat,0.9317665100097656,130,Pt Terakreditasi Ban,0.6797959804534912
7625526536586265351,axioxioiii,emng unsia ada skripsi?,0,3,104,Aman Unas Ciber,0.8302295207977295,9,Kip Unsia Diterima,0.800991415977478,132,Mending Ptnbh Alumni,0.790624737739563
7626587997294756626,univsiberasia,"Hi Kak, untuk tugas akhir di UNSIA menggunakan skripsi yaa😊",0,0,58,Tugas Akhir Skripsi,0.9271863698959351,67,Program Belum Dibuka,0.8155200481414795,30,Korea Degree Min,0.7949373126029968
7628083630863418120,univsiberasia,Sidangnya juga online ya Kakak😊,0,0,112,Ujian Tes Online,0.8786008954048157,7,Offline Ujiannya Online,0.8371114730834961,71,Wisuda Uts Uas,0.805995762348175
7626790415148581639,axioxioiii,sidang skripsi nya gimana?,0,0,33,Bagaimana Wisudanya Tes,0.8682035207748413,11,Skripsi Sidang Tidak,0.8014611005783081,84,Ngambil Ambil Apa,0.7944926023483276
7625509210181190420,sshabya,masii bisa daftar gasi,0,5,4,D3 S1 Lanjut,0.5565065145492554,47,Daftar Gelombang Januari,0.7645931243896484,27,Join Grup Yuk,0.7571487426757812
7626587919087928082,univsiberasia,"Saat ini untuk pendaftaran mahasiswa baru sudah ditutup nih Kakak. Namun, jangan khawatir dibuka kembali di semester ganjil yaa yaitu di bulan Juni🤗",1,0,109,Ditutup Khawatir Kembali,0.964206337928772,66,Dibuka Mahasiswa Baru,0.7809162735939026,10,Maret April Bulan,0.7602958083152771
7629491783932904208,na123_352,Info valid nya apa ya ka?soalnya ada yg bilang ga ada skripsi cuman ada nya tugas akhir karya ilmiah 🙏🏻,1,0,21,Malam Shift Begitu,0.8223596811294556,58,Tugas Akhir Skripsi,0.8270469307899475,49,Ijazahnya Lulus Kan,0.7861123085021973
7629538557119906581,nurldky,bener katanya cuma bikin jurnal kenapa ini ada skripsi,0,0,93,Jujur Review Kata,0.7834007143974304,58,Tugas Akhir Skripsi,0.7268039584159851,132,Mending Ptnbh Alumni,0.7257200479507446
7627390971172815637,goarlike,"kalo daftar juni, masuknya bulan apa ya min?",1,0,89,Tanggal Gelombang Bulan,0.8836240768432617,123,Jam Kelas Karyawan,0.8074016571044922,31,Kapan Pendaftarannya Gelombang,0.8016877174377441
7627533960139031303,starwbarrycakee,"juni,tgl brpa ya min?",0,0,89,Tanggal Gelombang Bulan,0.8926001787185669,31,Kapan Pendaftarannya Gelombang,0.805001974105835,78,Kapan Min Gel,0.7974722385406494
7629595430497649415,agathaamokosuli,kira kiara ada jurusan pskologi gk kak?mohon di jawab,0,2,0,Jurusan Teknik Inggris,0.8363213539123535,120,Tanya Non S2Nya,0.8746380805969238,119,Teman Syarat Magang,0.8404769897460938
7631882737607672584,univsiberasia,"Hi Kakak, saat ini di UNSIA memiliki 6 prodi yaitu akuntansi, manajemen, komunikasi, teknologi informasi, informatika, dan sistem informasi😊",0,0,63,Informasi Informatika Akuntansi,0.9129443168640137,136,Yaitu Akuntansi Terdapat,0.9416907429695129,67,Program Belum Dibuka,0.6794068217277527
7631883051987141384,agathaamokosuli,makasih kak sudah di balas😇,0,0,98,Terima Kasih Murid,0.8628554344177246,35,Infonya Terima Kasih,0.8356795907020569,94,Ditunggu Tunggu Wah,0.7524622678756714
7626600674869674773,iyainajahiii,aku kira ga ada skripsi lihat dari skejul² di daftar nya 🤣,6,0,93,Jujur Review Kata,0.8071235418319702,104,Aman Unas Ciber,0.6980783939361572,132,Mending Ptnbh Alumni,0.6831101179122925
7636249451368563464,erisa.veni.a,Salam dari bengkuluu,0,0,97,Salam Mantap Kenal,0.8329614400863647,55,Sukses Selalu Sehat,0.746232271194458,98,Terima Kasih Murid,0.701073169708252
7625547056196911890,cocokopie,@naaaaaaa,0,1,19,Com Nice Https,0.8263208866119385,131,Next Up Gass,0.724267840385437,75,Iya Iyapp Introvert,0.7233939170837402
7625560676106797844,yeonabi_,maap ga liat,0,0,45,Enggak Ribet Fh,0.7504173517227173,126,Keren Mukanya Asing,0.723015546798706,43,Belum Huhu Nih,0.7096116542816162
7612205289190982418,suciputry30,"kak ini bisa kuliah ambil malem gak,",1,1,5,Kerja Negeri Kuliah,0.8310020565986633,22,Pindahan Menerima Ut,0.7969679832458496,123,Jam Kelas Karyawan,0.7909609079360962
7612512044575539988,einaafets,"Kuliahnya kapan aja bisa kak, subuh / dini hari tetep bisa😁",0,0,127,Caranya Kuliahnya Bagaimana,0.6485329270362854,71,Wisuda Uts Uas,0.7328887581825256,5,Kerja Negeri Kuliah,0.7213599681854248
7611399607943774994,dheaa_107,wahh keren🥰🥰🥰,1,0,126,Keren Mukanya Asing,0.8917903304100037,48,Betul Banget Lucu,0.7819410562515259,19,Com Nice Https,0.7305103540420532
7612150484632634130,strowberycak,hallo ka mau minta wa admin yang bisa di hubungi,0,1,8,Tanya Bertanya Chat,0.8156177401542664,60,Admin Dm Boleh,0.7844050526618958,36,Dm Admin Detailnya,0.7589946985244751
7612512945881170706,univsiberasia,"Hi Kakak, bisa DM Mimin untuk info lebih detailnya yah🤗",0,0,36,Dm Admin Detailnya,0.958407998085022,60,Admin Dm Boleh,0.9067304134368896,23,Dm Cek Izin,0.8017715215682983
7612293790015865621,anintia3_,apa ada s2 hukum,0,1,69,Apakah S1Hukum Perdagangan,0.8765139579772949,50,S2 Pendidikan Hukum,0.8530194163322449,37,S2 Ada Doktoral,0.8073636293411255
7612858409470231314,univsiberasia,"Hai Kakak, saat ini untuk program S2 belum dibuka nih di UNSIA😊",0,0,67,Program Belum Dibuka,0.9602415561676025,73,Program Dibuka Saat,0.9316402673721313,66,Dibuka Mahasiswa Baru,0.8566956520080566
7611871786736567048,yeswiao,"kuliah nya tiap hari atau sabtu ,minggu doang ka?",0,0,108,Offline Onsite Onnline,0.7275779247283936,123,Jam Kelas Karyawan,0.7845069169998169,71,Wisuda Uts Uas,0.7597900629043579
7616696766037574420,alessiaazalea,kampusku tercinta🥰,2,0,56,Universitas Siber Asia,0.7173342704772949,105,Swasta Oktober Situ,0.7363347411155701,122,Kalbar Ia Kebingungan,0.6826700568199158
7616727763127943956,ceoofgabutnasional,masyaallah tabarakllah🥰,2,0,19,Com Nice Https,0.5927367806434631,129,Bismillah Bismillahirrahmanirrahim Sticker,0.6046690344810486,97,Salam Mantap Kenal,0.5381078720092773
7616678387189547793,tati.tmq,maa sya alloh,1,0,19,Com Nice Https,0.6816191673278809,26,Adek Duluan Nurul,0.6308853626251221,129,Bismillah Bismillahirrahmanirrahim Sticker,0.618504524230957
7616626830703608596,riko.noviantoro,Menyalaaaa,0,1,19,Com Nice Https,0.873757541179657,131,Next Up Gass,0.8168630599975586,26,Adek Duluan Nurul,0.8046953678131104
7616999796348486407,univsiberasia,Menyala Pak Riko🤩,0,0,26,Adek Duluan Nurul,0.8075254559516907,19,Com Nice Https,0.7594825029373169,90,Binus Adsfort Harga,0.7583804130554199
7616750720814334721,lambskay,Kak saya lulusan 2018 pengen kuliah cuma bingung udah kelamaan kerja dan gaptek juga bingung step2nya harus gimna mulai dari mana 🥺,0,5,5,Kerja Negeri Kuliah,0.7906696200370789,46,Ut Pengin Bidang,0.803957998752594,49,Ijazahnya Lulus Kan,0.7952401638031006
7617375737029264148,hanayoo669,Aku lulusan 2008 juga baru mulai 😭😭Ayoo semangat bisaaa,0,0,34,Daftar Tinggal Baru,0.7640767097473145,57,Nilai Sesi Sabar,0.7481083869934082,85,Umur Muda Batasan,0.7310905456542969
7616996527894840071,univsiberasia,"Hi Kakak, untuk lebih detailnya Kakak bisa DM Mimin yah🤗",0,0,36,Dm Admin Detailnya,0.9569716453552246,60,Admin Dm Boleh,0.8985751867294312,23,Dm Cek Izin,0.7986506223678589
7616809418239607559,indriyan384,Aq lulusan 2015 kak baru jsdi maba 😀,0,0,9,Kip Unsia Diterima,0.8086185455322266,132,Mending Ptnbh Alumni,0.7833936214447021,46,Ut Pengin Bidang,0.7706415057182312
7616850468568318721,lambskay,Maba dimna kak prodi apa saya masih maju mundur soalnya takut gak mampu otak saya🥺,0,0,49,Ijazahnya Lulus Kan,0.795574426651001,46,Ut Pengin Bidang,0.7817549705505371,21,Malam Shift Begitu,0.771208643913269
7616982773915910919,indriyan384,Unsia kak . Manajemen,0,0,56,Universitas Siber Asia,0.8479998111724854,104,Aman Unas Ciber,0.7205359935760498,9,Kip Unsia Diterima,0.6992362141609192
7616965255148094224,myfcknlife_,guys kalau uda kelar daftr ulang dapat nim terus ngapain ya? nunggu email?,0,1,2,Website Id Ac,0.6969287395477295,91,Ulang Bayar Isi,0.7263699769973755,47,Daftar Gelombang Januari,0.7194944620132446
7616996397502907144,univsiberasia,"Hi Kakak, langkah selanjutnya Kakak tinggal menunggu link group whatsapp yah, nanti akan dikirimkan dengan admin🤗",0,0,2,Website Id Ac,0.6892611980438232,36,Dm Admin Detailnya,0.72469162940979,60,Admin Dm Boleh,0.7073432803153992
7610018967843275521,himakom_unsia,Menyala Unsia 🤙🏻,0,1,56,Universitas Siber Asia,0.8405625820159912,105,Swasta Oktober Situ,0.8244764804840088,90,Binus Adsfort Harga,0.7903478145599365
7614032307800032007,univsiberasia,Menyala juga HIMAKOM UNSIA🤩,0,0,56,Universitas Siber Asia,0.7982817888259888,111,Alhamdulillah Keluarga Bagian,0.6803435683250427,55,Sukses Selalu Sehat,0.6787371635437012
7610005308552184583,semangatberproses0,min cepetan buka S2 nyaaaa,0,1,80,S2 S2Nya Nya,0.8480331897735596,78,Kapan Min Gel,0.8025034070014954,95,S2 Belum Insyallah,0.7953837513923645
7614032208705946376,univsiberasia,Ditungguu yah Kakak🤩,1,0,94,Ditunggu Tunggu Wah,0.8967525959014893,98,Terima Kasih Murid,0.803741455078125,25,Amin Selalu Semangat,0.7966424226760864
7609965079795319559,amanlaa6,buka di Medan min klo bisa🙌,0,0,128,Main Kampusnya Kekampus,0.7762506604194641,22,Pindahan Menerima Ut,0.7775348424911499,78,Kapan Min Gel,0.7586675882339478
7610813827258008340,ai_miraa3,"keren bangett, congrats kak 🤩",1,0,48,Betul Banget Lucu,0.8288085460662842,35,Infonya Terima Kasih,0.728171706199646,25,Amin Selalu Semangat,0.7263807058334351
7611567506265735937,himakom_unsia,Mantab sekali🔥,1,0,-1,Mantab Uk Belakang,0.0,126,Keren Mukanya Asing,0.8204295635223389,48,Betul Banget Lucu,0.8035780787467957
7611219438339719956,abiddibah,adakah program RPL di UNSIA?,0,0,30,Korea Degree Min,0.7632565498352051,42,Jurusan Ekonomi Hukum,0.7486415505409241,69,Apakah S1Hukum Perdagangan,0.744488537311554
7645675284742832916,nooovv__,Gimana kak sistem kuliahnya,3,3,127,Caranya Kuliahnya Bagaimana,0.8718795776367188,33,Bagaimana Wisudanya Tes,0.8184124231338501,107,Daftarnya Cara Bagaimana,0.7794002890586853
7647170185321333524,bobamilktea183,Full online kaka,0,0,64,Full Online Serba,0.7252128720283508,90,Binus Adsfort Harga,0.8139815926551819,102,100 Fully Bk,0.8047959804534912
7647557125019501333,nooovv__,Ujian dan wisudanya juga online kak?,0,0,112,Ujian Tes Online,0.8930875062942505,71,Wisuda Uts Uas,0.8541960716247559,7,Offline Ujiannya Online,0.8496400713920593
7647754497289421586,univsiberasia,"Hi Kak, ujian di UNSIA dilakukan secara online dan untuk wisuda dilaksanakan secara hybrid yahh🤗",1,0,96,Secara Dilaksanakan Hybrid,0.8638310432434082,2,Website Id Ac,0.8150802850723267,67,Program Belum Dibuka,0.801160454750061
7645591194903429896,fitri.annie88,"Tahun ini bru daftar berati 4 tahun lgi bisa wisuda walau q Stay di Jepang pingin ikut wisuda ofline nya,,sekalian ajak anak suami pulkam 🥰🥰🥰🥰",6,2,57,Nilai Sesi Sabar,0.7637870907783508,62,Semoga Allah Doain,0.8055863380432129,46,Ut Pengin Bidang,0.7936841249465942
7646470009254134549,nahozie100,semangat kak,2,0,113,Semangat Wah Berpikir,0.9707878828048706,25,Amin Selalu Semangat,0.8247912526130676,26,Adek Duluan Nurul,0.7797170877456665
7645638279820264212,ceoofgabutnasional,smngat ka,2,0,113,Semangat Wah Berpikir,0.9707878828048706,25,Amin Selalu Semangat,0.8247912526130676,26,Adek Duluan Nurul,0.7797170877456665
7646874124779242247,minleeco,min butuh info pendaftarannya sampe kapan?,1,5,41,Info Link Cara,0.7807952165603638,78,Kapan Min Gel,0.8776190280914307,31,Kapan Pendaftarannya Gelombang,0.8474148511886597
7647016737896710919,univsiberasia,"Hi Kakak, untuk pendaftaran untuk gelombang sekarang sampai tanggal 11 Juni 2026",1,0,10,Maret April Bulan,0.8256073594093323,73,Program Dibuka Saat,0.7409133315086365,109,Ditutup Khawatir Kembali,0.7380791902542114
7649570750505403156,nnahcjw,kaa kl ukt nya berapaa yg full online,0,0,18,Berapa Biaya Bayar,0.8571452498435974,77,Per Berapa Semester,0.833645224571228,7,Offline Ujiannya Online,0.8184951543807983
7651261177616139026,sukakom3nt,"3 jutaan, n bisa dicicil.. 😁",0,0,1,Dicicil 3Jt Hanya,0.7291421890258789,124,Juta Serius 3Jt,0.7149087190628052,99,Biayanya Biaya Berapa,0.5944348573684692
7650418109879124757,ernichloe,klo sekarang masih bisa daftar ga kak,0,0,47,Daftar Gelombang Januari,0.9097434282302856,3,Buka Pendaftaran Masih,0.8447911739349365,76,Paket Ijazah Sih,0.8388091921806335
7650483684847911698,univsiberasia,"Hi Kakak, masih bisa ya 🤩",0,0,15,Hi Halo Dong,0.8943209648132324,53,Dong Kayaknya Banget,0.7838433980941772,35,Infonya Terima Kasih,0.7654399871826172
7653574382342619925,amihrk1,Hallo kk !saya mau tanya bisa gak untuk saya yang kerja di luar negri ?untuk kuliah online disini,0,3,5,Kerja Negeri Kuliah,0.845396101474762,49,Ijazahnya Lulus Kan,0.8191448450088501,120,Tanya Non S2Nya,0.815406084060669
7653746870351037202,univsiberasia,"Hi Kakak, UNSIA menerapkan sistem perkuliahan secara online maka kakak bisa berkuliah dimana saja dan kapan saja. Nah UNSIA bisa menjadi tujuan kakak yg ingin kuliah sambil bekerja kak karena memang waktunya fleksibel dan bisa dilaksanakan kapanpun dan dimanapun. Mahasiswa UNSIA tersebar di 17 negara lho Kak🤩",0,0,72,Tujuan Berkuliah Dimanapun,0.9665223956108093,86,Darimana 100 Jadi,0.8458696007728577,101,Favorit Pilih Fleksibel,0.778706431388855
7653749385235514132,amihrk1,Cara daftar nya kk 🙏,0,0,41,Info Link Cara,0.83430016040802,107,Daftarnya Cara Bagaimana,0.8544856905937195,17,Cara Daftarnya Bagaimana,0.8059940934181213
7653759159347921682,univsiberasia,"Kakak bisa langsung daftar sekarang di pmb.unsia.ac.id, pilih jurusan favorit, dan mulai kuliah online fleksibel dari mana aja🤗",0,0,83,Pilih Favorit Mulai,0.9858773946762085,101,Favorit Pilih Fleksibel,0.9645260572433472,2,Website Id Ac,0.8257429599761963
7647207044306977557,anggirhyftrr,"aku udah daftar ulang ka, statusnya ketrima tpi kok blm msuk grub wa ya?",1,5,91,Ulang Bayar Isi,0.8691824674606323,79,Daftar Sudah Kamu,0.8198357820510864,34,Daftar Tinggal Baru,0.8106992840766907
7647385385329672967,univsiberasia,"Hi Kakak, untuk link group whatsapp akan dikirimkan ketika sudah mendekati perkuliahan yahh🤗",1,0,2,Website Id Ac,0.7490397691726685,10,Maret April Bulan,0.7576931715011597,96,Secara Dilaksanakan Hybrid,0.749552309513092
7647882148930421521,carungseket,mulai perkuliahan nya kapan ya? saya juga baru daftar.,0,0,10,Maret April Bulan,0.7256924510002136,78,Kapan Min Gel,0.8099475502967834,89,Tanggal Gelombang Bulan,0.7925002574920654
7647387620536222482,feya0228,bayar uang pendaftaran nya berapa ka?,0,0,18,Berapa Biaya Bayar,0.9195389747619629,77,Per Berapa Semester,0.8500329852104187,17,Cara Daftarnya Bagaimana,0.8411990404129028
7647408952552145685,anggirhyftrr,175 ka,0,0,26,Adek Duluan Nurul,0.9344085454940796,24,Ayo Ikutt Ikut,0.8398208618164062,51,Open Otw Pkl,0.8241612911224365
7650486503110492949,salsapt_3,ka bls dm,0,0,23,Dm Cek Izin,0.8908133506774902,116,Ig Akun Sering,0.7917459011077881,60,Admin Dm Boleh,0.7694495320320129
7651496759130178312,oloolo19,Kak ini masih bisa daftar gak?,2,2,47,Daftar Gelombang Januari,0.9223092198371887,3,Buka Pendaftaran Masih,0.8509628772735596,79,Daftar Sudah Kamu,0.8337153792381287
7653033489978901255,univsiberasia,"Hai Kakak, masih bisa banget dong🤗",0,0,15,Hi Halo Dong,0.885557234287262,53,Dong Kayaknya Banget,0.831428050994873,117,Boleh Bolehhh Dong,0.7867780923843384
7651640309784314640,ccckfkckc,nitip,1,0,70,Nitip Nitipp Nitippp,0.9976069927215576,121,Nitip Kabarin Mencari,0.8166038990020752,131,Next Up Gass,0.7813614010810852
7657133712476996372,nurhidayanunu.05,kk izin tanya aku udah daftar trs udah isi ujiannya juga tapi kok pengumuman nya lama ya kk,0,0,106,Hasil Seleksi Pengumuman,0.8138095140457153,91,Ulang Bayar Isi,0.8673591613769531,49,Ijazahnya Lulus Kan,0.8412952423095703
7645699660834816789,dimasfaizi23,Kak bantu jawab dong Unsia ada RPL? Untuk yg belum pernah kuliah tapi pengalaman kerja 6 tahun bisa perolehan kredit gk?,0,3,5,Kerja Negeri Kuliah,0.8201287984848022,49,Ijazahnya Lulus Kan,0.8381857872009277,119,Teman Syarat Magang,0.8323105573654175
7645904425496756999,univsiberasia,"Halo Kak Dimas, untuk saat ini di UNSIA hanya ada jalur RPL transkrip nilai yaa🤗",0,0,67,Program Belum Dibuka,0.873465895652771,73,Program Dibuka Saat,0.8426803946495056,2,Website Id Ac,0.8179090023040771
7648622296514577170,adeeva_clip,ka jalu RPL daftarnya gimana??,0,0,17,Cara Daftarnya Bagaimana,0.8641043305397034,52,Web Lewat Kemana,0.8276321887969971,33,Bagaimana Wisudanya Tes,0.8243300318717957
7645912213831680789,dimasfaizi23,Owalahhg baik kak terimakasih banyak,0,0,35,Infonya Terima Kasih,0.8673385381698608,98,Terima Kasih Murid,0.8496423959732056,25,Amin Selalu Semangat,0.7684778571128845
7657088059294384916,fdyaaaa,untuk beasiswa bakal buka batch lgi ga ka tahun ini?,0,0,3,Buka Pendaftaran Masih,0.8196935653686523,10,Maret April Bulan,0.7882720828056335,47,Daftar Gelombang Januari,0.7755650877952576
7645646016200672001,_n.cipa,kak kuliah nya beneran bisa online?🙏,1,1,108,Offline Onsite Onnline,0.7999770641326904,71,Wisuda Uts Uas,0.8395921587944031,7,Offline Ujiannya Online,0.8369289636611938
7647385924195582728,univsiberasia,"Hi Kak, UNSIA 100% fully online yaa🤩",0,0,44,100 Learning Fully,0.881993293762207,15,Hi Halo Dong,0.7858102321624756,10,Maret April Bulan,0.7781959772109985
7649358360865014546,msyamin22_,mau daftar,0,2,27,Join Grup Yuk,0.7532139420509338,41,Info Link Cara,0.7591689825057983,24,Ayo Ikutt Ikut,0.7570433020591736
7650018163954074375,univsiberasia,"Boleh banget dongg Kak, masih dibuka pendaftarannya lhoo🤩",0,0,10,Maret April Bulan,0.8264350891113281,3,Buka Pendaftaran Masih,0.8372310996055603,66,Dibuka Mahasiswa Baru,0.8055891394615173
7651639689296462608,ccckfkckc,ka unsia lokasi mana kaa,0,0,6,Dimana Daerah Mana,0.8670482635498047,52,Web Lewat Kemana,0.8508986234664917,31,Kapan Pendaftarannya Gelombang,0.8052277565002441
7655499542103868176,hiiiiiiiiijsu,kak sekarang masih bisa daftar kah,1,1,47,Daftar Gelombang Januari,0.905133068561554,79,Daftar Sudah Kamu,0.8615069389343262,3,Buka Pendaftaran Masih,0.8545664548873901
7655520601227019016,univsiberasia,"Hi Kak, masih bisa mendaftar ya 🤩",0,0,10,Maret April Bulan,0.8160961866378784,15,Hi Halo Dong,0.8465616106987,60,Admin Dm Boleh,0.8079349398612976
7652392414838391572,liu.xiao.rou,"Min, ini tugas akhirnya ada pilihan gak? Skripsi, Artikel Ilmiah, Proyek gtu gak?",1,1,11,Skripsi Sidang Tidak,0.7061325311660767,58,Tugas Akhir Skripsi,0.7248857021331787,59,Tugas Numpuk Tugasnya,0.7060877084732056
7652952678444155656,univsiberasia,"Hi Kak, untuk tugas akhir di UNSIA menggunakan skripsi yaa",0,0,58,Tugas Akhir Skripsi,0.9271863698959351,67,Program Belum Dibuka,0.8155200481414795,30,Korea Degree Min,0.7949373126029968
7645596086493987605,ancetana,Baru liburan aja ke taman mini keliling sampai panik kelamaan balik pintu utama😁soalnya sewa sepeda buat keliling taman mini .btw berkesan sekali aku dari malaysia ke jakarta cmn buat ambil jas almamater ke unsia🤭,0,0,110,Jakarta Selatan Ragunan,0.5981751084327698,46,Ut Pengin Bidang,0.7247992753982544,59,Tugas Numpuk Tugasnya,0.7062010765075684
7647143796463813394,feya0228,ini masih bisa daftar ga sih?,1,2,47,Daftar Gelombang Januari,0.8835949897766113,115,Full Fisik Diunsia,0.8253522515296936,76,Paket Ijazah Sih,0.8090779781341553
7647385587599360786,univsiberasia,"Hi Kak Feya, Sudah dibuka nih Kakak pendaftaran mahasiswa baru
Hari ini resmi pendaftaran Mahasiswa Baru UNSIA dimulai. Jadi Kakak bisa langsung daftar sekarang di pmb.unsia.ac.id, pilih jurusan favorit, dan mulai kuliah online fleksibel dari mana aja😊",3,0,101,Favorit Pilih Fleksibel,0.9575937390327454,83,Pilih Favorit Mulai,0.90533447265625,2,Website Id Ac,0.8712246417999268
7647387160575951624,feya0228,"ka ak kan dh daftar gel 3 ya ka,aku juga dh bayar uang pendaftaran nya tapi skl aku belom keluar itu gimana ya ka jadinya?",2,0,18,Berapa Biaya Bayar,0.7290765047073364,49,Ijazahnya Lulus Kan,0.8501921892166138,91,Ulang Bayar Isi,0.843170166015625
7647399266646508295,nike.januard,ada beasiswanya ga kak?,0,1,39,Beasiswa Kkn Program,0.933401346206665,37,S2 Ada Doktoral,0.8739831447601318,120,Tanya Non S2Nya,0.8575865030288696
7653033636497769224,univsiberasia,"Hi Kakak, saat ini UNSIA sedang membuka program beasiswa lhoo🤩",0,0,54,Membuka Lho Mahasiswa,0.9161722660064697,67,Program Belum Dibuka,0.842706561088562,66,Dibuka Mahasiswa Baru,0.8363052606582642
7649643516394111764,yuliantoiyann,masih bisa daftar?,1,1,47,Daftar Gelombang Januari,0.8073384761810303,3,Buka Pendaftaran Masih,0.7319618463516235,79,Daftar Sudah Kamu,0.7208226919174194
7650017254230868754,univsiberasia,"Hi Kak, masih dibuka lho pendaftaran mahasiswa baru🤩",0,0,66,Dibuka Mahasiswa Baru,0.9633756875991821,54,Membuka Lho Mahasiswa,0.8994350433349609,10,Maret April Bulan,0.8114811182022095
7646742487663395605,lybura08,izin min ini full online gak ya?,0,1,115,Full Fisik Diunsia,0.8921401500701904,3,Buka Pendaftaran Masih,0.8212568759918213,108,Offline Onsite Onnline,0.8207175731658936
7646794910180279047,univsiberasia,"Hi Kak, 100% fully online lhoo di UNSIA🤗",0,0,44,100 Learning Fully,0.86878502368927,9,Kip Unsia Diterima,0.8018748760223389,2,Website Id Ac,0.7989514470100403
7650324372453196564,starcndyyz,saya mau daftar sekarang masi bisa ga ya?,1,1,47,Daftar Gelombang Januari,0.8852872848510742,17,Cara Daftarnya Bagaimana,0.8264148235321045,3,Buka Pendaftaran Masih,0.8185266256332397
7650483710614487816,univsiberasia,"Hi Kakak, masih bisa banget yaa🤩",0,0,15,Hi Halo Dong,0.8900220394134521,53,Dong Kayaknya Banget,0.8168472647666931,135,Infoin Mau Lantang,0.762237012386322
7645687913507209992,nonames89_,ig nya unsia apasi,1,0,116,Ig Akun Sering,0.8111422061920166,6,Dimana Daerah Mana,0.7833918333053589,9,Kip Unsia Diterima,0.7739871740341187
7647464264833418004,lexus.morning,kampusnya kalo kita lulus nanti bisa minta tolong promosi ke perusahaan perusahaan gtu gak kak? aku maju mundur bgt daftar di univ ini udh 2 tahun 😭 sekarang aku 20 tahun weh blm kuliah2 karena kena juga kan di klinik,0,0,49,Ijazahnya Lulus Kan,0.8310930132865906,46,Ut Pengin Bidang,0.8410199284553528,21,Malam Shift Begitu,0.7996237277984619
7647127392359777044,hahalifyou_,Min banyakin konten tentang unsia nya 😍 biar pada tertarik hihi,0,1,87,Hihi Jugakk Wakty,0.561528742313385,27,Join Grup Yuk,0.7397363185882568,133,Spill Alisnya Spil,0.7278364896774292
7647385750842131207,univsiberasia,"Hi Kak, siapp🫡",0,0,15,Hi Halo Dong,0.7849239706993103,97,Salam Mantap Kenal,0.8123403787612915,92,Samaaa Sama Konveksi,0.7725781202316284
7651029819161445140,dave1808rosemary,pendaftaran terakhir sampai kapan,0,0,31,Kapan Pendaftarannya Gelombang,0.776897132396698,89,Tanggal Gelombang Bulan,0.7770940065383911,78,Kapan Min Gel,0.7724671363830566
7647173570560639752,destiiokt,kak pendaftaran nya lewat mana ya,0,1,52,Web Lewat Kemana,0.9215905666351318,31,Kapan Pendaftarannya Gelombang,0.8975142240524292,17,Cara Daftarnya Bagaimana,0.8625836968421936
7647385517747995399,univsiberasia,"Hi Kakak, bisa langsung daftar sekarang di pmb.unsia.ac.id, pilih jurusan favorit, dan mulai kuliah online fleksibel dari mana aja.",0,0,83,Pilih Favorit Mulai,0.9744338393211365,101,Favorit Pilih Fleksibel,0.9797502160072327,2,Website Id Ac,0.8611199855804443
7646469936815145748,nahozie100,Bismillah datang langsung besok pas wisuda,0,0,96,Secara Dilaksanakan Hybrid,0.7011455297470093,129,Bismillah Bismillahirrahmanirrahim Sticker,0.667453408241272,111,Alhamdulillah Keluarga Bagian,0.6663094162940979
7648863027496649492,dipnot.1,"kak aku kan dari jatim , nah kalo daftar itu onnline juga kak soalnya jauh",0,1,108,Offline Onsite Onnline,0.7337406277656555,49,Ijazahnya Lulus Kan,0.8008944988250732,34,Daftar Tinggal Baru,0.7912625074386597
7648874815687787282,univsiberasia,"Hi Kak, pendaftarannya juga online lhoo🤩",0,0,10,Maret April Bulan,0.8440043330192566,3,Buka Pendaftaran Masih,0.8089120388031006,66,Dibuka Mahasiswa Baru,0.8034008741378784
7645560982580527880,ninaafiatulnisa,buka kembali kapan ka pendaftarannya,0,1,31,Kapan Pendaftarannya Gelombang,0.9217013120651245,3,Buka Pendaftaran Masih,0.9003415703773499,78,Kapan Min Gel,0.8868005871772766
7645575154248254226,univsiberasia,"Hi Kak, pendaftaran mahasiswa baru masih dibuka lhoo🤩🤩",0,0,66,Dibuka Mahasiswa Baru,0.9519479274749756,54,Membuka Lho Mahasiswa,0.8963085412979126,10,Maret April Bulan,0.835989236831665
7645755785708995348,gubernur.gimhae,s2 ada,0,0,114,S2 Lita Anis,0.8999799489974976,80,S2 S2Nya Nya,0.8053081035614014,90,Binus Adsfort Harga,0.7865758538246155
7646044210042618631,razzr._,min di unsia gaada pdh ya?,0,0,30,Korea Degree Min,0.8660866022109985,74,Akreditasinya Asia Siber,0.8222047090530396,22,Pindahan Menerima Ut,0.8127647638320923
7646224545863222023,nokomen1e,kak kalau ngambil almamater boleh nggk datang kekampus soalnya aku pengen datang kekampus nya,0,1,128,Main Kampusnya Kekampus,0.8337399363517761,49,Ijazahnya Lulus Kan,0.8004719018936157,46,Ut Pengin Bidang,0.7891920804977417
7646794969122849554,univsiberasia,"Hi Kak, boleh bangett koo🤗",0,0,15,Hi Halo Dong,0.897092342376709,117,Boleh Bolehhh Dong,0.8371362686157227,35,Infonya Terima Kasih,0.7996381521224976
7646063363412443922,lnxyq,kak kalau mau lanjut s1 di unsia ada program nya ngga,0,0,30,Korea Degree Min,0.8952009677886963,4,D3 S1 Lanjut,0.8804376721382141,67,Program Belum Dibuka,0.8782913684844971
7646099573652390677,anjassss2905,Pengen😭,0,0,128,Main Kampusnya Kekampus,0.47257497906684875,29,Menyimak Nyimakkk Ut,0.9080930352210999,40,One Yaallahh Day,0.9014329314231873
7647837907193332488,nudrsg,Jurusannya apa aja kak,1,0,16,Apa Saja Jurusan,0.8483173251152039,6,Dimana Daerah Mana,0.8124327659606934,135,Infoin Mau Lantang,0.8027886152267456
7645590753237992212,inicupinn,Pendaftaran di buka kapan lagi minn?,0,1,78,Kapan Min Gel,0.9067181348800659,3,Buka Pendaftaran Masih,0.8433730602264404,31,Kapan Pendaftarannya Gelombang,0.8328832983970642
7645619736135729938,univsiberasia,"Hi Ka, saat ini pendaftaran mahasiswa baru masih dibuka lhoo🤩🤩",0,0,66,Dibuka Mahasiswa Baru,0.9535658359527588,54,Membuka Lho Mahasiswa,0.9220049977302551,73,Program Dibuka Saat,0.8417586088180542
7646400254547428117,a_yun21,ini cara beli almetnya gmn ya?,0,0,17,Cara Daftarnya Bagaimana,0.8021824359893799,107,Daftarnya Cara Bagaimana,0.761685848236084,52,Web Lewat Kemana,0.7522804737091064
7645562580216431381,lisa_siregar.03,Aku mau offline nanti 🥰,0,1,7,Offline Ujiannya Online,0.6573747396469116,38,Ih Maba Grupnya,0.7598900198936462,24,Ayo Ikutt Ikut,0.7498696446418762
7645575315345916690,univsiberasia,"Waaa, sampai berjumpa di Sasana Kriya ya Kak🤩",0,0,135,Infoin Mau Lantang,0.6190354824066162,94,Ditunggu Tunggu Wah,0.7229910492897034,25,Amin Selalu Semangat,0.713577151298523
7645622432103531271,heyme0623,"aa iri sekali kak, pengen juga wisuda di TMII tapi saya Alhamdulillah sudah wisuda 😂😇☺️",2,0,111,Alhamdulillah Keluarga Bagian,0.7572888135910034,62,Semoga Allah Doain,0.792815089225769,46,Ut Pengin Bidang,0.7715194821357727
7645829617333568276,sukmanilasuciati233,Ada jurusan PGSD ga ka ??,0,0,0,Jurusan Teknik Inggris,0.9202534556388855,37,S2 Ada Doktoral,0.8804017305374146,16,Apa Saja Jurusan,0.8605358004570007
7608912528541877013,ajiiiiii___,ka pendaftaran nya masih buka ga yaa?,0,1,3,Buka Pendaftaran Masih,0.9250550270080566,31,Kapan Pendaftarannya Gelombang,0.8790858387947083,47,Daftar Gelombang Januari,0.8435431718826294
7608953498763281159,univsiberasia,"Hai Kak, masih dibuka nih pendaftaran mahasiswa baru di UNSIA🤩",0,0,66,Dibuka Mahasiswa Baru,0.9455815553665161,54,Membuka Lho Mahasiswa,0.915278434753418,67,Program Belum Dibuka,0.8520057201385498
7632467540133118741,ceoofgabutnasional,syulit ditiru min 😭🥰🤣,0,0,26,Adek Duluan Nurul,0.7742185592651367,133,Spill Alisnya Spil,0.7464684247970581,19,Com Nice Https,0.7452816367149353
7613053906440405781,vyaw30,ka blm ada jurusan pgsd ya?,0,1,0,Jurusan Teknik Inggris,0.9095715284347534,30,Korea Degree Min,0.8492385149002075,67,Program Belum Dibuka,0.8489956855773926
7613054384385393415,univsiberasia,"Hi Kak, saat ini untuk jurusan PGSD belum tersedia ya😊",0,0,73,Program Dibuka Saat,0.9061378240585327,67,Program Belum Dibuka,0.8746798038482666,120,Tanya Non S2Nya,0.7789663076400757
7609872954121437972,najef.rahid,TEKNIK INDUSTRI MIN,0,3,0,Jurusan Teknik Inggris,0.6021641492843628,42,Jurusan Ekonomi Hukum,0.665824294090271,63,Informasi Informatika Akuntansi,0.6463238000869751
7609892034606236434,univsiberasia,Ditunggu ya Kakak 😊,1,0,94,Ditunggu Tunggu Wah,0.9175206422805786,98,Terima Kasih Murid,0.8401685357093811,35,Infonya Terima Kasih,0.8037022352218628
7610398792322237204,najef.rahid,"Semoga UNSIA semakin baik, dan dapat akreditasi A. Amiinn",0,0,55,Sukses Selalu Sehat,0.807523787021637,62,Semoga Allah Doain,0.73738694190979,111,Alhamdulillah Keluarga Bagian,0.7124581933021545
7638503938203157249,askjd69,Pliss adain TEKNIK INDUSTRI PJJ min banyak pekerja di sektor industri/tambang pengen kuliah secara pjj😁,0,0,134,Pjj Akre Industri,0.6351984143257141,63,Informasi Informatika Akuntansi,0.6732317805290222,4,D3 S1 Lanjut,0.6625155806541443
7657126691508880135,taroooo_1610,min klo gelar lulus S1 teknik informatika apa ya,0,0,4,D3 S1 Lanjut,0.8654282093048096,119,Teman Syarat Magang,0.8412340879440308,30,Korea Degree Min,0.8200249671936035
7651804909360759569,bidannir,S2 min,0,0,50,S2 Pendidikan Hukum,0.6832484006881714,114,S2 Lita Anis,0.7338058948516846,105,Swasta Oktober Situ,0.7026070356369019
7609901353549415185,rb.gunawan85,titel gelarnya apa nanti kak,0,1,74,Akreditasinya Asia Siber,0.7907642722129822,65,Angkatan Berapa Kira,0.7911796569824219,84,Ngambil Ambil Apa,0.7863985896110535
7609914109702357778,univsiberasia,Untuk gelar Prodi Teknologi Informasi S.Kom ya Kakak🤗,0,0,63,Informasi Informatika Akuntansi,0.7844337224960327,0,Jurusan Teknik Inggris,0.8013675212860107,132,Mending Ptnbh Alumni,0.7920899391174316
7609922914590638865,anggi_imnida,agrari ada ga ya min,0,0,39,Beasiswa Kkn Program,0.8396360874176025,120,Tanya Non S2Nya,0.8128998875617981,11,Skripsi Sidang Tidak,0.8101245164871216
7638764154543948545,fmanusiaabumiz,"Prodi sistem informasi unsia, ada matkul berprakteknya ga kak?",0,0,30,Korea Degree Min,0.837074339389801,0,Jurusan Teknik Inggris,0.8106275200843811,74,Akreditasinya Asia Siber,0.7884688377380371
7636806754404647701,yassss1608,kak ada ekonomi gak?,0,0,11,Skripsi Sidang Tidak,0.8813791871070862,51,Open Otw Pkl,0.8398109674453735,45,Enggak Ribet Fh,0.803463339805603
7639329820523266833,brend_alguera,jurusan informatika berapa persemesternya ka,0,0,16,Apa Saja Jurusan,0.8537702560424805,77,Per Berapa Semester,0.8745214939117432,18,Berapa Biaya Bayar,0.8655946254730225
7610623287983588114,frustdev,bisa rpl prodi baru,0,0,68,Rpl Pengalaman Jalur,0.7954574823379517,64,Full Online Serba,0.6866352558135986,42,Jurusan Ekonomi Hukum,0.6846554279327393
7618559902247813904,ora.nana,pasca sarjana prodi apa aja ka?,0,0,16,Apa Saja Jurusan,0.9026960134506226,0,Jurusan Teknik Inggris,0.829970121383667,50,S2 Pendidikan Hukum,0.8196293115615845
7612600595409322772,ai_miraa3,boleh pindah prodi gasih😞,0,3,88,Pindah Semester Ngulang,0.8180297613143921,84,Ngambil Ambil Apa,0.8128312826156616,39,Beasiswa Kkn Program,0.7895629405975342
7612667734383674119,univsiberasia,"Wahhh, di prodi apa nih Kakak sekarang?",0,0,136,Yaitu Akuntansi Terdapat,0.6059011220932007,84,Ngambil Ambil Apa,0.8177905082702637,6,Dimana Daerah Mana,0.8075962066650391
7612871278743880469,ai_miraa3,tpii kmrin udah pindah dari managemen ke informatika 😞,0,0,88,Pindah Semester Ngulang,0.7489330768585205,64,Full Online Serba,0.7173221111297607,46,Ut Pengin Bidang,0.7007598876953125
7632485371133625095,onyourlii,informatika aman ga kak? rencananya mau daftar jga,0,0,9,Kip Unsia Diterima,0.7732378244400024,47,Daftar Gelombang Januari,0.8747082948684692,79,Daftar Sudah Kamu,0.8606562614440918
7620750526926373639,nonarunesi107,pendaftaran masih d buka kak?,0,2,3,Buka Pendaftaran Masih,0.8889461755752563,10,Maret April Bulan,0.8196308612823486,31,Kapan Pendaftarannya Gelombang,0.8095705509185791
7638201572589667080,cchocopiee3,min pendaftaran ada gelombang 2 nggak?,0,0,89,Tanggal Gelombang Bulan,0.7918689250946045,78,Kapan Min Gel,0.810244083404541,30,Korea Degree Min,0.797572672367096
7622527156458898183,nonarunesi107,oke kak,1,0,81,Iya Oke Orang,0.8250349760055542,26,Adek Duluan Nurul,0.8388516306877136,24,Ayo Ikutt Ikut,0.7904102802276611
7614294876222817042,pwitty016,"Lebih santai lebih asikkk , kalian ga salah pilih calon unsia 👌",0,3,83,Pilih Favorit Mulai,0.5888455510139465,104,Aman Unas Ciber,0.6899687051773071,132,Mending Ptnbh Alumni,0.6590989232063293
7614303644471477000,univsiberasia,Mantap Kakak🤩🤩,0,0,97,Salam Mantap Kenal,0.818104088306427,48,Betul Banget Lucu,0.8432326316833496,126,Keren Mukanya Asing,0.8329756259918213
7632289911874077448,mulqitsani,Kamu unsia juga kak?,0,0,9,Kip Unsia Diterima,0.8308634757995605,38,Ih Maba Grupnya,0.821828305721283,135,Infoin Mau Lantang,0.8004826903343201
7632779491517154056,pwitty016,Iyah hahaha,0,0,75,Iya Iyapp Introvert,0.9119817018508911,81,Iya Oke Orang,0.8322449922561646,19,Com Nice Https,0.7851505875587463
7608830092369822465,jp83263,"kaa mau tanyaa, aku kan lulus nnti mei tahun ini, tapi kalau mau kerja dulu baru daftar ke UNSIA bisa ga yaa?",3,3,49,Ijazahnya Lulus Kan,0.9371188879013062,5,Kerja Negeri Kuliah,0.8452813625335693,21,Malam Shift Begitu,0.8450863361358643
7608953977934267154,univsiberasia,"Bisa banget dong, kerja sambil kuliah juga bisa Kak🤗",1,0,5,Kerja Negeri Kuliah,0.8162433505058289,86,Darimana 100 Jadi,0.782595157623291,53,Dong Kayaknya Banget,0.7591522932052612
7610734436409590549,_ale4aa,ka ini dari awal full online?,0,0,64,Full Online Serba,0.8531390428543091,93,Jujur Review Kata,0.7354332208633423,115,Full Fisik Diunsia,0.7306290864944458
7610798551509943058,univsiberasia,Betul banget Kak😊,0,0,48,Betul Banget Lucu,0.9549473524093628,81,Iya Oke Orang,0.7953819036483765,53,Dong Kayaknya Banget,0.7692837119102478
7608082675584418576,olabisie_,kakk pendaftaran nya masih buka ga ya?,2,2,3,Buka Pendaftaran Masih,0.9250550270080566,31,Kapan Pendaftarannya Gelombang,0.8790858387947083,47,Daftar Gelombang Januari,0.8435431718826294
7608089491568722706,univsiberasia,"Hi Kak, pendaftaran masih dibuka lho 🤩🤩",0,0,10,Maret April Bulan,0.8601097464561462,66,Dibuka Mahasiswa Baru,0.8674243092536926,3,Buka Pendaftaran Masih,0.8257730603218079
7608262131339412232,ikutikutan,Halo kak masih bisa bgt kak😍 ditungguuu,0,0,15,Hi Halo Dong,0.8873006105422974,60,Admin Dm Boleh,0.7934930324554443,94,Ditunggu Tunggu Wah,0.793128252029419
7651766680725635847,satriska_ljs,ini yg bener warna jas nya biru muda atau biru tua kak,1,0,85,Umur Muda Batasan,0.5567327737808228,133,Spill Alisnya Spil,0.5913827419281006,123,Jam Kelas Karyawan,0.5905682444572449
7637361422163821320,ucan.dam,kak ini klo kelas karyawan gk akan prnah ke kampus kan?,0,0,123,Jam Kelas Karyawan,0.7723843455314636,128,Main Kampusnya Kekampus,0.7890108823776245,21,Malam Shift Begitu,0.785618007183075
7634048544869040904,maniknpnpnp,prodi keguruan ada ga kak,0,0,0,Jurusan Teknik Inggris,0.9105980396270752,37,S2 Ada Doktoral,0.8719885945320129,16,Apa Saja Jurusan,0.8596373796463013
7608785318300746514,gataiiah,min kolo mau tanya tanya harus kemanah?,1,1,8,Tanya Bertanya Chat,0.835115373134613,120,Tanya Non S2Nya,0.7641433477401733,52,Web Lewat Kemana,0.7411264777183533
7608954079767102215,univsiberasia,"Hi Kak, boleh DM Mimin ya ☺️",0,0,60,Admin Dm Boleh,0.9530341029167175,36,Dm Admin Detailnya,0.9151318669319153,23,Dm Cek Izin,0.8822237849235535
7606355963397866260,faiinotion,kak di Unsia kalo daftar kipk boleh sejak kls 12 atau harus jadi mhs nya dl ya?,1,0,88,Pindah Semester Ngulang,0.8008164167404175,30,Korea Degree Min,0.8320743441581726,49,Ijazahnya Lulus Kan,0.8288477659225464
7610941235498337031,rxxviis,udh terakreditasi blm min?,1,0,11,Skripsi Sidang Tidak,0.7565213441848755,68,Rpl Pengalaman Jalur,0.7220157980918884,95,S2 Belum Insyallah,0.7149381637573242
7616570263379362577,nandarisk41,"min aku maba unsia informatika. niat mau ikut pmk dari pemerintah kayak lomba inivasi antar kampus. tpi blum kenal siapa pun di unsia, perlu tim😭",0,1,9,Kip Unsia Diterima,0.7666326761245728,46,Ut Pengin Bidang,0.792937159538269,49,Ijazahnya Lulus Kan,0.7745592594146729
7616573985757561607,univsiberasia,"Hi Kakak, sudah masuk grup whatsapp kah?",0,0,79,Daftar Sudah Kamu,0.7563564777374268,15,Hi Halo Dong,0.7341625094413757,34,Daftar Tinggal Baru,0.693692684173584
7609149221258314513,lukman_gansz,prasaan almet my warna biru telur,0,2,56,Universitas Siber Asia,0.5507806539535522,38,Ih Maba Grupnya,0.6141473650932312,133,Spill Alisnya Spil,0.6126037836074829
7609904686007190290,univsiberasia,betul ko Kak. Ini almet Siswa yang hadir di booth UNSIA ya Kakak🤗,0,0,96,Secara Dilaksanakan Hybrid,0.827297031879425,2,Website Id Ac,0.7841936945915222,9,Kip Unsia Diterima,0.7738242149353027
7616274633004434196,casheri19,"tapi almet nya bagusan yang biru tua, gk ada niatan ganti warna kah kak🔥",0,0,104,Aman Unas Ciber,0.660991370677948,21,Malam Shift Begitu,0.7059428691864014,76,Paket Ijazah Sih,0.7012720108032227
7609362388878279425,himakom_unsia,Anak komunikasi mana nie ????🤙🏻,1,1,6,Dimana Daerah Mana,0.705008864402771,38,Ih Maba Grupnya,0.7147037982940674,45,Enggak Ribet Fh,0.6661900281906128
7609996998594511617,himakom_unsia,🤙🏻🤙🏻,0,0,13,  ,1.0,61,  ,1.0,20,Yes  ,0.999908447265625
7617500805126685458,aku_harnum,di unsia brp tahun yah 8 semester 4 tahun juga kan yah?,0,0,88,Pindah Semester Ngulang,0.8034869432449341,65,Angkatan Berapa Kira,0.8027132749557495,30,Korea Degree Min,0.797127366065979
7608137233203217170,arjun._.raj7,adain jurusan cyber security dong min,0,0,69,Apakah S1Hukum Perdagangan,0.738610029220581,0,Jurusan Teknik Inggris,0.8289955258369446,50,S2 Pendidikan Hukum,0.7974220514297485
7603596578657698581,novaputriyanti5,"kak izin bertanya, kita nnti dapet buku ga ya",2,3,8,Tanya Bertanya Chat,0.8252041339874268,120,Tanya Non S2Nya,0.8236943483352661,39,Beasiswa Kkn Program,0.8115983009338379
7603712641860879125,einaafets,"Engga ka, softcopy semuaa ya",0,0,129,Bismillah Bismillahirrahmanirrahim Sticker,0.573189377784729,133,Spill Alisnya Spil,0.7943293452262878,115,Full Fisik Diunsia,0.7864677309989929
7603743810778039061,novaputriyanti5,tapi Almer dapet kan ya?,0,0,93,Jujur Review Kata,0.7714810371398926,104,Aman Unas Ciber,0.7140820622444153,53,Dong Kayaknya Banget,0.7077480554580688
7603744036663837461,einaafets,Almet beli terpisah 😊tp gak wajib beli juga kok..,0,0,93,Jujur Review Kata,0.7249832153320312,64,Full Online Serba,0.6394180059432983,108,Offline Onsite Onnline,0.634825587272644
7603812151044768520,billl.akhh,kak kalo mau daftar ada priode bulan khusus utk daftar sbg maba ga sih???,0,1,79,Daftar Sudah Kamu,0.7674537897109985,49,Ijazahnya Lulus Kan,0.8546263575553894,120,Tanya Non S2Nya,0.8288190364837646
7604356174326219527,cantikaidaf,saat ini sudah dibuka kak pendaftaran untuk periode genap,0,0,66,Dibuka Mahasiswa Baru,0.7345452904701233,3,Buka Pendaftaran Masih,0.6998591423034668,109,Ditutup Khawatir Kembali,0.6932817101478577
7603323809014711060,achaanyss,unsia masih buka pendaftaran sampai kapann?,0,2,3,Buka Pendaftaran Masih,0.8210365772247314,66,Dibuka Mahasiswa Baru,0.7877355813980103,31,Kapan Pendaftarannya Gelombang,0.7862034440040588
7603340084720468743,univsiberasia,"Hi Kak, sampa awal Maret masih dibuka ya pendaftarannya 🤗",0,0,10,Maret April Bulan,0.9114997982978821,3,Buka Pendaftaran Masih,0.8436558246612549,66,Dibuka Mahasiswa Baru,0.8397732377052307
7610431841585857281,laalallainbali,Kak tapi di web yg reguler mentok di gel 7 maax 12 February,0,0,52,Web Lewat Kemana,0.6962682604789734,93,Jujur Review Kata,0.7351757884025574,76,Paket Ijazah Sih,0.7318005561828613
7602942250684318465,valexaadya,iii mauuu kesanaa minnn tapi jauhh,0,2,81,Iya Oke Orang,0.7061052918434143,38,Ih Maba Grupnya,0.7577846050262451,128,Main Kampusnya Kekampus,0.7572096586227417
7602966227413123848,univsiberasia,Huhu;( Kakak dari daerah mana nih?,1,0,6,Dimana Daerah Mana,0.7911245822906494,84,Ngambil Ambil Apa,0.7332649827003479,65,Angkatan Berapa Kira,0.7011445760726929
7602988699089978129,valexaadya,"dari purwakarta kak, nanti mw daftar ke unsiaaa",0,0,9,Kip Unsia Diterima,0.8491789102554321,34,Daftar Tinggal Baru,0.8263030648231506,79,Daftar Sudah Kamu,0.8118592500686646
7603177168868606741,elmiputra96,ini ada S2-nya gak ya?,1,1,80,S2 S2Nya Nya,0.8822605609893799,37,S2 Ada Doktoral,0.9120615124702454,39,Beasiswa Kkn Program,0.8770886659622192
7603210462411621137,odeeunoia,belum yaaa doain tahun depan,1,0,118,Desember Baca Depan,0.8444855809211731,34,Daftar Tinggal Baru,0.7310953736305237,62,Semoga Allah Doain,0.7232248783111572
7603007748170597128,bookieschu,ada yg mau bareng ga bsk?,2,3,47,Daftar Gelombang Januari,0.7354674935340881,27,Join Grup Yuk,0.7320678234100342,128,Main Kampusnya Kekampus,0.72989821434021
7603562609870422800,xyyta_rii,"@Ririiii:aku masih cari"" info s1 manajemen",1,0,85,Umur Muda Batasan,0.8127049207687378,9,Kip Unsia Diterima,0.7862175107002258,50,S2 Pendidikan Hukum,0.7785230875015259
7605062906334118673,rb.gunawan85,"sama nih, saya juga mau dftar manajemen",1,0,76,Paket Ijazah Sih,0.6596391797065735,8,Tanya Bertanya Chat,0.7534093856811523,34,Daftar Tinggal Baru,0.7149698138237
7603565421928825607,bookieschu,ayo bareng kak ke balai kartini,1,0,27,Join Grup Yuk,0.7356994152069092,24,Ayo Ikutt Ikut,0.6559403538703918,94,Ditunggu Tunggu Wah,0.6519371271133423
7605608343148118805,anaafifah231,Kok waktu itu ada wisudanya di Unas ya kak ?,0,1,33,Bagaimana Wisudanya Tes,0.7556577920913696,21,Malam Shift Begitu,0.7883008718490601,46,Ut Pengin Bidang,0.7866293787956238
7606325996576490248,univsiberasia,"Betul Kak, karena UNSIA masih satu yayasan dengan Unas🤗",0,0,104,Aman Unas Ciber,0.7588884830474854,9,Kip Unsia Diterima,0.7658032774925232,130,Pt Terakreditasi Ban,0.7526512145996094
7602982097757930247,stragazabell,ada jurusan teknik ga kak,0,1,0,Jurusan Teknik Inggris,0.9350605010986328,37,S2 Ada Doktoral,0.8836342692375183,16,Apa Saja Jurusan,0.882107138633728
7603014089154167560,univsiberasia,"Hi Kak, di UNSIA memiliki 6 prodi ya, akuntansi, sistem informasi, informatika, manajemen, komunikasi, dan teknologi informasi🤗🤗",0,0,63,Informasi Informatika Akuntansi,0.925478994846344,136,Yaitu Akuntansi Terdapat,0.9320762157440186,0,Jurusan Teknik Inggris,0.7058754563331604
7604635273829450504,m.tiaayxq_,BISAA DAFTAR OFFLINE GAA MINN MAU KESANA LANGSUNG NIEH,1,1,7,Offline Ujiannya Online,0.7812324166297913,128,Main Kampusnya Kekampus,0.8201001882553101,78,Kapan Min Gel,0.8102871775627136
7605099352013308693,einaafets,"Ga bisaa, tp main aja ke kampus ka 😁",0,0,128,Main Kampusnya Kekampus,0.7931309938430786,34,Daftar Tinggal Baru,0.7346658110618591,71,Wisuda Uts Uas,0.7313294410705566
7603400743563002631,happyfit0211,Aku SMA lulusan thn 2010 mau kuliah masih bisa gaksih min😌😌,0,1,100,Umur Usia Irt,0.8442460298538208,88,Pindah Semester Ngulang,0.8246259689331055,5,Kerja Negeri Kuliah,0.8196864128112793
7603618548888863496,univsiberasia,Masih bisa dong Kakak🤩,0,0,53,Dong Kayaknya Banget,0.900831937789917,117,Boleh Bolehhh Dong,0.8497535586357117,135,Infoin Mau Lantang,0.824790358543396
7613733971193479954,srvnaandinn,pengen daftar jurusan ilmu komunikasi kaaaa,0,1,0,Jurusan Teknik Inggris,0.8551514148712158,84,Ngambil Ambil Apa,0.7967666983604431,42,Jurusan Ekonomi Hukum,0.7904129028320312
7613746753972339464,univsiberasia,Wahh Gasss daftar Kak Andinn🤩,0,0,79,Daftar Sudah Kamu,0.7449601888656616,35,Infonya Terima Kasih,0.7897894382476807,27,Join Grup Yuk,0.7736626863479614
7630696305358717703,cecinacan,infol thun ini s1 sistem informasi,0,0,50,S2 Pendidikan Hukum,0.7599610090255737,63,Informasi Informatika Akuntansi,0.7628419399261475,136,Yaitu Akuntansi Terdapat,0.7045367956161499
7602945431510008596,choasahi,kalo jurusan informatika sama sistem informasi dapet gelar apa? S T atau S Kom,0,2,63,Informasi Informatika Akuntansi,0.7210661172866821,74,Akreditasinya Asia Siber,0.7515347003936768,132,Mending Ptnbh Alumni,0.7421081066131592
7602966348440027922,univsiberasia,"Hi Kak, untuk gelar S.Kom ya Kak nanti",0,0,10,Maret April Bulan,0.8005340099334717,15,Hi Halo Dong,0.8011329174041748,94,Ditunggu Tunggu Wah,0.7962698936462402
7603562663964148497,xyyta_rii,"@Ririiii:aku masih cari"" info s1 manajemen",1,0,85,Umur Muda Batasan,0.8127049207687378,9,Kip Unsia Diterima,0.7862175107002258,50,S2 Pendidikan Hukum,0.7785230875015259
7602941168003990280,zee23____,Acarnya sampe jam berapa ka?,0,1,123,Jam Kelas Karyawan,0.7889646887779236,89,Tanggal Gelombang Bulan,0.7779677510261536,6,Dimana Daerah Mana,0.7564286589622498
7602966129383899911,univsiberasia,"Sampai jam 15.00, yuk yuk yuk ajak teman kamu yaa Kak🤩",0,0,24,Ayo Ikutt Ikut,0.5709929466247559,116,Ig Akun Sering,0.6812020540237427,27,Join Grup Yuk,0.6799440383911133
7604406053980095252,iklimaamliya09,"@Ririiii:aku masih cari"" info s1 manajemen",0,0,85,Umur Muda Batasan,0.8127049207687378,9,Kip Unsia Diterima,0.7862175107002258,50,S2 Pendidikan Hukum,0.7785230875015259
7603460271290008327,simikhaaa,tadinya mau hukum min tapi belum ada yaudah menejemen aja,1,0,11,Skripsi Sidang Tidak,0.6672443151473999,93,Jujur Review Kata,0.7272400259971619,132,Mending Ptnbh Alumni,0.6995549201965332
7603263069279879954,4nnaa02,tunggu taunn depannn eaaa,0,0,118,Desember Baca Depan,0.806858241558075,94,Ditunggu Tunggu Wah,0.717189371585846,38,Ih Maba Grupnya,0.6942999362945557
7603562528882819857,xyyta_rii,"@Ririiii:aku masih cari"" info s1 manajemen",0,0,85,Umur Muda Batasan,0.8127049207687378,9,Kip Unsia Diterima,0.7862175107002258,50,S2 Pendidikan Hukum,0.7785230875015259
7610282993747886869,revinazzh,kak kapan ke kampus ambil almet ?,2,3,84,Ngambil Ambil Apa,0.7983899712562561,128,Main Kampusnya Kekampus,0.8027230501174927,6,Dimana Daerah Mana,0.7801880836486816
7643421016358306581,pmycslw,Biaya almet dll berapa si😭,0,0,18,Berapa Biaya Bayar,0.8208937048912048,99,Biayanya Biaya Berapa,0.7483322620391846,77,Per Berapa Semester,0.7302218079566956
7610287903780045588,sulyani.putri,😌😌,0,0,29,Menyimak Nyimakkk Ut,0.9959731698036194,13,  ,1.0,61,  ,1.0
7610811279511044882,riskamawati.p,disini anak komunikasi~😋🫶🏻,14,5,63,Informasi Informatika Akuntansi,0.5415688753128052,90,Binus Adsfort Harga,0.6875289082527161,105,Swasta Oktober Situ,0.6791573762893677
7636108990951572242,jsyllk,aww,1,0,19,Com Nice Https,0.8407686352729797,131,Next Up Gass,0.7988638281822205,29,Menyimak Nyimakkk Ut,0.7553341388702393
7638277941524906770,ruisen77,halo kak 👋,0,0,15,Hi Halo Dong,0.8333125114440918,26,Adek Duluan Nurul,0.7795854806900024,97,Salam Mantap Kenal,0.7743023633956909
7638287288027644679,riskamawati.p,halo 😚,0,0,15,Hi Halo Dong,0.5688099265098572,26,Adek Duluan Nurul,0.7801581621170044,131,Next Up Gass,0.7657716274261475
7612326428911469328,another.cruss,kak mau tau dong awal masuk harus bayar berapa dan /semester berapa??,0,0,91,Ulang Bayar Isi,0.7939336895942688,77,Per Berapa Semester,0.8555289506912231,49,Ijazahnya Lulus Kan,0.8231110572814941
7610487204929962760,khadijah.safiyyah,kampus dimaaaana kak,2,2,74,Akreditasinya Asia Siber,0.6781514883041382,104,Aman Unas Ciber,0.7836413979530334,135,Infoin Mau Lantang,0.7764395475387573
7638505928404878101,dxyy11,ujian juga online?,1,0,112,Ujian Tes Online,0.7602747678756714,90,Binus Adsfort Harga,0.7334597706794739,64,Full Online Serba,0.7324163913726807
7634573344596165393,memskuy21,"kak kalau waktunya magang gimna, misal posisi lagi kerja diluar negeri",1,0,5,Kerja Negeri Kuliah,0.8567864894866943,49,Ijazahnya Lulus Kan,0.8136260509490967,119,Teman Syarat Magang,0.7933737635612488
7641884934123602709,bunny59__,kalo tinggal di sumatera bisa gak ??,1,2,34,Daftar Tinggal Baru,0.5888463258743286,5,Kerja Negeri Kuliah,0.7494981288909912,22,Pindahan Menerima Ut,0.7281068563461304
7642163009444217608,univsiberasia,"Bisa banget dong Kak, karena UNSIA 100% fully online🤗",2,0,44,100 Learning Fully,0.9231691956520081,86,Darimana 100 Jadi,0.8267204761505127,115,Full Fisik Diunsia,0.8049221634864807
7642636767560418068,bunny59__,yg mau lanjutin S1 dari D3 dah buka belum ya?,0,0,4,D3 S1 Lanjut,0.8439052700996399,95,S2 Belum Insyallah,0.807205319404602,132,Mending Ptnbh Alumni,0.7774288058280945
7610859121882432263,joererh,prodi apa saja dan Strata berapa,1,3,16,Apa Saja Jurusan,0.8039764165878296,50,S2 Pendidikan Hukum,0.7288578748703003,4,D3 S1 Lanjut,0.7195999026298523
7611101036275303186,joererh,"kalau itu aku tahu, aku kan mahasiswa manajemen semester 5 sama mahasiswa SI semester 2, maksud ku prodi yang mau dibuka apa lagi, katanya TI dan Hukum ya?",1,0,46,Ut Pengin Bidang,0.8211506605148315,21,Malam Shift Begitu,0.7766314744949341,49,Ijazahnya Lulus Kan,0.7737892866134644
7615586990147502865,yuda.alone,"Itu kan di VT ada bro, perhatikan baik-baik napah 😁",1,0,93,Jujur Review Kata,0.7831268310546875,133,Spill Alisnya Spil,0.6732866764068604,104,Aman Unas Ciber,0.6649031639099121
7615613099488215815,joererh,"saya kan mahasiswa unsia prodi manajemen sama sistem informasi, udah tau, yang ga tau itu prodi yang mau dibuka",0,0,136,Yaitu Akuntansi Terdapat,0.7592122554779053,46,Ut Pengin Bidang,0.7869362831115723,49,Ijazahnya Lulus Kan,0.7700519561767578
7610354053868323605,arimbyy7,pengennya sih adm bisnis tp blum ada ya 🥺,1,1,132,Mending Ptnbh Alumni,0.759587287902832,46,Ut Pengin Bidang,0.7478253841400146,57,Nilai Sesi Sabar,0.7392269968986511
7610475717549507336,ppmbunsia,boleh manajemen atau akutansi Kak mirip2 loh,1,0,0,Jurusan Teknik Inggris,0.7326086759567261,104,Aman Unas Ciber,0.7352442741394043,132,Mending Ptnbh Alumni,0.729969322681427
7614666387085263636,omo_shiroi,"Halo kak, pendaftaran teknologi informasi belum bisa yaah?",0,2,73,Program Dibuka Saat,0.8539873361587524,67,Program Belum Dibuka,0.8141477108001709,10,Maret April Bulan,0.8066526651382446
7614726476064195335,univsiberasia,"Hi Kakak, untuk pendaftaran prodi teknologi informasi akan dibuka di semester ganjil yahh🤗",0,0,109,Ditutup Khawatir Kembali,0.8633807897567749,67,Program Belum Dibuka,0.8694581985473633,73,Program Dibuka Saat,0.8596037030220032
7614789593191777045,omo_shiroi,Semester ganjil pendaftarannya kapan ya kak?,0,0,31,Kapan Pendaftarannya Gelombang,0.9079349040985107,89,Tanggal Gelombang Bulan,0.846293032169342,10,Maret April Bulan,0.8431517481803894
7610454116564910869,afldh,pendaftaran tgl berpa kasi tau plisss,1,3,89,Tanggal Gelombang Bulan,0.7445196509361267,41,Info Link Cara,0.7599485516548157,133,Spill Alisnya Spil,0.7540535926818848
7610457210598195976,univsiberasia,"Hai Kak, saat ini masih dibuka lhoo pendaftaran mahasiswa baru 🤩",0,0,66,Dibuka Mahasiswa Baru,0.945436954498291,54,Membuka Lho Mahasiswa,0.9146536588668823,109,Ditutup Khawatir Kembali,0.80849289894104
7610431529173713665,laalallainbali,Jalur reguler sudah di tutup kah ? Karna tadi cek yg open hanya transfer samma keerjasamma saja,1,3,3,Buka Pendaftaran Masih,0.7362830638885498,91,Ulang Bayar Isi,0.74013352394104,22,Pindahan Menerima Ut,0.7245463132858276
7610457298616632082,univsiberasia,"Hi Kak, saat ini masih dibuka lho pendaftaran mahasiswa baru🤩",1,0,66,Dibuka Mahasiswa Baru,0.9656727910041809,54,Membuka Lho Mahasiswa,0.9158872365951538,109,Ditutup Khawatir Kembali,0.8217681646347046
7610457512781742849,laalallainbali,"Yg reguler gel 7 sampai 12 feb kak . Sissanya yg maasi open yg tranfer , atau aada cara laain buat daftar kaak ?",0,0,79,Daftar Sudah Kamu,0.7396769523620605,49,Ijazahnya Lulus Kan,0.7570149898529053,123,Jam Kelas Karyawan,0.7447324395179749
7610458073894994696,univsiberasia,Untuk informasi lebih detailnya silahkan DM ya Kakak🤗,0,0,36,Dm Admin Detailnya,0.8962436318397522,60,Admin Dm Boleh,0.8054300546646118,23,Dm Cek Izin,0.728593647480011
7638485427700417298,fahpatdawn,pendaftarannya dibuka kapan?,0,1,31,Kapan Pendaftarannya Gelombang,0.8380707502365112,78,Kapan Min Gel,0.8127782940864563,3,Buka Pendaftaran Masih,0.7945090532302856
7638517475865051911,univsiberasia,"Hi Kak, saat ini pendaftaran mahasiswa baru di UNSIA lagi dibuka lhoo🤩",0,0,66,Dibuka Mahasiswa Baru,0.9436508417129517,54,Membuka Lho Mahasiswa,0.9448617696762085,67,Program Belum Dibuka,0.8567527532577515
7611969581850166036,buttercuppiey,pendaftaran terakhir bulan apa ya?,0,1,89,Tanggal Gelombang Bulan,0.9192442893981934,31,Kapan Pendaftarannya Gelombang,0.8473240733146667,78,Kapan Min Gel,0.8219853043556213
7612511945670017810,univsiberasia,"Hi Kakak, pendaftaran dibuka sampai Maret nih🤗",0,0,10,Maret April Bulan,0.9054126739501953,66,Dibuka Mahasiswa Baru,0.821420431137085,3,Buka Pendaftaran Masih,0.8076701164245605
7610675337823421191,erika_ams,Modal 3 lembar,0,0,124,Juta Serius 3Jt,0.7385170459747314,90,Binus Adsfort Harga,0.6204479932785034,99,Biayanya Biaya Berapa,0.5913025140762329
7612182723826991880,keropiioo,"ka pendaftaran masih buka ga?, atau jalur mandiri gitu?",0,1,3,Buka Pendaftaran Masih,0.8237882852554321,7,Offline Ujiannya Online,0.802295982837677,76,Paket Ijazah Sih,0.7897264361381531
7612511958156690183,univsiberasia,"Hi, masih dibuka nih Kakak pendaftaran mahasiswa baru di UNSIA🤩",0,0,66,Dibuka Mahasiswa Baru,0.9316898584365845,54,Membuka Lho Mahasiswa,0.8832589387893677,67,Program Belum Dibuka,0.8088605403900146
7643446051118940936,afnibae_,"pengen banget tau info tntg kampus ini, pliss jelasin",0,1,27,Join Grup Yuk,0.6981549263000488,132,Mending Ptnbh Alumni,0.6973704099655151,9,Kip Unsia Diterima,0.6907174587249756
7643834635743462162,univsiberasia,"Hai Kakak, untuk informasi lebih lengkapnya, boleh banget lho DM Mimin😊",0,0,36,Dm Admin Detailnya,0.9139491319656372,60,Admin Dm Boleh,0.8767929673194885,23,Dm Cek Izin,0.7970147132873535
7612345331850347284,gabrieellaa0,masih bisa daftar g kak?,0,1,47,Daftar Gelombang Januari,0.9094913005828857,3,Buka Pendaftaran Masih,0.8599444031715393,79,Daftar Sudah Kamu,0.8450316190719604
7612511733572535058,univsiberasia,Hi masih dibuka nih Kakak pendaftaran mahasiswa baru di UNSIA🤩,0,0,66,Dibuka Mahasiswa Baru,0.9316898584365845,54,Membuka Lho Mahasiswa,0.8832589387893677,67,Program Belum Dibuka,0.8088605403900146
7616554527689671442,zizelllllll,buka sastra inggris pleaseee aku minat kalo ada sasing 😭,0,2,0,Jurusan Teknik Inggris,0.7151205539703369,9,Kip Unsia Diterima,0.7240424156188965,132,Mending Ptnbh Alumni,0.7189617156982422
7616573383656030983,univsiberasia,"Wah Mimin nungguin juga nih, pleasee tunggu yaa😭",0,0,94,Ditunggu Tunggu Wah,0.8655883073806763,35,Infonya Terima Kasih,0.7616747617721558,34,Daftar Tinggal Baru,0.7239159345626831
7636426069050376980,kyoci03,Iya bener minnn.. nunggu sasing😭,0,0,81,Iya Oke Orang,0.8036319017410278,38,Ih Maba Grupnya,0.7523386478424072,133,Spill Alisnya Spil,0.7400206327438354
7617572520120140552,_gna66,bisa s2 di unsia ga?,0,0,30,Korea Degree Min,0.8882919549942017,50,S2 Pendidikan Hukum,0.8753049373626709,4,D3 S1 Lanjut,0.8636531829833984
7615484807737787154,mas.er1_,kabarin ya kalo udah ada prodi hukum,0,1,132,Mending Ptnbh Alumni,0.7504225373268127,118,Desember Baca Depan,0.7334723472595215,27,Join Grup Yuk,0.7310727834701538
7616573518528267016,univsiberasia,"Wah banyak juga ya peminat prodi hukum😊, ditunggu ya Kak prodi baru selanjutnya di UNSIA",0,0,94,Ditunggu Tunggu Wah,0.761057436466217,67,Program Belum Dibuka,0.7876056432723999,9,Kip Unsia Diterima,0.7810626029968262
7621796807676298005,___oranglain,"Ka aku kan maba dan pembelajaran mulai April kan,nah tapi saya belum punya laptop.kebetulan mau beli di awal mei gimna ?",0,0,49,Ijazahnya Lulus Kan,0.8440723419189453,21,Malam Shift Begitu,0.825281023979187,46,Ut Pengin Bidang,0.8149605989456177
7611471899366130440,nyssisme,aku butuh S duaaaa😭,0,0,38,Ih Maba Grupnya,0.7867386341094971,92,Samaaa Sama Konveksi,0.7035404443740845,135,Infoin Mau Lantang,0.6765642166137695
7613808476373386002,username123ly,bismillah tahun depan!!!,0,1,129,Bismillah Bismillahirrahmanirrahim Sticker,0.8948110342025757,118,Desember Baca Depan,0.7313336730003357,113,Semangat Wah Berpikir,0.676921010017395
7613960051464667922,univsiberasia,"Aamiin, mimin tunggu yah Kak🤩🤩",1,0,94,Ditunggu Tunggu Wah,0.904900312423706,25,Amin Selalu Semangat,0.8107873201370239,35,Infonya Terima Kasih,0.7891111373901367
7610314180294640400,noviharyani16,almet nyabeda yaa,1,1,11,Skripsi Sidang Tidak,0.7054711580276489,38,Ih Maba Grupnya,0.771977424621582,133,Spill Alisnya Spil,0.7599873542785645
7610458835552158471,univsiberasia,Ini almet Siswa yang hadir di booth UNSIA ya Kakak🤗,0,0,96,Secara Dilaksanakan Hybrid,0.7970984578132629,2,Website Id Ac,0.7383087873458862,111,Alhamdulillah Keluarga Bagian,0.7185386419296265
7635901210885260050,well.oy,untuk sistem uts/uas nya online juga yah? atau offline?,0,0,7,Offline Ujiannya Online,0.8814613819122314,112,Ujian Tes Online,0.8505572080612183,71,Wisuda Uts Uas,0.8308553695678711
7630832715622056724,rrrskadjsu,prodi pendidikan ada g ka,0,0,0,Jurusan Teknik Inggris,0.9025437831878662,37,S2 Ada Doktoral,0.8755208253860474,39,Beasiswa Kkn Program,0.8588436841964722
7610821288290288391,taurusstory_,S2 nya blm ada ya,1,0,95,S2 Belum Insyallah,0.9466262459754944,80,S2 S2Nya Nya,0.8779042959213257,37,S2 Ada Doktoral,0.8456453084945679
7640123623768802069,nofi.susilawati_,kasih aku rekomen dftr sini/ ut 😭,0,0,98,Terima Kasih Murid,0.562553882598877,116,Ig Akun Sering,0.6820865869522095,8,Tanya Bertanya Chat,0.6766467094421387
7611567552897467153,himakom_unsia,Mantab sekali 🔥,2,0,-1,Mantab Uk Belakang,0.0,126,Keren Mukanya Asing,0.8204294443130493,48,Betul Banget Lucu,0.8035779595375061
7628484573227991826,sntaaaa_10,min ga ada prodi hukum yah😔,0,0,0,Jurusan Teknik Inggris,0.8596389293670654,30,Korea Degree Min,0.8241496086120605,50,S2 Pendidikan Hukum,0.8068403005599976
7638156222344790802,exchorinawitha,"prodi hukum ada nggk kak?, dan saya bisa lanjut rpl kah? dl S1 Komunikasi UPN Surabaya, mau ambil hukum bisa?
dan Akreditasi nya apa ya?",1,0,68,Rpl Pengalaman Jalur,0.737798273563385,49,Ijazahnya Lulus Kan,0.860687255859375,4,D3 S1 Lanjut,0.8407294750213623
7630024256860848914,toko.elfatih,untuk lanjut dari D3 ke S1 bisa ga dan berapa biaya semester nya,0,0,4,D3 S1 Lanjut,0.9018286466598511,77,Per Berapa Semester,0.7994207739830017,119,Teman Syarat Magang,0.7983323335647583
7626952151948018433,rzmaliaaa,"izin tanyaa ka, kalau wisuda dan ijazahnya nantii gmna kalau ga bisa ke kampusnyaa langsung?",0,0,49,Ijazahnya Lulus Kan,0.9051340222358704,120,Tanya Non S2Nya,0.8480810523033142,21,Malam Shift Begitu,0.8389308452606201
7611774810297402132,danisphase,bayar biaya daftar ulang terakhir kapan yah?,0,5,91,Ulang Bayar Isi,0.7555299997329712,18,Berapa Biaya Bayar,0.7719624042510986,78,Kapan Min Gel,0.7679403424263
7612511884285854472,univsiberasia,"Hi, masih dibuka nih Kakak pendaftaran mahasiswa baru di UNSIA🤩",1,0,66,Dibuka Mahasiswa Baru,0.9316898584365845,54,Membuka Lho Mahasiswa,0.8832589387893677,67,Program Belum Dibuka,0.8088605403900146
7614115920794288897,alvyi1,kak masih buka pendaftaran?,0,0,3,Buka Pendaftaran Masih,0.9107491970062256,47,Daftar Gelombang Januari,0.8271639347076416,31,Kapan Pendaftarannya Gelombang,0.8263019323348999
7614461302320694023,nelissahara,Ada jurusan business administration gak ya?,0,0,0,Jurusan Teknik Inggris,0.9059643745422363,30,Korea Degree Min,0.8628544211387634,16,Apa Saja Jurusan,0.8533068895339966
7612512318530650900,danisphase,aku gelombang 7,0,0,89,Tanggal Gelombang Bulan,0.5296586751937866,122,Kalbar Ia Kebingungan,0.7593179941177368,90,Binus Adsfort Harga,0.6892577409744263
7610305754247824149,revinazzh,kak adain ospek ih biar seru,0,1,126,Keren Mukanya Asing,0.6093223690986633,27,Join Grup Yuk,0.788472056388855,38,Ih Maba Grupnya,0.7531062364578247
7612077954876932885,revinazzh,pensamaku apa ka?,0,0,6,Dimana Daerah Mana,0.821889340877533,135,Infoin Mau Lantang,0.768250584602356,134,Pjj Akre Industri,0.7633578181266785
7614901959737574161,galllll17,setelah daftar dan dapet NIM sandi dll itu buat apa ya ka? udah coba login siakad tapi gabisa,0,1,91,Ulang Bayar Isi,0.8738856315612793,49,Ijazahnya Lulus Kan,0.7851969003677368,17,Cara Daftarnya Bagaimana,0.7664214372634888
7616573144900403975,univsiberasia,"Hi Kakak, SIAKAD bisa diakses setelah PENSAMAKU dilaksanakan yahh😊",0,0,96,Secara Dilaksanakan Hybrid,0.8205162286758423,2,Website Id Ac,0.7879267334938049,10,Maret April Bulan,0.7852554321289062
7610779925083128597,ceoofgabutnasional,anak manajemen hadir 😁🙏,2,1,62,Semoga Allah Doain,0.4728672206401825,105,Swasta Oktober Situ,0.7239848971366882,90,Binus Adsfort Harga,0.705327033996582
7611967143060095764,ceoofgabutnasional,"aamiin, makasih semangatnya ka🙏🥰",2,0,98,Terima Kasih Murid,0.9247448444366455,25,Amin Selalu Semangat,0.9149595499038696,35,Infonya Terima Kasih,0.8446595072746277
7612963432324858632,crynzyy,kak masih di buka ga pendaftarannya?,0,0,3,Buka Pendaftaran Masih,0.9324267506599426,31,Kapan Pendaftarannya Gelombang,0.8781237006187439,47,Daftar Gelombang Januari,0.844212532043457
7612795287451796245,jasapijatfavoritku,bedanya sm sistem informasi ap dek kalau boleh tau ?,0,0,84,Ngambil Ambil Apa,0.7108728289604187,134,Pjj Akre Industri,0.7231415510177612,16,Apa Saja Jurusan,0.7028383016586304
7611856113454220039,mieayamluvt,tunggu aku taun depan yaa!!,1,0,94,Ditunggu Tunggu Wah,0.7970995306968689,118,Desember Baca Depan,0.8026499152183533,34,Daftar Tinggal Baru,0.700014054775238
7611162332819096340,whos.caaa,ini full online kah kak kelasnya? aku pengen banget kuliah yg bisa sambil kerja huhu,0,1,5,Kerja Negeri Kuliah,0.8600485920906067,46,Ut Pengin Bidang,0.848528265953064,21,Malam Shift Begitu,0.8252984285354614
7611169676450415367,univsiberasia,"Betul banget dong Kak, UNSIA 100% full online learning🤗 jadi memudahkan Kakak yang mau kerja tapi mau sambil kuliah juga🤗",0,0,86,Darimana 100 Jadi,0.9153419733047485,44,100 Learning Fully,0.8192226886749268,46,Ut Pengin Bidang,0.8057286739349365
7610698096221504277,sucierahmah,please bikin program S2,0,0,80,S2 S2Nya Nya,0.819047749042511,50,S2 Pendidikan Hukum,0.7840559482574463,114,S2 Lita Anis,0.7422890067100525
7610644745338422033,rezaamand_a,kak saya dah daftar dan lulus kapan ya dikirim almet nya,0,0,79,Daftar Sudah Kamu,0.7682374715805054,106,Hasil Seleksi Pengumuman,0.8016585111618042,78,Kapan Min Gel,0.7852163910865784
7613760306239111944,semangatberproses0,bukaaaa S2 dong 😭,0,1,80,S2 S2Nya Nya,0.8181029558181763,133,Spill Alisnya Spil,0.742867648601532,27,Join Grup Yuk,0.7426246404647827
7613960430894138120,univsiberasia,"Ditunggu ya Kakak, Mimin juga nunggu nihh🤩",1,0,94,Ditunggu Tunggu Wah,0.9109610319137573,25,Amin Selalu Semangat,0.7653906345367432,35,Infonya Terima Kasih,0.7639043927192688
7600039723637195528,nuarlingga,tugas akhirnya itu skripsi atau apa min?,0,2,58,Tugas Akhir Skripsi,0.7921914458274841,84,Ngambil Ambil Apa,0.7502999305725098,74,Akreditasinya Asia Siber,0.7163286209106445
7608094593737392904,univsiberasia,"Hi Kak, untuk tugas akhir menggunakan skripsi ya 🤩",1,0,58,Tugas Akhir Skripsi,0.9182791113853455,120,Tanya Non S2Nya,0.7738648653030396,15,Hi Halo Dong,0.7431886792182922
7608095142172984071,nuarlingga,cuma skripsi aja min? ga ada opsi opsi lain ya?,0,0,11,Skripsi Sidang Tidak,0.7283527851104736,115,Full Fisik Diunsia,0.748334527015686,93,Jujur Review Kata,0.7427266240119934
7599574250840113940,owinee_,tau hasil ujian seleksi kapan ya kak? ak baru kerjain ujiannya semalam,1,9,106,Hasil Seleksi Pengumuman,0.8360368013381958,112,Ujian Tes Online,0.7874665856361389,34,Daftar Tinggal Baru,0.7630579471588135
7599578975628133128,univsiberasia,Untuk hasilnya akan keluar 2 x 24 jam setelah selesai mengerjakan testnya ya Kak😊,1,0,123,Jam Kelas Karyawan,0.7017625570297241,106,Hasil Seleksi Pengumuman,0.7433319091796875,112,Ujian Tes Online,0.6670508980751038
7601028914702910226,originalreksa,lhoo samaaa,0,0,92,Samaaa Sama Konveksi,0.840109646320343,38,Ih Maba Grupnya,0.7958678007125854,75,Iya Iyapp Introvert,0.7718973159790039
7599685496189371156,milham_mihikaww,bayar ukt nya nunggu daftar ulang ya kak?,0,0,91,Ulang Bayar Isi,0.7976788282394409,1,Dicicil 3Jt Hanya,0.8068890571594238,106,Hasil Seleksi Pengumuman,0.7899752855300903
7599921840412214036,owinee_,iyaaa kakk,0,0,81,Iya Oke Orang,0.9248923659324646,75,Iya Iyapp Introvert,0.8682368397712708,92,Samaaa Sama Konveksi,0.8604846000671387
7599571736192090901,38hisb98,Dikampus ada perpus engga min?,0,3,11,Skripsi Sidang Tidak,0.7513620853424072,39,Beasiswa Kkn Program,0.7144001126289368,68,Rpl Pengalaman Jalur,0.7116501331329346
7599572081970578184,univsiberasia,Ada ya Kakak☺️,0,0,51,Open Otw Pkl,0.9105397462844849,43,Belum Huhu Nih,0.8502746820449829,135,Infoin Mau Lantang,0.8442457914352417
7599715252935049992,edogusrifanytys,"min mau nanya, ada batas usia maksimal untuk jadi maba unsia?",0,0,65,Angkatan Berapa Kira,0.6852601766586304,30,Korea Degree Min,0.779805064201355,100,Umur Usia Irt,0.7660508155822754
7599882881942766343,univsiberasia,"Nggak ada batasan umur kok Kakak
Di UNSIA, yang penting semangat belajarnya, bukan usianya 🙌
Karena belajar itu nggak kenal umur, yang muda semangat, yang udah berpengalaman juga makin keren",0,0,85,Umur Muda Batasan,0.8635450601577759,59,Tugas Numpuk Tugasnya,0.7053186893463135,86,Darimana 100 Jadi,0.7049878835678101
7603780363462132496,americano_girlll,kak jurusan hukum ada ga?,0,0,0,Jurusan Teknik Inggris,0.9221500754356384,42,Jurusan Ekonomi Hukum,0.8851675987243652,16,Apa Saja Jurusan,0.8666740655899048
7600594180927701781,mbohlah_blas,Prodi bahasa korea kapan dibuka mint?,0,0,30,Korea Degree Min,0.7755284309387207,0,Jurusan Teknik Inggris,0.7661460638046265,67,Program Belum Dibuka,0.7634062767028809
7599603353132253972,aron22018,min biasanya hasil seleksi untuk jalur konversi butuh waktu berapa hari baru keluar hasilnya? punyaku udah 2 Minggu belum keluar keluar🙏,4,1,106,Hasil Seleksi Pengumuman,0.8363350033760071,91,Ulang Bayar Isi,0.7672542333602905,21,Malam Shift Begitu,0.7422031164169312
7599646440076788500,ahnafmuhammadd,up,3,0,131,Next Up Gass,0.9432220458984375,40,One Yaallahh Day,0.9089857935905457,29,Menyimak Nyimakkk Ut,0.9089609980583191
7599670556409103122,tulisterus,"ka adikku br lulusan sma bulan 4 ini, bingung kapan daftarnya , tunggu lulusan atau gimanaa?😳",0,1,107,Daftarnya Cara Bagaimana,0.6800940036773682,49,Ijazahnya Lulus Kan,0.8392645120620728,46,Ut Pengin Bidang,0.8337982892990112
7599883409998250759,univsiberasia,"Hi Kak, bisa mendaftar di semester ganjil ya, itu dibuka di bulan Agustus🤗",0,0,10,Maret April Bulan,0.8777320384979248,49,Ijazahnya Lulus Kan,0.8152130842208862,109,Ditutup Khawatir Kembali,0.8129055500030518
7599595869364765457,hasanaja45,"ada jurusan yg rpl ngk, sm biayanya brp",0,0,99,Biayanya Biaya Berapa,0.7189823389053345,77,Per Berapa Semester,0.8087745904922485,30,Korea Degree Min,0.7765054106712341
7599804254254269202,nuranisaaja_,Ka uas nya online juga ga ka?,0,2,7,Offline Ujiannya Online,0.8731739521026611,112,Ujian Tes Online,0.8811562657356262,71,Wisuda Uts Uas,0.8341954946517944
7599882769493426951,univsiberasia,Betul banget dong Kak🤗,0,0,48,Betul Banget Lucu,0.9371641874313354,81,Iya Oke Orang,0.8004177808761597,53,Dong Kayaknya Banget,0.7973132133483887
7599933384132379400,nuranisaaja_,Ka ada magang/kkn ga ka?,0,0,39,Beasiswa Kkn Program,0.88573157787323,37,S2 Ada Doktoral,0.8528633117675781,120,Tanya Non S2Nya,0.8415784239768982
7603707198330405639,nonawav0,kakk dia kebingungan itu😭😭😭,0,0,122,Kalbar Ia Kebingungan,0.7738246917724609,38,Ih Maba Grupnya,0.7270387411117554,26,Adek Duluan Nurul,0.7065368294715881
7599224276835123989,einaafets,LUCU BGT TOLONG🤣,0,0,48,Betul Banget Lucu,0.8254583477973938,126,Keren Mukanya Asing,0.7403599619865417,53,Dong Kayaknya Banget,0.733128547668457
7601764911965913874,acyardmm,itu klo test nya dh pasti keterima apa nga ka?,0,0,34,Daftar Tinggal Baru,0.7661182284355164,76,Paket Ijazah Sih,0.7990453243255615,7,Offline Ujiannya Online,0.7817376852035522
7599203273955345173,yulianieka123,😂,0,0,40,One Yaallahh Day,0.9992661476135254,13,  ,1.0,61,  ,1.0
7599185139893584648,4nnaa02,😭😭😭,0,0,40,One Yaallahh Day,0.9992661476135254,13,  ,1.0,61,  ,1.0
7599526736145629959,duuro__,min pendaftaran sdh tutup ya?,0,3,3,Buka Pendaftaran Masih,0.8646456003189087,78,Kapan Min Gel,0.8201502561569214,10,Maret April Bulan,0.7886995077133179
7599566872732320520,univsiberasia,Saat ini UNSIA masih membuka pendaftaran mahasiswa baru lho Kak🤩,0,0,54,Membuka Lho Mahasiswa,0.9537723064422607,66,Dibuka Mahasiswa Baru,0.8744455575942993,67,Program Belum Dibuka,0.8047965168952942
7599575523464364821,meatbal2nd,sampai kapan min?🙏🏻,0,0,78,Kapan Min Gel,0.7533096075057983,6,Dimana Daerah Mana,0.737586498260498,11,Skripsi Sidang Tidak,0.7157149314880371
7599578816823231250,univsiberasia,Pendaftaran dibuka sampai awal Maret ya Kak😊,0,0,10,Maret April Bulan,0.916739284992218,31,Kapan Pendaftarannya Gelombang,0.8159669637680054,3,Buka Pendaftaran Masih,0.8082162141799927
7599862373705237266,shut77_4,"saya dari mluku utara bsa ga ya kuliah disana, tkut krna jraknya jauh",0,3,5,Kerja Negeri Kuliah,0.8215806484222412,22,Pindahan Menerima Ut,0.8032494783401489,49,Ijazahnya Lulus Kan,0.7903542518615723
7599882583405773576,univsiberasia,"Hi Kak, bisa banget dong. UNSIA menerapkan sistem perkuliahan secara online maka kakak bisa berkuliah dimana saja dan kapan saja. Nah UNSIA bisa menjadi tujuan kakak yg ingin kuliah sambil bekerja kak karena memang waktunya fleksibel dan bisa dilaksanakan kapanpun dan dimanapun🤩",1,0,72,Tujuan Berkuliah Dimanapun,0.9728130102157593,86,Darimana 100 Jadi,0.8745863437652588,101,Favorit Pilih Fleksibel,0.7683335542678833
7601134890633413394,univsiberasia,"Hi Kak, bisa ya melalui jalur konversi",0,0,12,Konversi Jalur Melalui,0.9428322315216064,22,Pindahan Menerima Ut,0.797386646270752,120,Tanya Non S2Nya,0.7740771770477295
7601107013091885844,zukisaaaa,ekstensi dari d3 bisa kah kak?,0,0,4,D3 S1 Lanjut,0.8501062393188477,22,Pindahan Menerima Ut,0.8526102304458618,37,S2 Ada Doktoral,0.847999095916748
7599986270215013141,wishlistcheckout,kak kalau double degree bisa ?,0,2,49,Ijazahnya Lulus Kan,0.7263067960739136,76,Paket Ijazah Sih,0.7866625189781189,68,Rpl Pengalaman Jalur,0.7861030101776123
7599998633082372871,univsiberasia,Bisa dong Kak🤗,0,0,53,Dong Kayaknya Banget,0.9349392652511597,87,Hihi Jugakk Wakty,0.935305655002594,117,Boleh Bolehhh Dong,0.8900431990623474
7616278855187940117,i.love.you.aja,berarti UKT nya double dong?,0,0,18,Berapa Biaya Bayar,0.6501288414001465,133,Spill Alisnya Spil,0.7274035215377808,104,Aman Unas Ciber,0.712479829788208
7599496662461956881,adysadewa46,apakah ada pmb gel 7 min?,0,1,69,Apakah S1Hukum Perdagangan,0.8409212827682495,120,Tanya Non S2Nya,0.7089221477508545,39,Beasiswa Kkn Program,0.697820782661438
7599566764348162823,univsiberasia,Ada ya Kak😊,0,0,51,Open Otw Pkl,0.9140721559524536,135,Infoin Mau Lantang,0.8695119619369507,43,Belum Huhu Nih,0.8648297786712646
7599562801153524487,asriy19,hallo kak uang regis persemestr brpa ya,0,1,18,Berapa Biaya Bayar,0.8625067472457886,77,Per Berapa Semester,0.7852339744567871,17,Cara Daftarnya Bagaimana,0.7688637375831604
7599566958241219336,univsiberasia,"Hi Kak, hanya 100rb ya Kak biaya pendaftaran🤗",0,0,1,Dicicil 3Jt Hanya,0.7761024832725525,10,Maret April Bulan,0.7611813545227051,41,Info Link Cara,0.7439059615135193
7602302901821883156,zihnnz,pendaftaran nya msih ada?,0,1,3,Buka Pendaftaran Masih,0.8204951286315918,47,Daftar Gelombang Januari,0.7686525583267212,78,Kapan Min Gel,0.7605499029159546
7608094687010472712,univsiberasia,"Hi Kak, pendaftaran masih dibuka lhoo🤩",0,0,10,Maret April Bulan,0.8596329092979431,66,Dibuka Mahasiswa Baru,0.8696346879005432,3,Buka Pendaftaran Masih,0.8257398009300232
7599579726767866644,lihafariha,Gimna cara daftar ka,0,1,17,Cara Daftarnya Bagaimana,0.9017848968505859,107,Daftarnya Cara Bagaimana,0.8837177753448486,127,Caranya Kuliahnya Bagaimana,0.8442907929420471
7599587289609880328,univsiberasia,"Kakak bisa langsung daftar sekarang di pmb.unsia.ac.id, pilih jurusan favorit, dan mulai kuliah online fleksibel dari mana aja🤗",0,0,83,Pilih Favorit Mulai,0.9858773946762085,101,Favorit Pilih Fleksibel,0.9645260572433472,2,Website Id Ac,0.8257429599761963
7601564970886890258,krndhrm,ka saya kalo mau pindahan bisa melalui mana ?,0,2,52,Web Lewat Kemana,0.8397754430770874,22,Pindahan Menerima Ut,0.8212805390357971,17,Cara Daftarnya Bagaimana,0.7770957350730896
7601572804631233288,univsiberasia,"Hi Kak, bisa melalui jalur konversi ya🤗",0,0,12,Konversi Jalur Melalui,0.9375621676445007,22,Pindahan Menerima Ut,0.7985455989837646,15,Hi Halo Dong,0.7940495014190674
7601585700690248455,krndhrm,Kalau pindah dari semester 1 bisa ka saya mau pindah semester 2 tahun ini,0,0,88,Pindah Semester Ngulang,0.8643897771835327,49,Ijazahnya Lulus Kan,0.8373647928237915,46,Ut Pengin Bidang,0.8058581948280334
7604516198203130631,cenath123,😂,0,0,40,One Yaallahh Day,0.9992661476135254,13,  ,1.0,61,  ,1.0
7599145274871939860,an_nissaaaa,"ini kan 100% online ya kak kuliah nya, kalo ke kampus nya pada saat apa saja kak?
saat UAS dan wisuda saja atau bagaimana 🙏",0,3,21,Malam Shift Begitu,0.8768080472946167,71,Wisuda Uts Uas,0.833814799785614,49,Ijazahnya Lulus Kan,0.8240902423858643
7599224740700734229,einaafets,"Namanya 100% online kak, gak perlu ke kampus2 😉 uas ujian wisuda smua by online aja~
Tp kalo mau main2 ke kampus ya bolee bgtt",1,0,71,Wisuda Uts Uas,0.8470402956008911,59,Tugas Numpuk Tugasnya,0.7963544726371765,21,Malam Shift Begitu,0.7915401458740234
7610302742398206740,an_nissaaaa,ok kak makasih info nya,0,0,35,Infonya Terima Kasih,0.9144929647445679,98,Terima Kasih Murid,0.8611245155334473,94,Ditunggu Tunggu Wah,0.769239604473114
7610319521220281108,einaafets,Tp klo wisuda bs pilih mau onsite/online,1,0,7,Offline Ujiannya Online,0.7851055860519409,108,Offline Onsite Onnline,0.7738150358200073,71,Wisuda Uts Uas,0.7691192626953125
7602870285373702933,amawa52,Klo magang gmn ya?,0,0,33,Bagaimana Wisudanya Tes,0.8662116527557373,127,Caranya Kuliahnya Bagaimana,0.8123883605003357,5,Kerja Negeri Kuliah,0.7905855178833008
7599128330818552584,maleo_99,untuk ujian bisa di rumah ga,0,1,112,Ujian Tes Online,0.7423775792121887,7,Offline Ujiannya Online,0.7652193307876587,115,Full Fisik Diunsia,0.7407984733581543
7599142680254759698,univsiberasia,Bisa banget dong Kak🤗,0,0,53,Dong Kayaknya Banget,0.9342789649963379,87,Hihi Jugakk Wakty,0.8696147203445435,135,Infoin Mau Lantang,0.8578454256057739
7598963413356495633,arhaz.rz,kapan buka pendaftaran lg kak?,0,1,3,Buka Pendaftaran Masih,0.9120707511901855,31,Kapan Pendaftarannya Gelombang,0.9105819463729858,78,Kapan Min Gel,0.8903195858001709
7599142830447035144,univsiberasia,Saat ini UNSIA sedang membuka pendaftaran mahasiswa baru lho Kak🤩,0,0,54,Membuka Lho Mahasiswa,0.956863522529602,66,Dibuka Mahasiswa Baru,0.8678719401359558,67,Program Belum Dibuka,0.7968447208404541
7598996126742496008,ini.alexa01,umur 20 baru niat kuliah boleh ga ya daftar unsia😭,0,2,100,Umur Usia Irt,0.8659389615058899,30,Korea Degree Min,0.8320070505142212,9,Kip Unsia Diterima,0.8166043162345886
7599113819525038866,zaheirr_,"lah gua baru masuk, umur juga 20",0,0,100,Umur Usia Irt,0.6602061986923218,57,Nilai Sesi Sabar,0.6911245584487915,93,Jujur Review Kata,0.6541391015052795
7599347650018804488,ini.alexa01,alhamdulillah ada temen,0,0,129,Bismillah Bismillahirrahmanirrahim Sticker,0.7795628905296326,97,Salam Mantap Kenal,0.7089007496833801,51,Open Otw Pkl,0.6819385290145874
7598515486042080021,nuy_242,Kampus utama unsia itu ada dmna ya min,0,1,6,Dimana Daerah Mana,0.7755575180053711,74,Akreditasinya Asia Siber,0.8164671063423157,30,Korea Degree Min,0.7967263460159302
7598535058479825685,kunkunitaro,jakarta selatan kak,0,0,110,Jakarta Selatan Ragunan,0.7324724197387695,105,Swasta Oktober Situ,0.5577852725982666,90,Binus Adsfort Harga,0.5392051935195923
7636817648902750996,xiaojunrvld,pliss bantu rekomen better ut / unsia?,2,3,22,Pindahan Menerima Ut,0.6071586608886719,35,Infonya Terima Kasih,0.6973869800567627,104,Aman Unas Ciber,0.6906644105911255
7656337532796617493,yyyyyyhykpncdz,plss sama bingung,0,0,92,Samaaa Sama Konveksi,0.7537524700164795,19,Com Nice Https,0.7197372317314148,38,Ih Maba Grupnya,0.7134484648704529
7642128011697210130,tteteh9,unsia ga seribet ut,0,0,104,Aman Unas Ciber,0.7889018058776855,56,Universitas Siber Asia,0.7450039386749268,45,Enggak Ribet Fh,0.7163108587265015
7640761346526577416,cappuonzz,unsia walaupun harganya lebih tinggi tpi lebih fleksibel aja,0,0,104,Aman Unas Ciber,0.6895415782928467,93,Jujur Review Kata,0.6593521237373352,86,Darimana 100 Jadi,0.6203143000602722
7608588901284004609,rb.gunawan85,"Maju mundur masuk Unsia, bingung mau UNSIA atau GLOBAL MULIA, Please komen yang",2,1,9,Kip Unsia Diterima,0.7750973701477051,132,Mending Ptnbh Alumni,0.760785698890686,104,Aman Unas Ciber,0.7474237084388733
7613371156095615752,vivianstar888,unsia aj,0,0,56,Universitas Siber Asia,0.775464653968811,90,Binus Adsfort Harga,0.8011114597320557,105,Swasta Oktober Situ,0.779733419418335
7614471294529504018,zaoliz,maaf mau nanya test masuk kuliah nya apa aja ya 😭 terus test nya online atau offline 😭,1,1,7,Offline Ujiannya Online,0.8075723648071289,21,Malam Shift Begitu,0.8165717124938965,120,Tanya Non S2Nya,0.8163709044456482
7615064262969869057,nengginaaaaa,online kak tes nya,1,0,112,Ujian Tes Online,0.8652358055114746,7,Offline Ujiannya Online,0.7876353859901428,41,Info Link Cara,0.7864559888839722
7599611109485970193,firaaaa.22,kaaaa Kenapa aku baru daftar tapi malah ada tulisan nik sudah terdaftar 1 kali padahal aku mau bayar biaya pendaftaran mau lanjut tapi g bisa,0,3,91,Ulang Bayar Isi,0.8932706117630005,49,Ijazahnya Lulus Kan,0.7817462682723999,46,Ut Pengin Bidang,0.746343731880188
7599926962652070657,firaaaa.22,saya barusan daftar reguler gelombang 6 apakah langsung bisa daftar beasiswa kipk? atau nunggu lulus baru daftar,0,0,34,Daftar Tinggal Baru,0.6803399324417114,49,Ijazahnya Lulus Kan,0.770100474357605,91,Ulang Bayar Isi,0.7688124179840088
7599905105211147026,univsiberasia,"Hi Kak, pendaftaran beasiswa KIP melalui website resmi kemdiktisaintek https://kip-kuliah.kemdiktisaintek.go.id/ yang kemudian bakal calonnya akan diseleksi dan ditentukan oleh perguruan tinggi berdasarkan kuota dan jadwal periode pembukaan yang ditetapkan oleh LLDIKTI😊",0,0,2,Website Id Ac,0.7445094585418701,101,Favorit Pilih Fleksibel,0.7042216062545776,83,Pilih Favorit Mulai,0.6841101050376892
7600788587245077255,546iol,ini bisa kuliah online kah,1,3,7,Offline Ujiannya Online,0.7875834703445435,115,Full Fisik Diunsia,0.8058266639709473,30,Korea Degree Min,0.7832012176513672
7600792884505723655,univsiberasia,"KAK, UNSIA 100% full online🤗",1,0,102,100 Fully Bk,0.9236396551132202,56,Universitas Siber Asia,0.7759151458740234,44,100 Learning Fully,0.7740212082862854
7602164912270017297,sylvia_manohara,Wisuda nya gimana kak? Online juga kh,0,0,33,Bagaimana Wisudanya Tes,0.9227460622787476,7,Offline Ujiannya Online,0.8663393259048462,112,Ujian Tes Online,0.8286491632461548
7602196006139446023,univsiberasia,wisuda dilaksanakan secara hybrid ya Kakak,0,0,96,Secara Dilaksanakan Hybrid,0.9121404886245728,112,Ujian Tes Online,0.74485844373703,10,Maret April Bulan,0.7324056029319763
7599229692826092304,ci45666,masuk UNSIA pake nilai apa ya,0,0,74,Akreditasinya Asia Siber,0.88043612241745,30,Korea Degree Min,0.8502422571182251,84,Ngambil Ambil Apa,0.8417651653289795
7599293785646547732,th_v222,hallo min mau daftar please persyaratan berkas dll apa ya 🙏,2,1,8,Tanya Bertanya Chat,0.7828850150108337,120,Tanya Non S2Nya,0.8298523426055908,17,Cara Daftarnya Bagaimana,0.7923160791397095
7599508094997873416,kkaluela,nitipp,0,0,70,Nitip Nitipp Nitippp,0.9445056915283203,19,Com Nice Https,0.811985194683075,26,Adek Duluan Nurul,0.7943490743637085
7625183419434058516,aininur712,ini bisa full online ga yaaa😭,0,2,115,Full Fisik Diunsia,0.920741081237793,64,Full Online Serba,0.8316540122032166,108,Offline Onsite Onnline,0.8246277570724487
7625479438800945938,univsiberasia,"Hi Kak, UNSIA menerapkan sistem perkuliahan secara online maka kakak bisa berkuliah dimana saja dan kapan saja. Nah UNSIA bisa menjadi tujuan kakak yg ingin kuliah sambil bekerja kak karena memang waktunya fleksibel dan bisa dilaksanakan kapanpun dan dimanapun🤩",0,0,72,Tujuan Berkuliah Dimanapun,0.9821086525917053,86,Darimana 100 Jadi,0.854152262210846,101,Favorit Pilih Fleksibel,0.7666773796081543
7625482657527612180,aininur712,wahhh bisa bnget untuk yang kerjanya full time ya😭,0,0,5,Kerja Negeri Kuliah,0.7374696731567383,86,Darimana 100 Jadi,0.7202346324920654,57,Nilai Sesi Sabar,0.709023654460907
7599211975196951312,inun_194,"halo ka, kalo daftar sekarang mulai pembelajaran nya kapan?",1,1,79,Daftar Sudah Kamu,0.8283737301826477,10,Maret April Bulan,0.8323726654052734,31,Kapan Pendaftarannya Gelombang,0.8237020373344421
7599214140901540626,univsiberasia,"Hi Kak, perkuliahan akan dimulai di bulan April yah🤗",1,0,10,Maret April Bulan,0.9207131266593933,109,Ditutup Khawatir Kembali,0.8006424903869629,66,Dibuka Mahasiswa Baru,0.7920742034912109
7637031710614340373,costa.mariano.hen,"saya sudah Banga jadi sala satu Mahasiswa dari UNSIA
Saya dari Timor Leste",0,0,9,Kip Unsia Diterima,0.7558649778366089,111,Alhamdulillah Keluarga Bagian,0.7360144257545471,46,Ut Pengin Bidang,0.6789083480834961
7641969852933423892,keepcalm130998,"AQ Lulusan UT untuk daftar S2 di UNSIA gmna kak
apa saja persyaratannya",0,0,67,Program Belum Dibuka,0.8020797371864319,119,Teman Syarat Magang,0.8613507747650146,49,Ijazahnya Lulus Kan,0.8484499454498291
7599286265897157397,anslzhrrr,smpai gelombang brp dan ttup bln apa kak pendaftarannya?,1,2,89,Tanggal Gelombang Bulan,0.8767601251602173,31,Kapan Pendaftarannya Gelombang,0.8456345796585083,18,Berapa Biaya Bayar,0.8311041593551636
7599321099013980946,univsiberasia,Pendaftaran dibuka sampai awal Maret ya Kakak🤩,0,0,10,Maret April Bulan,0.8959497213363647,31,Kapan Pendaftarannya Gelombang,0.7890125513076782,3,Buka Pendaftaran Masih,0.7858195304870605
7599293437628400405,th_v222,nitip,1,0,70,Nitip Nitipp Nitippp,0.9976069927215576,121,Nitip Kabarin Mencari,0.8166038990020752,131,Next Up Gass,0.7813614010810852
7642536428174492434,bintavers_tiwi28,bismillah unsia tahun depan🥺😊,0,0,129,Bismillah Bismillahirrahmanirrahim Sticker,0.8425151109695435,111,Alhamdulillah Keluarga Bagian,0.7950373291969299,55,Sukses Selalu Sehat,0.7581702470779419
7628993010391794452,user1371881312632,Ka aku dibsi mau pindah ke unsia baru semester 2 bisa g,0,0,88,Pindah Semester Ngulang,0.8848341703414917,49,Ijazahnya Lulus Kan,0.8703019618988037,22,Pindahan Menerima Ut,0.8608006834983826
7639351239113999122,themaestro_11,Min s1 akuntansi apakah bisa rpl pindahan dari kampus lain ?,0,0,4,D3 S1 Lanjut,0.8515729904174805,50,S2 Pendidikan Hukum,0.8063215017318726,30,Korea Degree Min,0.7813786864280701
7625266809029018376,meeey.me,min pendaftaran uda di tutup yaaa???,0,1,3,Buka Pendaftaran Masih,0.8401591777801514,78,Kapan Min Gel,0.7997114062309265,10,Maret April Bulan,0.7660844326019287
7625478633687565063,univsiberasia,"Hi Kak, Saat ini untuk pendaftaran mahasiswa baru sudah ditutup nih Kakak. Namun, jangan khawatir dibuka kembali di semester ganjil yaa yaitu di bulan Juni🤗",1,0,109,Ditutup Khawatir Kembali,0.9828240871429443,66,Dibuka Mahasiswa Baru,0.8250412344932556,10,Maret April Bulan,0.8113892078399658
7632622032394109714,gregoriusherz05,min pendaftaran udah di tutup??,0,0,3,Buka Pendaftaran Masih,0.7996713519096375,78,Kapan Min Gel,0.7815137505531311,47,Daftar Gelombang Januari,0.7161015272140503
7644880159154242324,hideeeeeee23,Infokan UKT,0,0,41,Info Link Cara,0.6337178349494934,105,Swasta Oktober Situ,0.7096311450004578,26,Adek Duluan Nurul,0.7031653523445129
7604476722188223249,ferianggarzm,kak mulai kapan ya gelombang 4 ini perkuliahan nya,0,0,10,Maret April Bulan,0.8088477849960327,31,Kapan Pendaftarannya Gelombang,0.8325971364974976,89,Tanggal Gelombang Bulan,0.8215161561965942
7599206363336262417,byeonwooseok39,Kk lirik dm aku🙏🏻,0,1,23,Dm Cek Izin,0.7852797508239746,38,Ih Maba Grupnya,0.7271368503570557,135,Infoin Mau Lantang,0.6924874782562256
7599206894426653458,univsiberasia,Otw Kak🚴🏼‍♂️,1,0,26,Adek Duluan Nurul,0.8324439525604248,24,Ayo Ikutt Ikut,0.7961406111717224,92,Samaaa Sama Konveksi,0.7652344107627869
7602717320432796437,casheri19,apakah ada jurusan psikologi,0,0,69,Apakah S1Hukum Perdagangan,0.907589316368103,42,Jurusan Ekonomi Hukum,0.8410601615905762,0,Jurusan Teknik Inggris,0.8275452256202698
7599206311633388296,llxhss_,min kpn gelombang 1 2026 bukanya,0,1,31,Kapan Pendaftarannya Gelombang,0.7642414569854736,89,Tanggal Gelombang Bulan,0.8104657530784607,78,Kapan Min Gel,0.8014930486679077
7599207349992129287,univsiberasia,Saat ini UNSIA masih membuka pendaftaran mahasiswa baru lho Kak🤩,0,0,54,Membuka Lho Mahasiswa,0.9537723064422607,66,Dibuka Mahasiswa Baru,0.8744455575942993,67,Program Belum Dibuka,0.8047965168952942
7602879008292668178,zycnzaa,Min ini pendaftaran nya sampai bulan berapa ya,0,0,89,Tanggal Gelombang Bulan,0.9004386067390442,31,Kapan Pendaftarannya Gelombang,0.8686332106590271,78,Kapan Min Gel,0.8570119738578796
7601793554822513415,cacaa1112_,"Ka aku mau lanjut S2, klo tesis online apa offline?",0,0,37,S2 Ada Doktoral,0.8208404779434204,4,D3 S1 Lanjut,0.8375668525695801,30,Korea Degree Min,0.8323590755462646
7603252271463727880,benawangs,"mending d ut,negeri,ptnbh,akreditasi A",3,7,132,Mending Ptnbh Alumni,0.8493936061859131,74,Akreditasinya Asia Siber,0.7532187700271606,30,Korea Degree Min,0.7400397658348083
7631897542544458516,ayudewadanu,aku di UT ambil bahasa inggris di unsia management 😁,0,0,0,Jurusan Teknik Inggris,0.7264316082000732,9,Kip Unsia Diterima,0.7755774259567261,30,Korea Degree Min,0.7754672169685364
7634157430802006805,hilobaby7,Pusing ga kak? Aku mau ngambil 2 jurusan juga tp takut kelabakan soalnya smbil kerja,0,0,84,Ngambil Ambil Apa,0.7778886556625366,46,Ut Pengin Bidang,0.8640698194503784,5,Kerja Negeri Kuliah,0.8339003324508667
7636573329751933697,ayudewadanu,enggak ka... aku suka sama jurusan yg ku pilih soalnya,0,0,46,Ut Pengin Bidang,0.8294912576675415,84,Ngambil Ambil Apa,0.7867821455001831,0,Jurusan Teknik Inggris,0.756900429725647
7636568108553159431,hallobrow20,enak dimana ka😭,0,0,6,Dimana Daerah Mana,0.8575413823127747,135,Infoin Mau Lantang,0.8203758001327515,51,Open Otw Pkl,0.802511990070343
7636573203201065744,ayudewadanu,Aku suka dua duanya....,0,0,38,Ih Maba Grupnya,0.7490497827529907,126,Keren Mukanya Asing,0.7145339846611023,75,Iya Iyapp Introvert,0.7040882706642151
7634322269729063700,ayudewadanu,gak ka... aku ibu rumah tangga... urus rumah sama urus usaha sndri .. kuliah doble degree 😁😁,0,0,30,Korea Degree Min,0.6143450736999512,46,Ut Pengin Bidang,0.7101645469665527,59,Tugas Numpuk Tugasnya,0.6984831094741821
7608856819155419911,jongeheer,kelasss browww🚀🚀,0,0,19,Com Nice Https,0.8283437490463257,24,Ayo Ikutt Ikut,0.7521460056304932,26,Adek Duluan Nurul,0.7496764063835144
7599181303175217940,lisa_siregar.03,Aku terlambat tau🥹 Jadinya tahun ini baru daftar🫢,0,1,34,Daftar Tinggal Baru,0.7926526665687561,118,Desember Baca Depan,0.7588672637939453,57,Nilai Sesi Sabar,0.7523375749588013
7599183677704536853,lisa_siregar.03,UNSIA sangat membantu kami para perantau di Malaysia jadi bisa Kuliah sambil kerja🥰🥰 Keinginan kuliah 5 tahun lalu yg sudah terkubur akhirnya dapat tercapai di tahun ini🤗😇Tiada kata terlambat untuk memulai kuliah💪,1,0,5,Kerja Negeri Kuliah,0.6174559593200684,62,Semoga Allah Doain,0.6992517709732056,72,Tujuan Berkuliah Dimanapun,0.6845427751541138
7600347030821667600,vinamlnii_,unsia untuk thn ini buka pendaftaran sampe bulan apa kak? mohon dijawab ya kk,0,1,3,Buka Pendaftaran Masih,0.8314746022224426,10,Maret April Bulan,0.8776036500930786,31,Kapan Pendaftarannya Gelombang,0.8253813982009888
7600353112729518856,univsiberasia,"Hi Kak, sampai awal Maret ya Ka",1,0,10,Maret April Bulan,0.8756720423698425,15,Hi Halo Dong,0.7746896743774414,94,Ditunggu Tunggu Wah,0.7541184425354004
7595588418064646930,limafebruary51,ka ini kelas reguler yaa gk ada kelas karyawannya?,1,1,123,Jam Kelas Karyawan,0.7951444983482361,21,Malam Shift Begitu,0.7813436985015869,71,Wisuda Uts Uas,0.7706601619720459
7595594353294082834,ikutikutan,"Sama semua kakk, ini seperti kuliah karyawan kok kuliahnya gak setiap hari bisa kapan aja di mana aja 😍",1,0,86,Darimana 100 Jadi,0.8161474466323853,21,Malam Shift Begitu,0.7925531268119812,59,Tugas Numpuk Tugasnya,0.7811192870140076
7598159108382130964,ria_na.s,Muncul lah wahai marketing UNSIA bantu tuntun saya mendaftar jalur konversi😭,1,2,9,Kip Unsia Diterima,0.694905161857605,132,Mending Ptnbh Alumni,0.6818533539772034,111,Alhamdulillah Keluarga Bagian,0.6748988628387451
7598493107831030546,univsiberasia,"Hai Kak, yuk Mimin tuntun cara daftarnya🤩",1,0,41,Info Link Cara,0.7894578576087952,60,Admin Dm Boleh,0.8008692264556885,17,Cara Daftarnya Bagaimana,0.7619206309318542
7598481658282869512,ikutikutan,Halo kak cek dm ya😍,0,0,23,Dm Cek Izin,0.9078765511512756,60,Admin Dm Boleh,0.8966179490089417,36,Dm Admin Detailnya,0.8716091513633728
7595562370983330580,vanidanurul7,Kak sampe bulan berapa di tutup pendaftaran nya? Aku blum siap klo tanggal 15 januari huhu jd ga daftar skrgg bakalan ada lagi ga yaa dibulan berikutnya u/ pendaftaran nya,1,4,3,Buka Pendaftaran Masih,0.7955109477043152,49,Ijazahnya Lulus Kan,0.8192856311798096,21,Malam Shift Begitu,0.8092206716537476
7595842864480142088,univsiberasia,"Halo Kak, pendaftaran dibuka sampai bulan Maret ya🤗",2,0,10,Maret April Bulan,0.9369561076164246,3,Buka Pendaftaran Masih,0.8145884871482849,31,Kapan Pendaftarannya Gelombang,0.8121801614761353
7597639657572057863,kyyadi8,pgen daftar nmr ap yg bsa d hub,0,2,52,Web Lewat Kemana,0.6568782925605774,17,Cara Daftarnya Bagaimana,0.6372786164283752,107,Daftarnya Cara Bagaimana,0.6022427082061768
7598493250730738450,univsiberasia,Bisa DM Mimin ya Kak,0,0,60,Admin Dm Boleh,0.924755871295929,36,Dm Admin Detailnya,0.8960316777229309,23,Dm Cek Izin,0.8634544610977173
7596772953221989140,gen.z2606,mau daftar bisa lewat mana ya,0,3,52,Web Lewat Kemana,0.8848612308502197,47,Daftar Gelombang Januari,0.8082582950592041,17,Cara Daftarnya Bagaimana,0.7817915081977844
7598493352006959880,univsiberasia,Bisa melalui website resmi UNSIA ya Kak di pmb.unsia.ac.id 😊,0,0,2,Website Id Ac,0.9192212820053101,101,Favorit Pilih Fleksibel,0.7980477809906006,83,Pilih Favorit Mulai,0.7776473164558411
7598794563520332564,gen.z2606,berati masih buka pendaftaran ya kak,0,0,3,Buka Pendaftaran Masih,0.9086244106292725,10,Maret April Bulan,0.843085527420044,47,Daftar Gelombang Januari,0.8346135020256042
7598867994056884999,univsiberasia,Betul bangettt🤩,1,0,48,Betul Banget Lucu,0.8934639692306519,75,Iya Iyapp Introvert,0.7757035493850708,126,Keren Mukanya Asing,0.7661021947860718
7595475496537162503,sofhaljemil,Pendaftaran di tutup sampai bulan berapa tanggal berapa?,0,2,89,Tanggal Gelombang Bulan,0.8642204403877258,78,Kapan Min Gel,0.7772898077964783,31,Kapan Pendaftarannya Gelombang,0.7750222682952881
7595554359141106450,sukminecloud_05,gelombang 5 hari ini tutup,0,0,89,Tanggal Gelombang Bulan,0.568590521812439,129,Bismillah Bismillahirrahmanirrahim Sticker,0.5733345746994019,102,100 Fully Bk,0.5716924667358398
7595493020058567445,einaafets,Jalur Reguler 25 maret kak kl sesuai kaldik sih😁,0,0,10,Maret April Bulan,0.7760671377182007,76,Paket Ijazah Sih,0.768913984298706,7,Offline Ujiannya Online,0.7616864442825317
7598401786966524690,georjenous.6,pendaftaran nya dibukaa kapan yaa minn?,0,3,78,Kapan Min Gel,0.9164418578147888,31,Kapan Pendaftarannya Gelombang,0.9065696001052856,3,Buka Pendaftaran Masih,0.8603986501693726
7598402332649014024,univsiberasia,"Hai Kak, saat ini sedang dibuka pendaftaran mahasiswa baru lho🤗",0,0,54,Membuka Lho Mahasiswa,0.9194826483726501,66,Dibuka Mahasiswa Baru,0.9152916669845581,73,Program Dibuka Saat,0.804330587387085
7598481410865955591,ikutikutan,Kak cek dm yaaa😍,0,0,23,Dm Cek Izin,0.9112655520439148,60,Admin Dm Boleh,0.8621879816055298,36,Dm Admin Detailnya,0.8406007885932922
7598436682773349128,georjenous.6,link pendaftaran nyaa miinnn,0,0,41,Info Link Cara,0.8466793894767761,78,Kapan Min Gel,0.7636511325836182,52,Web Lewat Kemana,0.7544819712638855
7597802418633736967,sshaarss,"kak, kalo misalkan mau pindah dari kampus sebelumnya ke univ ini, itu harus mulai dari awal ya?😭",2,3,84,Ngambil Ambil Apa,0.7204660177230835,49,Ijazahnya Lulus Kan,0.7977244853973389,88,Pindah Semester Ngulang,0.7826039791107178
7597818468504568583,univsiberasia,"Hi Kak, bisa melanjutkan melalui jalur konversi yahhh🤗",1,0,12,Konversi Jalur Melalui,0.9347890615463257,22,Pindahan Menerima Ut,0.7946810722351074,120,Tanya Non S2Nya,0.7807731628417969
7596318464691094280,dheaa_107,kerja di malaysia bisa gk yah kuliah di unsia🥺,0,3,5,Kerja Negeri Kuliah,0.8741419315338135,30,Korea Degree Min,0.8652728199958801,22,Pindahan Menerima Ut,0.8290880918502808
7596335265301807880,univsiberasia,Bisa banget dong. Karena UNSIA 100% full online🤩,2,0,44,100 Learning Fully,0.8761130571365356,64,Full Online Serba,0.8013832569122314,115,Full Fisik Diunsia,0.7995054721832275
7597405706954556167,nfndn_7,Ini kaya ut kak?,1,0,22,Pindahan Menerima Ut,0.5387026071548462,26,Adek Duluan Nurul,0.7524710893630981,45,Enggak Ribet Fh,0.7506664395332336
7597411945395192584,dheaa_107,🥰,0,0,28,Asa Hum ,0.9997044801712036,13,  ,1.0,61,  ,1.0
7596250446678278919,sukanuliss_,"minn, pendaftarannya wajib punya ijazah smk ngga? punyaku masih belum bisa diambil huhuhuu🥲",0,1,76,Paket Ijazah Sih,0.8022820949554443,49,Ijazahnya Lulus Kan,0.7976031303405762,46,Ut Pengin Bidang,0.7934958338737488
7598493420713476872,univsiberasia,"Wajib nih Kak, huhu;(",0,0,43,Belum Huhu Nih,0.8057636022567749,135,Infoin Mau Lantang,0.7933909296989441,38,Ih Maba Grupnya,0.7848148941993713
7597674356282753799,repamoja,kk pendaftaran beasiswa dh tutup belum ya🥺,0,0,3,Buka Pendaftaran Masih,0.8736523389816284,31,Kapan Pendaftarannya Gelombang,0.8172730207443237,10,Maret April Bulan,0.8080499172210693
7598997248550191890,ini.alexa01,gapyear boleh ga minn,0,1,117,Boleh Bolehhh Dong,0.8106989860534668,53,Dong Kayaknya Banget,0.7362840175628662,135,Infoin Mau Lantang,0.7323527932167053
7599142591338119944,univsiberasia,Boleh dong Kak🤩,0,0,117,Boleh Bolehhh Dong,0.9546998739242554,53,Dong Kayaknya Banget,0.8877163529396057,135,Infoin Mau Lantang,0.8863813877105713
7600724607934513928,albertin_santi,Bisa gk ya double degree?,1,0,30,Korea Degree Min,0.7045679092407227,68,Rpl Pengalaman Jalur,0.7367929220199585,115,Full Fisik Diunsia,0.7238641977310181
7603272922471400199,benawangs,"mendingan d UT Perguruan Tinggi Negeri PTNBH,Akreditasi A",0,0,132,Mending Ptnbh Alumni,0.7525836825370789,42,Jurusan Ekonomi Hukum,0.6828844547271729,50,S2 Pendidikan Hukum,0.6782296895980835
7596772992211665685,gen.z2606,ini swasta atau negeri,0,4,11,Skripsi Sidang Tidak,0.628379225730896,105,Swasta Oktober Situ,0.6968477368354797,125,Gratis Tersedia Pesan,0.6904678344726562
7603272970135700231,benawangs,swasta,0,0,105,Swasta Oktober Situ,0.9260947108268738,14,Fitriyani Andriani Udin69Can,0.8741869926452637,29,Menyimak Nyimakkk Ut,0.8725957274436951
7598204438641705749,ceoofgabutnasional,swasta,0,0,105,Swasta Oktober Situ,0.9260947108268738,14,Fitriyani Andriani Udin69Can,0.8741869926452637,29,Menyimak Nyimakkk Ut,0.8725957274436951
7598425222681723669,gen.z2606,ohh ya bukan negeri,0,0,75,Iya Iyapp Introvert,0.7237523794174194,45,Enggak Ribet Fh,0.650588870048523,126,Keren Mukanya Asing,0.6362748146057129
7598439621261034260,ceoofgabutnasional,yess,0,0,131,Next Up Gass,0.8778828978538513,19,Com Nice Https,0.8396987318992615,29,Menyimak Nyimakkk Ut,0.8151082396507263
7596773749224899348,gen.z2606,ada jurusan sistem komputer gak kak,1,3,0,Jurusan Teknik Inggris,0.9091360569000244,16,Apa Saja Jurusan,0.8454751968383789,37,S2 Ada Doktoral,0.8394054174423218
7597254381373080340,einaafets,"Informatika, atau sistem informasi jg lumayan masukk..",0,0,63,Informasi Informatika Akuntansi,0.6888020038604736,42,Jurusan Ekonomi Hukum,0.6548382043838501,132,Mending Ptnbh Alumni,0.6350072622299194
7595803914945250065,r12drmn,🔥,0,0,28,Asa Hum ,0.9997044801712036,13,  ,1.0,61,  ,1.0
7601700539882586901,sunnnkissed_,wajib skripsi ngga kak,3,1,11,Skripsi Sidang Tidak,0.8422257900238037,135,Infoin Mau Lantang,0.769844114780426,45,Enggak Ribet Fh,0.76732337474823
7633450443738235669,nmahsa2,ntp,0,0,82,Nrrjml Hbd Nz,0.9122559428215027,131,Next Up Gass,0.8451782464981079,14,Fitriyani Andriani Udin69Can,0.8110268115997314
7599248682176856833,terserah1921,Akreditasinya apa ?,3,5,74,Akreditasinya Asia Siber,0.8219248652458191,134,Pjj Akre Industri,0.7449146509170532,84,Ngambil Ambil Apa,0.7439011335372925
7603914822489490183,_humble401,"Universitas Siber Asia (UNSIA) telah meraih akreditasi institusi dengan peringkat ""Baik Sekali"" dari Badan Akreditasi Nasional Perguruan Tinggi (BAN-PT) berdasarkan SK No. 324/SK/BAN-PT/Ak/PT/III/2024",7,0,130,Pt Terakreditasi Ban,0.7281284332275391,63,Informasi Informatika Akuntansi,0.5890699625015259,136,Yaitu Akuntansi Terdapat,0.5563703179359436
7605208542673519376,dam2_26,baik sekali itu B ya min?,0,0,35,Infonya Terima Kasih,0.7430965900421143,81,Iya Oke Orang,0.7420430183410645,133,Spill Alisnya Spil,0.7088240385055542
7605237267150570247,_humble401,iya bang,0,0,81,Iya Oke Orang,0.8560447692871094,75,Iya Iyapp Introvert,0.8737609386444092,26,Adek Duluan Nurul,0.8081068992614746
7607289629959963410,sulistiani878,C+,1,0,-1,Mantab Uk Belakang,0.0,29,Menyimak Nyimakkk Ut,0.8897887468338013,14,Fitriyani Andriani Udin69Can,0.8875834345817566
7603264587588322055,benawangs,C,0,0,-1,Mantab Uk Belakang,0.0,29,Menyimak Nyimakkk Ut,0.8897887468338013,14,Fitriyani Andriani Udin69Can,0.8875834345817566
7606710899088687892,shikamheki,bisa offline juga ga,2,1,115,Full Fisik Diunsia,0.7598627209663391,108,Offline Onsite Onnline,0.7513033747673035,64,Full Online Serba,0.7258492708206177
7607239543578116880,rkyy_yy,full online seperti nya,1,0,64,Full Online Serba,0.7761270403862,90,Binus Adsfort Harga,0.7987648248672485,102,100 Fully Bk,0.7569726705551147
7598581616189260564,elang_syafira,bisa pindah dari UT tak ya,9,7,22,Pindahan Menerima Ut,0.8631860613822937,88,Pindah Semester Ngulang,0.8439774513244629,115,Full Fisik Diunsia,0.8053553104400635
7598867481952830215,univsiberasia,"Hi Kak, bisa melalui jalur alih jenjang ya 🤗",9,0,12,Konversi Jalur Melalui,0.926131010055542,22,Pindahan Menerima Ut,0.7795863151550293,10,Maret April Bulan,0.7754701375961304
7598885232133358357,elang_syafira,caranya kak,0,0,127,Caranya Kuliahnya Bagaimana,0.7935868501663208,87,Hihi Jugakk Wakty,0.8013876676559448,107,Daftarnya Cara Bagaimana,0.7540429830551147
7598903859100795655,univsiberasia,"Kakak bisa langsung daftar sekarang di pmb.unsia.ac.id, pilih jalur alih jenjang atau konversi, pilih jurusan favorit, dan mulai kuliah online fleksibel dari mana aja🤩",5,0,83,Pilih Favorit Mulai,0.9667763113975525,101,Favorit Pilih Fleksibel,0.9413028955459595,2,Website Id Ac,0.808401882648468
7616237277393486609,unser12918753,"ka kalo pindah awal smstr 2 bsa ngga ka? ak br msuk smstr 2 jurusan pariwisata prodi manajemen bisnis pariwisata, tapi ak pngn pindah ke unsia ambl manajemen bsa ka?",0,0,49,Ijazahnya Lulus Kan,0.8856096267700195,46,Ut Pengin Bidang,0.830028235912323,88,Pindah Semester Ngulang,0.8205485343933105
7599039480876811028,adzikriza,ada S2 hukum min,0,0,50,S2 Pendidikan Hukum,0.9007564783096313,42,Jurusan Ekonomi Hukum,0.8070536851882935,37,S2 Ada Doktoral,0.7937577962875366
7599305224381481748,yudhi_saputtra,emang gak pake surat pindah dulu ya kak dari UT nya,0,0,22,Pindahan Menerima Ut,0.8015936613082886,76,Paket Ijazah Sih,0.8005475997924805,88,Pindah Semester Ngulang,0.7914612293243408
7603560154084868865,xyyta_rii,"@Ririiii:aku masih cari"" info s1 manajemen",0,0,85,Umur Muda Batasan,0.8127049207687378,9,Kip Unsia Diterima,0.7862175107002258,50,S2 Pendidikan Hukum,0.7785230875015259
7600388320149635860,ameliaputriyudistira_26,Spil jurusan ka,3,2,16,Apa Saja Jurusan,0.6389963626861572,26,Adek Duluan Nurul,0.821364164352417,51,Open Otw Pkl,0.8007596731185913
7600397210359022354,univsiberasia,"Hi Kakak, di UNSIA memiliki 5 prodi lho, ada Akuntansi, Komunikasi, Manajemen, Sistem Informasi, dan Informatika🤗",2,0,63,Informasi Informatika Akuntansi,0.9284374713897705,136,Yaitu Akuntansi Terdapat,0.948692798614502,58,Tugas Akhir Skripsi,0.736736536026001
7600413511131038484,ameliaputriyudistira_26,Apakah menerima mahasiswa pindahan ka? Sistem informasi,1,0,22,Pindahan Menerima Ut,0.6618046760559082,69,Apakah S1Hukum Perdagangan,0.7093536853790283,42,Jurusan Ekonomi Hukum,0.6786718368530273
7609311836441641735,elviaaa05,UAS UTS online semua ka?ada skripsi gak?,10,1,71,Wisuda Uts Uas,0.8293129205703735,112,Ujian Tes Online,0.832551121711731,7,Offline Ujiannya Online,0.8306548595428467
7609318478042514183,akirakun_kultivator77,🤔keren sih kalo g ad skripsi 🤔,1,0,126,Keren Mukanya Asing,0.7009569406509399,45,Enggak Ribet Fh,0.7475545406341553,93,Jujur Review Kata,0.7451997995376587
7600644727251239698,_nndhrni,kuliah nya mulai kapan sih?😭,5,2,5,Kerja Negeri Kuliah,0.7032014727592468,65,Angkatan Berapa Kira,0.798814058303833,84,Ngambil Ambil Apa,0.7966774106025696
7600645356687524615,univsiberasia,Perkuliahan dimulai dibulan April Kakak😭,6,0,10,Maret April Bulan,0.6248347759246826,96,Secara Dilaksanakan Hybrid,0.578425407409668,89,Tanggal Gelombang Bulan,0.5750214457511902
7600645520555016968,_nndhrni,"lama banget ya, gak sabar mau stresss mikirin tugas😭😭",5,0,57,Nilai Sesi Sabar,0.7664451599121094,59,Tugas Numpuk Tugasnya,0.7253099083900452,46,Ut Pengin Bidang,0.5955036878585815
7608621783747183367,larsati_27,kak ini masuk kuliah nya bulan apa,1,3,100,Umur Usia Irt,0.7575361132621765,84,Ngambil Ambil Apa,0.8372493982315063,89,Tanggal Gelombang Bulan,0.8309645056724548
7608954210018591495,univsiberasia,Perkuliahan akan dimulai di bulan April ya Kakak🤗,0,0,10,Maret April Bulan,0.8695316910743713,109,Ditutup Khawatir Kembali,0.7696676254272461,96,Secara Dilaksanakan Hybrid,0.7680767774581909
7603915060490076936,_humble401,kalo wisuda apakah harus hadir kak?,1,1,33,Bagaimana Wisudanya Tes,0.854808509349823,128,Main Kampusnya Kekampus,0.8092305660247803,7,Offline Ujiannya Online,0.8070840239524841
7603915109262066440,_humble401,@univsiberasia ?,0,0,56,Universitas Siber Asia,0.6809688210487366,105,Swasta Oktober Situ,0.7353004217147827,90,Binus Adsfort Harga,0.7195460796356201
7598430334455333652,ria_na.s,Konversi sampe tanggal brp min?,6,4,89,Tanggal Gelombang Bulan,0.8207219839096069,78,Kapan Min Gel,0.7646949291229248,18,Berapa Biaya Bayar,0.7612091302871704
7598457803774460693,mellstore_5,29 Januari kak,1,0,47,Daftar Gelombang Januari,0.5628786683082581,105,Swasta Oktober Situ,0.7497485280036926,90,Binus Adsfort Harga,0.7306561470031738
7598962021400888084,einaafets,12 januari sprtinya terakhir,0,0,47,Daftar Gelombang Januari,0.5133855938911438,105,Swasta Oktober Situ,0.6267069578170776,90,Binus Adsfort Harga,0.6078476309776306
7598452705417872135,frustdev,29 januari kl gak salah,0,0,47,Daftar Gelombang Januari,0.5982811450958252,90,Binus Adsfort Harga,0.6191922426223755,93,Jujur Review Kata,0.6177999973297119
7598443106883437333,ahnafmuhammadd,up,0,0,131,Next Up Gass,0.9432220458984375,40,One Yaallahh Day,0.9089857935905457,29,Menyimak Nyimakkk Ut,0.9089609980583191
7603358575927673621,yy446r,kak bisa perpindahan UT ke unsia ga si kak ?,1,2,22,Pindahan Menerima Ut,0.9021925926208496,30,Korea Degree Min,0.8609112501144409,49,Ijazahnya Lulus Kan,0.8548547029495239
7647897851909128981,salonpastgahot,kenapa mau pindah ka?,0,0,88,Pindah Semester Ngulang,0.746026873588562,135,Infoin Mau Lantang,0.7858835458755493,38,Ih Maba Grupnya,0.7777738571166992
7647898212657595156,yy446r,ut ujian ofline keteter kerjaan,0,0,112,Ujian Tes Online,0.5711126327514648,102,100 Fully Bk,0.6082470417022705,42,Jurusan Ekonomi Hukum,0.5845605731010437
7598451624218706689,anistu36,ada jurusan hukum GK?,2,2,42,Jurusan Ekonomi Hukum,0.9428431987762451,0,Jurusan Teknik Inggris,0.8472424745559692,114,S2 Lita Anis,0.8363747000694275
7599139189745763079,thisisikiii,gaada,0,0,45,Enggak Ribet Fh,0.8430578112602234,125,Gratis Tersedia Pesan,0.7922664880752563,75,Iya Iyapp Introvert,0.7705339789390564
7598457351100711701,mellstore_5,belum ada kak,0,0,43,Belum Huhu Nih,0.927807092666626,51,Open Otw Pkl,0.8568768501281738,135,Infoin Mau Lantang,0.8093319535255432
7598460423222592264,yousheysa,Mau daftar caranya gimana?,0,7,17,Cara Daftarnya Bagaimana,0.8512587547302246,107,Daftarnya Cara Bagaimana,0.8761869668960571,127,Caranya Kuliahnya Bagaimana,0.7968097925186157
7598460755311395591,univsiberasia,"Kakak bisa langsung daftar sekarang di pmb.unsia.ac.id, pilih jurusan favorit, dan mulai kuliah online fleksibel dari mana aja🤩",1,0,83,Pilih Favorit Mulai,0.9858773946762085,101,Favorit Pilih Fleksibel,0.9645260572433472,2,Website Id Ac,0.8257429599761963
7598542846508974856,nnnaaov,banyakin prodi nya dong minn,0,0,133,Spill Alisnya Spil,0.7941558361053467,117,Boleh Bolehhh Dong,0.7327361702919006,93,Jujur Review Kata,0.7135440111160278
7598868104781890311,univsiberasia,Noted Kak!!!🥳,0,0,26,Adek Duluan Nurul,0.8349289894104004,19,Com Nice Https,0.7928689122200012,81,Iya Oke Orang,0.764538586139679
7598461175253648146,yousheysa,S1 berapa tahun ya?,0,0,65,Angkatan Berapa Kira,0.8694508671760559,100,Umur Usia Irt,0.8182289004325867,50,S2 Pendidikan Hukum,0.8089625835418701
7598492866151219986,univsiberasia,"Minimal 3,5 tahun ya Kakak😊",0,0,1,Dicicil 3Jt Hanya,0.6779118776321411,65,Angkatan Berapa Kira,0.7203699350357056,100,Umur Usia Irt,0.7152806520462036
7598863815670006549,alanaannanoo,kak Ini kalo tinggal di luar negeri bisa daftar ga ya di unsia?,0,0,34,Daftar Tinggal Baru,0.7563641667366028,22,Pindahan Menerima Ut,0.8786685466766357,5,Kerja Negeri Kuliah,0.8589984178543091
7598867943514407687,univsiberasia,"Hi Kak, bisa dong karena UNSIA 100% full online learning🤗",0,0,44,100 Learning Fully,0.9614392518997192,86,Darimana 100 Jadi,0.842657744884491,58,Tugas Akhir Skripsi,0.799120306968689
7600667433401991956,dewirani917,Jadi pengin pindah,1,1,88,Pindah Semester Ngulang,0.6590788960456848,38,Ih Maba Grupnya,0.7368413209915161,126,Keren Mukanya Asing,0.7328097820281982
7607239668908704528,rkyy_yy,pindah aja ka,0,0,88,Pindah Semester Ngulang,0.6552367210388184,26,Adek Duluan Nurul,0.8343133926391602,24,Ayo Ikutt Ikut,0.8188332319259644
7598465307791262480,ptriikamysr_,Pengen pindah tapi aku non sipas bisa ga yaa,4,1,88,Pindah Semester Ngulang,0.8151465058326721,76,Paket Ijazah Sih,0.807173490524292,22,Pindahan Menerima Ut,0.7898528575897217
7598962254923645716,einaafets,"Bisa bgt kaa, dr prodi apa udh smt brp?",0,0,135,Infoin Mau Lantang,0.6541355848312378,49,Ijazahnya Lulus Kan,0.8179904222488403,22,Pindahan Menerima Ut,0.8150988221168518
7609773970719556369,syfdlhlvyo,Masih bisa daftar gk ya,0,2,47,Daftar Gelombang Januari,0.9196765422821045,3,Buka Pendaftaran Masih,0.8522680997848511,39,Beasiswa Kkn Program,0.8141589164733887
7609901459807470344,univsiberasia,"Masih bisa nih Kakak. Untuk pendaftaran mahasiswa baru ditutup 3 hari lagi lhoo. Jadi Kakak bisa langsung daftar sekarang di pmb.unsia.ac.id, pilih jurusan favorit, dan mulai kuliah online fleksibel dari mana aja😊",1,0,101,Favorit Pilih Fleksibel,0.9604105949401855,83,Pilih Favorit Mulai,0.9417521953582764,2,Website Id Ac,0.8617132902145386
7610197068866781960,y11a24,kalo lulusan SMA thn kpn ka daftarnya,0,0,17,Cara Daftarnya Bagaimana,0.7807047367095947,31,Kapan Pendaftarannya Gelombang,0.8759180307388306,65,Angkatan Berapa Kira,0.8437886834144592
7625992857060475668,alwaysinloveee0,ADMINNN tambahan prodii DESAIN PLISS😭😭😭,1,2,45,Enggak Ribet Fh,0.5875189304351807,42,Jurusan Ekonomi Hukum,0.7104358673095703,133,Spill Alisnya Spil,0.7063287496566772
7626292279536780040,univsiberasia,"Noted Kakak, semoga bisa tambah prodi baru ya di UNSIA🤩",3,0,62,Semoga Allah Doain,0.8520290851593018,111,Alhamdulillah Keluarga Bagian,0.8125346899032593,9,Kip Unsia Diterima,0.7971428632736206
7626818392112071444,alwaysinloveee0,aduh minn udah berharap banget bisa disitu sambil prodi desain produk😭😭😭,0,0,57,Nilai Sesi Sabar,0.8212087154388428,59,Tugas Numpuk Tugasnya,0.7486070394515991,46,Ut Pengin Bidang,0.7422196865081787
7599503003452146452,whyy.1555,pembukaan untuk maba kapan ya kak?,0,4,31,Kapan Pendaftarannya Gelombang,0.8971468806266785,78,Kapan Min Gel,0.8217822313308716,89,Tanggal Gelombang Bulan,0.8216556310653687
7599567253936800520,univsiberasia,Hi Kak. Saat ini UNSIA masih membuka pendaftaran mahasiswa baru lho🤩,0,0,54,Membuka Lho Mahasiswa,0.9815946221351624,66,Dibuka Mahasiswa Baru,0.9320887327194214,67,Program Belum Dibuka,0.8557634353637695
7599639934811554568,univsiberasia,@univsiberasia Kak akunnya,0,0,36,Dm Admin Detailnya,0.5828524231910706,116,Ig Akun Sering,0.777519941329956,133,Spill Alisnya Spil,0.7597306966781616
7599612273989518101,whyy.1555,nama ig nya unsia apa kak?,0,0,116,Ig Akun Sering,0.7942304611206055,52,Web Lewat Kemana,0.7866047024726868,6,Dimana Daerah Mana,0.7739001512527466
7599567252242137873,sanitasi29,nitip,0,0,70,Nitip Nitipp Nitippp,0.9976069927215576,121,Nitip Kabarin Mencari,0.8166038990020752,131,Next Up Gass,0.7813614010810852
7605251356304589576,jehhaaaaaaa,Ini ada biaya sumbangan gedung ga ya? Atau smesteran aja?,0,1,1,Dicicil 3Jt Hanya,0.7748021483421326,39,Beasiswa Kkn Program,0.7488178014755249,77,Per Berapa Semester,0.7451472878456116
7608089981026910984,univsiberasia,Di UNSIA tidak ada biaya gedung ya Kakak🤩,0,0,30,Korea Degree Min,0.8316213488578796,39,Beasiswa Kkn Program,0.790624737739563,67,Program Belum Dibuka,0.7854341268539429
7601322251950899989,annsyagstna,disini bisa kuliah sambil kerja g ya???,0,2,5,Kerja Negeri Kuliah,0.8758795857429504,39,Beasiswa Kkn Program,0.8091068267822266,30,Korea Degree Min,0.8083767890930176
7601323630358004498,univsiberasia,UNSIA menerapkan sistem perkuliahan secara online maka kakak bisa berkuliah dimana saja dan kapan saja. Nah UNSIA bisa menjadi tujuan kakak yg ingin kuliah sambil bekerja kak karena memang waktunya fleksibel dan bisa dilaksanakan kapanpun dan dimanapun🤩,2,0,72,Tujuan Berkuliah Dimanapun,0.9864195585250854,86,Darimana 100 Jadi,0.8303506970405579,101,Favorit Pilih Fleksibel,0.7410690784454346
7603561022696473360,xyyta_rii,"@Ririiii:aku masih cari"" info s1 manajemen",0,0,85,Umur Muda Batasan,0.8127049207687378,9,Kip Unsia Diterima,0.7862175107002258,50,S2 Pendidikan Hukum,0.7785230875015259
7598416258653324053,lisa_siregar.03,UNSIA Keren🔥🥰,3,1,56,Universitas Siber Asia,0.8008099794387817,126,Keren Mukanya Asing,0.8297966718673706,26,Adek Duluan Nurul,0.7758356332778931
7603560953724912385,xyyta_rii,"@Ririiii:aku masih cari"" info s1 manajemen",0,0,85,Umur Muda Batasan,0.8127049207687378,9,Kip Unsia Diterima,0.7862175107002258,50,S2 Pendidikan Hukum,0.7785230875015259
7651512595173671700,ramyeon122,Boleh liat web resminya ga ka untuk kepoin,1,1,60,Admin Dm Boleh,0.8155892491340637,116,Ig Akun Sering,0.7925525903701782,52,Web Lewat Kemana,0.7876457571983337
7651836062525129479,univsiberasia,"Hi Kak, website resmi UNSIA di unsia.ac.id yaa🤗",0,0,2,Website Id Ac,0.8646932244300842,44,100 Learning Fully,0.7572040557861328,67,Program Belum Dibuka,0.7484315633773804
7608526265922208519,user088888122,kak beneran bisa dicicil 3X persemster?,1,1,1,Dicicil 3Jt Hanya,0.8350920677185059,18,Berapa Biaya Bayar,0.7025534510612488,77,Per Berapa Semester,0.6865847110748291
7609901518766834450,univsiberasia,Bener banget dong Kakak🤗,0,0,48,Betul Banget Lucu,0.9194623231887817,53,Dong Kayaknya Banget,0.8035160303115845,81,Iya Oke Orang,0.782457709312439
7640423635958121224,miaamelia_99,benar² full online kah?,0,1,7,Offline Ujiannya Online,0.5989254713058472,102,100 Fully Bk,0.8011401295661926,64,Full Online Serba,0.7465716600418091
7651836194837693192,univsiberasia,100% fully online Kakak🤗,0,0,102,100 Fully Bk,0.8760659694671631,90,Binus Adsfort Harga,0.7282507419586182,64,Full Online Serba,0.6572490334510803
7600259095514399508,akuatia94,hah serius 3jt,1,1,124,Juta Serius 3Jt,0.7972002029418945,45,Enggak Ribet Fh,0.6689501404762268,38,Ih Maba Grupnya,0.6640991568565369
7600265237418738439,univsiberasia,Kak? Mimin ga bohong ko🤓,1,0,45,Enggak Ribet Fh,0.7714375257492065,81,Iya Oke Orang,0.7617669105529785,135,Infoin Mau Lantang,0.7367326021194458
7621633420066865938,_yourkeisuu,ada skripsi ka?,1,1,51,Open Otw Pkl,0.929558277130127,11,Skripsi Sidang Tidak,0.849876880645752,43,Belum Huhu Nih,0.8388166427612305
7622624257956315922,univsiberasia,Untuk tugas akhir menggunakan skripsi ya Kakak di UNSIA🤗,0,0,58,Tugas Akhir Skripsi,0.903540313243866,30,Korea Degree Min,0.7949823141098022,9,Kip Unsia Diterima,0.7858925461769104
7602976271321482002,nuna17906,min bisa buat program ekstensi dari d3 ke s1?,1,1,4,D3 S1 Lanjut,0.8815488815307617,50,S2 Pendidikan Hukum,0.771072268486023,30,Korea Degree Min,0.7334467172622681
7608090232168792840,univsiberasia,"Hi Kak, bisa ya melalui jalur alih jenjang atau konversi 🤗",0,0,12,Konversi Jalur Melalui,0.9374274015426636,22,Pindahan Menerima Ut,0.7787458896636963,76,Paket Ijazah Sih,0.7565208673477173
7614910218657432338,enaf2709,biaya?,2,1,99,Biayanya Biaya Berapa,0.7669746279716492,90,Binus Adsfort Harga,0.8008567094802856,105,Swasta Oktober Situ,0.8001701831817627
7614914652926116616,univsiberasia,"Hi Kak, UKT di UNSIA hanya 3jt lho persemesternya😊",0,0,1,Dicicil 3Jt Hanya,0.8617268204689026,30,Korea Degree Min,0.7828952074050903,67,Program Belum Dibuka,0.7795482873916626
7611115176805057287,juniassss_,dari jepang bisa ga min?,0,1,22,Pindahan Menerima Ut,0.811845064163208,115,Full Fisik Diunsia,0.776766300201416,68,Rpl Pengalaman Jalur,0.7715046405792236
7611169802787783431,univsiberasia,"Hi Kak, bisa banget dong. Karena UNSIA 100% full online learning lhoo😊",0,0,44,100 Learning Fully,0.9543692469596863,86,Darimana 100 Jadi,0.868093729019165,58,Tugas Akhir Skripsi,0.7813190817832947
7630903383252026119,nova_suhasti,Mau daftar kuliah ka? Kapan di buka nya?,0,1,31,Kapan Pendaftarannya Gelombang,0.855483889579773,3,Buka Pendaftaran Masih,0.8489305377006531,78,Kapan Min Gel,0.8479070663452148
7631061754059604754,univsiberasia,"Saat ini untuk pendaftaran mahasiswa baru sudah ditutup nih Kakak. Namun, jangan khawatir dibuka kembali di semester ganjil yaa yaitu di bulan Juni🤗",0,0,109,Ditutup Khawatir Kembali,0.964206337928772,66,Dibuka Mahasiswa Baru,0.7809162735939026,10,Maret April Bulan,0.7602958083152771
7647538767615787797,berkahilmuchannel,RPL dari D3 ke S1 brpa smester ka?,0,0,4,D3 S1 Lanjut,0.8729994297027588,77,Per Berapa Semester,0.7986068725585938,18,Berapa Biaya Bayar,0.7640417814254761
7611153214276666128,itsmeveedella_,ada jalur RPL ga akak?,1,0,68,Rpl Pengalaman Jalur,0.8424890637397766,11,Skripsi Sidang Tidak,0.7728034257888794,104,Aman Unas Ciber,0.7709833979606628
7601458808771216146,aaddeyyaa,semesteran nya bisa lebih murah ga ya,0,1,-1,Mantab Uk Belakang,0.0,77,Per Berapa Semester,0.8082188963890076,18,Berapa Biaya Bayar,0.8022220730781555
7608090054028903176,univsiberasia,"Hi Kakk, bisa dicicil sebanyak 3x lho di UNSIA🤗",0,0,1,Dicicil 3Jt Hanya,0.8133916854858398,44,100 Learning Fully,0.7380165457725525,2,Website Id Ac,0.7329505681991577
7643828295662912276,vlinderasvt_,yang belakang joget nya😭😭😭,0,0,-1,Mantab Uk Belakang,0.0,38,Ih Maba Grupnya,0.6848348379135132,133,Spill Alisnya Spil,0.6599581837654114
7642886550036218645,vid1_0,ini pendaftarannya udah buka blm? aku pernah kuliah sebelumnya ada sistem pindah kaya RPL ga,0,0,49,Ijazahnya Lulus Kan,0.8178611397743225,21,Malam Shift Begitu,0.8034442663192749,46,Ut Pengin Bidang,0.7951786518096924
7633963831031546631,lifeofdedep,Halo kak bisa jalur Rpl gak?,1,0,68,Rpl Pengalaman Jalur,0.8746918439865112,12,Konversi Jalur Melalui,0.8435400724411011,120,Tanya Non S2Nya,0.8423219323158264
7613807668880868116,puspita.janwalia,ka ini kapan ada buka pendaftaran lagi ya?,1,1,3,Buka Pendaftaran Masih,0.8965073823928833,31,Kapan Pendaftarannya Gelombang,0.8816803693771362,10,Maret April Bulan,0.8519494533538818
7613960294122439442,univsiberasia,"Hi Kakak, UNSIA saat ini masih membuka pendaftaran mahasiswa baru lho🤩",0,0,54,Membuka Lho Mahasiswa,0.9730868935585022,66,Dibuka Mahasiswa Baru,0.9263166189193726,67,Program Belum Dibuka,0.8405218720436096
7631415651957768961,_ettyyy18_,cara daftarnya gimana kak?,0,1,17,Cara Daftarnya Bagaimana,0.963144063949585,107,Daftarnya Cara Bagaimana,0.9049525856971741,127,Caranya Kuliahnya Bagaimana,0.8648890852928162
7631423647374738184,univsiberasia,"Hi Kak, bisa langsung daftar nanti di pmb.unsia.ac.id, pilih jurusan favorit, dan mulai kuliah online fleksibel dari mana aja🥳",0,0,101,Favorit Pilih Fleksibel,0.9742000699043274,83,Pilih Favorit Mulai,0.9540795683860779,2,Website Id Ac,0.8820916414260864
7615886548017365780,4n4knyaopung,"unsia sm ut 11/12 ga sih kya jarak ny bisa jauuh, soalnya aku bingung ni antara ut atau unsia😳",1,1,43,Belum Huhu Nih,0.5992622971534729,46,Ut Pengin Bidang,0.7946178913116455,49,Ijazahnya Lulus Kan,0.7826682329177856
7618560575450776328,univsiberasia,UNSIA 100% fully online learning 🤗,0,0,102,100 Fully Bk,0.8489648103713989,56,Universitas Siber Asia,0.7504340410232544,44,100 Learning Fully,0.7069631814956665
7599058229632910098,rajamurahatk,lokasi dimna,1,1,6,Dimana Daerah Mana,0.6712466478347778,105,Swasta Oktober Situ,0.7492204308509827,90,Binus Adsfort Harga,0.745600700378418
7599142522502677256,univsiberasia,"Kampus UNSIA terletak di Jl. Harsono RM No.1, RT.5/RW.7, Ragunan, Kec. Ps. Minggu, Kota Jakarta Selatan, Daerah Khusus Ibukota Jakarta 😊",1,0,110,Jakarta Selatan Ragunan,0.8597024083137512,63,Informasi Informatika Akuntansi,0.45578643679618835,136,Yaitu Akuntansi Terdapat,0.45230674743652344
7630124990315676424,inceslyy7,udah gabisa daftar ya min?,1,1,47,Daftar Gelombang Januari,0.8499702215194702,79,Daftar Sudah Kamu,0.7980356812477112,3,Buka Pendaftaran Masih,0.7965025901794434
7630731528594653959,univsiberasia,"Hi Kakak, Saat ini untuk pendaftaran mahasiswa baru sudah ditutup nih Kakak. Namun, jangan khawatir dibuka kembali di semester ganjil yaa yaitu di bulan Juni🤗",0,0,109,Ditutup Khawatir Kembali,0.9844383597373962,66,Dibuka Mahasiswa Baru,0.8141007423400879,10,Maret April Bulan,0.7952994108200073
7604103590609912594,picreamyyu,Bisa ekstensi ga?,0,1,125,Gratis Tersedia Pesan,0.8567967414855957,87,Hihi Jugakk Wakty,0.7561983466148376,45,Enggak Ribet Fh,0.7529974579811096
7608089858687877895,univsiberasia,Bisa Kakak melalui jalur alih jenjang atau konversi yahh🤗,0,0,12,Konversi Jalur Melalui,0.8731092810630798,22,Pindahan Menerima Ut,0.7355647683143616,76,Paket Ijazah Sih,0.7222614884376526
7599193843120358165,bluuniverse19,tugas akhirnya apa kak? skripsi gak?,0,0,11,Skripsi Sidang Tidak,0.8051189184188843,58,Tugas Akhir Skripsi,0.8010104298591614,84,Ngambil Ambil Apa,0.7846872806549072
7605480828415705876,zahratul.qolby05,ada magang sama KKN nya kah ka?,0,0,39,Beasiswa Kkn Program,0.8721573352813721,37,S2 Ada Doktoral,0.8386301398277283,84,Ngambil Ambil Apa,0.8296078443527222
7601133275440022292,chlsrmd_,daftarnya gimana ya kak?,1,1,17,Cara Daftarnya Bagaimana,0.9280836582183838,52,Web Lewat Kemana,0.8750208616256714,107,Daftarnya Cara Bagaimana,0.8603861927986145
7601135046946767634,univsiberasia,"Kakak bisa langsung daftar sekarang di pmb.unsia.ac.id, pilih jurusan favorit, dan mulai kuliah online fleksibel dari mana aja🤩",1,0,83,Pilih Favorit Mulai,0.9858773946762085,101,Favorit Pilih Fleksibel,0.9645260572433472,2,Website Id Ac,0.8257429599761963
7611022755668460295,alchemy302,ini ada skripsiannya ga ya😭🙏,1,0,11,Skripsi Sidang Tidak,0.8666804432868958,39,Beasiswa Kkn Program,0.8491188287734985,115,Full Fisik Diunsia,0.8142541646957397
7606512460427182856,aple7703,3 juta itu persemeester? gak ada UKT nya?,0,0,1,Dicicil 3Jt Hanya,0.8048962354660034,76,Paket Ijazah Sih,0.7076596617698669,18,Berapa Biaya Bayar,0.7067722678184509
7618212949408350997,ika07876,itu per semester 4/6bln ka?,1,1,1,Dicicil 3Jt Hanya,0.7997976541519165,77,Per Berapa Semester,0.7873880863189697,65,Angkatan Berapa Kira,0.7354954481124878
7618560477937828626,univsiberasia,1 semester 6 bulan ya Kakak🤗,0,0,1,Dicicil 3Jt Hanya,0.7114437818527222,77,Per Berapa Semester,0.7202392816543579,65,Angkatan Berapa Kira,0.7190769910812378
7608551784307573522,andiniiii230,"kalo kerja di pertokoan kayak indogrosir itu, baiknya di jurusan apa min?",1,0,5,Kerja Negeri Kuliah,0.7881386876106262,119,Teman Syarat Magang,0.7471968531608582,74,Akreditasinya Asia Siber,0.7421962022781372
7598464961367458568,saagi48,Ut jga sama bisa uas dmna aja. Klo gtu dlu pindah ke unsia 🙂‍↕️tpi skrng udh tinggal yudisium,0,0,88,Pindah Semester Ngulang,0.8222901225090027,46,Ut Pengin Bidang,0.8262556195259094,71,Wisuda Uts Uas,0.7988689541816711
7598578488831951634,nctraaad,info magister FKIP adanya prodi apa aja yaa min,0,0,16,Apa Saja Jurusan,0.8756834268569946,119,Teman Syarat Magang,0.828518271446228,50,S2 Pendidikan Hukum,0.8205248713493347
7631250703932261128,panggilakubagindaratuuu_,Siber asia ga ada di batam ya ?😔,0,0,56,Universitas Siber Asia,0.66692715883255,104,Aman Unas Ciber,0.7355199456214905,115,Full Fisik Diunsia,0.7189363837242126
7600656375169712897,who_797,aduh,0,0,19,Com Nice Https,0.8272519111633301,75,Iya Iyapp Introvert,0.7845719456672668,131,Next Up Gass,0.7722533345222473
7602946279518126866,anjing78725quwh,ada program magister g,0,0,42,Jurusan Ekonomi Hukum,0.8839545845985413,114,S2 Lita Anis,0.8212804794311523,11,Skripsi Sidang Tidak,0.7994390726089478
7599192892011627284,ekalastrianaa,Kak disini ada problem gram s2 tidak? Mohon jawabannya,0,0,120,Tanya Non S2Nya,0.8825055360794067,37,S2 Ada Doktoral,0.8001573085784912,8,Tanya Bertanya Chat,0.7953929305076599
7599255167247139591,bolo97.97weeeeeeeee,Untuk s2 ada ngak kk,0,0,37,S2 Ada Doktoral,0.9201381206512451,50,S2 Pendidikan Hukum,0.8824300765991211,4,D3 S1 Lanjut,0.8452379703521729
7601763673904644882,hambarrrrr17,infonya dongs ka,0,0,35,Infonya Terima Kasih,0.8790522813796997,135,Infoin Mau Lantang,0.8218543529510498,41,Info Link Cara,0.8184143304824829
7600237596337603349,machalatte.cup,S2 ny ada g,0,0,80,S2 S2Nya Nya,0.9147379398345947,114,S2 Lita Anis,0.9131301641464233,37,S2 Ada Doktoral,0.8815722465515137
7621585821111976712,nabilahyuga,"kak,beasiswa ada lagi kapan yaa",1,0,31,Kapan Pendaftarannya Gelombang,0.8730850219726562,78,Kapan Min Gel,0.8244764804840088,89,Tanggal Gelombang Bulan,0.818777322769165
7602930346597876501,risknikey,Kak ini ada S2 nya gak ??,0,0,37,S2 Ada Doktoral,0.9394059181213379,39,Beasiswa Kkn Program,0.8895260095596313,120,Tanya Non S2Nya,0.8863658308982849
7599305514510500628,zihnnz,disini ada sidang skripsi ga?,0,0,11,Skripsi Sidang Tidak,0.7975442409515381,42,Jurusan Ekonomi Hukum,0.787234902381897,132,Mending Ptnbh Alumni,0.7232108116149902
7600425118233674503,dandelion.f444,daerah mana ini kaa,0,0,6,Dimana Daerah Mana,0.8966000080108643,52,Web Lewat Kemana,0.7224252223968506,84,Ngambil Ambil Apa,0.7212401628494263
7598526328585585415,uljiimaaaaa,pengen pindah tapi nanggung 1 smt lagi di ut,2,0,88,Pindah Semester Ngulang,0.7468926906585693,132,Mending Ptnbh Alumni,0.7209529876708984,57,Nilai Sesi Sabar,0.7143498659133911
7600418936626348807,ajun1724,ada S2 akutansi nga kak,0,0,50,S2 Pendidikan Hukum,0.8966495990753174,37,S2 Ada Doktoral,0.9128522872924805,0,Jurusan Teknik Inggris,0.8811489343643188
7600774962156815112,faen_onglee,kak daftar RPL nya gimana,0,0,17,Cara Daftarnya Bagaimana,0.8994612693786621,18,Berapa Biaya Bayar,0.8502680063247681,52,Web Lewat Kemana,0.8419069647789001
7626595712298058514,ba.bayu01,"kalau wisudah harus ke sana y
bisa wisuda online aj ngk",0,0,71,Wisuda Uts Uas,0.8325734734535217,7,Offline Ujiannya Online,0.7748202085494995,21,Malam Shift Begitu,0.7591684460639954
7607470939152581396,sinay.kaf,kalo zoom itu waktunya bisa dimajuin apa diundur gitu ngga..soalnya sambil kerjaa,2,0,123,Jam Kelas Karyawan,0.7661312818527222,21,Malam Shift Begitu,0.779599666595459,59,Tugas Numpuk Tugasnya,0.7719602584838867
7633383073099219730,heiiiacaaa,kak mau tanya biaya persemester itu beda kah tiap jurusan?,0,0,18,Berapa Biaya Bayar,0.820925772190094,120,Tanya Non S2Nya,0.8259774446487427,77,Per Berapa Semester,0.824425458908081
7600790934569812754,axyzulia2,info biaya ukt nya ka,0,1,18,Berapa Biaya Bayar,0.811933159828186,41,Info Link Cara,0.8233321905136108,1,Dicicil 3Jt Hanya,0.7759608626365662
7600792778989880072,univsiberasia,"Hi Kak, biayanya hanya 3juta lho persemester🤩",0,0,1,Dicicil 3Jt Hanya,0.8389272689819336,18,Berapa Biaya Bayar,0.7586486339569092,77,Per Berapa Semester,0.7212702035903931
7599309449090745108,refianna_,ada jurusan Kewirausahaan tidak min?,0,0,16,Apa Saja Jurusan,0.8311973810195923,0,Jurusan Teknik Inggris,0.8800781965255737,50,S2 Pendidikan Hukum,0.8639736175537109
7599919880720302865,luxetha,biaya wisuda berapa ya,0,0,18,Berapa Biaya Bayar,0.9119153022766113,77,Per Berapa Semester,0.8678911924362183,99,Biayanya Biaya Berapa,0.8546779155731201
7610784393158787861,yuga_baex,"apakah bisa jalur RPL kak, aku lulusan D3 teknik informatika mau lanjut s1 teknik informatika, teknik komputer atau sistem informasi",0,0,4,D3 S1 Lanjut,0.8560421466827393,119,Teman Syarat Magang,0.7875835299491882,50,S2 Pendidikan Hukum,0.7794227600097656
7623407171636249364,mbuemobwkakakak,daftar masi bisa ga si?,1,0,47,Daftar Gelombang Januari,0.8737326860427856,76,Paket Ijazah Sih,0.8118557333946228,115,Full Fisik Diunsia,0.8091057538986206
7600238539556799252,skss90ok,@🧃 msuk sini aja addk,0,1,24,Ayo Ikutt Ikut,0.7767125368118286,38,Ih Maba Grupnya,0.7275327444076538,27,Join Grup Yuk,0.7215197086334229
7600250630368838418,univsiberasia,"Bener Kak, kata temennya. Masuk sini aja🤗",0,0,133,Spill Alisnya Spil,0.7018998861312866,81,Iya Oke Orang,0.754097580909729,38,Ih Maba Grupnya,0.7340467572212219
7598467509843444487,chocochipzzzz00,soon kamu nih🥰 @febipramadi,0,1,38,Ih Maba Grupnya,0.7622779607772827,92,Samaaa Sama Konveksi,0.6955379247665405,51,Open Otw Pkl,0.690328061580658
7598476072028668673,febipramadi,uhuyyy bismillah tahun depan🥰,0,0,129,Bismillah Bismillahirrahmanirrahim Sticker,0.8032002449035645,118,Desember Baca Depan,0.7622616291046143,111,Alhamdulillah Keluarga Bagian,0.6944475173950195
7598952668325905169,ikaandriani30,@Haibara boleh nih wkwkw,1,3,117,Boleh Bolehhh Dong,0.8563665151596069,38,Ih Maba Grupnya,0.7877094149589539,27,Join Grup Yuk,0.784551739692688
7599176953456247568,ewwpeople06,hahaha,0,0,19,Com Nice Https,0.8690226674079895,75,Iya Iyapp Introvert,0.8300429582595825,131,Next Up Gass,0.7984669208526611
7599176143841100560,ikaandriani30,"kelarin dulu deh S1 yang ini wkkwkw
belum ada info S2 deh disini😂😂😂",0,0,95,S2 Belum Insyallah,0.7806232571601868,132,Mending Ptnbh Alumni,0.7114089727401733,57,Nilai Sesi Sabar,0.7094836235046387
7599175626406757137,ewwpeople06,lanjut lagi a iki😂,0,0,26,Adek Duluan Nurul,0.7085429430007935,24,Ayo Ikutt Ikut,0.7070362567901611,19,Com Nice Https,0.693448543548584
7603560114788041473,xyyta_rii,"@Ririiii:aku masih cari"" info s1 manajemen",1,0,85,Umur Muda Batasan,0.8127049207687378,9,Kip Unsia Diterima,0.7862175107002258,50,S2 Pendidikan Hukum,0.7785230875015259
7599198736648471303,rindu_cahaya01,UTS UAS nya gimana min? diwaktu kah? aku baru cek tadi ada konten kreator Unsia dia Tugas2 Deadline 2 minggu yah kaya UT? tapi UAS nya Dmna ajh yah unsia sistemnya gimana? soalnya saya UT ribet harus kelokasi😂😅,0,0,21,Malam Shift Begitu,0.870535135269165,49,Ijazahnya Lulus Kan,0.8182499408721924,59,Tugas Numpuk Tugasnya,0.7825285196304321
7598570766208451344,andikibra7,@albarismail_ full online,0,0,102,100 Fully Bk,0.710417628288269,90,Binus Adsfort Harga,0.6623889207839966,56,Universitas Siber Asia,0.6013566255569458
7601854425422594836,jonserknz,"berapa thun sih kira"" wisudanya",0,0,65,Angkatan Berapa Kira,0.8055857419967651,18,Berapa Biaya Bayar,0.7245975136756897,77,Per Berapa Semester,0.7180190086364746
7592950775094625032,user158090619,min apakah ada calon mahasiswa yang tidak lolos masuk ke universitas siber asia?,1,4,30,Korea Degree Min,0.7646987438201904,119,Teman Syarat Magang,0.7354598045349121,67,Program Belum Dibuka,0.733393669128418
7593553323156914962,hainisa31,Kebanyakan lolos kak,1,0,30,Korea Degree Min,0.5405510663986206,45,Enggak Ribet Fh,0.8259020447731018,26,Adek Duluan Nurul,0.8054486513137817
7593197325880115986,kaoskwos,mau pindah kampus kah kak?,0,0,84,Ngambil Ambil Apa,0.8555468916893005,88,Pindah Semester Ngulang,0.8477634787559509,22,Pindahan Menerima Ut,0.8291046619415283
7593206151706575624,user158090619,"masih SMA kak, rencana pgn ambil unsia tahun depan",1,0,46,Ut Pengin Bidang,0.8344683647155762,88,Pindah Semester Ngulang,0.8240848779678345,9,Kip Unsia Diterima,0.8201353549957275
7593218947055518482,kaoskwos,"kalau tidak lolos itu karena biasanya berkas berkasnya tidak lengkap, tapi kalau lengkap pasti lolos kok",1,0,8,Tanya Bertanya Chat,0.4899229407310486,71,Wisuda Uts Uas,0.6913068294525146,21,Malam Shift Begitu,0.6867867708206177
7595198800031318804,wishlistcheckout,serius nanya bisa double degree gak?,0,1,124,Juta Serius 3Jt,0.6266846656799316,68,Rpl Pengalaman Jalur,0.7521367073059082,100,Umur Usia Irt,0.729336142539978
7595433217277297426,univsiberasia,"Hi Kakak, bisa yaa🤩",0,0,15,Hi Halo Dong,0.9227439761161804,53,Dong Kayaknya Banget,0.8376172184944153,87,Hihi Jugakk Wakty,0.8222272396087646
7622773927462617877,wahyu_delima5,kalau boleh tau biaya toga outfit di unsia berapa min,0,0,77,Per Berapa Semester,0.8124014735221863,18,Berapa Biaya Bayar,0.8268325328826904,30,Korea Degree Min,0.8069031238555908
7616274272810124052,yushalistiono,Tambahin prodi,0,1,84,Ngambil Ambil Apa,0.4463401436805725,90,Binus Adsfort Harga,0.7351728677749634,125,Gratis Tersedia Pesan,0.7229579091072083
7616574070142386962,univsiberasia,"Wahh, ditungguu ya Kakak🤗",0,0,94,Ditunggu Tunggu Wah,0.8962469100952148,35,Infonya Terima Kasih,0.8335988521575928,25,Amin Selalu Semangat,0.7789368629455566
7613298524999205653,meiiilliaa_,hai min ada s2 nya ga??,0,1,37,S2 Ada Doktoral,0.9050236344337463,50,S2 Pendidikan Hukum,0.8662574291229248,120,Tanya Non S2Nya,0.865921139717102
7613299747927720722,univsiberasia,"Hi Kakak, saat ini belum tersedia ya program S2 di UNSIA😊",0,0,67,Program Belum Dibuka,0.9515995979309082,73,Program Dibuka Saat,0.9118837118148804,66,Dibuka Mahasiswa Baru,0.8375644683837891
7596268920995300103,byyourneed88,min di unsia ada kuliah offline yaa gakk,0,4,30,Korea Degree Min,0.8972044587135315,22,Pindahan Menerima Ut,0.8322234749794006,39,Beasiswa Kkn Program,0.8267686367034912
7596277831778239239,zzara75,ga ada ka ku cri jg full online aku jg rencana 2027 mau kuliah d sini jg tp tkut nya nanti ijazah nya ga di akuin negara msh maju mundur hehe,1,0,46,Ut Pengin Bidang,0.851699709892273,49,Ijazahnya Lulus Kan,0.8223506212234497,21,Malam Shift Begitu,0.8041679859161377
7599899641732662034,iamyouranaa,eh serius? ga di akuin negara? aku mau di sini juga tahun depan insyallah,0,0,95,S2 Belum Insyallah,0.6572328805923462,118,Desember Baca Depan,0.7903828620910645,34,Daftar Tinggal Baru,0.7451121807098389
7599904830962123528,univsiberasia,"Hi Kak, UNSIA sudah terdaftar secara resmi dan memiliki izin pendirian dengan SK dari mentri pendidikan dan kebudayaan (SK Menteri Nomor 757-M-2020)☺️",2,0,130,Pt Terakreditasi Ban,0.7444764375686646,2,Website Id Ac,0.6233406066894531,136,Yaitu Akuntansi Terdapat,0.5921558141708374
7599900372966966024,iamyouranaa,kak ternyata unsia udh di akuin negara dan unsia juga terakreditas EAHEA untuk info lengkap kamu liat gg aja ka,2,0,130,Pt Terakreditasi Ban,0.8500646948814392,2,Website Id Ac,0.7647241353988647,9,Kip Unsia Diterima,0.750095784664154
7607884553978413845,zul.kfl91,😭😭😭,0,0,28,Asa Hum ,0.9997044801712036,13,  ,1.0,61,  ,1.0
7595221820611478292,putridevi558,😁😁😁,0,0,29,Menyimak Nyimakkk Ut,0.9959731698036194,13,  ,1.0,61,  ,1.0
7593350972626518804,nettyk12,🥰,0,0,40,One Yaallahh Day,0.9992661476135254,13,  ,1.0,61,  ,1.0
7593542683738833682,semangatberproses0,ayooo dong Adain S2 nyaaaa😭,0,0,80,S2 S2Nya Nya,0.8428785800933838,95,S2 Belum Insyallah,0.7690644264221191,27,Join Grup Yuk,0.7508431673049927
7594880599153509121,_.gipsummental,almetnya beli dimana min? sama ada saluran wa gasih?,1,3,6,Dimana Daerah Mana,0.7654828429222107,52,Web Lewat Kemana,0.772442638874054,115,Full Fisik Diunsia,0.7511853575706482
7595595942901629703,ikutikutan,Ada kakk,0,0,51,Open Otw Pkl,0.9537371397018433,43,Belum Huhu Nih,0.8670649528503418,135,Infoin Mau Lantang,0.8658812046051025
7595959849852191495,sukawarnahijau4,Aku juga kak info saluran,0,0,38,Ih Maba Grupnya,0.7784833908081055,35,Infonya Terima Kasih,0.7963576316833496,135,Infoin Mau Lantang,0.7780851125717163
7595630013052584705,_.gipsummental,info saluran ka,0,0,41,Info Link Cara,0.8662389516830444,26,Adek Duluan Nurul,0.7616546154022217,51,Open Otw Pkl,0.753250241279602
7597730187660559124,aivilo1815,kak kalo mau kuliah disini tapi kerjanya di jatim Pasuruan gimana yaa aku mau lulus smk,1,2,5,Kerja Negeri Kuliah,0.8742900490760803,49,Ijazahnya Lulus Kan,0.8809460997581482,119,Teman Syarat Magang,0.8339071869850159
7597730171470430996,aivilo1815,apakah bisa full online,0,0,64,Full Online Serba,0.7611061334609985,69,Apakah S1Hukum Perdagangan,0.8190664649009705,115,Full Fisik Diunsia,0.7839583158493042
7597772543956845330,univsiberasia,"Hi Kakak, bisa banget dong. UNSIA 100% full online learning🤩",0,0,44,100 Learning Fully,0.9526423811912537,86,Darimana 100 Jadi,0.8190826177597046,58,Tugas Akhir Skripsi,0.772891640663147
7594704531393692423,xyf_ya01,wisudanya tetep pke kebaya kan kak?,0,1,33,Bagaimana Wisudanya Tes,0.744400143623352,71,Wisuda Uts Uas,0.7567741870880127,112,Ujian Tes Online,0.7466917634010315
7595596003684778759,ikutikutan,Hahaha iya kak normal seperti pd umumnyaaa,0,0,81,Iya Oke Orang,0.7751764059066772,92,Samaaa Sama Konveksi,0.6831293106079102,48,Betul Banget Lucu,0.6787110567092896
7594411276551586576,odeeunoia,aku udah daftar. btw boleh aku nanya ngk??,0,2,134,Pjj Akre Industri,0.6652613282203674,79,Daftar Sudah Kamu,0.8226622343063354,34,Daftar Tinggal Baru,0.7982481122016907
7594412065231045393,odeeunoia,untuk pembayaran UKT 2 sama UKT 3 kapan ya??,0,0,1,Dicicil 3Jt Hanya,0.7634419202804565,18,Berapa Biaya Bayar,0.7733402252197266,77,Per Berapa Semester,0.7367793321609497
7594411761143628552,univsiberasia,Boleh dong Kakak🤗,0,0,117,Boleh Bolehhh Dong,0.9486458897590637,53,Dong Kayaknya Banget,0.887948751449585,135,Infoin Mau Lantang,0.8507462739944458
7597469785227625223,eksaa__,adaa jurusan psikologi ga kakk,0,1,0,Jurusan Teknik Inggris,0.9334579706192017,37,S2 Ada Doktoral,0.8884618282318115,16,Apa Saja Jurusan,0.8823074102401733
7598482692179903240,ikutikutan,Belum ada kak,0,0,43,Belum Huhu Nih,0.927807092666626,51,Open Otw Pkl,0.8568768501281738,135,Infoin Mau Lantang,0.8093319535255432
7594737022314349329,xzy.728,Pendaftaran nya sampai berapa gelombang ya? Apakah bulan Februari masih bisa daftar?,0,7,89,Tanggal Gelombang Bulan,0.8696013689041138,31,Kapan Pendaftarannya Gelombang,0.8350010514259338,47,Daftar Gelombang Januari,0.8243497014045715
7594856383913362196,einaafets,Masihh kakk. Kl skrg ini kayaknya 10 gelombang kl yg reguler ya,1,0,53,Dong Kayaknya Banget,0.6776719093322754,34,Daftar Tinggal Baru,0.8082391619682312,123,Jam Kelas Karyawan,0.7957349419593811
7595414266758087425,rindalljenner,Ada batas usia nda ka🥺,1,0,100,Umur Usia Irt,0.7392513751983643,65,Angkatan Berapa Kira,0.7617496252059937,104,Aman Unas Ciber,0.7198095321655273
7595423338932110100,einaafets,Tentu tidakk kakk,1,0,45,Enggak Ribet Fh,0.8110741376876831,53,Dong Kayaknya Banget,0.7879486083984375,26,Adek Duluan Nurul,0.770915150642395
7594803277784761106,whosuw44,nitip kak,0,0,121,Nitip Kabarin Mencari,0.9427817463874817,70,Nitip Nitipp Nitippp,0.889254093170166,26,Adek Duluan Nurul,0.8221827149391174
7594856405993751316,einaafets,Msh buka ka,1,0,3,Buka Pendaftaran Masih,0.7788423895835876,43,Belum Huhu Nih,0.8567169904708862,51,Open Otw Pkl,0.8248422145843506
7594867881188819720,cipay0709,Skrng masih gelombang 5 yg buka ka ..,0,0,31,Kapan Pendaftarannya Gelombang,0.736609160900116,3,Buka Pendaftaran Masih,0.8208580017089844,47,Daftar Gelombang Januari,0.7710889577865601
7594853946607338257,nikieliza28,Nitip nyari tau jg,0,0,121,Nitip Kabarin Mencari,0.8497849702835083,27,Join Grup Yuk,0.6989911198616028,70,Nitip Nitipp Nitippp,0.6935973763465881
7594871556401955591,fdillaaas,kak untuk biaya persemester itu dicicil 3 kali jangka waktu 6bulan ya kak?,0,1,1,Dicicil 3Jt Hanya,0.8456770777702332,18,Berapa Biaya Bayar,0.771685004234314,77,Per Berapa Semester,0.7572993040084839
7595044549039424277,einaafets,"Betul 3x, tp gak 6 bulan, krn efektif perkuliahan itu 4-5 bulan.. 😁",0,0,1,Dicicil 3Jt Hanya,0.7192245721817017,123,Jam Kelas Karyawan,0.681354284286499,21,Malam Shift Begitu,0.6796679496765137
7595172224040321809,softbabel0,Kak TA 2025/2026 itu nanti wisudanya di bulan apa ya,0,2,31,Kapan Pendaftarannya Gelombang,0.8163166642189026,89,Tanggal Gelombang Bulan,0.8477223515510559,65,Angkatan Berapa Kira,0.8230280876159668
7595423616977486613,einaafets,Ini yg skrg lg tugas akhri kah? Kl sesuai kaldik sih juli🤣,0,0,21,Malam Shift Begitu,0.7576595544815063,58,Tugas Akhir Skripsi,0.7442068457603455,59,Tugas Numpuk Tugasnya,0.7377399206161499
7595443857162470160,softbabel0,Belum masih semester 7 tapi pgn buru2 wisuda😫,0,0,57,Nilai Sesi Sabar,0.8012473583221436,46,Ut Pengin Bidang,0.7587054967880249,88,Pindah Semester Ngulang,0.7557560801506042
7594910418918654741,clyiraaa,"kak, kalau daftar bulan ini yang gelombang 5, berarti masuknya bulan apaa ya, kak?",1,2,47,Daftar Gelombang Januari,0.7837158441543579,89,Tanggal Gelombang Bulan,0.8174656629562378,10,Maret April Bulan,0.7984422445297241
7595044871200342805,clyiraaa,"thankyouu, kakk-!",0,0,35,Infonya Terima Kasih,0.8323349952697754,98,Terima Kasih Murid,0.8603168725967407,25,Amin Selalu Semangat,0.7807317972183228
7595044264498758420,einaafets,April kak😉,0,0,26,Adek Duluan Nurul,0.8762780427932739,24,Ayo Ikutt Ikut,0.7972555160522461,92,Samaaa Sama Konveksi,0.7948461174964905
7594414543447671560,axioxioiii,ka alu boleh minta nomer adminnya ga??mau dsftar ga tau daftarnya gimna,1,1,107,Daftarnya Cara Bagaimana,0.7340890765190125,91,Ulang Bayar Isi,0.8056372404098511,8,Tanya Bertanya Chat,0.7935270071029663
7594468012116902674,univsiberasia,"Hi Kakak, berikut nomor whatsapp admin UNSIA ya +62 881-5608-001🤩",0,0,36,Dm Admin Detailnya,0.7464682459831238,2,Website Id Ac,0.6665573120117188,60,Admin Dm Boleh,0.6602962017059326
7595172607838896914,nrmla.sarii,"semoga thn depan wisuda, dan ketemu temen temen di unsia🥰",0,1,111,Alhamdulillah Keluarga Bagian,0.8571876883506775,62,Semoga Allah Doain,0.8385796546936035,55,Sukses Selalu Sehat,0.7523258924484253
7595433619905053447,univsiberasia,"Wah, aamiin.. ketemu sama Mimin juga ya kita bikin konten bareng🤩",0,0,25,Amin Selalu Semangat,0.6750051975250244,27,Join Grup Yuk,0.7463146448135376,118,Desember Baca Depan,0.7175301313400269
7595428561478877969,hany13670,"aku mau daftar dimana office
aku di Johor",1,2,6,Dimana Daerah Mana,0.7428986430168152,52,Web Lewat Kemana,0.7751747965812683,9,Kip Unsia Diterima,0.7518705129623413
7595749158737675028,einaafets,Daftar smpe perkuliahan full online kak.. Gk perlu dtg tp kl mau dtg ke kampus bolehh,1,0,71,Wisuda Uts Uas,0.8393125534057617,128,Main Kampusnya Kekampus,0.7974213361740112,21,Malam Shift Begitu,0.7914836406707764
7595432760950211335,univsiberasia,"Kakak bisa langsung daftar sekarang di pmb.unsia.ac.id, pilih jurusan favorit, dan mulai kuliah online fleksibel dari mana aja.🤩",1,0,83,Pilih Favorit Mulai,0.9858773946762085,101,Favorit Pilih Fleksibel,0.9645260572433472,2,Website Id Ac,0.8257429599761963
7594868559932031751,cipay0709,Kalo cuti boleh mampir ke kampus ga min?,0,1,128,Main Kampusnya Kekampus,0.8488312363624573,22,Pindahan Menerima Ut,0.7666652202606201,5,Kerja Negeri Kuliah,0.7659837007522583
7595061422708802322,univsiberasia,Boleh dong Kak🤩,0,0,117,Boleh Bolehhh Dong,0.9546998739242554,53,Dong Kayaknya Banget,0.8877163529396057,135,Infoin Mau Lantang,0.8863813877105713
7597069585863836423,falanscaa_,"bisa sambil kerja ka?, pusatnya dimana btw aku dari Cirebon",1,1,5,Kerja Negeri Kuliah,0.822130560874939,128,Main Kampusnya Kekampus,0.798835039138794,22,Pindahan Menerima Ut,0.7981342673301697
7597111775406818068,einaafets,"Sangat bisakak, fleksibel.. Kampusnya ada di jakarta selatan",0,0,110,Jakarta Selatan Ragunan,0.7489424347877502,86,Darimana 100 Jadi,0.716658890247345,128,Main Kampusnya Kekampus,0.7144017815589905
7595117079121134344,sofhaljemil,Kalau daftar bulan depan bisa gak?,1,1,47,Daftar Gelombang Januari,0.859551191329956,89,Tanggal Gelombang Bulan,0.7963006496429443,76,Paket Ijazah Sih,0.7934800386428833
7595445741717832468,einaafets,Bisa ka,0,0,87,Hihi Jugakk Wakty,0.9871407151222229,53,Dong Kayaknya Banget,0.8916923999786377,135,Infoin Mau Lantang,0.8565638661384583
7595415569848976146,dwithhyunjin,gap year bisa ga kak,0,1,30,Korea Degree Min,0.7185766696929932,135,Infoin Mau Lantang,0.8194210529327393,115,Full Fisik Diunsia,0.8084737062454224
7595432836385194759,univsiberasia,Bisa dong Kakak,0,0,53,Dong Kayaknya Banget,0.9442365765571594,87,Hihi Jugakk Wakty,0.8982503414154053,117,Boleh Bolehhh Dong,0.8909499049186707
7594390974478959381,ancetana,Smoga NIMku cepat keluar gk sabar pakai toga🗿🗿🗿😁,2,1,62,Semoga Allah Doain,0.7634562253952026,57,Nilai Sesi Sabar,0.6995153427124023,25,Amin Selalu Semangat,0.6886634230613708
7594405039142699794,univsiberasia,Semangat PO 4 tahunnya ya Kak🤗,1,0,25,Amin Selalu Semangat,0.8202276229858398,113,Semangat Wah Berpikir,0.7965731620788574,94,Ditunggu Tunggu Wah,0.7521995902061462
7596021698875704072,uzhraaa,"Disini bs RPL kak? Kalau iya, Di buka pendaftarannya sampai kapan? Dan biaya nya brp ya kak?",0,0,81,Iya Oke Orang,0.6187712550163269,18,Berapa Biaya Bayar,0.8470029830932617,49,Ijazahnya Lulus Kan,0.8389562964439392
7609485362385912597,jasapijatfavoritku,wisuda offline nya dimana,0,1,7,Offline Ujiannya Online,0.8107950091362,6,Dimana Daerah Mana,0.8072676658630371,33,Bagaimana Wisudanya Tes,0.7881873846054077
7609901759416222482,univsiberasia,Di Jakarta Selatan ya Kakak😊,0,0,6,Dimana Daerah Mana,0.7535677552223206,110,Jakarta Selatan Ragunan,0.7273513674736023,94,Ditunggu Tunggu Wah,0.7156085968017578
7595073199672738568,arisakapashter,Akuuu,0,0,122,Kalbar Ia Kebingungan,0.9607616662979126,29,Menyimak Nyimakkk Ut,0.8692798018455505,40,One Yaallahh Day,0.8660860657691956
7594398755526394642,nunapi221,"Selamattt wisuda kakak2, angkatan 2025 soon😂",4,0,65,Angkatan Berapa Kira,0.5680456161499023,55,Sukses Selalu Sehat,0.7492983341217041,111,Alhamdulillah Keluarga Bagian,0.7322003841400146
7594475796748747528,chocomaltlovers,unsia gaada jurusan sosiologi kah?,0,0,16,Apa Saja Jurusan,0.7747347354888916,0,Jurusan Teknik Inggris,0.8700040578842163,30,Korea Degree Min,0.8621028065681458
7594436319746507536,hatusaka_,Bismillah log ini Unsia di Unsia di umur 30++ 🔥🔥,2,0,111,Alhamdulillah Keluarga Bagian,0.8058212399482727,9,Kip Unsia Diterima,0.7114351987838745,62,Semoga Allah Doain,0.6963707208633423
7594414274782282504,axioxioiii,emma beneran wisuda nya offline kan kuliahnya onlinee,0,2,71,Wisuda Uts Uas,0.8431892395019531,7,Offline Ujiannya Online,0.807802140712738,64,Full Online Serba,0.7905238270759583
7595286893673612040,bar18528,"Wisuda Hybrid, bisa Online dan Offline",1,0,7,Offline Ujiannya Online,0.7170222997665405,71,Wisuda Uts Uas,0.7110514640808105,64,Full Online Serba,0.700637936592102
7594735367242187540,einaafets,Bisa offline,0,0,125,Gratis Tersedia Pesan,0.8593458533287048,90,Binus Adsfort Harga,0.7765997052192688,105,Swasta Oktober Situ,0.7376686334609985
7594474139160429332,prettygrilsss17,Wisudanya ofline tapi ka?,0,3,7,Offline Ujiannya Online,0.7518545389175415,104,Aman Unas Ciber,0.8135027289390564,118,Desember Baca Depan,0.7874503135681152
7594475884913165063,univsiberasia,"Hi Kakak, wisuda dilaksanakan hybrid ya 🤗",2,0,96,Secara Dilaksanakan Hybrid,0.8952397704124451,10,Maret April Bulan,0.778090238571167,15,Hi Halo Dong,0.7516303062438965
7594704426884186887,xyf_ya01,hybrid itu apa yah kak?,0,0,134,Pjj Akre Industri,0.8303414583206177,6,Dimana Daerah Mana,0.8006009459495544,33,Bagaimana Wisudanya Tes,0.7639658451080322
7594764530683003666,k3ylaaaa_0,"ada yg ikut nya dateng langsung, ada juga yg ikut online",2,0,71,Wisuda Uts Uas,0.6854462623596191,64,Full Online Serba,0.6622869372367859,108,Offline Onsite Onnline,0.6591931581497192
7594777627693794066,shut77_4,🥰,0,0,20,Yes  ,0.999908447265625,13,  ,1.0,61,  ,1.0
7596457708304728849,alinisyawaliaaa,bayar berapa min toganya?,0,1,18,Berapa Biaya Bayar,0.8588953614234924,99,Biayanya Biaya Berapa,0.8112334609031677,77,Per Berapa Semester,0.7928813695907593
7597112321556038420,einaafets,Wisuda itu 1.75,0,0,71,Wisuda Uts Uas,0.5025905966758728,90,Binus Adsfort Harga,0.6824322938919067,105,Swasta Oktober Situ,0.6724191904067993
7601059515056767764,riyanie80,kalau tinggal dipapua wisudanya gimana?,0,1,33,Bagaimana Wisudanya Tes,0.8434566259384155,77,Per Berapa Semester,0.7716559171676636,7,Offline Ujiannya Online,0.7618400454521179
7631883912059388680,univsiberasia,"Wisuda dilaksanakan di Jakarta Kak, jadi jika Kakak bersedia hadir secara langsung bisa ke Jakarta, namun jika tidak bisa, bisa secara online 😊",0,0,96,Secara Dilaksanakan Hybrid,0.7792715430259705,71,Wisuda Uts Uas,0.7294716835021973,7,Offline Ujiannya Online,0.7195051908493042
7604387944342864658,mbakartnkucintk,😭,0,0,13,  ,1.0,61,  ,1.0,20,Yes  ,0.999908447265625
7592935891938460434,valentinostanleyy,☺️☺️☺️,0,0,29,Menyimak Nyimakkk Ut,0.9959731698036194,13,  ,1.0,61,  ,1.0
7593431907342320392,nu.ruru,tambah jurusan dong min😭,0,0,16,Apa Saja Jurusan,0.7272427678108215,133,Spill Alisnya Spil,0.7897377014160156,84,Ngambil Ambil Apa,0.7863149642944336
7592403954427134728,galuh.agustian,cara masuk unsia gima min,1,3,30,Korea Degree Min,0.8266476392745972,22,Pindahan Menerima Ut,0.7967849969863892,17,Cara Daftarnya Bagaimana,0.7962931394577026
7592461245534618376,univsiberasia,"Hai Kak, Kakak bisa langsung daftar sekarang di pmb.unsia.ac.id, pilih jurusan favorit, dan mulai kuliah online fleksibel dari mana aja🤩",0,0,101,Favorit Pilih Fleksibel,0.9844501614570618,83,Pilih Favorit Mulai,0.9566686749458313,2,Website Id Ac,0.8708778619766235
7592636176247915284,rinnn4_4,bener pembayaran bisa dicicil?,1,0,1,Dicicil 3Jt Hanya,0.6848907470703125,99,Biayanya Biaya Berapa,0.5938040018081665,64,Full Online Serba,0.5864905118942261
7592865762671756039,univsiberasia,"Bener dong Kak, bisa dicicil sebanyak 3x ya🤗",0,0,1,Dicicil 3Jt Hanya,0.8297005891799927,76,Paket Ijazah Sih,0.7326103448867798,18,Berapa Biaya Bayar,0.7265963554382324
7592608408031118100,yulianieka123,Happy new year bapak ibu dosen dan seluruh civitas akademisi UNSIA🥳🎉🫶,0,0,55,Sukses Selalu Sehat,0.7844605445861816,111,Alhamdulillah Keluarga Bagian,0.6916618347167969,25,Amin Selalu Semangat,0.6055119037628174
7592841376351175445,kencanawulan26,kalau yang dari papua bisa gak kak daftar.. trus kalau ujiannya gimana?,1,2,22,Pindahan Menerima Ut,0.8539343476295471,49,Ijazahnya Lulus Kan,0.8634717464447021,76,Paket Ijazah Sih,0.8578382730484009
7593814521464488722,ikutikutan,"Bantu jwb ya kak, bisa bgt disini jgnkan papua kak, luar benua juga banyak hihi 😂",1,0,15,Hi Halo Dong,0.7187068462371826,135,Infoin Mau Lantang,0.7136543393135071,116,Ig Akun Sering,0.7087560892105103
7592865369010914055,univsiberasia,"Bisa banget Kakak, kan UNSIA 100% full online learning🤩",1,0,44,100 Learning Fully,0.9111747741699219,86,Darimana 100 Jadi,0.8039929866790771,9,Kip Unsia Diterima,0.78038489818573
7593572598245425921,ferianggarzm,minn ini gelombang 4 mulai perkuliahan kapan ya,0,9,10,Maret April Bulan,0.8017293214797974,89,Tanggal Gelombang Bulan,0.8563284277915955,31,Kapan Pendaftarannya Gelombang,0.8346841335296631
7593576616648606471,univsiberasia,"Hi Kak, untuk perkuliahan dimulai di bulan April yaa🤩",0,0,10,Maret April Bulan,0.9298115968704224,109,Ditutup Khawatir Kembali,0.8033238649368286,73,Program Dibuka Saat,0.8014513254165649
7593847209252422420,chocolavaa_2,kaa batas pendaftaran kapan yaa,0,0,31,Kapan Pendaftarannya Gelombang,0.9328469038009644,78,Kapan Min Gel,0.8573710322380066,89,Tanggal Gelombang Bulan,0.8445284366607666
7595434573463814933,mybaddie09_,ka datfar 2026 mulai tanggal brpa ya,2,3,89,Tanggal Gelombang Bulan,0.8655292391777039,31,Kapan Pendaftarannya Gelombang,0.8330532908439636,18,Berapa Biaya Bayar,0.794992208480835
7595435868883976968,univsiberasia,Hari ini sudah dibuka ya Kak pendaftaran mahasiswa baru🤗,1,0,66,Dibuka Mahasiswa Baru,0.919108510017395,10,Maret April Bulan,0.8554072380065918,54,Membuka Lho Mahasiswa,0.8341546058654785
7593574948960011029,elpauuuu,"ka aku masih kelas 12,berarti daftar nya mulai kapan ya?",2,4,123,Jam Kelas Karyawan,0.801198422908783,79,Daftar Sudah Kamu,0.8203255534172058,34,Daftar Tinggal Baru,0.8159934282302856
7593576812091097874,univsiberasia,"Kakak bisa mendaftar di semester ganjil ya Kak, dibukanya di bulan Juni 🤗",5,0,10,Maret April Bulan,0.8671666979789734,109,Ditutup Khawatir Kembali,0.7980433106422424,67,Program Belum Dibuka,0.7916714549064636
7593579844936549141,elpauuuu,mulai kuliah nya bulan apa berarti?,0,0,5,Kerja Negeri Kuliah,0.6739251613616943,89,Tanggal Gelombang Bulan,0.7979536652565002,65,Angkatan Berapa Kira,0.7671079635620117
7593606221141672724,einaafets,Oktober biasanya 😁,0,0,105,Swasta Oktober Situ,0.8445952534675598,90,Binus Adsfort Harga,0.7932897806167603,131,Next Up Gass,0.7662479877471924
7593709885218177813,elpauuuu,makasihh ka infonya🙏,0,0,35,Infonya Terima Kasih,0.9285926818847656,98,Terima Kasih Murid,0.8547995090484619,97,Salam Mantap Kenal,0.784424364566803
7594083044291216146,itscicits,kak ini berarti masuknya angkatan 2025-2026 ya bukan 2026-2027?,0,1,89,Tanggal Gelombang Bulan,0.674008846282959,118,Desember Baca Depan,0.6879384517669678,65,Angkatan Berapa Kira,0.6806850433349609
7594146842888520469,einaafets,"Btul msh genap 25/26, next baru ganjil 26/27 (cmiiw)",0,0,131,Next Up Gass,0.45810139179229736,93,Jujur Review Kata,0.6284219622612,118,Desember Baca Depan,0.6156200170516968
7593616493997966101,butterflyblue_24,min ada beasiswa kip-k?atau beasiswa yang lain GTUU min?,0,9,39,Beasiswa Kkn Program,0.8281911015510559,22,Pindahan Menerima Ut,0.8065274953842163,30,Korea Degree Min,0.8015440702438354
7593624040914076436,fsya.2,"banyak kak, bisa lgsng cek di web nya, kebetulan aku maba juga yg dpt beasiswanya😍",3,0,52,Web Lewat Kemana,0.7232421636581421,49,Ijazahnya Lulus Kan,0.7803277969360352,39,Beasiswa Kkn Program,0.7575205564498901
7595278886348604177,tilipitappy,kaa lulus beasiswa apaa ya?,0,0,84,Ngambil Ambil Apa,0.8756604194641113,74,Akreditasinya Asia Siber,0.8340178728103638,39,Beasiswa Kkn Program,0.8336997032165527
7595390462472340244,fsya.2,sosial ekonomi ka,0,0,42,Jurusan Ekonomi Hukum,0.6780664324760437,105,Swasta Oktober Situ,0.7398196458816528,90,Binus Adsfort Harga,0.706026017665863
7595440024373723920,tilipitappy,"samaaa ka, mau mutualan gaa? ambil jurusan apa kaa?",1,0,92,Samaaa Sama Konveksi,0.7300271987915039,84,Ngambil Ambil Apa,0.8441420793533325,46,Ut Pengin Bidang,0.8166478872299194
7595488344248582932,fsya.2,manajemen ka,0,0,92,Samaaa Sama Konveksi,0.6719517707824707,105,Swasta Oktober Situ,0.8409442901611328,90,Binus Adsfort Harga,0.8136167526245117
7593625545447965460,butterflyblue_24,kak mau chatt mau tanya-tanya boleh gaaa,1,0,8,Tanya Bertanya Chat,0.8889811635017395,60,Admin Dm Boleh,0.7962790131568909,27,Join Grup Yuk,0.7933567762374878
7593625654232302356,fsya.2,iyapp,0,0,75,Iya Iyapp Introvert,0.9065768718719482,19,Com Nice Https,0.8109329342842102,26,Adek Duluan Nurul,0.8019493818283081
7593905118368023314,i0.dna,kak boleh bagi ini ga,1,0,117,Boleh Bolehhh Dong,0.8335880637168884,135,Infoin Mau Lantang,0.8021600246429443,8,Tanya Bertanya Chat,0.7622125148773193
7596067043805004551,arifaaawww,"izin kak, kk dpt beasiswa berarti ga bayar uktnyaa gmn kak?",0,0,127,Caranya Kuliahnya Bagaimana,0.7599970698356628,49,Ijazahnya Lulus Kan,0.8239032030105591,91,Ulang Bayar Isi,0.810528039932251
7593977807169094420,d1l4hh236,"izin bertanya ka apa pas wisuda di unsia itu ada kuota batasan nya atau semua mahasiswa yang pengen wisuda offline itu bakal bisa ikut semua ka? mohon untuk dibantu jawab ya ka, terimakasih🙏",0,1,21,Malam Shift Begitu,0.8527952432632446,49,Ijazahnya Lulus Kan,0.8786997199058533,120,Tanya Non S2Nya,0.7994793653488159
7594146734444577556,einaafets,"Setau ku gada kuota sih ka, yg mau offline pasti boleh bgt. Klo kampus penuh, mau sewa gedung lg kata mimin nya😁",0,0,21,Malam Shift Begitu,0.8312138319015503,59,Tugas Numpuk Tugasnya,0.8011462688446045,71,Wisuda Uts Uas,0.800023078918457
7593654965047231248,shinchankicil,"mw di unsia, tp gaada jurusan administrasi bisnis 😭",0,1,132,Mending Ptnbh Alumni,0.846756100654602,30,Korea Degree Min,0.8577593564987183,0,Jurusan Teknik Inggris,0.8442713618278503
7593961809175085841,elsanindiaa,Akuntansi aja 😅,0,0,90,Binus Adsfort Harga,0.8625870943069458,105,Swasta Oktober Situ,0.8418809175491333,29,Menyimak Nyimakkk Ut,0.8195582032203674
7597390337720943368,im_zarr1,"bs utk yg krj shif gk ka, trus ntar wisudanya offline atau online ka",0,1,7,Offline Ujiannya Online,0.8634493350982666,21,Malam Shift Begitu,0.8351215720176697,71,Wisuda Uts Uas,0.8331001400947571
7598482820403888903,ikutikutan,Halo kak bisa bgt ya kak sangat fleksibel. Wisuda boleh online atau offline 😍,0,0,15,Hi Halo Dong,0.8144094944000244,108,Offline Onsite Onnline,0.806473970413208,86,Darimana 100 Jadi,0.7941645383834839
7597805061464982290,firdahma,pendaftarannya sampai kapan kak?,0,1,31,Kapan Pendaftarannya Gelombang,0.9521435499191284,89,Tanggal Gelombang Bulan,0.8642486333847046,78,Kapan Min Gel,0.8592668771743774
7597818074771718920,univsiberasia,"Hi Kak, sampai Maret masih dibuka ya pendaftarannya🤗",0,0,10,Maret April Bulan,0.9080607891082764,3,Buka Pendaftaran Masih,0.8531495928764343,66,Dibuka Mahasiswa Baru,0.8476988673210144
7593802585698927368,ryndnva,Sampe gelombang berapa yaa pendaftaran nya,1,1,89,Tanggal Gelombang Bulan,0.8804237842559814,31,Kapan Pendaftarannya Gelombang,0.8794010281562805,78,Kapan Min Gel,0.8443833589553833
7594005672791327509,einaafets,Smpe gelombang 10 ini kayaknya kak,0,0,53,Dong Kayaknya Banget,0.6683577299118042,118,Desember Baca Depan,0.7742308378219604,34,Daftar Tinggal Baru,0.7544510364532471
7593574582558376711,urprety.08,otw min,0,2,26,Adek Duluan Nurul,0.7920140027999878,19,Com Nice Https,0.780231237411499,24,Ayo Ikutt Ikut,0.7531006336212158
7593576669362275079,univsiberasia,"Wahhh Kakak, Mimin tunggu ya🤗",0,0,94,Ditunggu Tunggu Wah,0.9203522205352783,35,Infonya Terima Kasih,0.8123824596405029,97,Salam Mantap Kenal,0.7711918950080872
7593643752436400903,igramsky,Ditunggu kak sama maba2 😎,0,0,94,Ditunggu Tunggu Wah,0.8340919017791748,27,Join Grup Yuk,0.7670910358428955,118,Desember Baca Depan,0.7456966638565063
7593993890484585236,abciaaaa123,"halo kak, kalau misalnya lulusan D3 mau lanjut ambil S1 bisa g disini? kira² durasi kuliahnya brp tahun?",0,1,4,D3 S1 Lanjut,0.8928582668304443,119,Teman Syarat Magang,0.8511419296264648,5,Kerja Negeri Kuliah,0.8271229863166809
7594005602793128724,einaafets,"Bisa kak, start 2 smt aja bs kelar kokk asal sksnya banyak yg bs dikonversi 😉😉",0,0,43,Belum Huhu Nih,0.5782642364501953,86,Darimana 100 Jadi,0.7555258870124817,1,Dicicil 3Jt Hanya,0.7501974701881409
7595071971659989767,notyouralpukat,kak kalau dr kampus lain pindah ke sini bisa gkk?,0,1,88,Pindah Semester Ngulang,0.8665865659713745,22,Pindahan Menerima Ut,0.8732197880744934,128,Main Kampusnya Kekampus,0.8477035760879517
7595596274603934471,ikutikutan,"Bantu jawab kak, bisa kakkk",0,0,15,Hi Halo Dong,0.8536777496337891,23,Dm Cek Izin,0.8378307223320007,60,Admin Dm Boleh,0.8342170715332031
7596045091589964551,muggle252,hallo kak ijin bertanya saya mahasiswa semester satu D3 ekowisata kalo mau pindah ke unsia bisa atau harus ulang Dari awal?,0,1,88,Pindah Semester Ngulang,0.7972172498703003,49,Ijazahnya Lulus Kan,0.824748694896698,120,Tanya Non S2Nya,0.797886312007904
7598139269056496405,einaafets,Tergantung ke hasil sks yg dikonversi kak..,0,0,106,Hasil Seleksi Pengumuman,0.6662067770957947,77,Per Berapa Semester,0.6833498477935791,104,Aman Unas Ciber,0.679078221321106
7594311467727749908,meisitompul17,"masih bisa daftar gk kk
apa pendaftaraan nya udah tutup",0,1,3,Buka Pendaftaran Masih,0.8606983423233032,47,Daftar Gelombang Januari,0.8333409428596497,91,Ulang Bayar Isi,0.8095606565475464
7594379001017352968,univsiberasia,"Hai Kakak, UNSIA saat ini masih membuka pendaftaran mahasiswa baru lhoo 🤗🤗",0,0,54,Membuka Lho Mahasiswa,0.9778265357017517,66,Dibuka Mahasiswa Baru,0.9242957830429077,67,Program Belum Dibuka,0.838957667350769
7593669797218190087,anssvelss,tutup pendaftarannya kapan ka,0,1,31,Kapan Pendaftarannya Gelombang,0.9616568088531494,3,Buka Pendaftaran Masih,0.8934167623519897,78,Kapan Min Gel,0.8835053443908691
7593783379079381778,univsiberasia,Pendaftaran mahasiswa baru dibuka sampai awal Maret ya Kakak🤗,0,0,10,Maret April Bulan,0.8834817409515381,66,Dibuka Mahasiswa Baru,0.8444160223007202,109,Ditutup Khawatir Kembali,0.8201509714126587
7593637428935443207,dasyfahh,"Kak, kan tahun lalu aku udah daftar. Udah sampai di tahap bayar cicilan pertama, tapi blm aku bayar. Kalau misal ini aku bayar, masih berlaku nggak? Atau mengulang pendaftaran dari awal?",0,1,91,Ulang Bayar Isi,0.8495516777038574,49,Ijazahnya Lulus Kan,0.7596882581710815,46,Ut Pengin Bidang,0.7347947359085083
7594379676140110599,univsiberasia,"Halo Kak, mohon maaf sudah tidak bisa ya. Akunnya sudah hangus, jadi Kakak mendaftar lagi di periode ini☺️",0,0,2,Website Id Ac,0.7236281633377075,91,Ulang Bayar Isi,0.7904528379440308,109,Ditutup Khawatir Kembali,0.7536818981170654
7593685436695757576,tenenggtenengg,kaa yg hasil konversi 2025 gel 1 masih belum ya? udah 1 bulan nungguinnya,0,4,106,Hasil Seleksi Pengumuman,0.8112263679504395,91,Ulang Bayar Isi,0.7722657918930054,21,Malam Shift Begitu,0.7520170211791992
7594005866648158996,einaafets,Iya kak ditunggu aja,1,0,94,Ditunggu Tunggu Wah,0.8725177049636841,81,Iya Oke Orang,0.8508406281471252,135,Infoin Mau Lantang,0.8042281866073608
7594098746830816018,hainisa31,Aku gelombang 5 nih kak belum juga nunggu nim,0,0,34,Daftar Tinggal Baru,0.8412823677062988,79,Daftar Sudah Kamu,0.804489254951477,10,Maret April Bulan,0.7790068984031677
7594099251501499154,tenenggtenengg,gelombang 5 bukannya yg paling baru ya ka,0,0,31,Kapan Pendaftarannya Gelombang,0.685793399810791,34,Daftar Tinggal Baru,0.7338805794715881,104,Aman Unas Ciber,0.7267203330993652
7594099440098099975,hainisa31,"Iya baru 😭cuma gak sabar aja ,maklum kak 😭😭",0,0,81,Iya Oke Orang,0.7869462966918945,57,Nilai Sesi Sabar,0.727713942527771,34,Daftar Tinggal Baru,0.7216517925262451
7594270163362104065,joki.tugas2025,"ga ada kata terlambat, gas kejar semuaa💃🏻🔥",0,1,129,Bismillah Bismillahirrahmanirrahim Sticker,0.6826412677764893,45,Enggak Ribet Fh,0.589812159538269,113,Semangat Wah Berpikir,0.5853711366653442
7594379377652368135,univsiberasia,Teman-teman kerjain tugasnya gaboleh joki ya🤩,0,0,59,Tugas Numpuk Tugasnya,0.776692271232605,57,Nilai Sesi Sabar,0.7373732328414917,93,Jujur Review Kata,0.7288808226585388
7594697022456759058,azzahra085__,Kak mau tanya kalau daerah samarinda apakah bisa daftar dan sistem belajarnya gimana?,0,1,120,Tanya Non S2Nya,0.8544212579727173,17,Cara Daftarnya Bagaimana,0.8340932130813599,49,Ijazahnya Lulus Kan,0.8295623064041138
7594748426089874194,univsiberasia,"Hi Kak, bisa banget dong, karena UNSIA 100% full online. Jadi bisa berkuliah darimana saja dan kapan saja🤩",0,0,86,Darimana 100 Jadi,0.9303141832351685,44,100 Learning Fully,0.8284345865249634,72,Tujuan Berkuliah Dimanapun,0.8279902935028076
7594770669931070226,pinkyy._717,"min, untuk yang gapyear ikut daftar gelombang ini kah?",0,1,47,Daftar Gelombang Januari,0.8141540288925171,30,Korea Degree Min,0.7975804209709167,39,Beasiswa Kkn Program,0.7924731969833374
7594839784590443272,univsiberasia,"Hai, bisa ya daftar di gelombang yang sekarang🤗",0,0,47,Daftar Gelombang Januari,0.8404407501220703,79,Daftar Sudah Kamu,0.8036423921585083,3,Buka Pendaftaran Masih,0.7782269716262817
7594087503973024529,aulia.17.08,min terima aku yaaaa tahun ini wkwk,0,1,118,Desember Baca Depan,0.8288542032241821,34,Daftar Tinggal Baru,0.7437416911125183,62,Semoga Allah Doain,0.7339634895324707
7594379195984347922,univsiberasia,Ini Mimin ditembak??😳😳,1,0,60,Admin Dm Boleh,0.4520094394683838,26,Adek Duluan Nurul,0.6761882305145264,90,Binus Adsfort Harga,0.671165943145752
7596201880638096135,kirana.rie_,pendaftaran beasiswa kapan kak?,0,0,31,Kapan Pendaftarannya Gelombang,0.9178249835968018,78,Kapan Min Gel,0.8578448295593262,3,Buka Pendaftaran Masih,0.8391262292861938
7599205911324934913,byeonwooseok39,Ka lirik dm ku🙏🏻,0,0,23,Dm Cek Izin,0.7966009378433228,38,Ih Maba Grupnya,0.7108228206634521,116,Ig Akun Sering,0.7097159624099731
7595759848890516245,ryhannnn6,ada jalur rpl ngga kak,0,0,68,Rpl Pengalaman Jalur,0.8962376713752747,39,Beasiswa Kkn Program,0.8838155269622803,37,S2 Ada Doktoral,0.8279526233673096
7595187968881705744,the_mutiara03,"min, mau tanya kan saya jauh ni di Riau terus ujian nya gimana?? apa online juga ? atau harus datang ? mohon di jawab ya min...lagi bimbang mau masuk mana 😭",0,1,49,Ijazahnya Lulus Kan,0.8592449426651001,21,Malam Shift Begitu,0.8255041241645813,91,Ulang Bayar Isi,0.8003726005554199
7595433421535560466,univsiberasia,"Hi Kak, ujian di UNSIA 100% full online ya🤗 jadi jangan khawatir..🤩",0,0,44,100 Learning Fully,0.8543373346328735,2,Website Id Ac,0.8280574083328247,10,Maret April Bulan,0.8167335987091064
7594248346227852050,fatihatunnisa_,pengen s2 nyaaa,0,0,80,S2 S2Nya Nya,0.902802586555481,114,S2 Lita Anis,0.8367024660110474,95,S2 Belum Insyallah,0.79184889793396
7602491183391015687,rmunchild,ada sistem skripsi atau sidang ga kk,0,0,11,Skripsi Sidang Tidak,0.7644767761230469,7,Offline Ujiannya Online,0.7226969003677368,42,Jurusan Ekonomi Hukum,0.7168219089508057
7593955317341750037,masheriiiiiiiiiiiii,Kak ada program s2 kah?,0,0,73,Program Dibuka Saat,0.7440447807312012,37,S2 Ada Doktoral,0.9103599786758423,50,S2 Pendidikan Hukum,0.8978614807128906
7594291792058303249,jualgaunlabuanbajo,s2 nya blm ada ya?,0,0,95,S2 Belum Insyallah,0.9466263055801392,80,S2 S2Nya Nya,0.8779044151306152,37,S2 Ada Doktoral,0.8456453680992126
7599988653003424533,mbohlah_blas,BAHASA KOREA KAPAN DIBUKA MINTT😭😭,0,0,30,Korea Degree Min,0.6720938682556152,78,Kapan Min Gel,0.691197395324707,134,Pjj Akre Industri,0.6771496534347534
7590709965028262664,noprianti_,prodi s2 ada ga min?,0,1,50,S2 Pendidikan Hukum,0.9267867803573608,37,S2 Ada Doktoral,0.892318844795227,4,D3 S1 Lanjut,0.866715669631958
7592109443257860882,univsiberasia,Saat ini untuk program S2 belum dibuka nih Kakak di UNSIA;(,0,0,67,Program Belum Dibuka,0.9327753186225891,73,Program Dibuka Saat,0.8740992546081543,54,Membuka Lho Mahasiswa,0.8192407488822937
7590451636334625543,potretgemoy_serang,"min, aku mau tanya, aku kan dari kampus swasta udh semester 6 nah tpi karena kerja aku jadi cuti klo misal mau pindah kira2 bisa ga ya ? bisa lanjut smester ga ya",0,1,49,Ijazahnya Lulus Kan,0.8973183631896973,21,Malam Shift Begitu,0.8591874837875366,46,Ut Pengin Bidang,0.8247706890106201
7592109565308568327,univsiberasia,"Hi Kakak, bisa ya melalu jalur alih jenjang atau konversi🤗",0,0,12,Konversi Jalur Melalui,0.9232794046401978,22,Pindahan Menerima Ut,0.7858920097351074,76,Paket Ijazah Sih,0.7586039304733276
7594464781290439441,ammarmaruf44,ada teknik ga,0,3,11,Skripsi Sidang Tidak,0.7068098187446594,125,Gratis Tersedia Pesan,0.7868392467498779,122,Kalbar Ia Kebingungan,0.709654688835144
7594468842261627655,univsiberasia,"UNSIA memiliki 5 prodi ya Kak yaitu akuntansi, informatika, sistem informasi, komunikasi dan manajemen 😊",0,0,63,Informasi Informatika Akuntansi,0.9268844127655029,136,Yaitu Akuntansi Terdapat,0.925645112991333,130,Pt Terakreditasi Ban,0.6958420276641846
7595959099931476737,teh.neng80,spill biayanya min🙏jurusan S1 prodi manajemen,0,0,133,Spill Alisnya Spil,0.5238583087921143,50,S2 Pendidikan Hukum,0.7154386043548584,4,D3 S1 Lanjut,0.7150534391403198
7596165335674962695,univsiberasia,Semua jurusan UKTnya hanya 3jt ya Kakak🤩,0,0,1,Dicicil 3Jt Hanya,0.8430496454238892,77,Per Berapa Semester,0.792455792427063,95,S2 Belum Insyallah,0.7792054414749146
7591572061160702740,antxsd,Apakah bisa RPL?,0,1,69,Apakah S1Hukum Perdagangan,0.8192929625511169,68,Rpl Pengalaman Jalur,0.767947256565094,11,Skripsi Sidang Tidak,0.7275629639625549
7591720618930029332,einaafets,Bisa tp bukan rpl pengalaman kerja,0,0,68,Rpl Pengalaman Jalur,0.7847970128059387,132,Mending Ptnbh Alumni,0.6809083223342896,93,Jujur Review Kata,0.6757802963256836
7591730619387151112,dheaa_107,aku stay malaysia pengen,2,1,9,Kip Unsia Diterima,0.5545054078102112,38,Ih Maba Grupnya,0.5988191366195679,104,Aman Unas Ciber,0.5731613636016846
7591770336301269768,univsiberasia,"Bisa banget karena UNSIA 100% full online, jadi Kakak bisa langsung daftar sekarang di pmb.unsia.ac.id, pilih jurusan favorit, dan mulai kuliah online fleksibel dari mana aja🤩",1,0,83,Pilih Favorit Mulai,0.9643969535827637,101,Favorit Pilih Fleksibel,0.9512147307395935,2,Website Id Ac,0.8393575549125671
7591720751725740818,imaiwd,cara pendaftaran min,1,1,41,Info Link Cara,0.7994050979614258,107,Daftarnya Cara Bagaimana,0.7441155910491943,78,Kapan Min Gel,0.7038360238075256
7591770129957929735,univsiberasia,"Kakak bisa langsung daftar sekarang di pmb.unsia.ac.id, pilih jurusan favorit, dan mulai kuliah online fleksibel dari mana aja🤩",0,0,83,Pilih Favorit Mulai,0.9858773946762085,101,Favorit Pilih Fleksibel,0.9645260572433472,2,Website Id Ac,0.8257429599761963
7592294991268037383,ariiwiijayaa,jurusan SMK Akuntansi apakah harus ke jurusan yg berhubungan dengan akuntansi juga ka?,0,1,0,Jurusan Teknik Inggris,0.8246831893920898,4,D3 S1 Lanjut,0.8032469749450684,50,S2 Pendidikan Hukum,0.7786100506782532
7592461498262487826,univsiberasia,"Hai Kak, ngga juga ko Kak, kalau Kakak minat ke jurusan lain gapapa 🤩",0,0,46,Ut Pengin Bidang,0.8049877882003784,49,Ijazahnya Lulus Kan,0.7964832782745361,119,Teman Syarat Magang,0.7808990478515625
7599993923075080981,blu3berryy11,untuk tugas akhir apakah cuman skripsi? apa ada opsi lain?,216,9,58,Tugas Akhir Skripsi,0.7775610089302063,69,Apakah S1Hukum Perdagangan,0.7541177272796631,119,Teman Syarat Magang,0.7348010540008545
7602867597458555669,einaafets,"Tugas akhir ada 3 pilihan ka, penelitian kuantitatif kualitatif, prototype, dan kolaborasi antar prodi",47,0,58,Tugas Akhir Skripsi,0.6247267127037048,63,Informasi Informatika Akuntansi,0.611602783203125,136,Yaitu Akuntansi Terdapat,0.5665647983551025
7603381278146560776,akupadamu4325,"ini mah jenis metode penelitian ,klo tugas akhir ada 2 skripsi & komprehensif .",14,0,58,Tugas Akhir Skripsi,0.7462201118469238,71,Wisuda Uts Uas,0.6125675439834595,132,Mending Ptnbh Alumni,0.6083019375801086
7604115966671438599,agungperdana52,kalau ujiannya itu online kan ka? atau offline? soalnya diut itu offline kalau ujiannya,0,0,7,Offline Ujiannya Online,0.8554442524909973,71,Wisuda Uts Uas,0.8244617581367493,112,Ujian Tes Online,0.8184289336204529
7604116291830874898,akupadamu4325,𝙖𝙠𝙪 𝙤𝙛𝙛𝙡𝙞𝙣𝙚,0,0,90,Binus Adsfort Harga,0.8145872354507446,131,Next Up Gass,0.7837380170822144,29,Menyimak Nyimakkk Ut,0.7710049152374268
7604116792038474514,agungperdana52,bsa online ga ka?,0,0,112,Ujian Tes Online,0.822934627532959,108,Offline Onsite Onnline,0.8896684646606445,115,Full Fisik Diunsia,0.8779922723770142
7604131968289571602,akupadamu4325,tergantung kampusnya kak,0,0,128,Main Kampusnya Kekampus,0.7429036498069763,104,Aman Unas Ciber,0.7589671611785889,135,Infoin Mau Lantang,0.7525454163551331
7604505075838665473,rey33_yeah,Ut ada uas online kali,1,0,7,Offline Ujiannya Online,0.7865217924118042,112,Ujian Tes Online,0.8022065162658691,64,Full Online Serba,0.7990446090698242
7603417998447837972,blu3berryy11,maaf kak komprehensif apa ya?,2,0,35,Infonya Terima Kasih,0.76854407787323,8,Tanya Bertanya Chat,0.7870783805847168,15,Hi Halo Dong,0.7765121459960938
7603560256199099157,aga.ee,"biasanua setiap kmpus ad 3 opsi, skripsi, upload sinta dan upload scopus",0,0,58,Tugas Akhir Skripsi,0.6606926321983337,71,Wisuda Uts Uas,0.6408320069313049,132,Mending Ptnbh Alumni,0.6381667852401733
7655907287390864148,sweetpotatosca,tes seleksi Unsia susah ga gais? yg udh pernah bisa tolong spill🙏,0,1,133,Spill Alisnya Spil,0.7410521507263184,30,Korea Degree Min,0.7920122146606445,22,Pindahan Menerima Ut,0.7764796018600464
7655963728505291538,nominomii06,"engga susah ka, aman aja",0,0,104,Aman Unas Ciber,0.680783212184906,45,Enggak Ribet Fh,0.7009228467941284,93,Jujur Review Kata,0.6582217812538147
7604294101979431701,anie9838,Udah gak sabar padhl baru semester satu 😭😭😭,15,7,57,Nilai Sesi Sabar,0.8055692911148071,88,Pindah Semester Ngulang,0.6888672709465027,59,Tugas Numpuk Tugasnya,0.6866593360900879
7607490993906533140,laelaaaa244,kaa kuliahnya full online?,1,0,64,Full Online Serba,0.8873995542526245,102,100 Fully Bk,0.8296349048614502,112,Ujian Tes Online,0.8128200769424438
7607632452463444757,anie9838,Iyah kak🤣,0,0,81,Iya Oke Orang,0.9248923659324646,75,Iya Iyapp Introvert,0.8682368397712708,92,Samaaa Sama Konveksi,0.8604846000671387
7609419150222148360,xyzzz488,Ngambil prodi apa kak?,0,0,84,Ngambil Ambil Apa,0.9282972812652588,16,Apa Saja Jurusan,0.8568012714385986,6,Dimana Daerah Mana,0.8531705141067505
7609462077380805396,anie9838,Komunikasi kak,0,0,26,Adek Duluan Nurul,0.9139993190765381,92,Samaaa Sama Konveksi,0.8169612884521484,75,Iya Iyapp Introvert,0.8114423155784607
7613807179271996180,makanapaaaaaa,Halo ka bole tau jadwal jamberapa kl zoom? Dan brp hari dlm seminggu,0,0,123,Jam Kelas Karyawan,0.8317840099334717,89,Tanggal Gelombang Bulan,0.7524263262748718,77,Per Berapa Semester,0.7450355291366577
7613950206413439765,anie9838,Tergantung dosen kak 😁,0,0,55,Sukses Selalu Sehat,0.5269435048103333,26,Adek Duluan Nurul,0.78916335105896,51,Open Otw Pkl,0.7708112001419067
7609462144656048916,anie9838,Yes,0,0,20,Yes  ,0.8577331304550171,40,One Yaallahh Day,0.8601299524307251,29,Menyimak Nyimakkk Ut,0.858098030090332
7623249304946049809,aguuinaldo,unsia akreditasi apa ya?,8,1,74,Akreditasinya Asia Siber,0.9140685796737671,84,Ngambil Ambil Apa,0.8300840854644775,30,Korea Degree Min,0.8129358887672424
7623427330426684178,fajril445,B k,0,0,-1,Mantab Uk Belakang,0.0,90,Binus Adsfort Harga,0.821804940700531,14,Fitriyani Andriani Udin69Can,0.8057790398597717
7644596462315701008,kaysnnnnak,kk jurusan hukum ada gk y?,0,1,0,Jurusan Teknik Inggris,0.9169889688491821,37,S2 Ada Doktoral,0.8593026995658875,50,S2 Pendidikan Hukum,0.857358455657959
7644779374736605973,mac_berlin,gaada kak,0,0,45,Enggak Ribet Fh,0.914925217628479,43,Belum Huhu Nih,0.8377901315689087,51,Open Otw Pkl,0.8218562602996826
7621902486475145991,kamuhrustau,ada almet nya ga sih?,3,1,11,Skripsi Sidang Tidak,0.834924042224884,6,Dimana Daerah Mana,0.7919778227806091,39,Beasiswa Kkn Program,0.7879427671432495
7639644016405709588,ferdiansyah7474,beli almet USIA dimana kak?,0,0,6,Dimana Daerah Mana,0.8048532009124756,52,Web Lewat Kemana,0.7575792074203491,18,Berapa Biaya Bayar,0.7334734201431274
7604891134972691221,mikael._06,ini gada offline nya gitu sekali minimal seminggu pgn bgt😭,15,7,64,Full Online Serba,0.7499184608459473,59,Tugas Numpuk Tugasnya,0.7296055555343628,93,Jujur Review Kata,0.7203501462936401
7639643481598329621,ferdiansyah7474,beli almet USIA dimana ya kak?,0,0,6,Dimana Daerah Mana,0.7996703386306763,52,Web Lewat Kemana,0.784936785697937,18,Berapa Biaya Bayar,0.759074330329895
7622504666987135751,whyfaahh_,"ka, aku mau nanya2 boleh ga??",0,0,8,Tanya Bertanya Chat,0.90253746509552,120,Tanya Non S2Nya,0.8138794898986816,117,Boleh Bolehhh Dong,0.8084205389022827
7611940577470645013,pinaravit17,mau tanya lagi ka klo misal ada zoom gtu biasanya wktu nya kapan ya? apakah mlm? soalnya saya kerja dri pgi smpe aga malem🙏🏻,0,0,21,Malam Shift Begitu,0.8501343727111816,123,Jam Kelas Karyawan,0.8373576402664185,49,Ijazahnya Lulus Kan,0.7980068922042847
7611939309415629589,pinaravit17,makasi kaka🙏🏻,0,0,98,Terima Kasih Murid,0.9240933656692505,97,Salam Mantap Kenal,0.7637256383895874,35,Infonya Terima Kasih,0.7579704523086548
7611931536121004821,pinaravit17,pendaftaran maba kapan ka?,0,0,31,Kapan Pendaftarannya Gelombang,0.9167212843894958,78,Kapan Min Gel,0.8519296050071716,3,Buka Pendaftaran Masih,0.8340564966201782
7611872696995382036,pinaravit17,ka berarti ga dapet almet gitu ya atau tetep dapet?,0,0,11,Skripsi Sidang Tidak,0.681196928024292,115,Full Fisik Diunsia,0.7532438635826111,76,Paket Ijazah Sih,0.7466292977333069
7610005410113110791,xbz85,klo mau ikut kegiatan itu gimana ya kak?,0,0,135,Infoin Mau Lantang,0.7357262372970581,33,Bagaimana Wisudanya Tes,0.830571174621582,17,Cara Daftarnya Bagaimana,0.8146865367889404
7602137177627640594,iniisshaaa,haii kakk unsia ada program beasiswa?,1,3,54,Membuka Lho Mahasiswa,0.8265255093574524,67,Program Belum Dibuka,0.8311687111854553,66,Dibuka Mahasiswa Baru,0.803510308265686
7602196143972533010,univsiberasia,"Ada lho Kak, dan saat ini sedang dibuka kembali program beasiswa🤩",0,0,54,Membuka Lho Mahasiswa,0.8273941278457642,66,Dibuka Mahasiswa Baru,0.8173215985298157,67,Program Belum Dibuka,0.7689178586006165
7602294242744124168,iniisshaaa,info min,0,0,41,Info Link Cara,0.8181762099266052,26,Adek Duluan Nurul,0.7110342979431152,90,Binus Adsfort Harga,0.7020387649536133
7602252302158267137,saskiiiiaaprrr,Mau ka,0,0,135,Infoin Mau Lantang,0.9015587568283081,87,Hihi Jugakk Wakty,0.8620047569274902,117,Boleh Bolehhh Dong,0.8505421280860901
7601194973350494997,ftrynii_6,"haiii kakk. kalo di unsia ada maksimal umur gak?, semisal pas baru lulus smk aku gak ngambil gapyear duluu itu masih bisa gak ka?",0,1,49,Ijazahnya Lulus Kan,0.901975691318512,21,Malam Shift Begitu,0.8471202850341797,46,Ut Pengin Bidang,0.824996292591095
7601415938752185106,niliee_,bisa ka,0,0,87,Hihi Jugakk Wakty,0.9871407151222229,53,Dong Kayaknya Banget,0.8916923999786377,135,Infoin Mau Lantang,0.8565638661384583
7604250611253068551,tempat.naruh.capek,apakah ada beasiswa disana gak kak?,2,2,39,Beasiswa Kkn Program,0.8952858448028564,120,Tanya Non S2Nya,0.8464646339416504,69,Apakah S1Hukum Perdagangan,0.8379987478256226
7604839770656899847,cantikaidaf,"ada kakk, saat ini sedang dibuka jalur beasiswa yaww",0,0,66,Dibuka Mahasiswa Baru,0.8233217597007751,67,Program Belum Dibuka,0.8171934485435486,54,Membuka Lho Mahasiswa,0.8144009709358215
7604839918132675346,tempat.naruh.capek,dimana tuh,0,0,6,Dimana Daerah Mana,0.8048163652420044,24,Ayo Ikutt Ikut,0.7513386607170105,51,Open Otw Pkl,0.7488027811050415
7604115821229769490,agungperdana52,kalau ujiannya itu offline atau online ka?,2,1,7,Offline Ujiannya Online,0.9034879803657532,112,Ujian Tes Online,0.8651394844055176,71,Wisuda Uts Uas,0.8287867307662964
7604839814005392135,cantikaidaf,ujian nya full online ya kak,1,0,112,Ujian Tes Online,0.9323646426200867,7,Offline Ujiannya Online,0.8758142590522766,71,Wisuda Uts Uas,0.8314817547798157
7599946066389353217,henimutiy,kk kalo domisili lampung ada gk,1,9,9,Kip Unsia Diterima,0.7476485967636108,22,Pindahan Menerima Ut,0.8467070460319519,76,Paket Ijazah Sih,0.8252214193344116
7599993208772379399,voilla98,"Saya juga dari Lampung Timur, kuliah di UNSIA, skrng domisili di Taiwan, dari prodi Akuntansi... 🥰🙏",4,0,9,Kip Unsia Diterima,0.7524451017379761,5,Kerja Negeri Kuliah,0.7477371692657471,46,Ut Pengin Bidang,0.7392747402191162
7600006287145829140,lisa_siregar.03,"Kak aku dari Lampung tengah, stay Malaysia, prodi akuntansi juga🥰",2,0,9,Kip Unsia Diterima,0.8381457924842834,46,Ut Pengin Bidang,0.8154416084289551,5,Kerja Negeri Kuliah,0.7951444387435913
7639272818932269842,rilan_salontulangbawang,Susah tidak kk diunsia?dan zoom trus kh?,1,0,115,Full Fisik Diunsia,0.7277895212173462,104,Aman Unas Ciber,0.6841171979904175,133,Spill Alisnya Spil,0.6726661324501038
7610710951596278549,prettymom97_,"Kak,izin dm",1,0,23,Dm Cek Izin,0.9251885414123535,60,Admin Dm Boleh,0.8193355798721313,116,Ig Akun Sering,0.7912363409996033
7599954893861126933,dwiimup4,Kak aku dri lmpung merantau di jkt dan kuliah online,1,0,9,Kip Unsia Diterima,0.7374035120010376,46,Ut Pengin Bidang,0.7411080598831177,5,Kerja Negeri Kuliah,0.7324753999710083
7599956002742125313,henimutiy,kalo ambil kuliah onlennya di lampung bisa gk karna kerja di lampung jga kk,1,0,5,Kerja Negeri Kuliah,0.850368082523346,22,Pindahan Menerima Ut,0.799749493598938,30,Korea Degree Min,0.7920486927032471
7599956324902060821,dwiimup4,Bisa kak bhkn kk di luar negeri pun bisa,1,0,22,Pindahan Menerima Ut,0.6900390386581421,5,Kerja Negeri Kuliah,0.7012439370155334,108,Offline Onsite Onnline,0.6865559816360474
7599955484410462983,anias_mimy,Kak q dari palembang kk kuliah di unsia juga,0,0,9,Kip Unsia Diterima,0.8650327920913696,46,Ut Pengin Bidang,0.8007047176361084,30,Korea Degree Min,0.7690075635910034
7599980658441945863,univsiberasia,"Hai Kakak, UNSIA menerapkan sistem perkuliahan secara online maka kakak bisa berkuliah dimana saja dan kapan saja. Nah UNSIA bisa menjadi tujuan kakak yg ingin kuliah sambil bekerja kak karena memang waktunya fleksibel dan bisa dilaksanakan kapanpun dan dimanapun🤩",4,0,72,Tujuan Berkuliah Dimanapun,0.983522355556488,86,Darimana 100 Jadi,0.8453937768936157,101,Favorit Pilih Fleksibel,0.7607816457748413
7611976370348524309,siapaajh12,persemester bayar brpa ka,3,4,18,Berapa Biaya Bayar,0.9060366153717041,77,Per Berapa Semester,0.8507227897644043,65,Angkatan Berapa Kira,0.8343180418014526
7612513243387970312,univsiberasia,"Hi Kak, persemester hanya 3jt lhoo🤩",0,0,1,Dicicil 3Jt Hanya,0.8358152508735657,104,Aman Unas Ciber,0.6989065408706665,41,Info Link Cara,0.6905580163002014
7639643912525447956,ferdiansyah7474,apakah bisa dicicil setiap semesternya apa tidak kak?,0,0,1,Dicicil 3Jt Hanya,0.8016092777252197,77,Per Berapa Semester,0.8257921934127808,18,Berapa Biaya Bayar,0.7767537832260132
7629595979609047815,agathaamokosuli,nitip kak klw jurusan pskolog brp per bulan yh?🙏🏻,0,0,121,Nitip Kabarin Mencari,0.6108543872833252,77,Per Berapa Semester,0.8544121980667114,18,Berapa Biaya Bayar,0.818804144859314
7620107207816332040,misslatiefah24,kalau jurusan PAI per semester brp kk,0,0,77,Per Berapa Semester,0.8740226030349731,16,Apa Saja Jurusan,0.7917979955673218,65,Angkatan Berapa Kira,0.7645177841186523
7599986170571981589,wishlistcheckout,kak kalau yang baru lulus SMA daftar nya ikut gelombang mana ya ?,4,2,47,Daftar Gelombang Januari,0.8088151216506958,49,Ijazahnya Lulus Kan,0.8432443141937256,52,Web Lewat Kemana,0.8323100805282593
7608083919409611521,olabisie_,"kak kalau bulan 3 nanti baru lulus nyaa, daftar ikut gelombang mana ya?",0,0,47,Daftar Gelombang Januari,0.8342641592025757,49,Ijazahnya Lulus Kan,0.8639413118362427,106,Hasil Seleksi Pengumuman,0.8325657844543457
7608088547534586632,univsiberasia,"Hi Kak, Kakak bisa mendaftar di semester ganjil yahh, dan pendaftarannya dibuka di bulan Juli🤗",2,0,10,Maret April Bulan,0.9003884792327881,109,Ditutup Khawatir Kembali,0.8496008515357971,73,Program Dibuka Saat,0.8194231986999512
7600058378082534162,xbz85,cari temen baru dri aku anak ilkom,3,1,119,Teman Syarat Magang,0.5616361498832703,27,Join Grup Yuk,0.6688476800918579,9,Kip Unsia Diterima,0.6459707021713257
7610003772273705736,xbz85,kirakira kapan kak masuk grup nyaa,0,0,31,Kapan Pendaftarannya Gelombang,0.8424581289291382,27,Join Grup Yuk,0.827653169631958,65,Angkatan Berapa Kira,0.8226415514945984
7600027717597971220,adelmasiidup,daftarnya dimana ya kak?,0,4,52,Web Lewat Kemana,0.9057958722114563,31,Kapan Pendaftarannya Gelombang,0.8626155853271484,17,Cara Daftarnya Bagaimana,0.8556281328201294
7600031594287809298,univsiberasia,"Gampang banget tau Kak, Kakak bisa langsung daftar sekarang di pmb.unsia.ac.id, pilih jurusan favorit, dan mulai kuliah online fleksibel dari mana aja🤩",3,0,101,Favorit Pilih Fleksibel,0.975054919719696,83,Pilih Favorit Mulai,0.9641889333724976,2,Website Id Ac,0.8491187691688538
7600166831248818964,hi.ay__,Semester akhr ada skripsi gak min?,0,0,11,Skripsi Sidang Tidak,0.8251135349273682,30,Korea Degree Min,0.8171969652175903,39,Beasiswa Kkn Program,0.8020721077919006
7600209605617353490,univsiberasia,Untuk tugas akhir di UNSIA menggunakan skripsi ya Kak,0,0,58,Tugas Akhir Skripsi,0.929088830947876,30,Korea Degree Min,0.8162081241607666,67,Program Belum Dibuka,0.7989055514335632
7600713503120638728,lesykatanya98,kalau skripsi di ACC nya lewat online kah kak atau offline,0,0,7,Offline Ujiannya Online,0.8798354864120483,115,Full Fisik Diunsia,0.8243733048439026,22,Pindahan Menerima Ut,0.8133782744407654
7603392384365380359,kiki.fatmawati11,"ya allah mau kuliah, tapi umur ku 28 🥲",0,4,100,Umur Usia Irt,0.7414319515228271,46,Ut Pengin Bidang,0.7229421138763428,62,Semoga Allah Doain,0.7045973539352417
7603619173410865928,univsiberasia,"Nggak ada batasan umur kok Kakak
Di UNSIA, yang penting semangat belajarnya, bukan usianya 🙌
Karena belajar itu nggak kenal umur, yang muda semangat, yang udah berpengalaman juga makin keren",2,0,85,Umur Muda Batasan,0.8635450601577759,59,Tugas Numpuk Tugasnya,0.7053186893463135,86,Darimana 100 Jadi,0.7049878835678101
7605903069357228818,indriyan384,Aku juga kak bhkan aku udh nikah dan punya anak . Hari ini kau baru daftr kaka ..,0,0,34,Daftar Tinggal Baru,0.7414524555206299,79,Daftar Sudah Kamu,0.7034154534339905,38,Ih Maba Grupnya,0.6849548816680908
7607490838192751381,laelaaaa244,di unsia ka? prodi apa?,0,0,74,Akreditasinya Asia Siber,0.8826143741607666,84,Ngambil Ambil Apa,0.8731565475463867,0,Jurusan Teknik Inggris,0.8558852672576904
7607640909723026183,indriyan384,Manajemn kak,0,0,26,Adek Duluan Nurul,0.8603794574737549,92,Samaaa Sama Konveksi,0.7974666357040405,24,Ayo Ikutt Ikut,0.7924929857254028
7600058062284981013,wesskincf,"Aku udh daftar dan tahun ini jadi mahasiswi unsia,🥺🥰",0,2,9,Kip Unsia Diterima,0.8306595087051392,111,Alhamdulillah Keluarga Bagian,0.8065160512924194,46,Ut Pengin Bidang,0.7820645570755005
7600311582774657810,univsiberasia,"Wahhh, semoga Mimin bisa bikin konten bareng Kakak ya pas wisuda🤩",2,0,96,Secara Dilaksanakan Hybrid,0.7614843845367432,62,Semoga Allah Doain,0.8081408143043518,118,Desember Baca Depan,0.7580187916755676
7600324110191231765,wesskincf,"semoga ya min,mau bgt bikin konten bareng mimin pas wisuda nanti🥰",0,0,62,Semoga Allah Doain,0.8298017978668213,118,Desember Baca Depan,0.7757351398468018,34,Daftar Tinggal Baru,0.7481161952018738
7610641961607889672,rastia_0,Akku umur 23 pengen bngeet daftar kuliah disni bissa ikutan daftar beasiswa ga?:(,7,1,100,Umur Usia Irt,0.788013219833374,46,Ut Pengin Bidang,0.784263014793396,5,Kerja Negeri Kuliah,0.7814913988113403
7611472176763634440,ppmbunsia,"Halo Kak, bisa banget Kak",0,0,15,Hi Halo Dong,0.934867262840271,87,Hihi Jugakk Wakty,0.80512934923172,53,Dong Kayaknya Banget,0.8046891689300537
7621408127620104968,zillazippy,Sumut bisa kuliah di sini ga sih? Soalnya takut tiba-tiba offline,2,2,5,Kerja Negeri Kuliah,0.8342621326446533,46,Ut Pengin Bidang,0.8105729222297668,88,Pindah Semester Ngulang,0.8046431541442871
7621466617171591943,ppmbunsia,Bisa Kak,1,0,87,Hihi Jugakk Wakty,0.9871407151222229,53,Dong Kayaknya Banget,0.8916923999786377,135,Infoin Mau Lantang,0.8565638661384583
7634168218860978960,unknown1110718,kak kalo misal nih wisuda itu nanti online atau datang ke univ?,1,0,71,Wisuda Uts Uas,0.8466142416000366,7,Offline Ujiannya Online,0.8440285921096802,21,Malam Shift Begitu,0.8226672410964966
7639040557163397895,riyanhalawa_,kak dimedan ada ngak ya,1,2,135,Infoin Mau Lantang,0.7518637776374817,6,Dimana Daerah Mana,0.8125749230384827,39,Beasiswa Kkn Program,0.7988588809967041
7639237293329171218,univsiberasia,UNSIA menerapkan sistem perkuliahan secara online maka kakak bisa berkuliah dimana saja dan kapan saja. Nah UNSIA bisa menjadi tujuan kakak yg ingin kuliah sambil bekerja kak karena memang waktunya fleksibel dan bisa dilaksanakan kapanpun dan dimanapun🤩,0,0,72,Tujuan Berkuliah Dimanapun,0.9864195585250854,86,Darimana 100 Jadi,0.8303506970405579,101,Favorit Pilih Fleksibel,0.7410690784454346
7639390415845901063,riyanhalawa_,lokasi pusat kampus nya dimana kak,0,0,6,Dimana Daerah Mana,0.8644481897354126,52,Web Lewat Kemana,0.8268654346466064,18,Berapa Biaya Bayar,0.7977093458175659
7610472717750453013,lovarys26,"Kak mau tanya kalau wisudanya offline nanti dimana ya, apa nyewa gedung sendiri seperti kampus sebelah?",2,1,7,Offline Ujiannya Online,0.8215725421905518,49,Ijazahnya Lulus Kan,0.872866153717041,21,Malam Shift Begitu,0.859308660030365
7611472316451750674,ppmbunsia,wisuda offline ada di jakarta Kak mempunyai gedung sendiri,1,0,7,Offline Ujiannya Online,0.6863040924072266,71,Wisuda Uts Uas,0.6918601989746094,96,Secara Dilaksanakan Hybrid,0.6905158162117004
7613188774446007047,shasamicinn,"Kak , Aku kan mahasiswa S1 PGSD UT smt 1 , ap bs double degree ke unsia? Dan papaku kan almarhum pensiun kepala sekolah apa bisa mendapat beasiswa keluarga guru ? 😳",0,3,111,Alhamdulillah Keluarga Bagian,0.6432375907897949,49,Ijazahnya Lulus Kan,0.8287494778633118,4,D3 S1 Lanjut,0.8214900493621826
7613230577797874439,univsiberasia,"Di UNSIA bisa double degree ya Kak, untuk program beasiswa PGRI bisa ya, namun saat ini belum dibuka kembali program beasiswanya😊",0,0,67,Program Belum Dibuka,0.8767924308776855,73,Program Dibuka Saat,0.8484522700309753,49,Ijazahnya Lulus Kan,0.802255392074585
7631896947204358932,ayudewadanu,ka sama aku pemdidikan bahasa inggris di UT mau Doble degree di unsian ambil management,0,0,0,Jurusan Teknik Inggris,0.76589035987854,30,Korea Degree Min,0.8243125677108765,4,D3 S1 Lanjut,0.8035191297531128
7631897063411794695,shasamicinn,Wah semangat kakkk 😁,0,0,113,Semangat Wah Berpikir,0.9013149738311768,25,Amin Selalu Semangat,0.8127487897872925,48,Betul Banget Lucu,0.7955046892166138
7605788653130777352,__ara0,Untuk daerah Tasikmalaya bisa gak ya?,4,3,6,Dimana Daerah Mana,0.6918972730636597,22,Pindahan Menerima Ut,0.7792305946350098,120,Tanya Non S2Nya,0.7543871402740479
7606326451563119368,univsiberasia,"Bisa banget dong Kak, karena UNSIA 100% full online, jadi bisa kuliah darimana saja dan kapan saja🤗",2,0,86,Darimana 100 Jadi,0.9248727560043335,72,Tujuan Berkuliah Dimanapun,0.8250799179077148,5,Kerja Negeri Kuliah,0.8046979904174805
7606701719116497682,yanpii11,daerah jabodetabek ada dimana aja ka,0,0,6,Dimana Daerah Mana,0.7695288062095642,108,Offline Onsite Onnline,0.7358968257904053,52,Web Lewat Kemana,0.7350543141365051
7606622385923949319,iniloiyy,kak cara daftar nya gimna pendaftaran tahun ini kapan ya kak? dan btw ini 3 atau 4 thn?,0,0,79,Daftar Sudah Kamu,0.7952327132225037,49,Ijazahnya Lulus Kan,0.8551617860794067,31,Kapan Pendaftarannya Gelombang,0.843239426612854
7625260432936403720,ruuhymedia,ada prodi psikolog kak?,0,2,0,Jurusan Teknik Inggris,0.8596360683441162,51,Open Otw Pkl,0.8601595759391785,37,S2 Ada Doktoral,0.8217320442199707
7625478860334760712,univsiberasia,"Saat ini UNSIA memiliki 6 prodi Kak yaitu, akuntansi, manajemen, komunikasi, sistem informasi, teknik informatika, dan teknologi informasi🤩",2,0,63,Informasi Informatika Akuntansi,0.859413743019104,136,Yaitu Akuntansi Terdapat,0.8495153188705444,130,Pt Terakreditasi Ban,0.5971028804779053
7626177230003864341,diinaa_zahh,rekomendasiin jurusan yg cocok dong min buat saya yg pngn bgt kuliah pertanian tapi keterbatasan biaya 😔🙏🏻,0,0,128,Main Kampusnya Kekampus,0.7201592326164246,119,Teman Syarat Magang,0.7983438968658447,5,Kerja Negeri Kuliah,0.7856011390686035
7612092629745369874,babykoya18,kira2 S2 hukum di unsia bagus ngga ya soalnya Nyambi kerja,0,0,30,Korea Degree Min,0.8451950550079346,119,Teman Syarat Magang,0.8232154846191406,50,S2 Pendidikan Hukum,0.8228623270988464
7628030488569725717,ty37756,Kak pendaftaran unsia berikutnya kapan,0,2,31,Kapan Pendaftarannya Gelombang,0.8626174330711365,78,Kapan Min Gel,0.8233906030654907,89,Tanggal Gelombang Bulan,0.8177260160446167
7628083201013646087,univsiberasia,"Hi Kak, pendaftaran dibuka kembali di bulan Juni ya🤩",1,0,10,Maret April Bulan,0.9181973338127136,66,Dibuka Mahasiswa Baru,0.8162544369697571,109,Ditutup Khawatir Kembali,0.8121923208236694
7628120625760568072,nupaalll,pendaftaran nya dibuka lagi bulan Juni ya kaa?,0,0,10,Maret April Bulan,0.9179025292396545,3,Buka Pendaftaran Masih,0.8437103033065796,31,Kapan Pendaftarannya Gelombang,0.8415771722793579
7599950333413950228,ancetana,orang lain bisa kenapa aku gk bisa🗿🔊,46,1,5,Kerja Negeri Kuliah,0.5331397652626038,45,Enggak Ribet Fh,0.5844844579696655,38,Ih Maba Grupnya,0.5780318379402161
7599980832406078216,univsiberasia,"Bener Kak, pasti bisa juga dong kerja sambil kuliah🤗",11,0,5,Kerja Negeri Kuliah,0.8183313608169556,86,Darimana 100 Jadi,0.7913256883621216,46,Ut Pengin Bidang,0.7791562080383301
7621961675498947335,kaka_pethu,Sekarang posisi lagi galau kerja skripsi sama kerja laporan kerja mana waktu nya bersamaan dan lihat file skripsi saja udah mumet 😏🥹tapi mau wisuda 👨‍🎓 cepat,6,1,59,Tugas Numpuk Tugasnya,0.8191096186637878,57,Nilai Sesi Sabar,0.7345587611198425,21,Malam Shift Begitu,0.724817156791687
7622247340484723463,kaka_pethu,"Siappp benar skali, sukses terus ya k",1,0,25,Amin Selalu Semangat,0.8132768273353577,97,Salam Mantap Kenal,0.7347057461738586,55,Sukses Selalu Sehat,0.7234038710594177
7638284903859700496,brend_alguera,daftarnya oline juga apa si web situsnya unsia ka...?,1,2,52,Web Lewat Kemana,0.8149275779724121,74,Akreditasinya Asia Siber,0.8191390037536621,9,Kip Unsia Diterima,0.7754034996032715
7638518090922361618,univsiberasia,"Kakak bisa langsung daftar sekarang di pmb.unsia.ac.id, pilih jurusan favorit, dan mulai kuliah online fleksibel dari mana aja🤩",0,0,83,Pilih Favorit Mulai,0.9858773946762085,101,Favorit Pilih Fleksibel,0.9645260572433472,2,Website Id Ac,0.8257429599761963
7638532925597106945,brend_alguera,wajib beli almamater...?,0,0,24,Ayo Ikutt Ikut,0.7076869606971741,125,Gratis Tersedia Pesan,0.6896450519561768,90,Binus Adsfort Harga,0.6758913397789001
7609337920654721813,chacakiara,"unsia, aku calon mahasiswa 2027 nanti, S1 teknik informatika, aku dari Kalsel, semoga nanti bisaa dapetin kamu ya🥺",31,2,62,Semoga Allah Doain,0.8188266754150391,9,Kip Unsia Diterima,0.7544780969619751,46,Ut Pengin Bidang,0.75321364402771
7609902210894332679,univsiberasia,Wahh.. Aamiin Kak. Semoga bisa menjadi mahasiswa UNSIA yang unggul dan impian Kakak terwujud😊,4,0,62,Semoga Allah Doain,0.8446162939071655,25,Amin Selalu Semangat,0.7883133292198181,111,Alhamdulillah Keluarga Bagian,0.7814053297042847
7611919576134058760,hisindya,"kakkk, kan unisa kampus baru yaa, kenapa ga toganya ga dibuat yg beda misal kek binus, unpad gitu hehee",0,0,21,Malam Shift Begitu,0.8262895345687866,46,Ut Pengin Bidang,0.8096176385879517,49,Ijazahnya Lulus Kan,0.808025598526001
7635206694151521044,brian_erlangga07,dari pekanbaru bisa kuliah online ga kak,0,3,22,Pindahan Menerima Ut,0.8645035624504089,30,Korea Degree Min,0.8409382700920105,39,Beasiswa Kkn Program,0.8298808336257935
7635248456210826002,univsiberasia,"Hi Kak, bisa banget dong karena UNSIA 100% fully online🤩",0,0,44,100 Learning Fully,0.9526172876358032,86,Darimana 100 Jadi,0.8257484436035156,15,Hi Halo Dong,0.7916099429130554
7635286052799038226,aisyah_faroha,ka .. cara daftar y gmne ad jalur rpl gak yah🤭,0,0,17,Cara Daftarnya Bagaimana,0.8700391054153442,120,Tanya Non S2Nya,0.8577399253845215,39,Beasiswa Kkn Program,0.8321016430854797
7635850315762090770,cavi902,halo kak blh dm?,0,0,23,Dm Cek Izin,0.916777491569519,60,Admin Dm Boleh,0.8890568017959595,15,Hi Halo Dong,0.8419374823570251
7619205251696149268,harimjamilah.99,ada batasan usia ga ?,0,1,100,Umur Usia Irt,0.5950514674186707,125,Gratis Tersedia Pesan,0.6945866346359253,90,Binus Adsfort Harga,0.6354752779006958
7619205532817376018,univsiberasia,"Nggak ada batasan umur kok Kakak
Di UNSIA, yang penting semangat belajarnya, bukan usianya 🙌
Karena belajar itu nggak kenal umur, yang muda semangat, yang udah berpengalaman juga makin keren",0,0,85,Umur Muda Batasan,0.8635450601577759,59,Tugas Numpuk Tugasnya,0.7053186893463135,86,Darimana 100 Jadi,0.7049878835678101
7600000698932019986,satu_toko0,"udh gak sabar gw. .padhl
maba😀",2,2,57,Nilai Sesi Sabar,0.7311004400253296,38,Ih Maba Grupnya,0.6932229399681091,34,Daftar Tinggal Baru,0.6529697179794312
7600006086187352840,univsiberasia,Mimin juga gasabar bikin konten bareng Kakak pas wisuda nanti🤩,0,0,96,Secara Dilaksanakan Hybrid,0.76519775390625,62,Semoga Allah Doain,0.7666525840759277,34,Daftar Tinggal Baru,0.7558295726776123
7600031161561547538,satu_toko0,haaaa... siapppp lah pokoknya 🤭😀😀,0,0,9,Kip Unsia Diterima,0.5024406909942627,19,Com Nice Https,0.6532313823699951,48,Betul Banget Lucu,0.6487787961959839
7632917509734482696,mp.dhany,"Kak, kalo kuliah sambil kerja di jepang bisa?",2,1,5,Kerja Negeri Kuliah,0.9016496539115906,22,Pindahan Menerima Ut,0.8262103796005249,30,Korea Degree Min,0.8100543022155762
7633321891516973831,univsiberasia,"Hi Kak, bisa banget dong karena UNSIA 100% fully online🤗",1,0,44,100 Learning Fully,0.9526172876358032,86,Darimana 100 Jadi,0.8257484436035156,15,Hi Halo Dong,0.7916099429130554
7611892395576034069,sabrina.zulfawa,"Bismillah semoga bisa wisuda tahun ini, aamiin🤍. Terima kasih udah hadir Unsia ✨",0,0,25,Amin Selalu Semangat,0.7757823467254639,55,Sukses Selalu Sehat,0.8175597190856934,62,Semoga Allah Doain,0.7948768138885498
7605622182513558289,secc.match44,gpyear bisa masuk unsia ga si kak?,0,1,30,Korea Degree Min,0.8629096746444702,39,Beasiswa Kkn Program,0.8350540399551392,22,Pindahan Menerima Ut,0.8315873742103577
7606325873441096455,univsiberasia,Bisa dong Kak🤩,0,0,53,Dong Kayaknya Banget,0.9349392652511597,87,Hihi Jugakk Wakty,0.935305655002594,117,Boleh Bolehhh Dong,0.8900431990623474
7606920305411998484,vinnnn.r2,"masyallah kak hebat banget udah tercapai sukses kak ga sia sia kak kuliah sambil kerja akhirnya kak tercapai pake toga wisuda
semoga saya bisa seperti kak kehebat seperti kak supaya ortu bahagia melihat anak nya bahagia suskes 🥺🥺🥺🤲🤲🤲",0,2,62,Semoga Allah Doain,0.7527313828468323,25,Amin Selalu Semangat,0.6727507710456848,86,Darimana 100 Jadi,0.6713477373123169
7609902849363903250,univsiberasia,Wah.. Aamiin Ka. Sukses selalu untuk Kakak dan semoga impiannya terwujud🤗,0,0,25,Amin Selalu Semangat,0.9032463431358337,62,Semoga Allah Doain,0.7910590171813965,94,Ditunggu Tunggu Wah,0.755577564239502
7609941896437236500,vinnnn.r2,iya kak aminn mksh do'a nya,0,0,35,Infonya Terima Kasih,0.8790006637573242,98,Terima Kasih Murid,0.8731198310852051,25,Amin Selalu Semangat,0.8185306191444397
7600449095195525904,keyyynn2,doain aku ya tahun dpn mau masuk unsia 🥺🙏,1,1,62,Semoga Allah Doain,0.8316439390182495,118,Desember Baca Depan,0.7811508178710938,111,Alhamdulillah Keluarga Bagian,0.7556055784225464
7608089335196648210,univsiberasia,"Aamiin, semangat selalu Kakak🤩",0,0,25,Amin Selalu Semangat,0.9211792349815369,113,Semangat Wah Berpikir,0.8657371997833252,55,Sukses Selalu Sehat,0.806706964969635
7621565353240052501,__belov3d.soul__,"[Sticker] bismillahirrahmanirrahim , nularrr kakkkk",2,1,129,Bismillah Bismillahirrahmanirrahim Sticker,0.6825577020645142,97,Salam Mantap Kenal,0.5746393203735352,25,Amin Selalu Semangat,0.557552695274353
7622323452162245383,ppmbunsia,Aminn Kak,2,0,25,Amin Selalu Semangat,0.8364750742912292,113,Semangat Wah Berpikir,0.8020399212837219,98,Terima Kasih Murid,0.7676750421524048
7607471873022051088,_halloww._,aku bisa ga yaa kek gini:(,3,1,21,Malam Shift Begitu,0.5830488801002502,53,Dong Kayaknya Banget,0.7361757755279541,45,Enggak Ribet Fh,0.7047362327575684
7608088583354188562,univsiberasia,Bisa dong Kakak🤗,0,0,53,Dong Kayaknya Banget,0.9442366361618042,87,Hihi Jugakk Wakty,0.89825040102005,117,Boleh Bolehhh Dong,0.8909499645233154
7601290889109062418,linggaajura,"kk bagi informasinya tentang unsia ini, utk anak saya ditahun ini masuk",0,1,9,Kip Unsia Diterima,0.7733914256095886,119,Teman Syarat Magang,0.7440048456192017,58,Tugas Akhir Skripsi,0.729998767375946
7608088992840598279,univsiberasia,"Hi Mom, untuk lebih detailnya bisa menghubungi melalui DM yahh🤗",1,0,36,Dm Admin Detailnya,0.8612232804298401,60,Admin Dm Boleh,0.7716554403305054,23,Dm Cek Izin,0.6781762838363647
7632500717086245652,cwesongkangaja,pengen daftar bisa paket ijazah paket c?,1,2,76,Paket Ijazah Sih,0.8169183731079102,132,Mending Ptnbh Alumni,0.7434895038604736,22,Pindahan Menerima Ut,0.7427550554275513
7634409683282314005,univsiberasia,"Hi Kak, bisa menggunakan ijazah paket C yahhh",0,0,12,Konversi Jalur Melalui,0.82869553565979,76,Paket Ijazah Sih,0.8576503396034241,22,Pindahan Menerima Ut,0.8239114880561829
7635301833327018773,cwesongkangaja,kalo di UNSIA ada skripsi engga kak?,0,0,30,Korea Degree Min,0.9076802134513855,39,Beasiswa Kkn Program,0.8895089030265808,22,Pindahan Menerima Ut,0.8771871328353882
7642355436943442696,sshhvv_fa,Pendaftaran nya buka lagi kapan ya kak,0,1,3,Buka Pendaftaran Masih,0.9050312042236328,31,Kapan Pendaftarannya Gelombang,0.9379016160964966,78,Kapan Min Gel,0.880283772945404
7642628218788692743,univsiberasia,"Hi Kakak, saat ini masih dibuka ya pendaftaran mahasiswa baru🤩",0,0,66,Dibuka Mahasiswa Baru,0.9539670348167419,54,Membuka Lho Mahasiswa,0.8846089839935303,73,Program Dibuka Saat,0.8412392139434814
7625598929732403989,user9286581160600,"bismillah semoga selalu disehatkan,dimudahkan segala jugaa biar bisa ngerasain moment ituu😭🤲🏻",0,2,25,Amin Selalu Semangat,0.6905854940414429,62,Semoga Allah Doain,0.7036314010620117,129,Bismillah Bismillahirrahmanirrahim Sticker,0.6607605218887329
7625601505957987079,univsiberasia,"Aamiin, semoga Kakak juga bisa merasakan wisuda ya, semangat selalu untuk Kakak😊",0,0,25,Amin Selalu Semangat,0.9086105823516846,62,Semoga Allah Doain,0.8228884339332581,113,Semangat Wah Berpikir,0.7671226263046265
7625606097340203796,user9286581160600,aminnn,0,0,25,Amin Selalu Semangat,0.6591169834136963,131,Next Up Gass,0.6741111874580383,55,Sukses Selalu Sehat,0.6701043844223022
7600415720720155410,rajamurahatk,berapa biayanya,0,1,99,Biayanya Biaya Berapa,0.9198194742202759,107,Daftarnya Cara Bagaimana,0.7504012584686279,18,Berapa Biaya Bayar,0.7278785705566406
7608089240745181959,univsiberasia,"Hi Kak, untuk UKT hanya 3jt persemester lhoo🤩",0,0,1,Dicicil 3Jt Hanya,0.88653165102005,18,Berapa Biaya Bayar,0.7419179081916809,77,Per Berapa Semester,0.7282945513725281
7614727354229097224,rahayuu_58,untuk kelas nya bisa di hari minggu ngga,1,1,110,Jakarta Selatan Ragunan,0.5750019550323486,123,Jam Kelas Karyawan,0.8208088874816895,7,Offline Ujiannya Online,0.7452132701873779
7616996135988134663,univsiberasia,"Hi Kakak, bisa yahh🤗",0,0,15,Hi Halo Dong,0.9227440357208252,53,Dong Kayaknya Banget,0.8376173377037048,87,Hihi Jugakk Wakty,0.8222273588180542
7603751912887190293,r.a.a.m.a,UKT nya mahal ga sih,1,1,18,Berapa Biaya Bayar,0.7594484090805054,104,Aman Unas Ciber,0.7256765961647034,76,Paket Ijazah Sih,0.7248963713645935
7603774767660811016,cantikaidaf,3 jt per semester dan bisa dicicil 3x lho kak,2,0,1,Dicicil 3Jt Hanya,0.8442254066467285,77,Per Berapa Semester,0.6994217038154602,86,Darimana 100 Jadi,0.6620177030563354
7615131955030803220,inthansa01,mauu kuliah lagiii 🥹🥺,1,1,5,Kerja Negeri Kuliah,0.6746512651443481,84,Ngambil Ambil Apa,0.7321029305458069,88,Pindah Semester Ngulang,0.7272950410842896
7616573638447776519,univsiberasia,Yuk Yuk kuliah lagi Kak🤗,0,0,24,Ayo Ikutt Ikut,0.7105641961097717,27,Join Grup Yuk,0.7749453783035278,34,Daftar Tinggal Baru,0.7487499713897705
7601751265169687317,renmn35,"Kak, kalau yang kerha di luar negeri kalau mau wisuda gimana?",0,1,5,Kerja Negeri Kuliah,0.8519765734672546,22,Pindahan Menerima Ut,0.8396251201629639,49,Ijazahnya Lulus Kan,0.8301860094070435
7609902385754145544,univsiberasia,Bisa mengikuti secara online ya Kakak wisudanya😊,0,0,33,Bagaimana Wisudanya Tes,0.7636697888374329,96,Secara Dilaksanakan Hybrid,0.8548885583877563,7,Offline Ujiannya Online,0.8314716219902039
7600241262600438536,yaaayaaly,ini ada skripsi ya ka?,0,1,58,Tugas Akhir Skripsi,0.8283887505531311,51,Open Otw Pkl,0.8124787211418152,112,Ujian Tes Online,0.8007210493087769
7602196182140027666,univsiberasia,Untuk tugas akhir menggunakan skripsi ya Kak,0,0,58,Tugas Akhir Skripsi,0.9112961292266846,112,Ujian Tes Online,0.7710976600646973,7,Offline Ujiannya Online,0.7654099464416504
7622178607590376213,lailiavidda,one day yaallahh 🥺🤲,1,2,40,One Yaallahh Day,0.553158700466156,19,Com Nice Https,0.7586241364479065,129,Bismillah Bismillahirrahmanirrahim Sticker,0.7495452761650085
7625478915285533448,univsiberasia,"Aamiin aamiin, semoga Kakak bisa merasakannya juga 🤗",1,0,25,Amin Selalu Semangat,0.807953953742981,62,Semoga Allah Doain,0.7447623610496521,98,Terima Kasih Murid,0.6986070871353149
7625549012591444757,lailiavidda,yaallah kak aminn 🤲,0,0,25,Amin Selalu Semangat,0.7952324151992798,98,Terima Kasih Murid,0.6918364763259888,129,Bismillah Bismillahirrahmanirrahim Sticker,0.685916006565094
7623429473380582164,nbillaaaaaaaaaaaaaa,uktnya brp ya,1,0,18,Berapa Biaya Bayar,0.8778374195098877,65,Angkatan Berapa Kira,0.8116326928138733,77,Per Berapa Semester,0.8000369071960449
7626574899167052564,miya_mily222,info cara daftarnya min,0,1,41,Info Link Cara,0.8970468044281006,17,Cara Daftarnya Bagaimana,0.8265711069107056,107,Daftarnya Cara Bagaimana,0.8086956143379211
7626588364929925896,univsiberasia,"Hi Kak, daftarnya gampang banget lho, cukup melalui website resmi UNSIA di pmb.unsia.ac.id 🤗",0,0,2,Website Id Ac,0.921506941318512,101,Favorit Pilih Fleksibel,0.846224308013916,83,Pilih Favorit Mulai,0.7991805076599121
7623301488114418440,ig.heyyygis_,Bismillah one day,1,0,129,Bismillah Bismillahirrahmanirrahim Sticker,0.8409894704818726,113,Semangat Wah Berpikir,0.678654670715332,131,Next Up Gass,0.6781346797943115
7605953879293182740,elvina16297,"bisa GK yahh nanti aku di fase kaya gini pas udah gede,, pengennn🥺🥺",0,1,5,Kerja Negeri Kuliah,0.5505493879318237,57,Nilai Sesi Sabar,0.6140812039375305,46,Ut Pengin Bidang,0.5820930600166321
7608088729534907154,univsiberasia,Pasti Kakak bisa koo🤗,1,0,53,Dong Kayaknya Banget,0.8337734341621399,117,Boleh Bolehhh Dong,0.7823759317398071,38,Ih Maba Grupnya,0.7669475078582764
7623792878762001172,diah83746,"aku pengen daftar ihh gimna caranyaa, terus waktu belajarnya gimna yah?",1,2,78,Kapan Min Gel,0.7462682723999023,17,Cara Daftarnya Bagaimana,0.8557620048522949,127,Caranya Kuliahnya Bagaimana,0.8412365913391113
7623793130316677895,univsiberasia,"Ihh Kakak, info lebih detailnya bisa DM Mimin yaa🤩",0,0,36,Dm Admin Detailnya,0.9192264676094055,60,Admin Dm Boleh,0.8884021043777466,23,Dm Cek Izin,0.8346072435379028
7623793265946772245,diah83746,ok kak aku dm yaaa,0,0,23,Dm Cek Izin,0.9140744209289551,60,Admin Dm Boleh,0.8656316995620728,36,Dm Admin Detailnya,0.8121931552886963
7603614087814578964,riskalaia1,untuk lokasinya dimana kak?,0,1,6,Dimana Daerah Mana,0.8526239991188049,52,Web Lewat Kemana,0.8298076391220093,31,Kapan Pendaftarannya Gelombang,0.8010764718055725
7609902537932866312,univsiberasia,"Kampus UNSIA terletak di Jl. Harsono RM No.1, RT.5/RW.7, Ragunan, Kec. Ps. Minggu, Kota Jakarta Selatan, Daerah Khusus Ibukota Jakarta",0,0,110,Jakarta Selatan Ragunan,0.8597024083137512,63,Informasi Informatika Akuntansi,0.45578643679618835,136,Yaitu Akuntansi Terdapat,0.45230674743652344
7623791984240493333,dwicitraanggraini5,ukt nya berapa kk,1,1,18,Berapa Biaya Bayar,0.8430303335189819,65,Angkatan Berapa Kira,0.8179896473884583,77,Per Berapa Semester,0.7847530841827393
7623793212780266248,univsiberasia,Untuk UKT hanya 3jt persemester lho Kakak🤩,0,0,1,Dicicil 3Jt Hanya,0.866500735282898,77,Per Berapa Semester,0.7267906665802002,18,Berapa Biaya Bayar,0.713359534740448
7617360313663259412,wiidddyyyaaa,pround of you kaa🥺🥺🥺,1,0,104,Aman Unas Ciber,0.6048338413238525,26,Adek Duluan Nurul,0.7195183038711548,19,Com Nice Https,0.7012603282928467
7620999360868778773,wanikesel09,Mau nyoba kuliah sambil kerja twpi bingunggg dftrnyaa,0,2,5,Kerja Negeri Kuliah,0.7607223391532898,57,Nilai Sesi Sabar,0.7505261301994324,46,Ut Pengin Bidang,0.7491600513458252
7621041038442545938,univsiberasia,"Hi Kak, kalau bingung bisa DM Mimin ya, nanti akan dipandu cara pendaftarannya🤗",0,0,36,Dm Admin Detailnya,0.8566346168518066,60,Admin Dm Boleh,0.8672999739646912,2,Website Id Ac,0.7547197341918945
7621060862253630228,wanikesel09,Bolh,0,0,19,Com Nice Https,0.85610032081604,131,Next Up Gass,0.8185718059539795,26,Adek Duluan Nurul,0.8075041770935059
7605461484784665365,morra1957,semoga 2028 bisa sampe tahap seperti kk yah aku juga kuliah kerja🥺,0,1,62,Semoga Allah Doain,0.8664105534553528,46,Ut Pengin Bidang,0.7650132179260254,111,Alhamdulillah Keluarga Bagian,0.7631254196166992
7606326145672315656,univsiberasia,"Aamiin, semangat Kakak kuliahnya🤗",0,0,25,Amin Selalu Semangat,0.8881211280822754,113,Semangat Wah Berpikir,0.8550869226455688,55,Sukses Selalu Sehat,0.7897888422012329
7599993121799160592,seni19964,masih buka pendaftaran gak sih?,0,1,3,Buka Pendaftaran Masih,0.8883318901062012,47,Daftar Gelombang Januari,0.83589768409729,78,Kapan Min Gel,0.8222817182540894
7599998879489442567,univsiberasia,"Hi Kak, UNSIA masih membuka pendaftaran mahasiswa baru nih🤗",0,0,54,Membuka Lho Mahasiswa,0.9439252018928528,66,Dibuka Mahasiswa Baru,0.9363261461257935,67,Program Belum Dibuka,0.8427331447601318
7612889199206007559,riajulianni,"Terima kasih sudah hadir dan menjadi pilihanku untuk berkuliah disini untuk menggapai apa yang ku harapkan dari dulu, terus tumbuh dan berkembang dengan baik Unsia 🤍",0,1,98,Terima Kasih Murid,0.5470572710037231,55,Sukses Selalu Sehat,0.6965615153312683,62,Semoga Allah Doain,0.6910381317138672
7612897279876219666,univsiberasia,"Hi Kakak, terima kasih sudah menjadi bagian dari UNSIA, sukses dan bahagia selalu untuk Kakak🤗",0,0,98,Terima Kasih Murid,0.7446697354316711,25,Amin Selalu Semangat,0.8099513649940491,55,Sukses Selalu Sehat,0.7980243563652039
7601922269313975048,cahayadaun1232,uang semesternya brp kk,0,1,77,Per Berapa Semester,0.8760262727737427,18,Berapa Biaya Bayar,0.8472025394439697,65,Angkatan Berapa Kira,0.8049910068511963
7602196362192683783,univsiberasia,"Hi Kak, hanya 3juta persemester lho🤩",0,0,1,Dicicil 3Jt Hanya,0.8406724333763123,104,Aman Unas Ciber,0.7133501768112183,39,Beasiswa Kkn Program,0.696314811706543
7622486027164713745,efuell123,congrats ya Kaka 💕🫶,2,0,48,Betul Banget Lucu,0.7224411964416504,25,Amin Selalu Semangat,0.7959517240524292,98,Terima Kasih Murid,0.7669492959976196
7611977308689957650,denaa313,pendaftaran buka bulan apa ya?,1,1,89,Tanggal Gelombang Bulan,0.9172062873840332,31,Kapan Pendaftarannya Gelombang,0.8610026836395264,78,Kapan Min Gel,0.8413247466087341
7612513137841750802,univsiberasia,"Hi Kak, saat ini pendaftaran masih dibuka lhoo🤩🤩",0,0,10,Maret April Bulan,0.8413755893707275,66,Dibuka Mahasiswa Baru,0.87309330701828,54,Membuka Lho Mahasiswa,0.8394359350204468
7600853305284674312,4nnaa02,"bismillah bulan Desember nantii, tunggu aku ya unsia🥺🫵🏼",0,1,118,Desember Baca Depan,0.8334119319915771,62,Semoga Allah Doain,0.7903717756271362,94,Ditunggu Tunggu Wah,0.76957768201828
7608088835897885448,univsiberasia,"Aamiin, ayo selesai skripsinya Kak, biar bisa cepat wisuda 🤩",0,0,62,Semoga Allah Doain,0.8676741719245911,25,Amin Selalu Semangat,0.7850944995880127,34,Daftar Tinggal Baru,0.749700665473938
7623064720735896338,s1nta1995,lokasi mana kak,1,0,6,Dimana Daerah Mana,0.9108642935752869,52,Web Lewat Kemana,0.8108952641487122,51,Open Otw Pkl,0.7759038209915161
7606982562527183637,rezamager_,pendaftaran nya sampai kapan kak?,0,1,31,Kapan Pendaftarannya Gelombang,0.9555122256278992,78,Kapan Min Gel,0.8780384659767151,89,Tanggal Gelombang Bulan,0.8732562065124512
7608088637112337160,univsiberasia,"Hi Kak, pendaftaran dibuka sampai awal Maret lhoo🤩",0,0,10,Maret April Bulan,0.9238463640213013,66,Dibuka Mahasiswa Baru,0.8328571319580078,3,Buka Pendaftaran Masih,0.7955835461616516
7620407073993491207,user2006ni,masyaAllah taun dpn nular ke aku yaa🤍,1,1,118,Desember Baca Depan,0.808189868927002,62,Semoga Allah Doain,0.7234152555465698,57,Nilai Sesi Sabar,0.7107670307159424
7620407448695915272,univsiberasia,"Aamiin, semangat Kakak kuliahnya🤗",1,0,25,Amin Selalu Semangat,0.8881211280822754,113,Semangat Wah Berpikir,0.8550869226455688,55,Sukses Selalu Sehat,0.7897888422012329
7614481050975109906,monagege_,25 tahun masih worth it gak sih kak,0,1,5,Kerja Negeri Kuliah,0.6825746297836304,100,Umur Usia Irt,0.736312985420227,65,Angkatan Berapa Kira,0.7117873430252075
7614509822369710866,univsiberasia,"Worth it banget dong Kak, Nggak ada batasan umur kok Kakak
Di UNSIA, yang penting semangat belajarnya, bukan usianya 🙌
Karena belajar itu nggak kenal umur, yang muda semangat, yang udah berpengalaman juga makin keren",0,0,85,Umur Muda Batasan,0.8590402007102966,86,Darimana 100 Jadi,0.7373356819152832,59,Tugas Numpuk Tugasnya,0.7260881662368774
7602898916237427463,ekapkyekapky,ya allah senang hti orangtua😭😭bismillah ankku tahun ini bulan juni😭🙏🏼,0,1,62,Semoga Allah Doain,0.7170902490615845,111,Alhamdulillah Keluarga Bagian,0.6820908784866333,118,Desember Baca Depan,0.6477841138839722
7608089146368393992,univsiberasia,"Aamiin Mom, semangat dan sehat selalu ya 🤗",0,0,25,Amin Selalu Semangat,0.880368709564209,55,Sukses Selalu Sehat,0.7703750729560852,113,Semangat Wah Berpikir,0.7445720434188843
7611378973591962376,zulra_25,Masyaallah 😍,1,0,19,Com Nice Https,0.7389702796936035,131,Next Up Gass,0.6475793123245239,126,Keren Mukanya Asing,0.6408894658088684
7614754389349335815,iam_sapta,"bismillah, one day ada di titik ini",144,1,129,Bismillah Bismillahirrahmanirrahim Sticker,0.7243067026138306,111,Alhamdulillah Keluarga Bagian,0.5709812641143799,55,Sukses Selalu Sehat,0.551567554473877
7614767173097800455,univsiberasia,"Aaminn, semangat selalu untuk Kakak🤗🤗",7,0,25,Amin Selalu Semangat,0.8614749908447266,113,Semangat Wah Berpikir,0.8086180686950684,55,Sukses Selalu Sehat,0.7359663248062134
7600000869329814279,mr19643,"baru saja diterima di unsia, prodi Ilkom. Gas sambil kerja 😅",0,1,9,Kip Unsia Diterima,0.7186411619186401,132,Mending Ptnbh Alumni,0.7198715209960938,111,Alhamdulillah Keluarga Bagian,0.7085964679718018
7600005934392673032,univsiberasia,Yeyy.. soon bikin konten kaya gini ya Kak pas wisuda🤩,1,0,71,Wisuda Uts Uas,0.6657559871673584,96,Secara Dilaksanakan Hybrid,0.702908992767334,57,Nilai Sesi Sabar,0.6919114589691162
7600035149434831617,karinayasmin3,congrats kaa,1,0,48,Betul Banget Lucu,0.728395938873291,25,Amin Selalu Semangat,0.7429401278495789,113,Semangat Wah Berpikir,0.7416703701019287
7632883199664521992,lyrical.ly69,"kak aku d3 teknik pengolahan, rencana mau ambil s1 manajemen di unsia, saat ini sedang bekerja full senin - minggu, cuma malam yang kosong, apakah bisa mengikuti?",1,0,4,D3 S1 Lanjut,0.8207377195358276,49,Ijazahnya Lulus Kan,0.8268119096755981,119,Teman Syarat Magang,0.8024584650993347
7603648390896288528,rdhn92,"kak gimana caranya, umur 24 boleh mendaftar? apakah ada kuliah offline nya juga?",0,2,100,Umur Usia Irt,0.8148910999298096,49,Ijazahnya Lulus Kan,0.8631163835525513,120,Tanya Non S2Nya,0.8532918691635132
7622624135373636370,univsiberasia,"Nggak ada batasan umur kok Kakak
Di UNSIA, yang penting semangat belajarnya, bukan usianya 🙌
Karena belajar itu nggak kenal umur, yang muda semangat, yang udah berpengalaman juga makin keren",0,0,85,Umur Muda Batasan,0.8635450601577759,59,Tugas Numpuk Tugasnya,0.7053186297416687,86,Darimana 100 Jadi,0.7049878835678101
7622624399707013889,rdhn92,Kak masih buka pendaftaran ?,0,0,3,Buka Pendaftaran Masih,0.9107491970062256,47,Daftar Gelombang Januari,0.8271639347076416,31,Kapan Pendaftarannya Gelombang,0.8263019323348999
7644384342106768135,asescjia,"kak nitip mau nanya, kalo kuliah di unsia nyari prospek kerjanya nanti setelah lulus susah ga ya??",0,0,5,Kerja Negeri Kuliah,0.8733685612678528,49,Ijazahnya Lulus Kan,0.8846403360366821,119,Teman Syarat Magang,0.8605213165283203
7616993044688388885,wanikesel09,Mau kuliah masih bingung ngambil jurusan apa😭😂,0,1,84,Ngambil Ambil Apa,0.7873969674110413,132,Mending Ptnbh Alumni,0.7654627561569214,46,Ut Pengin Bidang,0.7529759407043457
7616995956312441618,univsiberasia,"Hi Kakak, bisa DM Mimin ya kalau masih bingung mau ambil jurusan apa🤩",0,0,36,Dm Admin Detailnya,0.8372504711151123,60,Admin Dm Boleh,0.8422002792358398,120,Tanya Non S2Nya,0.8241567611694336
7636273461006598932,batari.indira.a,Usia 26/27 bisa gak,1,0,100,Umur Usia Irt,0.6890156865119934,69,Apakah S1Hukum Perdagangan,0.6018597483634949,42,Jurusan Ekonomi Hukum,0.5876041650772095
7601052202606068500,noval.story01,itu campuran dari kampus lain apa universitas Nasional doang kak,0,1,74,Akreditasinya Asia Siber,0.8297113180160522,84,Ngambil Ambil Apa,0.7651896476745605,0,Jurusan Teknik Inggris,0.7556337118148804
7601055600139830023,univsiberasia,Wisudawan/ti Universitas Siber Asia ya Kak🤩,0,0,56,Universitas Siber Asia,0.7739488482475281,9,Kip Unsia Diterima,0.7703409194946289,96,Secara Dilaksanakan Hybrid,0.7549746036529541
7654057822766039828,user33745216,Ada prodi apa aja ka ??,1,0,16,Apa Saja Jurusan,0.9499067664146423,84,Ngambil Ambil Apa,0.8567413687705994,0,Jurusan Teknik Inggris,0.8467445373535156
7648120066797863688,ptrisphiaa_,unsia ada skripsi ga ya? trs ada pilihan bisa lulus cepet dengan ambil sks banyak ga ya?,0,0,58,Tugas Akhir Skripsi,0.7805616855621338,30,Korea Degree Min,0.8296512961387634,49,Ijazahnya Lulus Kan,0.8271760940551758
7646604735383077652,sapaakurk,kak boleh tau pakai toga sz apa?,0,0,62,Semoga Allah Doain,0.6077187061309814,8,Tanya Bertanya Chat,0.7533634305000305,84,Ngambil Ambil Apa,0.743080735206604
7624741649361142535,yangt73,mau masuk unsia tp GK ada jurusan yg aku pengen 💔,1,0,9,Kip Unsia Diterima,0.7805078029632568,46,Ut Pengin Bidang,0.8142411112785339,30,Korea Degree Min,0.7945502996444702
7622137806047888148,teer_akk,kak maaf tanya misal kita kerja diluar negeri apa bisa daftar kuliah disini?,1,0,5,Kerja Negeri Kuliah,0.8661633729934692,49,Ijazahnya Lulus Kan,0.8539080023765564,120,Tanya Non S2Nya,0.8398032188415527
7623377185064108821,estehsegeer8,nyari temen Maba prodi manejemen,1,0,42,Jurusan Ekonomi Hukum,0.679202139377594,132,Mending Ptnbh Alumni,0.624494194984436,63,Informasi Informatika Akuntansi,0.6240460872650146
7616962503121928981,foxyan51,pengen daftar tapi di kota Ku gak ada kampus ini,0,1,22,Pindahan Menerima Ut,0.7334690093994141,132,Mending Ptnbh Alumni,0.7574033737182617,46,Ut Pengin Bidang,0.7499810457229614
7616996097575437063,univsiberasia,"Hi Kakak, UNSIA menerapkan sistem perkuliahan secara online maka kakak bisa berkuliah dimana saja dan kapan saja. Nah UNSIA bisa menjadi tujuan kakak yg ingin kuliah sambil bekerja kak karena memang waktunya fleksibel dan bisa dilaksanakan kapanpun dan dimanapun🤩",1,0,72,Tujuan Berkuliah Dimanapun,0.984622597694397,86,Darimana 100 Jadi,0.847273588180542,101,Favorit Pilih Fleksibel,0.7576916813850403
7626945160639103745,avar.aze,anaku saking pengen bgt kuliah katanya mau sambil kerja sebagai ibu aq maunya reguler aja tp masih mikirin biaya nya ya Allah lancarkan rejeki hambamu🙏,2,0,46,Ut Pengin Bidang,0.7443915605545044,62,Semoga Allah Doain,0.7590783834457397,59,Tugas Numpuk Tugasnya,0.757016658782959
7621825274430456596,__amliaa2,bismillah semoga bisa seperti kakak🤲,1,0,129,Bismillah Bismillahirrahmanirrahim Sticker,0.7889478206634521,25,Amin Selalu Semangat,0.7977583408355713,62,Semoga Allah Doain,0.77471923828125
7632065830620300039,valerieejv,tugas di unsia tu ada tugas2 kelompok gitu ga ya nantinya? atau full sendiri2?,1,0,21,Malam Shift Begitu,0.8188067674636841,58,Tugas Akhir Skripsi,0.7893925905227661,59,Tugas Numpuk Tugasnya,0.7770254015922546
7632248994009760520,mamaput39,Mending ini atau UT plis jawab bingung,2,0,132,Mending Ptnbh Alumni,0.7051124572753906,93,Jujur Review Kata,0.7398969531059265,104,Aman Unas Ciber,0.6940851211547852
7632704406638707476,sec_563,Aku di jambi apa bisa aku juga mahasiswi universitas terbuka baru semester 2 aku niat pengen double degree cmn pngen yg kuliahnya online smua,1,0,88,Pindah Semester Ngulang,0.8129152655601501,46,Ut Pengin Bidang,0.8486194610595703,49,Ijazahnya Lulus Kan,0.8245677947998047
7614137301404254994,x.irmaa,masyaallah mbakk kamuu hebatt bangett🥰🥰🥰,1,0,48,Betul Banget Lucu,0.7868322134017944,38,Ih Maba Grupnya,0.6887511014938354,81,Iya Oke Orang,0.6600531339645386
7610057645407552263,mimiaziid,minta doanya semoga anak ku taun depan bisa masuk ke UNSIA ambil S1🥰,2,0,62,Semoga Allah Doain,0.8493601679801941,111,Alhamdulillah Keluarga Bagian,0.7866358160972595,9,Kip Unsia Diterima,0.7527163028717041
7621114983154287376,matcha.yuu,inii sistemnya kan online yaa tapi masii di arahin kan yaa ga dilepas gitu aja?😭,1,1,45,Enggak Ribet Fh,0.6329923868179321,93,Jujur Review Kata,0.7247703075408936,64,Full Online Serba,0.7181848883628845
7621115416827675412,univsiberasia,"Betul banget Kakak, kalau bingung mengenai sistem pembelajaran di UNSIA, Kakak bisa DM Mimin yaa🤗",0,0,36,Dm Admin Detailnya,0.8254051208496094,2,Website Id Ac,0.8019797801971436,60,Admin Dm Boleh,0.7998237609863281
7615060630791324436,onceuponatimee00,"kak, pendaftarannya kapan buat non RPL?",2,0,31,Kapan Pendaftarannya Gelombang,0.9003934860229492,78,Kapan Min Gel,0.8512651920318604,3,Buka Pendaftaran Masih,0.8498185873031616
7636273362326684436,batari.indira.a,Maksimal usia brp ka,0,0,65,Angkatan Berapa Kira,0.8603324890136719,18,Berapa Biaya Bayar,0.8096426725387573,77,Per Berapa Semester,0.7783499956130981
7634461175883449096,nadhiracredits,assalamu'alaikum ka. untuk jurusan apa saja?,0,0,16,Apa Saja Jurusan,0.8245949745178223,120,Tanya Non S2Nya,0.7953498363494873,119,Teman Syarat Magang,0.790421724319458
7634414620341453576,naelaleea22,Ini termasuk UT?,0,0,125,Gratis Tersedia Pesan,0.798528254032135,105,Swasta Oktober Situ,0.7033131122589111,90,Binus Adsfort Harga,0.7014222741127014
7627049818262897409,dianaross385,"hebat , keren kamu kak, krn prosesnya ga mudah ❤️❤️",0,0,53,Dong Kayaknya Banget,0.7365460395812988,48,Betul Banget Lucu,0.7177543640136719,81,Iya Oke Orang,0.7142392992973328
7614685458577179410,semangatberproses0,min apakah S2 nya ada,0,0,69,Apakah S1Hukum Perdagangan,0.9041309952735901,50,S2 Pendidikan Hukum,0.8513346910476685,37,S2 Ada Doktoral,0.838517427444458
7614585235296944913,namanyadewim,bismillah mau ngumpulin buat beli laptop dlu,0,0,129,Bismillah Bismillahirrahmanirrahim Sticker,0.6196352243423462,27,Join Grup Yuk,0.6647857427597046,57,Nilai Sesi Sabar,0.6586325764656067
7613260700320170760,000001234waw,adakah s2 pendidikan,0,0,50,S2 Pendidikan Hukum,0.8460580110549927,42,Jurusan Ekonomi Hukum,0.8056826591491699,114,S2 Lita Anis,0.8024107813835144
7612294103686497045,vian_ney90,ada S2 gk kak,0,0,37,S2 Ada Doktoral,0.9794747829437256,50,S2 Pendidikan Hukum,0.8963501453399658,39,Beasiswa Kkn Program,0.8925225734710693
7612234571622384405,rstksrha,semangat kak,0,0,113,Semangat Wah Berpikir,0.9707878828048706,25,Amin Selalu Semangat,0.8247912526130676,26,Adek Duluan Nurul,0.7797170877456665
7612204491694523143,suciputry30,"aku baru daftar kak,doa in lulus seleksi 😭🙏🏻",0,0,34,Daftar Tinggal Baru,0.8718321919441223,79,Daftar Sudah Kamu,0.80161052942276,9,Kip Unsia Diterima,0.7923213839530945
7610264128963543815,sisfor_itats,Salam kenal dr Prodi Sistem Informasi ITATS kak,0,0,97,Salam Mantap Kenal,0.7428194880485535,63,Informasi Informatika Akuntansi,0.7624006271362305,136,Yaitu Akuntansi Terdapat,0.7495005130767822
7608569952853164807,lamanik4,semangat [wronged][flushed],0,0,113,Semangat Wah Berpikir,0.6978684663772583,19,Com Nice Https,0.6378159523010254,129,Bismillah Bismillahirrahmanirrahim Sticker,0.619900107383728
7606668055048897298,000286362686637_,keren,0,0,126,Keren Mukanya Asing,0.9459885954856873,19,Com Nice Https,0.8235597610473633,75,Iya Iyapp Introvert,0.7993545532226562
7605880875717640981,amawa52,Bagus sih kalo ditambah logo unsia dibajunya🥰,0,0,126,Keren Mukanya Asing,0.6274069547653198,104,Aman Unas Ciber,0.7642456293106079,93,Jujur Review Kata,0.7625221610069275
7605266704025453320,jv.vibe,gada s1 psikologi?🥺,0,0,0,Jurusan Teknik Inggris,0.8194407224655151,50,S2 Pendidikan Hukum,0.8207052946090698,42,Jurusan Ekonomi Hukum,0.8159710764884949
7603999755292066581,im_ilhamdai1602,Moment yg gw tunggu2. Sekarang baru masuk semester 4,0,0,57,Nilai Sesi Sabar,0.7179876565933228,34,Daftar Tinggal Baru,0.6827672719955444,132,Mending Ptnbh Alumni,0.6725541353225708
7602892644599071506,by.mikaylapajamas,belum ada s2 ya kk?,0,0,95,S2 Belum Insyallah,0.9599206447601318,37,S2 Ada Doktoral,0.8595647215843201,80,S2 S2Nya Nya,0.8533623218536377
7600439067322909448,diyayaya_23,kalok untuk s2 ada gak sih kak kalok ada syaratnya IPK berapa,0,0,119,Teman Syarat Magang,0.8933127522468567,4,D3 S1 Lanjut,0.8475552797317505,49,Ijazahnya Lulus Kan,0.844194769859314
7600323508254196501,yulianieka123,"Bissmillah, semoga bisa lancar sampe pakai toga yang didapat dari hasil jadi TKW di Taiwan🤲",0,0,62,Semoga Allah Doain,0.7595842480659485,111,Alhamdulillah Keluarga Bagian,0.6896764636039734,5,Kerja Negeri Kuliah,0.6373152732849121
7613231564772508432,nihartinimci,[Sticker] ,0,0,129,Bismillah Bismillahirrahmanirrahim Sticker,0.6047762632369995,29,Menyimak Nyimakkk Ut,0.9021179676055908,32,Merdeka Di ,0.902039647102356
7603210592690488071,thvxxxxyy,"kak kalo program rpl paling cepat berapa tahu kak? harus punya pengalaman kerja nya minimal brapa tahun juga kak, aku ada rencana masuk unsia nih kak🙏",0,0,49,Ijazahnya Lulus Kan,0.8846728205680847,119,Teman Syarat Magang,0.8222272396087646,46,Ut Pengin Bidang,0.8099261522293091
7623457661837607687,aksaramahariku,"Entah kapan aku bisa kuliah, setiap rencana selalu diputar arah oleh Allah yang Maha Perencana dan Maha Mengatur seisi dunia. Kalaupun memang bukan jalan takdirku, semoga Allah beri aku suami yang berpendidikan, dan keturunanku yang bisa dengan mudah mengenyam pendidikan setinggi-tingginya ya Allah. Saudara2ku yang dapat dengan mudah mendapatkan pendidikan dan pekerjaan yang bagus, aamiin",10,0,62,Semoga Allah Doain,0.6900439858436584,72,Tujuan Berkuliah Dimanapun,0.5808948278427124,25,Amin Selalu Semangat,0.5731327533721924
7630434785563149077,pieceslia2,"minnn, skrg udh tutup yaaa pendaftarannya😕",0,5,3,Buka Pendaftaran Masih,0.8683868050575256,10,Maret April Bulan,0.8110285997390747,78,Kapan Min Gel,0.8033186197280884
7630731015715816199,univsiberasia,"Iya nih Kakak;( Saat ini untuk pendaftaran mahasiswa baru sudah ditutup. Namun, jangan khawatir dibuka kembali di semester ganjil yaa yaitu di bulan Juni🤗",6,0,109,Ditutup Khawatir Kembali,0.9758608937263489,66,Dibuka Mahasiswa Baru,0.7978856563568115,10,Maret April Bulan,0.7850605845451355
7630803687196263176,rika.dona,KK bayar semester awal harus langsung cas ya??,0,0,91,Ulang Bayar Isi,0.7835304737091064,88,Pindah Semester Ngulang,0.7876787781715393,112,Ujian Tes Online,0.7769711017608643
7631061886582784775,univsiberasia,Untuk UKT dapat dicicil sebanyak 3x ya Kakak😊,0,0,1,Dicicil 3Jt Hanya,0.8226692080497742,77,Per Berapa Semester,0.7048144340515137,18,Berapa Biaya Bayar,0.6967835426330566
7630733612203361044,pieceslia2,"terimakasih minnn, semoga aku bisa lolos.",1,0,25,Amin Selalu Semangat,0.8213087320327759,62,Semoga Allah Doain,0.7854487895965576,98,Terima Kasih Murid,0.7545046806335449
7631112672533037831,scentoo_,juni nanti min?,0,0,118,Desember Baca Depan,0.7779248952865601,26,Adek Duluan Nurul,0.7547641396522522,129,Bismillah Bismillahirrahmanirrahim Sticker,0.7426323890686035
7628847029561017106,user120222170,@dumpprzkya apa ieu kitu teh full online,0,3,103,Ilkom Ieu Balang,0.807522177696228,64,Full Online Serba,0.6824467182159424,93,Jujur Review Kata,0.6788249015808105
7628849866956866305,shakenbutterscotch,Ieu mah anu ceuk ibu tea sanes?,0,0,103,Ilkom Ieu Balang,0.7315404415130615,38,Ih Maba Grupnya,0.6305100917816162,57,Nilai Sesi Sabar,0.5899956226348877
7628849938257560341,user120222170,"enya kitu, lebih sae ieu",0,0,103,Ilkom Ieu Balang,0.7863050699234009,38,Ih Maba Grupnya,0.645124077796936,93,Jujur Review Kata,0.6194573640823364
7628849951095587605,user120222170,dibanding ut,0,0,59,Tugas Numpuk Tugasnya,0.4267810583114624,105,Swasta Oktober Situ,0.8373657464981079,90,Binus Adsfort Harga,0.8154609799385071
7606353102114915093,melzah182,kalo lulusan paket c kuliah disini bisa gk,0,3,76,Paket Ijazah Sih,0.8299615979194641,5,Kerja Negeri Kuliah,0.8588303923606873,30,Korea Degree Min,0.8154710531234741
7608088653869417224,univsiberasia,Bisa banget Kakak🤩,0,0,53,Dong Kayaknya Banget,0.9485757350921631,87,Hihi Jugakk Wakty,0.8752878308296204,135,Infoin Mau Lantang,0.8392046093940735
7608133272845763348,melzah182,beneran bisa tunggu aku 2 tahun lgi ya setelah aku lulus paket c aku usahain kuliah disin dan senoga jurusan pgsd kedepan nya ada ya,0,0,46,Ut Pengin Bidang,0.8341295719146729,62,Semoga Allah Doain,0.7983812093734741,49,Ijazahnya Lulus Kan,0.7817727327346802
7612657966659912449,sing_with_indah,"min jawab aku,S2 di kalian persyaratannya apa aja",0,1,119,Teman Syarat Magang,0.8635519742965698,4,D3 S1 Lanjut,0.8245900869369507,16,Apa Saja Jurusan,0.8057503700256348
7613247813299798801,sing_with_indah,mksh kk,0,0,98,Terima Kasih Murid,0.9240933656692505,97,Salam Mantap Kenal,0.7637256383895874,35,Infonya Terima Kasih,0.7579704523086548
7611792262331122452,giaoktvia,KAA doain yaaa taun ini aku berusaha bgt mau kuliah sambil krja😭,0,1,62,Semoga Allah Doain,0.838520348072052,46,Ut Pengin Bidang,0.761850118637085,118,Desember Baca Depan,0.7389388680458069
7612222103924425493,giaoktvia,"Amin kaa, always successful kaaa🥰",1,0,25,Amin Selalu Semangat,0.8265426158905029,113,Semangat Wah Berpikir,0.7653264999389648,55,Sukses Selalu Sehat,0.7451035976409912
7634093306053968661,akumell._,Pendaftaran 2026 gimana ka mau daftar😭,0,1,79,Daftar Sudah Kamu,0.8155221939086914,17,Cara Daftarnya Bagaimana,0.8767496943473816,31,Kapan Pendaftarannya Gelombang,0.852455735206604
7634409591435428628,univsiberasia,"Saat ini untuk pendaftaran mahasiswa baru sudah ditutup nih Kakak. Tapiii, jangan khawatir Kak, aku kasih bocoran nihh, dibuka kembali pendaftarannya di tanggal 1 Mei 2026 lhoo🤫",0,0,109,Ditutup Khawatir Kembali,0.9142299294471741,10,Maret April Bulan,0.8161311149597168,66,Dibuka Mahasiswa Baru,0.791488766670227
7604511319585538823,regina_kltng12,kak KLO wisudanya harus dikampusnya kah?,0,2,33,Bagaimana Wisudanya Tes,0.848482608795166,49,Ijazahnya Lulus Kan,0.7995877265930176,22,Pindahan Menerima Ut,0.7961976528167725
7604839669515174664,cantikaidaf,wisuda bisa pilih kak mau offline atau online,0,0,7,Offline Ujiannya Online,0.8053251504898071,108,Offline Onsite Onnline,0.792770504951477,71,Wisuda Uts Uas,0.7788190841674805
7621793200697017104,imaghostgurll,kalo online gimana kak?,0,0,33,Bagaimana Wisudanya Tes,0.8525933027267456,127,Caranya Kuliahnya Bagaimana,0.8521245121955872,17,Cara Daftarnya Bagaimana,0.834942102432251
7601370180233560852,msycinematic,masih setengah perjalanan,0,1,-1,Mantab Uk Belakang,0.0,90,Binus Adsfort Harga,0.6717678904533386,26,Adek Duluan Nurul,0.6702970266342163
7610372475008844565,msycinematic,ok,0,0,19,Com Nice Https,0.8036305904388428,131,Next Up Gass,0.8300979733467102,29,Menyimak Nyimakkk Ut,0.8186976313591003
7614714904234869522,styaaaaaaaaaaaaaaaaaaa,karena kaka inii akuu jadii mikirin mau kuliah sebelumnya dah patah semangat thnks ya ka🥹🫂🫂,0,0,62,Semoga Allah Doain,0.8166199326515198,46,Ut Pengin Bidang,0.7960735559463501,57,Nilai Sesi Sabar,0.783827543258667
7613745842428281608,alleyyass,gaada parwis ya,0,0,45,Enggak Ribet Fh,0.7981252670288086,38,Ih Maba Grupnya,0.7087204456329346,93,Jujur Review Kata,0.6980887651443481
7612429416748679956,nana_njmd,ini bisa dari luar negeri juga ngga ya?,0,0,22,Pindahan Menerima Ut,0.762290358543396,115,Full Fisik Diunsia,0.7628780603408813,76,Paket Ijazah Sih,0.756152868270874
7608212452685300500,truly.qq,s2 nya blm ada ya kak?,0,0,95,S2 Belum Insyallah,0.9368356466293335,37,S2 Ada Doktoral,0.8675910234451294,80,S2 S2Nya Nya,0.8285702466964722
7604483006082089745,panggilakumakabigail,sayang sekali belum ada s2,0,0,95,S2 Belum Insyallah,0.8303124308586121,80,S2 S2Nya Nya,0.7926275730133057,114,S2 Lita Anis,0.7594526410102844
7604096800894731029,ferianggarzm,Kak gelombang 4 mulai perkuliahan kapan ya belum ada info,0,1,10,Maret April Bulan,0.8398323059082031,31,Kapan Pendaftarannya Gelombang,0.8582144379615784,89,Tanggal Gelombang Bulan,0.8284696340560913
7609902663249281800,univsiberasia,Perkuliahan akan dimulai di bulan April ya Kakak😊,0,0,10,Maret April Bulan,0.8695316910743713,109,Ditutup Khawatir Kembali,0.7696676254272461,96,Secara Dilaksanakan Hybrid,0.7680767774581909
7603177743761228565,nothinggood__,kelas karyawan udh buka belom pendaftarannya?,0,0,3,Buka Pendaftaran Masih,0.8521214723587036,78,Kapan Min Gel,0.793023943901062,31,Kapan Pendaftarannya Gelombang,0.7893795967102051
7603048498171511570,ssosnowflake,Bakalan ada jadwal ke kampus gk sih? Soalnya aku dom bandung jauh bngt kalo harus datang ke kampus,0,0,128,Main Kampusnya Kekampus,0.8141096234321594,46,Ut Pengin Bidang,0.7586324214935303,21,Malam Shift Begitu,0.7563512921333313
7602973491332154120,maretha_elza,udah yakin bisa sampai ke titik itu tapi sekarang ekonomi lagi diuji dan untuk semester ini gak tau harus lanjut apa nyerah sampai disini padahal sudah semester 5 tapi apalah daya sedih bgt ya Allah,0,0,46,Ut Pengin Bidang,0.726990818977356,57,Nilai Sesi Sabar,0.7406623363494873,59,Tugas Numpuk Tugasnya,0.723466694355011
7602291108715447047,stawbeyiiii_,ini ada program kipk ga kak,0,0,39,Beasiswa Kkn Program,0.8742448091506958,68,Rpl Pengalaman Jalur,0.8035662174224854,115,Full Fisik Diunsia,0.7959722876548767
7602041271783326482,alimc0778,Bisa jalur rpl gak kk?,0,0,68,Rpl Pengalaman Jalur,0.9015727043151855,22,Pindahan Menerima Ut,0.8252452611923218,39,Beasiswa Kkn Program,0.8234655261039734
7600916424231486226,amaaaa.16,bismillah,0,0,129,Bismillah Bismillahirrahmanirrahim Sticker,0.8318033814430237,131,Next Up Gass,0.7917840480804443,29,Menyimak Nyimakkk Ut,0.7609535455703735
7600029260686361362,jee.jessyca,"Pengen kuliah ambil prodi berbeda dari sebelumnya , tapi masih dag Dig dug sama ujian Skripsi",0,0,62,Semoga Allah Doain,0.6612020134925842,59,Tugas Numpuk Tugasnya,0.7442255020141602,57,Nilai Sesi Sabar,0.7349482774734497
7608485490282578696,yunie7715,"aku pernah ikut gelombang 2 tapi aku berenti disemester 3 karena ada hal.
sekarang teman seangkatanku baru lulus.
aku pengen",0,0,46,Ut Pengin Bidang,0.7954860329627991,49,Ijazahnya Lulus Kan,0.7234669923782349,88,Pindah Semester Ngulang,0.7179776430130005
7625249783288185620,yuyun.yunengsih34,😂😂😂,0,0,61,  ,1.0,13,  ,1.0,20,Yes  ,0.999908447265625
7624055372978078465,ilha775,😅,0,0,28,Asa Hum ,0.9997044801712036,13,  ,1.0,61,  ,1.0
7615351419206550273,leaviennara_,🥺,0,0,13,  ,1.0,61,  ,1.0,20,Yes  ,0.999908447265625
7605595065960760071,linacasmita0,🥰🥰🥰,0,0,13,  ,1.0,61,  ,1.0,20,Yes  ,0.999908447265625
7605284648734819088,an4kkhampung,🥰,0,0,40,One Yaallahh Day,0.9992661476135254,13,  ,1.0,61,  ,1.0
7600078985943417617,sweeutgras,😂😂😂,0,0,61,  ,1.0,13,  ,1.0,20,Yes  ,0.999908447265625
7608920929393328904,indriyan384,Kk mau tnya dong pas skripsi itu gimana ya . Presentasi zoom sm beberapa dosen gitu kah ?,0,3,51,Open Otw Pkl,0.5429818630218506,21,Malam Shift Begitu,0.7911491394042969,58,Tugas Akhir Skripsi,0.7545136213302612
7609981448317666066,indriyan384,Maksih kak,0,0,98,Terima Kasih Murid,0.9618239402770996,35,Infonya Terima Kasih,0.8470160961151123,94,Ditunggu Tunggu Wah,0.7785621881484985
7609976248320312071,indriyan384,Berrti kita memng hsrus pelajari isi materinya ya ka,0,0,91,Ulang Bayar Isi,0.6169469356536865,35,Infonya Terima Kasih,0.6503152847290039,133,Spill Alisnya Spil,0.6429173946380615
7599983329298957064,adma._o,"info per semester dong;)
biar bisa nyisih uangnya pas gitu",0,4,41,Info Link Cara,0.6091223955154419,77,Per Berapa Semester,0.7439416646957397,88,Pindah Semester Ngulang,0.7190439701080322
7599988315840398098,iyaand__,3jt kak,0,0,124,Juta Serius 3Jt,0.929374098777771,26,Adek Duluan Nurul,0.7684391736984253,51,Open Otw Pkl,0.7202931046485901
7600063801320768277,likaliku_gl,lebih bang,0,0,26,Adek Duluan Nurul,0.806534469127655,19,Com Nice Https,0.7766504287719727,75,Iya Iyapp Introvert,0.7653025388717651
7599992828777497351,adma._o,semua jurusan?,0,0,0,Jurusan Teknik Inggris,0.6105547547340393,105,Swasta Oktober Situ,0.8107945919036865,90,Binus Adsfort Harga,0.7662128806114197
7599993320370488072,iyaand__,iyaa,0,0,75,Iya Iyapp Introvert,0.9693294763565063,26,Adek Duluan Nurul,0.8427709937095642,122,Kalbar Ia Kebingungan,0.8111603856086731
7600014350959821588,istiqomahfitriani,aku di paling belakang dong.. 😁😁,0,2,-1,Mantab Uk Belakang,0.0,38,Ih Maba Grupnya,0.7580819129943848,45,Enggak Ribet Fh,0.6950358152389526
7600311789141836551,univsiberasia,Wah disebelah mana nih Kakak?🤗,0,0,6,Dimana Daerah Mana,0.8309473395347595,84,Ngambil Ambil Apa,0.7238598465919495,51,Open Otw Pkl,0.7167866230010986
7601082500060594965,jessie19_10,KK Spil jurusannya dong,0,1,133,Spill Alisnya Spil,0.878556489944458,117,Boleh Bolehhh Dong,0.8206762075424194,38,Ih Maba Grupnya,0.7979317307472229
7601134792696644370,univsiberasia,"Hey Ka. Di UNSIA ada 5 prodi lho, komunikasi, akuntansi, manajemen, sistem informasi, dan informatika🤩",1,0,63,Informasi Informatika Akuntansi,0.9225319623947144,136,Yaitu Akuntansi Terdapat,0.9353854656219482,58,Tugas Akhir Skripsi,0.7399630546569824
7600011284466025223,awanhen13,"masih dag dig dug, mudah”an bulan 2 bisa ikut sidang dan lancar🤲",0,1,62,Semoga Allah Doain,0.7282740473747253,57,Nilai Sesi Sabar,0.6488422155380249,118,Desember Baca Depan,0.6458410620689392
7600311871254151954,univsiberasia,"Aamiin, yuk semangat Kak biar bisa wisuda tahun ini🤗",1,0,62,Semoga Allah Doain,0.8519375324249268,25,Amin Selalu Semangat,0.8202562928199768,113,Semangat Wah Berpikir,0.7576702237129211
7614753580360942356,hszky,"Temen mess kamar sebelahku pagi sampai sore kuliah, sore berangkat kerja sampai malam jam 12 balik🥺, mana cewek lagi rajin banget",0,0,59,Tugas Numpuk Tugasnya,0.7459067106246948,57,Nilai Sesi Sabar,0.6642937660217285,123,Jam Kelas Karyawan,0.6279869079589844
7612235515181826836,syududu_45,"boleh lah S1 Ut, S2 di siber",0,0,30,Korea Degree Min,0.7767355442047119,4,D3 S1 Lanjut,0.821976900100708,50,S2 Pendidikan Hukum,0.8218240737915039
7585487009976926996,simikhaaa,gaada jurusan hukum kak?,0,1,0,Jurusan Teknik Inggris,0.8208203911781311,45,Enggak Ribet Fh,0.8028639554977417,42,Jurusan Ekonomi Hukum,0.7848435640335083
7587108816991486727,ikutikutan,Belum ada kak huhu,0,0,43,Belum Huhu Nih,0.914592981338501,51,Open Otw Pkl,0.8103170394897461,135,Infoin Mau Lantang,0.7903931140899658
7579832204893700865,shibal.seqya,Ka kalo online dari jepang juga bisa?,1,5,22,Pindahan Menerima Ut,0.8427990674972534,108,Offline Onsite Onnline,0.828804612159729,76,Paket Ijazah Sih,0.8199030160903931
7579844128079594247,univsiberasia,"Hi Ka, bisa banget dong karena UNSIA 100% full online jadi bisa berkuliah darimana saja dan kapan saja🤩",3,0,86,Darimana 100 Jadi,0.9303141832351685,44,100 Learning Fully,0.8284345865249634,72,Tujuan Berkuliah Dimanapun,0.8279902935028076
7593217410983969543,bttrflyyyyyyyyyyyyy,Wisudanya juga online ya kak??,0,0,112,Ujian Tes Online,0.8885362148284912,7,Offline Ujiannya Online,0.8607982397079468,71,Wisuda Uts Uas,0.8457837104797363
7593218570667787016,univsiberasia,Wisuda dilaksanakan secara hybrid Kakak🤗,0,0,96,Secara Dilaksanakan Hybrid,0.7071210145950317,56,Universitas Siber Asia,0.5291270017623901,111,Alhamdulillah Keluarga Bagian,0.5248661637306213
7581630430349771536,aiueoipipiu,ujiannya gimana kakkk??,0,0,33,Bagaimana Wisudanya Tes,0.9208713173866272,127,Caranya Kuliahnya Bagaimana,0.8828394412994385,17,Cara Daftarnya Bagaimana,0.8285708427429199
7581698004505084690,univsiberasia,Ujiannya full online juga Kakak,0,0,112,Ujian Tes Online,0.9132318496704102,7,Offline Ujiannya Online,0.8627878427505493,71,Wisuda Uts Uas,0.8379678130149841
7580281846802432789,celsiolivia06082,Kk biyay yang 3 jt persemester itu udah termasuk apa aja apakah ada buku juga ?,0,1,1,Dicicil 3Jt Hanya,0.781965970993042,18,Berapa Biaya Bayar,0.7631344795227051,77,Per Berapa Semester,0.760739803314209
7581356333241647893,einaafets,1 semester kak. Gaada buku ya,0,0,93,Jujur Review Kata,0.8001201748847961,64,Full Online Serba,0.7862334847450256,115,Full Fisik Diunsia,0.7855077981948853
7581688334469972756,r.lyna4,kakk ada jurusan bahasa inggris engga??,0,1,0,Jurusan Teknik Inggris,0.9194719791412354,30,Korea Degree Min,0.8674241900444031,120,Tanya Non S2Nya,0.8585081100463867
7583176520795472647,twyah_,"Ngga ada kak, cuma ada komunikasi, manajemen, akuntansi, sistem informasi dan informatika",1,0,63,Informasi Informatika Akuntansi,0.8511255979537964,136,Yaitu Akuntansi Terdapat,0.7567766308784485,42,Jurusan Ekonomi Hukum,0.6892715096473694
7579895644748612370,loovecafa,pendaftaran nya udh dibuka blm kak?,0,1,3,Buka Pendaftaran Masih,0.8949206471443176,31,Kapan Pendaftarannya Gelombang,0.8569862246513367,79,Daftar Sudah Kamu,0.8463346362113953
7579899481492062984,univsiberasia,"Hi Kak, saat iniJadi Kakak bisa langsung daftar sekarang di pmb.unsia.ac.id, pilih jurusan favorit, dan mulai kuliah online fleksibel dari mana aja",0,0,101,Favorit Pilih Fleksibel,0.9788354635238647,83,Pilih Favorit Mulai,0.9448208212852478,2,Website Id Ac,0.864345133304596
7579851032547033877,boysafterrocky,"Baru daftar kmaren,, nunggu hasil test aja",0,1,106,Hasil Seleksi Pengumuman,0.7523945569992065,34,Daftar Tinggal Baru,0.7282288074493408,57,Nilai Sesi Sabar,0.7083070278167725
7579855832163107591,univsiberasia,"Hi Kak, untuk hasil ujian akan keluar 2 x 24 jam ya🤗",0,0,106,Hasil Seleksi Pengumuman,0.8109939098358154,10,Maret April Bulan,0.7560761570930481,123,Jam Kelas Karyawan,0.7500929832458496
7602027601008837393,pelarian34,"bisa gak sih kak,kalau udh lama lulus SMK mau daftar kuliah?",0,1,5,Kerja Negeri Kuliah,0.8516561985015869,88,Pindah Semester Ngulang,0.8429180979728699,46,Ut Pengin Bidang,0.8321189880371094
7602196292206592776,univsiberasia,Bisa banget dong Kakak🤗,0,0,53,Dong Kayaknya Banget,0.9538870453834534,117,Boleh Bolehhh Dong,0.8611592054367065,87,Hihi Jugakk Wakty,0.8425044417381287
7589059558750028551,skull_ardii,per semester nya bisa di cicil atau gk ya min,0,1,1,Dicicil 3Jt Hanya,0.7961570024490356,77,Per Berapa Semester,0.8145915269851685,30,Korea Degree Min,0.7747336030006409
7589182878639883015,univsiberasia,"Hi Kak, di UNSIA bayar UKT bisa dicicil sebanyak 3x ya🤩",0,0,1,Dicicil 3Jt Hanya,0.8588899374008179,67,Program Belum Dibuka,0.7743579149246216,2,Website Id Ac,0.7714565992355347
7582361693398844180,dwimary8,di Unsia dpt modul buku tidak ya?,0,1,30,Korea Degree Min,0.8750189542770386,22,Pindahan Menerima Ut,0.8511525988578796,39,Beasiswa Kkn Program,0.8436219096183777
7582442435289907975,univsiberasia,"Hai Kak, dapatt yaa😊",0,0,15,Hi Halo Dong,0.8634950518608093,35,Infonya Terima Kasih,0.8038603663444519,23,Dm Cek Izin,0.7766265869140625
7593947050821337857,hainisa31,kak aku udh daftar kira-kira modul ya dtng ya bulan ke berapa stlh pembayaran?,0,0,79,Daftar Sudah Kamu,0.7779090404510498,91,Ulang Bayar Isi,0.8371486663818359,89,Tanggal Gelombang Bulan,0.8178276419639587
7581648983107044114,ini.alexa01,"kak uang pendaftaran nya berapa? ada biaya lagi ga kek ut kn 1,6jt kalo unsia berapaa?",0,0,18,Berapa Biaya Bayar,0.8488103747367859,49,Ijazahnya Lulus Kan,0.8772968053817749,77,Per Berapa Semester,0.835548460483551
7653439862230516496,educational356,kak kira kira tes masuknya apa aja ya,0,0,16,Apa Saja Jurusan,0.8197609186172485,33,Bagaimana Wisudanya Tes,0.8054816126823425,18,Berapa Biaya Bayar,0.7993769645690918
7591673604074570514,vyaw30,kalau nnti wisudanya online gimana ya min,0,1,7,Offline Ujiannya Online,0.874622106552124,33,Bagaimana Wisudanya Tes,0.8665086030960083,21,Malam Shift Begitu,0.8312006592750549
7592108990784848647,univsiberasia,Wisuda dilaksanakan secara hybrid ya Kakak🤩,0,0,96,Secara Dilaksanakan Hybrid,0.9121404886245728,112,Ujian Tes Online,0.74485844373703,10,Maret April Bulan,0.7324056029319763
7592820447876694792,99traz_,"ka, kalo yg kerja shift kadang pagi kadang malem dan liburnya ga sabtu minggu bisa ngga ya? liburnya ga nentu misal bulan ini senin selasa kemungkinan bulan depan kamis jumat tapi pengen kuliah juga🥺",0,1,21,Malam Shift Begitu,0.8235854506492615,123,Jam Kelas Karyawan,0.775019645690918,49,Ijazahnya Lulus Kan,0.7709411978721619
7592865536516031240,univsiberasia,"Hi Kak, jangan khawatir ya karena di UNSIA sistem pembelajarannya sangat fleksibel, bisa menyesuaikan waktu kerja lho🤗",1,0,86,Darimana 100 Jadi,0.8554394245147705,72,Tujuan Berkuliah Dimanapun,0.7731115818023682,2,Website Id Ac,0.7729806900024414
7579533004244173576,semangatberproses0,ayo dong min S2 diadain,3,0,80,S2 S2Nya Nya,0.7786895036697388,27,Join Grup Yuk,0.7190243005752563,132,Mending Ptnbh Alumni,0.7161319851875305
7592192480372998930,atikadwiles,😭,0,0,13,  ,1.0,61,  ,1.0,20,Yes  ,0.999908447265625
7584601235212321544,tati.tmq,😂,0,0,61,  ,1.0,13,  ,1.0,20,Yes  ,0.999908447265625
7579534239596643073,nadishapa26,kakkk tambah jurusan dong,0,0,104,Aman Unas Ciber,0.7739967107772827,84,Ngambil Ambil Apa,0.8237245082855225,133,Spill Alisnya Spil,0.8060087561607361
7583925996380111623,ivonyny,Nerima yg kejar paket gak kak ???,0,3,76,Paket Ijazah Sih,0.7897104024887085,108,Offline Onsite Onnline,0.7553598880767822,22,Pindahan Menerima Ut,0.7386125922203064
7583929319078331154,univsiberasia,"Hi Kak, kalau sudah paket C boleh Kak",1,0,76,Paket Ijazah Sih,0.790372371673584,15,Hi Halo Dong,0.8301305770874023,60,Admin Dm Boleh,0.8157801032066345
7583929147861697288,ivonyny,Alhamdulillah jadi semangat 😅,0,0,111,Alhamdulillah Keluarga Bagian,0.7364910840988159,129,Bismillah Bismillahirrahmanirrahim Sticker,0.8214330673217773,113,Semangat Wah Berpikir,0.8111226558685303
7587397223362659079,satu_toko0,ayok bareng,0,0,24,Ayo Ikutt Ikut,0.8298062086105347,27,Join Grup Yuk,0.704171895980835,92,Samaaa Sama Konveksi,0.6915571689605713
7581268767876547329,user2166282784644,halo min saya udah daftar udh dapat nim juga langkah selanjutnya harus ngelakuin apa ya min?,0,2,91,Ulang Bayar Isi,0.7955979108810425,17,Cara Daftarnya Bagaimana,0.7552489042282104,79,Daftar Sudah Kamu,0.7263941764831543
7581420604835398417,user2166282784644,cara masuk ke grup angkatan ny gimana kak?,0,0,17,Cara Daftarnya Bagaimana,0.8544180393218994,33,Bagaimana Wisudanya Tes,0.7828231453895569,107,Daftarnya Cara Bagaimana,0.7777799367904663
7581428770054882068,einaafets,Nanti di-wa in admin nya ka,0,0,116,Ig Akun Sering,0.7924916744232178,60,Admin Dm Boleh,0.7362889051437378,108,Offline Onsite Onnline,0.7190227508544922
7580622433678672648,cookie.time181,Untuk proses daftar ulang nya gimana ya kak?,0,1,17,Cara Daftarnya Bagaimana,0.9037493467330933,91,Ulang Bayar Isi,0.8259727954864502,107,Daftarnya Cara Bagaimana,0.8073573112487793
7581378114984264456,univsiberasia,"Hi Ka, Daftar ulang sama saja dengan melakukan pembayaran minimal cicilan 1 ya Kaka",0,0,91,Ulang Bayar Isi,0.7617307305335999,1,Dicicil 3Jt Hanya,0.7158706784248352,10,Maret April Bulan,0.6953650712966919
7580565591279436551,rositasuci1990,Min,0,3,90,Binus Adsfort Harga,0.8616428375244141,29,Menyimak Nyimakkk Ut,0.8753894567489624,40,One Yaallahh Day,0.8734831809997559
7581528184967398152,univsiberasia,"Ayo Kak inget-inget lagi, Mimin udah keburu kepo😭",0,0,60,Admin Dm Boleh,0.6361328959465027,27,Join Grup Yuk,0.72337406873703,34,Daftar Tinggal Baru,0.7133471369743347
7581435707375289095,rositasuci1990,Aku lupa mau min mau ngomong apa😂,0,0,19,Com Nice Https,0.5188047885894775,38,Ih Maba Grupnya,0.6855667233467102,57,Nilai Sesi Sabar,0.6687649488449097
7581378262397141768,univsiberasia,Halo Kak🤗,1,0,15,Hi Halo Dong,0.8333125114440918,26,Adek Duluan Nurul,0.7795854806900024,97,Salam Mantap Kenal,0.7743023633956909
7589493672362705671,teccaawca,bisa pindah dari STIE SURAKARTA ke UNSIA ga ya? 😭,0,1,22,Pindahan Menerima Ut,0.8611124753952026,30,Korea Degree Min,0.8513803482055664,88,Pindah Semester Ngulang,0.807611346244812
7592109247920800519,univsiberasia,"Halo Kak, bisa melalui jalur konversi ya🤩",0,0,12,Konversi Jalur Melalui,0.9476706385612488,22,Pindahan Menerima Ut,0.8072032928466797,15,Hi Halo Dong,0.7989766597747803
7583386829052740368,dixy.gg,info pendaftaran min? usia 28 baru mau lanjut kuliah bisa gak 😭,0,1,41,Info Link Cara,0.6537162065505981,100,Umur Usia Irt,0.8008675575256348,4,D3 S1 Lanjut,0.7715384364128113
7583396827275559687,univsiberasia,"Saat ini sedang dibuka nih Kak pendaftaran mahasiswa baru, Nggak ada batasan umur kok Kakak
Di UNSIA, yang penting semangat belajarnya, bukan usianya 🙌
Karena belajar itu nggak kenal umur, yang muda semangat, yang udah berpengalaman juga makin keren..🤩",0,0,85,Umur Muda Batasan,0.8702725172042847,86,Darimana 100 Jadi,0.7632598280906677,46,Ut Pengin Bidang,0.7269538640975952
7581462397739647752,dzy_34,di unsia bisa pakek KIPK min?,1,1,74,Akreditasinya Asia Siber,0.7581776976585388,30,Korea Degree Min,0.811558723449707,104,Aman Unas Ciber,0.7964375615119934
7581527967738708754,univsiberasia,"Hi Kak, bisa yaa🤩",0,0,15,Hi Halo Dong,0.9430932998657227,87,Hihi Jugakk Wakty,0.832848310470581,35,Infonya Terima Kasih,0.8035153150558472
7580355365340054280,mykaelizee,PGNNN MASUK TI/SI nya tahun depan🙏🏻🙏🏻🙏🏻🙏🏻,1,1,118,Desember Baca Depan,0.7966066598892212,46,Ut Pengin Bidang,0.7528966665267944,132,Mending Ptnbh Alumni,0.7524816989898682
7581377695238619922,univsiberasia,Wahh ditunggu Kakak🤩,0,0,94,Ditunggu Tunggu Wah,0.8921527862548828,35,Infonya Terima Kasih,0.8209097385406494,97,Salam Mantap Kenal,0.8198138475418091
7583367355688092417,alz9.6,mau info lebih lanjut tentang unsia🥺,0,1,8,Tanya Bertanya Chat,0.7225146293640137,120,Tanya Non S2Nya,0.6848795413970947,30,Korea Degree Min,0.6774472594261169
7587316973077775111,univsiberasia,"Halo Kakak, untuk informasi lebih detailnya bisa DM Mimin ya🤗",0,0,36,Dm Admin Detailnya,0.9516720771789551,60,Admin Dm Boleh,0.8819786310195923,23,Dm Cek Izin,0.7795169353485107
7583396994745320210,univsiberasia,"Hi Kak, bisa whatsapp Mimin aja ya +62 881-5608-001",0,0,36,Dm Admin Detailnya,0.7565394639968872,60,Admin Dm Boleh,0.7148011922836304,23,Dm Cek Izin,0.6474500894546509
7580926314946953991,dyahantonogistennang,info pendaftaran hubungi kemana ya,1,1,52,Web Lewat Kemana,0.8267162442207336,41,Info Link Cara,0.8271281719207764,78,Kapan Min Gel,0.8166958093643188
7581377752344675079,univsiberasia,"Halo Kak, bisa DM Mimin ya🤗",0,0,60,Admin Dm Boleh,0.9582555890083313,36,Dm Admin Detailnya,0.9341955780982971,23,Dm Cek Izin,0.8782339096069336
7582098202489504532,alessiaazalea,min ayo live🥰,0,1,24,Ayo Ikutt Ikut,0.7677315473556519,26,Adek Duluan Nurul,0.7123486995697021,90,Binus Adsfort Harga,0.6900345087051392
7582234684403630856,univsiberasia,Kakak nanti nonton ga tapii nihh kalau mimin live?,0,0,24,Ayo Ikutt Ikut,0.6133924722671509,128,Main Kampusnya Kekampus,0.7239580154418945,34,Daftar Tinggal Baru,0.7097262144088745
7582601426224923410,detinurmeilani,ka gap year 3 tahun masih bisa?,0,1,30,Korea Degree Min,0.7030037641525269,100,Umur Usia Irt,0.7974851727485657,1,Dicicil 3Jt Hanya,0.7324042916297913
7582810656832013063,univsiberasia,Bisa banget Kaak🤩,0,0,53,Dong Kayaknya Banget,0.9411351680755615,87,Hihi Jugakk Wakty,0.91573166847229,135,Infoin Mau Lantang,0.8704433441162109
7594162753473135376,soekacitha,beneran flexible gak min? takut banget bentrok sama jam kerja😭🙏,0,1,123,Jam Kelas Karyawan,0.6714993715286255,59,Tugas Numpuk Tugasnya,0.743947446346283,57,Nilai Sesi Sabar,0.7269488573074341
7594380537021268754,univsiberasia,UNSIA menerapkan sistem perkuliahan secara online maka kakak bisa berkuliah dimana saja dan kapan saja. Nah UNSIA bisa menjadi tujuan kakak yg ingin kuliah sambil bekerja kak karena memang waktunya fleksibel dan bisa dilaksanakan kapanpun dan dimanapun🤩🤗,0,0,72,Tujuan Berkuliah Dimanapun,0.9864195585250854,86,Darimana 100 Jadi,0.8303506970405579,101,Favorit Pilih Fleksibel,0.7410690784454346
7582888956783477525,baeee..3,Bisa gk sih pindah ke unsia dari ut,0,1,22,Pindahan Menerima Ut,0.8649502396583557,88,Pindah Semester Ngulang,0.8475210666656494,30,Korea Degree Min,0.8325364589691162
7586529716762706696,univsiberasia,Bisa ko Kak🤩,0,0,87,Hihi Jugakk Wakty,0.9273934364318848,53,Dong Kayaknya Banget,0.8863173723220825,135,Infoin Mau Lantang,0.8300772309303284
7583634460118287111,kangfebrian_,cara daftarnya gimana?,0,0,107,Daftarnya Cara Bagaimana,0.9627654552459717,17,Cara Daftarnya Bagaimana,0.8775678873062134,127,Caranya Kuliahnya Bagaimana,0.8027759790420532
7581129764511089416,sejiwa_id,ka.. sistem penilaian di unsia seperti apa?,0,0,74,Akreditasinya Asia Siber,0.8351573944091797,30,Korea Degree Min,0.7856920957565308,33,Bagaimana Wisudanya Tes,0.7796381711959839
7581798026021470996,healinghalahhalahealing,"Kalau bisa jangan cuti yah temen temen, gigi 1 dulu aja (pelanpelan) gaperlu ngegassspoll terus nanti juga sampe kok 7-8 semesternya 🙌🏽🤝 #managementstress #managementemotional",0,0,59,Tugas Numpuk Tugasnya,0.7919920682907104,57,Nilai Sesi Sabar,0.7366154789924622,46,Ut Pengin Bidang,0.7297118306159973
7579905181787341586,milo_mocca,hari ini kuliah besok juga kuliah lantas kuliah lagi dan lagi terus kan karena memang sudah wajar,2,0,59,Tugas Numpuk Tugasnya,0.7427361011505127,57,Nilai Sesi Sabar,0.6783574819564819,46,Ut Pengin Bidang,0.6727870106697083
7579892175733048072,chattinghacker,👀,0,0,20,Yes  ,0.999908447265625,13,  ,1.0,61,  ,1.0
7581055288251712276,bontot7_7,Info masuk kontak ke siapa ya min?,1,1,52,Web Lewat Kemana,0.8488554358482361,8,Tanya Bertanya Chat,0.7943774461746216,78,Kapan Min Gel,0.7815815210342407
7581377883257488136,univsiberasia,"Halo Kak, bisa DM Mimin ya🤗",0,0,60,Admin Dm Boleh,0.9582555890083313,36,Dm Admin Detailnya,0.9341955780982971,23,Dm Cek Izin,0.8782339096069336
7573309668010869524,jum.aini,Di unsia ada jurusan apa aja sih ka?,1,2,16,Apa Saja Jurusan,0.9018326997756958,0,Jurusan Teknik Inggris,0.8463690876960754,30,Korea Degree Min,0.8325062394142151
7573945741405815570,univsiberasia,"Di UNSIA kamu bisa pilih jurusan yang nggak cuma keren, tapi juga siap buat masa depan digital.",1,0,83,Pilih Favorit Mulai,0.7116972208023071,101,Favorit Pilih Fleksibel,0.6661039590835571,132,Mending Ptnbh Alumni,0.644045889377594
7573946284681511698,univsiberasia,"Seperti Akuntansi, manajemen, sistem informaSemua jurusan ini lagi ‘naik daun’ karena banyak banget perusahaan yang butuh orang yang digitally savvy.",0,0,136,Yaitu Akuntansi Terdapat,0.7349071502685547,63,Informasi Informatika Akuntansi,0.7127525806427002,59,Tugas Numpuk Tugasnya,0.6624531745910645
7573685494430565136,moisereneta,sudah ada magister kah kak?,1,1,11,Skripsi Sidang Tidak,0.8271928429603577,43,Belum Huhu Nih,0.82839035987854,51,Open Otw Pkl,0.8167270421981812
7576251811938616085,einaafets,Blm ada ka,1,0,43,Belum Huhu Nih,0.927807092666626,51,Open Otw Pkl,0.8568769693374634,135,Infoin Mau Lantang,0.809332013130188
7577562965123285777,yunnniiiiu,kak kalau dr ut semester 1 pindah ke unsia mulai dr awal lagi atau gimana?,0,3,88,Pindah Semester Ngulang,0.8422529697418213,49,Ijazahnya Lulus Kan,0.8317492008209229,22,Pindahan Menerima Ut,0.8197954893112183
7577972919260873492,einaafets,"Blm bisa, minimal smt 2 kl mau pindah",0,0,88,Pindah Semester Ngulang,0.7564966678619385,68,Rpl Pengalaman Jalur,0.7392676472663879,76,Paket Ijazah Sih,0.7342283725738525
7595492030857659156,sweetbobba_,"klo uda smt 3, trs mau pindah.. ngulang dr awal ga kak",1,0,88,Pindah Semester Ngulang,0.8292004466056824,47,Daftar Gelombang Januari,0.7837556600570679,76,Paket Ijazah Sih,0.7825380563735962
7582122730721526545,taurus_hr102,kenapa pindah ?,0,0,88,Pindah Semester Ngulang,0.5483778715133667,125,Gratis Tersedia Pesan,0.7556185722351074,122,Kalbar Ia Kebingungan,0.7547788619995117
7576981008261694216,nothingcf,pindah dari ut semester 6 bisa ga kak??,1,0,88,Pindah Semester Ngulang,0.8577454090118408,22,Pindahan Menerima Ut,0.8628807067871094,30,Korea Degree Min,0.8146657943725586
7577388101513822994,jochristiady,Kak kalau RPL ilmu komuniksi bisa gak ya?,1,2,68,Rpl Pengalaman Jalur,0.8343767523765564,120,Tanya Non S2Nya,0.8477398157119751,39,Beasiswa Kkn Program,0.8107366561889648
7636954293240922888,mngdr02,halo kak? maaf mau tanya kk sudah masuk di UNSIA jalur RPL?,0,0,67,Program Belum Dibuka,0.8597478866577148,120,Tanya Non S2Nya,0.8170663118362427,73,Program Dibuka Saat,0.8126735091209412
7577972968790344468,einaafets,Bisa,0,0,125,Gratis Tersedia Pesan,0.925469160079956,90,Binus Adsfort Harga,0.8321319818496704,29,Menyimak Nyimakkk Ut,0.8306984901428223
7576279046729499410,ikanbakar261,kalo beda pulau bisa gak kak?,0,1,76,Paket Ijazah Sih,0.8286720514297485,22,Pindahan Menerima Ut,0.8047881126403809,128,Main Kampusnya Kekampus,0.8036712408065796
7576549965871629064,univsiberasia,"Hi hi Kak, bisa banget dong. Karena UNSIA 100% full online learning🤩",0,0,44,100 Learning Fully,0.956448495388031,86,Darimana 100 Jadi,0.8485979437828064,58,Tugas Akhir Skripsi,0.7813339233398438
7574238101348139796,user234h06,Mimin udh buka pendaftaran??,0,1,3,Buka Pendaftaran Masih,0.7773902416229248,79,Daftar Sudah Kamu,0.7391937971115112,41,Info Link Cara,0.7241014242172241
7574647296651051784,univsiberasia,"Hi Kakak, sudah ni🤩yuk langsung daftar di website resmi UNSIA pmb.unsia.ac.id",1,0,2,Website Id Ac,0.9095313549041748,101,Favorit Pilih Fleksibel,0.8457961082458496,83,Pilih Favorit Mulai,0.8105703592300415
7574289728834568961,nianikikurnia,ada program lanjutan dari D3 ke S1 ka?,1,3,4,D3 S1 Lanjut,0.9047404527664185,50,S2 Pendidikan Hukum,0.8139603137969971,37,S2 Ada Doktoral,0.8047766089439392
7574647127612261138,univsiberasia,"Hi Kakak, ada ya Kak melalui jalur konversi🤗",0,0,12,Konversi Jalur Melalui,0.9146504998207092,15,Hi Halo Dong,0.8008971214294434,120,Tanya Non S2Nya,0.771534264087677
7588134787320480528,maidiva.1,jalur konversi nya buka kapan kak ?,0,0,12,Konversi Jalur Melalui,0.8026214838027954,31,Kapan Pendaftarannya Gelombang,0.9087920188903809,52,Web Lewat Kemana,0.8666878938674927
7588139030895493896,univsiberasia,Sudah dibuka nih Kakak jalur konversi🤩,0,0,3,Buka Pendaftaran Masih,0.7879744172096252,12,Konversi Jalur Melalui,0.7635650634765625,79,Daftar Sudah Kamu,0.7470815181732178
7576618637387612946,liaca2,ada jurusan hukum ga,0,1,42,Jurusan Ekonomi Hukum,0.9428431987762451,0,Jurusan Teknik Inggris,0.8472424745559692,114,S2 Lita Anis,0.8363746404647827
7576672884048724744,univsiberasia,"Halo Kak, belum ada nih untuk jurusan hukum",0,0,67,Program Belum Dibuka,0.8690062165260315,73,Program Dibuka Saat,0.8500438332557678,0,Jurusan Teknik Inggris,0.8192647099494934
7576127054846231312,per1290__,bisa nanya ga min?,0,1,11,Skripsi Sidang Tidak,0.7900667190551758,8,Tanya Bertanya Chat,0.7893960475921631,127,Caranya Kuliahnya Bagaimana,0.7423513531684875
7576550004380386056,univsiberasia,"Hi hi, bisa banget dong Kakak🤩",0,0,15,Hi Halo Dong,0.8568457365036011,53,Dong Kayaknya Banget,0.8478875160217285,117,Boleh Bolehhh Dong,0.7954164743423462
7572515963740947208,prayunikaa,kalau wisuda dari luar jakarta tuh gimna ka?,0,1,92,Samaaa Sama Konveksi,0.5412746667861938,33,Bagaimana Wisudanya Tes,0.8365187644958496,22,Pindahan Menerima Ut,0.8265101313591003
7572539141079171848,univsiberasia,"Hi hi Ka, untuk wisuda dilaksanakan secara hybrid ya🤗",0,0,96,Secara Dilaksanakan Hybrid,0.9195837378501892,10,Maret April Bulan,0.8282433748245239,66,Dibuka Mahasiswa Baru,0.7834113836288452
7575831674082296594,manikmayajr,ada skripsi + sidang?,0,1,11,Skripsi Sidang Tidak,0.7954055666923523,51,Open Otw Pkl,0.7926194667816162,42,Jurusan Ekonomi Hukum,0.7494467496871948
7576549867565089554,univsiberasia,"Hi hi Kak, ada ya",0,0,15,Hi Halo Dong,0.8760213851928711,51,Open Otw Pkl,0.7576056718826294,60,Admin Dm Boleh,0.7533307671546936
7597010908796437266,fadlarida,p,0,0,40,One Yaallahh Day,0.8820415735244751,29,Menyimak Nyimakkk Ut,0.8766445517539978,28,Asa Hum ,0.876412034034729
7575920447813632786,anita_aneet,ada buat magister tidak yah? kalau ada perkuliah sgsd s2 bisa onile tidak ? dan biaya brpa? klau pkai RPL bisa cepat kan?,1,1,68,Rpl Pengalaman Jalur,0.8184517621994019,49,Ijazahnya Lulus Kan,0.8441672325134277,21,Malam Shift Begitu,0.8232674598693848
7576550081245184775,univsiberasia,"Hi hi, belum dibuka ya Kak program S2 di UNSIA",0,0,67,Program Belum Dibuka,0.939766526222229,73,Program Dibuka Saat,0.8893192410469055,66,Dibuka Mahasiswa Baru,0.8660567998886108
7576171069434774280,chendrayana,kalau dari ut semester 6 ke unsia bisa ka?,0,1,88,Pindah Semester Ngulang,0.8272385597229004,22,Pindahan Menerima Ut,0.8645426034927368,30,Korea Degree Min,0.8159013986587524
7576549812914225927,univsiberasia,"Hi hi Kak, bisa ya melalui jalur konversi🤩",0,0,12,Konversi Jalur Melalui,0.9192614555358887,15,Hi Halo Dong,0.7816941738128662,22,Pindahan Menerima Ut,0.7732633352279663
7577069114189464337,szslha,ka full online untuk termasuk ujian nya juga online ga?,0,1,7,Offline Ujiannya Online,0.8830529451370239,112,Ujian Tes Online,0.8676085472106934,71,Wisuda Uts Uas,0.855518102645874
7577223269473633042,univsiberasia,"Hi Kak, tentunya dong. UNSIA 100% full online learning🤩",0,0,44,100 Learning Fully,0.9408935904502869,86,Darimana 100 Jadi,0.7787539958953857,102,100 Fully Bk,0.776373028755188
7580620613086757650,aliciadestiani,😍,0,0,28,Asa Hum ,0.9997044801712036,13,  ,1.0,61,  ,1.0
7570670548712456978,xbz85,mau nanyanya kemana ya kak?,1,1,52,Web Lewat Kemana,0.8835544586181641,8,Tanya Bertanya Chat,0.8649015426635742,60,Admin Dm Boleh,0.8247879147529602
7570932038418252562,univsiberasia,"Halo Kakak, bisa DM mimin yah😊",0,0,36,Dm Admin Detailnya,0.9476367235183716,60,Admin Dm Boleh,0.9297646284103394,23,Dm Cek Izin,0.8711515665054321
7569546777897698066,ilovesambelgeprek,nunggu buka s2 nya min😚,0,2,37,S2 Ada Doktoral,0.8255114555358887,80,S2 S2Nya Nya,0.8537444472312927,50,S2 Pendidikan Hukum,0.8399859070777893
7569573198871167762,einaafets,Lagi proses s2 manajemen setau ku kakk,1,0,85,Umur Muda Batasan,0.7509778738021851,50,S2 Pendidikan Hukum,0.7858748435974121,95,S2 Belum Insyallah,0.7786499261856079
7569564995001090836,airdropscryptotelegram,sama ka😳,1,0,92,Samaaa Sama Konveksi,0.9411191940307617,26,Adek Duluan Nurul,0.8705433011054993,81,Iya Oke Orang,0.8251484632492065
7584253528975065864,smiling._55,"bener bener gada dateng ke kampusnya kan, full online kan?",0,4,71,Wisuda Uts Uas,0.8044993877410889,21,Malam Shift Begitu,0.7659848928451538,64,Full Online Serba,0.7607865333557129
7584256540941943559,univsiberasia,Betul bangettt dong Kak🤩,3,0,48,Betul Banget Lucu,0.9371641874313354,81,Iya Oke Orang,0.8004177808761597,53,Dong Kayaknya Banget,0.7973132133483887
7584296754876334864,hellowleo19,"Min, terus kalau ujian online juga atau gimana? Perlu laptop gak",0,0,21,Malam Shift Begitu,0.8467237949371338,7,Offline Ujiannya Online,0.8301753997802734,115,Full Fisik Diunsia,0.8232240676879883
7584818018028405525,einaafets,"Sebenernya perlu kak, tergantung bentuk ujiannya😉",0,0,7,Offline Ujiannya Online,0.7327733635902405,112,Ujian Tes Online,0.7355353832244873,106,Hasil Seleksi Pengumuman,0.7182652354240417
7584825193508487937,hellowleo19,"Iya kak aku udah sharing2 jg sama mahasiswa unsia, makasih ya",0,0,35,Infonya Terima Kasih,0.8409342765808105,98,Terima Kasih Murid,0.7859727144241333,94,Ditunggu Tunggu Wah,0.7703976631164551
7587588028249735957,das_0404,Ada batas usia ga min?,0,1,100,Umur Usia Irt,0.7606109380722046,11,Skripsi Sidang Tidak,0.7183110117912292,69,Apakah S1Hukum Perdagangan,0.6933948993682861
7587796411989148436,einaafets,Tak ada kak😉aman mhs unsia usianya beragam,0,0,104,Aman Unas Ciber,0.7493243217468262,56,Universitas Siber Asia,0.7125062942504883,9,Kip Unsia Diterima,0.7090839147567749
7588530614677701392,yuliaaart_,di unsia klo kelas pake zoom gt byar lg ga,0,1,123,Jam Kelas Karyawan,0.70878666639328,104,Aman Unas Ciber,0.7469034194946289,93,Jujur Review Kata,0.7436695098876953
7588545892610654997,einaafets,Engga kak,0,0,45,Enggak Ribet Fh,0.8720275163650513,26,Adek Duluan Nurul,0.8524743318557739,75,Iya Iyapp Introvert,0.8321700096130371
7587064029929177864,miraaann11,"kak klo jauh misal di sumbar, wisuda juga bisa online gk?",0,1,71,Wisuda Uts Uas,0.8384172916412354,7,Offline Ujiannya Online,0.8649671077728271,22,Pindahan Menerima Ut,0.8614563941955566
7587088886174925589,einaafets,"Bisa kakk, full online sampe lulus😉",0,0,64,Full Online Serba,0.802249550819397,112,Ujian Tes Online,0.8247725963592529,7,Offline Ujiannya Online,0.8159360885620117
7584463639158932231,unknown_user_unkw,Kak syarat percepatan masa kuliah apa yah?,0,0,119,Teman Syarat Magang,0.8359545469284058,77,Per Berapa Semester,0.8288764953613281,120,Tanya Non S2Nya,0.8262739181518555
7585962174057923348,ayy_u123,jurusan nya ada apa aja ya ?,0,1,16,Apa Saja Jurusan,0.9322036504745483,84,Ngambil Ambil Apa,0.8390237092971802,119,Teman Syarat Magang,0.8175686597824097
7587108157546234642,ikutikutan,"Halo kak ada 5 ya. Akuntansi, komunikasi, manajemen, sistem informasi, informatika. Ayo kak gabung🥰",0,0,63,Informasi Informatika Akuntansi,0.8543100357055664,136,Yaitu Akuntansi Terdapat,0.844556987285614,58,Tugas Akhir Skripsi,0.7412093877792358
7587818537738224405,njelee.pb,kak ada buat S2 ga si??,0,1,37,S2 Ada Doktoral,0.934877872467041,39,Beasiswa Kkn Program,0.8784464597702026,119,Teman Syarat Magang,0.864256739616394
7588123926195716885,einaafets,Blm ada kak,0,0,43,Belum Huhu Nih,0.927807092666626,51,Open Otw Pkl,0.8568769693374634,135,Infoin Mau Lantang,0.809332013130188
7584639391176393490,piineaple_,kak ada s2?,0,1,80,S2 S2Nya Nya,0.9077667593955994,114,S2 Lita Anis,0.8955749273300171,37,S2 Ada Doktoral,0.8913633227348328
7587108379215463176,ikutikutan,Belum ada kak huhu,0,0,43,Belum Huhu Nih,0.914592981338501,51,Open Otw Pkl,0.8103170394897461,135,Infoin Mau Lantang,0.7903931140899658
7584829896166736658,yoibang254,Kak kalau udah tes ujian nya itu udah pasti keterima atau di seleksi dulu sih dan brpa lama waktu nya kak?,0,1,112,Ujian Tes Online,0.7512073516845703,49,Ijazahnya Lulus Kan,0.8469190001487732,106,Hasil Seleksi Pengumuman,0.8372036814689636
7585731224208065300,einaafets,"Seharusnya lulus kok kaa, 2-3hari udah bisa ada hasill",0,0,49,Ijazahnya Lulus Kan,0.6807564496994019,106,Hasil Seleksi Pengumuman,0.7379352450370789,71,Wisuda Uts Uas,0.7276144027709961
7584830904038015745,i.sha012,Buat thn ajaran baru nanti nunggu ijazah sma keluar daftarnya skrng apa nanti kak?,0,2,17,Cara Daftarnya Bagaimana,0.7060133218765259,77,Per Berapa Semester,0.7884811162948608,89,Tanggal Gelombang Bulan,0.7807900905609131
7585765428627391248,i.sha012,Ok ka thxU,0,0,35,Infonya Terima Kasih,0.8840522766113281,98,Terima Kasih Murid,0.8563775420188904,94,Ditunggu Tunggu Wah,0.809459388256073
7585731059237667605,einaafets,"Iya nunggu lulus dulu ya, minimal skl deh",0,0,34,Daftar Tinggal Baru,0.7429484128952026,118,Desember Baca Depan,0.74988853931427,57,Nilai Sesi Sabar,0.7384630441665649
7589626346478027528,warung.gnz2,"kak kalau udah bayar UKT terus lupa up bukti transfer di menu daftar ulang gimana ya nanti,aman ngga, soal udah 1×24 jam nim nya belum muncul masih di proses terus",0,1,91,Ulang Bayar Isi,0.8748719692230225,21,Malam Shift Begitu,0.7769274115562439,49,Ijazahnya Lulus Kan,0.7739853858947754
7590680703248532244,einaafets,"Proses nim memakan waktu mingguan kak, jd aman. Tp better diupload aja",0,0,104,Aman Unas Ciber,0.6167450547218323,108,Offline Onsite Onnline,0.6856155395507812,106,Hasil Seleksi Pengumuman,0.6767935752868652
7584771571891471105,michimochaaa,Kaaa bulan depan pendaftaran bakal ada lagi ga ya ?,0,1,3,Buka Pendaftaran Masih,0.8783933520317078,31,Kapan Pendaftarannya Gelombang,0.848960816860199,47,Daftar Gelombang Januari,0.8420750498771667
7584817756962112277,einaafets,Ada kak smpe maret masii,0,0,10,Maret April Bulan,0.7932028770446777,89,Tanggal Gelombang Bulan,0.790081262588501,3,Buka Pendaftaran Masih,0.7792292237281799
7586219503102001938,gadisss____,kalo masuk di semester depan bisa langsung belajar ga kak?,0,1,57,Nilai Sesi Sabar,0.7317589521408081,88,Pindah Semester Ngulang,0.8389372229576111,49,Ijazahnya Lulus Kan,0.8332709074020386
7587088992752452372,einaafets,"Iya, maret/april mulai kuliahnya",0,0,10,Maret April Bulan,0.7583357095718384,118,Desember Baca Depan,0.793938159942627,34,Daftar Tinggal Baru,0.7353246212005615
7585081418280567569,sxhearted,kak program magister komunikasi kira kira kapan buka ya? 😢,0,1,39,Beasiswa Kkn Program,0.8177183866500854,120,Tanya Non S2Nya,0.8462597131729126,31,Kapan Pendaftarannya Gelombang,0.83268141746521
7587108342524068615,ikutikutan,Belum ada kak huhu,0,0,43,Belum Huhu Nih,0.914592981338501,51,Open Otw Pkl,0.8103170394897461,135,Infoin Mau Lantang,0.7903931140899658
7588467713829520148,unbotheredsoul22,kalau saya di luar negeri bisa min? kuliahnya dari luar?,0,1,5,Kerja Negeri Kuliah,0.836544394493103,22,Pindahan Menerima Ut,0.7927074432373047,30,Korea Degree Min,0.7533929347991943
7588545913998033685,einaafets,sangat bisa kak😉,0,0,53,Dong Kayaknya Banget,0.8467909097671509,87,Hihi Jugakk Wakty,0.8386906385421753,48,Betul Banget Lucu,0.7997493743896484
7599146917151310613,an_nissaaaa,kalo pengen main ke kampusnya boleh ga kak?,0,1,128,Main Kampusnya Kekampus,0.9002827405929565,39,Beasiswa Kkn Program,0.8128514289855957,22,Pindahan Menerima Ut,0.8123151659965515
7631884081965351688,univsiberasia,Boleh banget dong Kakak🤩,0,0,117,Boleh Bolehhh Dong,0.928769588470459,53,Dong Kayaknya Banget,0.9070971608161926,135,Infoin Mau Lantang,0.8486284613609314
7585593379619177236,mocisuchh,minn perlu info biaya pendaftaran dll gimana ya min,0,1,41,Info Link Cara,0.7405139207839966,17,Cara Daftarnya Bagaimana,0.8457868099212646,120,Tanya Non S2Nya,0.8048873543739319
7585775871383536392,univsiberasia,"Halo Kakak, untuk informasi seputar UNSIA bisa DM Mimin yah🤗",0,0,36,Dm Admin Detailnya,0.9150641560554504,60,Admin Dm Boleh,0.8635662198066711,2,Website Id Ac,0.8244988918304443
7584037248295994119,ibrahimhusein95,"kak klo misalkan uts/uas bisa ngga sh ngerjainnya malem,soalnya sambil kerja",0,1,21,Malam Shift Begitu,0.8708130121231079,123,Jam Kelas Karyawan,0.8307496905326843,49,Ijazahnya Lulus Kan,0.8172853589057922
7584817848066081557,einaafets,"Bisa kak, ujian waktunya 2 mingg ukok😉",1,0,112,Ujian Tes Online,0.8549526929855347,7,Offline Ujiannya Online,0.8065025806427002,1,Dicicil 3Jt Hanya,0.7786848545074463
7584131472086156039,mima_10038,"unsia itu bisa pake ijazah paket c ngga sihh, kaloo bisa lengen banget",0,1,76,Paket Ijazah Sih,0.8488287329673767,30,Korea Degree Min,0.7999417781829834,5,Kerja Negeri Kuliah,0.790342390537262
7584256691538019080,univsiberasia,"Hai Kak, bisa ya😊",0,0,15,Hi Halo Dong,0.9361701607704163,87,Hihi Jugakk Wakty,0.8421040773391724,135,Infoin Mau Lantang,0.8056167960166931
7583960876127339265,vianandita_mua,"di unsia, skripsi nya dan bimbingan nya full online atauu hrusss datang ketemu dosen?",0,1,58,Tugas Akhir Skripsi,0.7710080742835999,71,Wisuda Uts Uas,0.7596100568771362,59,Tugas Numpuk Tugasnya,0.7388134002685547
7583978218866230034,univsiberasia,"Hi Kakak, 100% full online🤩",0,0,102,100 Fully Bk,0.8564082384109497,44,100 Learning Fully,0.7154074311256409,64,Full Online Serba,0.7103375196456909
7589490580586939154,yourbabeu1,kalau uas nya online atau ofline kak?,0,0,7,Offline Ujiannya Online,0.8882831335067749,112,Ujian Tes Online,0.8522677421569824,108,Offline Onsite Onnline,0.8479001522064209
7597368246622847751,yunaldtailorthedoctor,jas dosen universitas siber asia,0,0,56,Universitas Siber Asia,0.6937876343727112,42,Jurusan Ekonomi Hukum,0.6061354279518127,63,Informasi Informatika Akuntansi,0.6003690958023071
7586974088334656274,mrilhmm_,pendaftaran dimana ya kakak?,0,1,6,Dimana Daerah Mana,0.8438881039619446,31,Kapan Pendaftarannya Gelombang,0.8602046370506287,52,Web Lewat Kemana,0.8496966361999512
7587088904584250133,einaafets,Di sini ka pmb.unsia.ac.id,1,0,56,Universitas Siber Asia,0.8196764588356018,2,Website Id Ac,0.83419269323349,83,Pilih Favorit Mulai,0.763388454914093
7585883741014606600,vakahskwkwvhauy,Program Magister untuk FKIP jurusannya apa aja min?,0,0,16,Apa Saja Jurusan,0.8612131476402283,50,S2 Pendidikan Hukum,0.8274543285369873,4,D3 S1 Lanjut,0.8082472085952759
7583931280372597524,khirunnsaa,Ada S2 nya ka?,0,0,80,S2 S2Nya Nya,0.9400792121887207,37,S2 Ada Doktoral,0.9208809733390808,95,S2 Belum Insyallah,0.8972281813621521
7594814195075203858,xyf_ya01,kalo pengen main ke kampusnya boleh ga kak?,0,0,128,Main Kampusnya Kekampus,0.9002827405929565,39,Beasiswa Kkn Program,0.8128514289855957,22,Pindahan Menerima Ut,0.8123151659965515
7583970982747702023,anotherlisss,"kak, ada agribisnis s2 ngga?",0,0,50,S2 Pendidikan Hukum,0.9316017031669617,37,S2 Ada Doktoral,0.9573462009429932,0,Jurusan Teknik Inggris,0.887688159942627
7584323571405603592,yoibang254,Kak masih buka ga pendaftaran untuk mahasiswa baru?,0,1,66,Dibuka Mahasiswa Baru,0.8938669562339783,3,Buka Pendaftaran Masih,0.8477113246917725,54,Membuka Lho Mahasiswa,0.8054871559143066
7584340704890127122,univsiberasia,"Hi Kakak, UNSIA masih membuka pendaftaran mahasiswa baru ya🤩",1,0,54,Membuka Lho Mahasiswa,0.9345765709877014,66,Dibuka Mahasiswa Baru,0.9344742298126221,67,Program Belum Dibuka,0.8463677167892456
7584667304479884039,oktabrlian_,Pengen masuk unsia tapi belum ada prodi hukum sad😔,0,0,132,Mending Ptnbh Alumni,0.8083189129829407,30,Korea Degree Min,0.808204174041748,0,Jurusan Teknik Inggris,0.7783666849136353
7590625185583186695,bastian.gavriel,ka wisuda nya ga online kan tp?,1,4,71,Wisuda Uts Uas,0.8798283338546753,7,Offline Ujiannya Online,0.8771379590034485,112,Ujian Tes Online,0.8410830497741699
7591712539798291221,ainn_hsimm,mana ada bisa offline onnline doang ka,0,0,108,Offline Onsite Onnline,0.833834707736969,115,Full Fisik Diunsia,0.7700161933898926,76,Paket Ijazah Sih,0.7519422769546509
7591720561445749524,einaafets,"?? Konsep wisuda unsia memang hybrid kok kak, gimana maksudnya?",1,0,96,Secara Dilaksanakan Hybrid,0.7678505182266235,104,Aman Unas Ciber,0.7833459377288818,9,Kip Unsia Diterima,0.7697337865829468
7591721283223110421,ainn_hsimm,eh maap ka aku salah replay komen😭,0,0,35,Infonya Terima Kasih,0.7316663265228271,8,Tanya Bertanya Chat,0.6729904413223267,81,Iya Oke Orang,0.6715043187141418
7583930408414462737,airdropscryptotelegram,🔥🔥🔥,0,0,40,One Yaallahh Day,0.9992661476135254,13,  ,1.0,61,  ,1.0
7588118948211229460,apasindah,bisa rpl ga?,0,3,68,Rpl Pengalaman Jalur,0.7896244525909424,45,Enggak Ribet Fh,0.7810075283050537,11,Skripsi Sidang Tidak,0.7726377248764038
7588123863708582676,einaafets,Bisa kakk😉,0,0,87,Hihi Jugakk Wakty,0.9871407151222229,53,Dong Kayaknya Banget,0.8916923999786377,135,Infoin Mau Lantang,0.8565638661384583
7588124375581360917,apasindah,"yg kuliahnya cum 1 atau 2 tahun gitu kan?pake pengalaman kerja, tadi ada yg bilang gabisa soalnya",0,0,68,Rpl Pengalaman Jalur,0.6694583296775818,59,Tugas Numpuk Tugasnya,0.7848954200744629,21,Malam Shift Begitu,0.7665839195251465
7588124656457827092,einaafets,Oh iya bener kak kl rpl itu emg blm ada.,0,0,43,Belum Huhu Nih,0.711432695388794,81,Iya Oke Orang,0.7601521015167236,93,Jujur Review Kata,0.7238937616348267
7588731433465643783,piiiyaaaaa28,ada no wa gak biar bisa chat secara lanjut,0,0,8,Tanya Bertanya Chat,0.7793892621994019,52,Web Lewat Kemana,0.759913444519043,108,Offline Onsite Onnline,0.7346484661102295
7638239999913165586,yefa_n,"aku baru semester satu di ut, aduh aduh mulu😭
pen pindah",84,41,88,Pindah Semester Ngulang,0.8047044277191162,57,Nilai Sesi Sabar,0.8275259137153625,46,Ut Pengin Bidang,0.8026660680770874
7638648683118084871,ore0cees,kenapaa kaaa,1,0,135,Infoin Mau Lantang,0.7853330969810486,45,Enggak Ribet Fh,0.77715003490448,38,Ih Maba Grupnya,0.7634565234184265
7638655620266296072,yefa_n,"agrhhh pengen teriak deh😭
males ah ada bibi aida",5,0,38,Ih Maba Grupnya,0.7774742841720581,57,Nilai Sesi Sabar,0.6987130641937256,45,Enggak Ribet Fh,0.667879581451416
7645166870937731861,araaloav_,😭😭😭,0,0,29,Menyimak Nyimakkk Ut,0.9959732294082642,13,  ,1.0,61,  ,1.0
7638691242835264264,desy.ariska,aku cm sanggup 2 semester 😭,1,0,88,Pindah Semester Ngulang,0.6726444959640503,57,Nilai Sesi Sabar,0.6721941828727722,100,Umur Usia Irt,0.6577644348144531
7638771550196892434,yefa_n,semoga pas semester 4 cara belajar nya udah beda,0,0,62,Semoga Allah Doain,0.7089650630950928,57,Nilai Sesi Sabar,0.7099982500076294,88,Pindah Semester Ngulang,0.6691661477088928
7640087587625812756,djisamsoe.samsu,mutasi aja ke unsia ka,0,0,9,Kip Unsia Diterima,0.8269400596618652,104,Aman Unas Ciber,0.7840099334716797,56,Universitas Siber Asia,0.7765654921531677
7640099225598755591,yefa_n,kalo pindah kesana harus ngulang semester ga?,0,0,88,Pindah Semester Ngulang,0.7930914163589478,128,Main Kampusnya Kekampus,0.7416559457778931,93,Jujur Review Kata,0.7404977083206177
7640103971504177940,djisamsoe.samsu,kalo udah selesai min 2 semester di ut nanti tinggal konversi sks aja ka. tp harus ngajuin pengunduran diri ke ut dulu ya,0,0,77,Per Berapa Semester,0.7565935254096985,49,Ijazahnya Lulus Kan,0.8251777291297913,21,Malam Shift Begitu,0.8031120300292969
7641236808823849746,sugab_5,ngulang kak,0,0,88,Pindah Semester Ngulang,0.5819349884986877,26,Adek Duluan Nurul,0.8018399477005005,92,Samaaa Sama Konveksi,0.7551741003990173
7641853227433001735,dapp.___,Unsia full online kak?? Kampus nya dimna ya ini,0,0,115,Full Fisik Diunsia,0.7874179482460022,9,Kip Unsia Diterima,0.829962432384491,7,Offline Ujiannya Online,0.8179622888565063
7641856228867867412,djisamsoe.samsu,"full 100%, wisuda juga bisa milih online
kampus di jaksel",0,0,7,Offline Ujiannya Online,0.6791318655014038,102,100 Fully Bk,0.7100188732147217,71,Wisuda Uts Uas,0.6933906674385071
7645137444064461575,noelnoel12,kak km pindah kemana .aku juga pengen teriak 😫,0,0,38,Ih Maba Grupnya,0.772201657295227,6,Dimana Daerah Mana,0.7049873471260071,135,Infoin Mau Lantang,0.703061580657959
7645184211565265682,univsiberasia,"Jangan teriak Kak, sini cerita sama Mimin aja🤗",0,0,60,Admin Dm Boleh,0.6051724553108215,27,Join Grup Yuk,0.6950764060020447,38,Ih Maba Grupnya,0.6724905967712402
7654139523638821653,ayuuu_a,😭😭Sama macam gk ada yg arahin,0,0,45,Enggak Ribet Fh,0.7673212289810181,38,Ih Maba Grupnya,0.6842554807662964,93,Jujur Review Kata,0.6834549903869629
7654142144357122823,yefa_n,"gw lebih hilang arah lagi, ujian tgl 29 dateng ke tempat ujian petantang-petenteng tgl 22😭 mana dateng paling pertama
padahal salah liat tanggal😭😭😭😭😭",1,0,89,Tanggal Gelombang Bulan,0.5931814312934875,59,Tugas Numpuk Tugasnya,0.6701886653900146,57,Nilai Sesi Sabar,0.6553015112876892
7654156303137735444,ayuuu_a,Astaga kak 😭 aku malahan masii persiapan ujian entah mau pindah apa tetap di ut 😭,1,0,88,Pindah Semester Ngulang,0.8385460376739502,46,Ut Pengin Bidang,0.854637861251831,57,Nilai Sesi Sabar,0.8220144510269165
7656024751514092295,arinidwi719,sama kak 😭,0,0,92,Samaaa Sama Konveksi,0.9411191940307617,26,Adek Duluan Nurul,0.8705433011054993,81,Iya Oke Orang,0.8251484632492065
7655715300453991186,saheksaaa_,aslinya kalo diniati kita ngambil prodi apa mah ga begtu loh ka. aku jalan smt 2 alhamdulillah aman😂,0,0,84,Ngambil Ambil Apa,0.7614916563034058,46,Ut Pengin Bidang,0.8308460712432861,21,Malam Shift Begitu,0.7833572626113892
7653844556153340680,_____abcd1230,sama lagi tuh kak😭,0,0,92,Samaaa Sama Konveksi,0.8943159580230713,38,Ih Maba Grupnya,0.830089807510376,81,Iya Oke Orang,0.8224754929542542
7653866803829523218,yefa_n,barusan banget nangis karna belajar manajemen buat ujian besok😭,0,0,57,Nilai Sesi Sabar,0.7854864597320557,59,Tugas Numpuk Tugasnya,0.7128166556358337,62,Semoga Allah Doain,0.685332179069519
7653466299007435528,yefa_n,"semangat yaaaa, ga se huru hara itu kok ut, semua tergantung kamu
kalo kamu orang nya suka numpuk kerjaan emang bakal berat jadinya
tapi kalo tiap hari minimal satu yg kamu kerjakan insyaallah bakal terasa lebih mudah",0,0,59,Tugas Numpuk Tugasnya,0.756809651851654,21,Malam Shift Begitu,0.6340494155883789,57,Nilai Sesi Sabar,0.6327804327011108
7653388411202175765,scaaynnn,Ka aku maba😭😭😭😭,0,0,38,Ih Maba Grupnya,0.8848997354507446,92,Samaaa Sama Konveksi,0.8138670921325684,135,Infoin Mau Lantang,0.8053791522979736
7653389064247526152,yefa_n,daftar kapan?,0,0,47,Daftar Gelombang Januari,0.5483030676841736,90,Binus Adsfort Harga,0.8134335279464722,105,Swasta Oktober Situ,0.8019396066665649
7647180525237879573,fikri.nataya,"percayalahhhh,UT aduh2nya masih lebih mending ternyata dr pada kampus ini. km bukan aduh2 lagi,klo km cew udh nangis2,klo km cow udh banting2 laptop",0,0,132,Mending Ptnbh Alumni,0.6482181549072266,59,Tugas Numpuk Tugasnya,0.7187040448188782,57,Nilai Sesi Sabar,0.6976182460784912
7646272600683414288,oxeanaya,"aku aja udah pindah kak, padahal baru 1 semester di ut langsung ke unsia",0,0,46,Ut Pengin Bidang,0.8657512664794922,88,Pindah Semester Ngulang,0.8739582896232605,9,Kip Unsia Diterima,0.8235825300216675
7644040909575553810,alarindaa,nikmatin aja tenang masih ada 7 semestet,0,0,58,Tugas Akhir Skripsi,0.47582733631134033,93,Jujur Review Kata,0.688180685043335,104,Aman Unas Ciber,0.6200975775718689
7644078189199672072,yefa_n,"ihhh kak, rasa mau tercepirit😭",0,0,38,Ih Maba Grupnya,0.7417633533477783,45,Enggak Ribet Fh,0.6902182102203369,135,Infoin Mau Lantang,0.6814349293708801
7644167409147446024,alarindaa,"tahan kak mual nya ntar di semester 5,6,7",0,0,88,Pindah Semester Ngulang,0.7133386731147766,57,Nilai Sesi Sabar,0.7659018039703369,59,Tugas Numpuk Tugasnya,0.7050797939300537
7640037297706222352,kilsss._,sama lagi manajemen juga lagi😭,0,0,92,Samaaa Sama Konveksi,0.7447834014892578,38,Ih Maba Grupnya,0.6826438903808594,93,Jujur Review Kata,0.6539855003356934
7640088086533489428,djisamsoe.samsu,"pindah ke unsia aja, manajemen enak sini hehehe",0,0,88,Pindah Semester Ngulang,0.7526806592941284,132,Mending Ptnbh Alumni,0.7711088061332703,104,Aman Unas Ciber,0.7552812099456787
7640042576825516807,yefa_n,sms berapa kkm,0,0,-1,Mantab Uk Belakang,0.0,99,Biayanya Biaya Berapa,0.7220950126647949,6,Dimana Daerah Mana,0.6892409324645996
7640043008091751185,kilsss._,"1 juga, tp selagi ga buat vdio aku masi alhamdulillah si😭",0,0,93,Jujur Review Kata,0.8071275949478149,57,Nilai Sesi Sabar,0.7189652919769287,64,Full Online Serba,0.6930939555168152
7640043150187528968,yefa_n,aku sesi 5 ini belum ku kerjain sama sekali,0,0,57,Nilai Sesi Sabar,0.7222459316253662,93,Jujur Review Kata,0.6971508264541626,59,Tugas Numpuk Tugasnya,0.691789984703064
7640043247393604360,yefa_n,ayo temenan kak😭,0,0,24,Ayo Ikutt Ikut,0.7852756977081299,27,Join Grup Yuk,0.7413028478622437,92,Samaaa Sama Konveksi,0.7411629557609558
7640043821413204752,kilsss._,hahh iyaa? aku bru kerja 2 matkul aja udh pusing bgt soalny mager bgt mana dkit lg sesi 6😭,0,0,57,Nilai Sesi Sabar,0.8304649591445923,59,Tugas Numpuk Tugasnya,0.7939714193344116,46,Ut Pengin Bidang,0.7239160537719727
7640046265288409863,yefa_n,"tugas 1 kemarin aku hari minggu jam 12 revisian, mana lagi di mall😭",0,0,59,Tugas Numpuk Tugasnya,0.7647444009780884,57,Nilai Sesi Sabar,0.708362340927124,123,Jam Kelas Karyawan,0.6912021040916443
7640046386299159313,kilsss._,emg kamu dpt nilai brp kak?,0,0,65,Angkatan Berapa Kira,0.7747701406478882,84,Ngambil Ambil Apa,0.7402733564376831,135,Infoin Mau Lantang,0.7291898131370544
7640047105780761360,kilsss._,"ayo aja kak klo emg mau mutualan, nnti ku follow😁",0,0,116,Ig Akun Sering,0.7986992597579956,27,Join Grup Yuk,0.759373664855957,23,Dm Cek Izin,0.7315681576728821
7640015489268712213,nishavv0,aku baru sem 1 keluar kak😭🙏🏻,0,0,34,Daftar Tinggal Baru,0.7793298363685608,38,Ih Maba Grupnya,0.7417945861816406,43,Belum Huhu Nih,0.7331421375274658
7639826375696728853,crazelll,jurusan apa ka?,0,0,84,Ngambil Ambil Apa,0.9044473171234131,16,Apa Saja Jurusan,0.8741803765296936,6,Dimana Daerah Mana,0.8349771499633789
7639903049734079240,yefa_n,manajemen,0,0,63,Informasi Informatika Akuntansi,0.533331036567688,105,Swasta Oktober Situ,0.8497194051742554,29,Menyimak Nyimakkk Ut,0.8371952772140503
7602516474280542997,taurus.__0,min kalau kerjanya 3 shift apakah kuliahnya keganggu?,76,26,127,Caranya Kuliahnya Bagaimana,0.6665611267089844,5,Kerja Negeri Kuliah,0.7555352449417114,21,Malam Shift Begitu,0.7550247311592102
7602552044041896711,bar18528,Engga akan mengganggu waktu kerja kak,7,0,5,Kerja Negeri Kuliah,0.45056241750717163,59,Tugas Numpuk Tugasnya,0.5125011205673218,123,Jam Kelas Karyawan,0.5070509314537048
7605060550826115861,avichayu,"sorry ka, kaka kuliah disini jg ya? sambil kerja jg kah",8,0,5,Kerja Negeri Kuliah,0.8055614233016968,46,Ut Pengin Bidang,0.7930809259414673,34,Daftar Tinggal Baru,0.7788652181625366
7605117493694841608,bar18528,"Iya, kebetulan sambil kerja juga",3,0,81,Iya Oke Orang,0.7437387704849243,57,Nilai Sesi Sabar,0.7398991584777832,59,Tugas Numpuk Tugasnya,0.715842604637146
7606004387056698133,user927282683837,kak kl kelas karyawan gt mulai kelas nya jam berapa ya?,1,0,123,Jam Kelas Karyawan,0.8915924429893494,21,Malam Shift Begitu,0.815280556678772,89,Tanggal Gelombang Bulan,0.8141927719116211
7610297894667289365,saycaaaa_,kak itu kalo ga ikut zoom gmn..posisi lagi d jam kerja,0,0,123,Jam Kelas Karyawan,0.7988368272781372,21,Malam Shift Begitu,0.7555731534957886,59,Tugas Numpuk Tugasnya,0.7510159015655518
7610312221558063879,bar18528,"Kalau ga ikut zoom nanti kita harus melihat rekaman zoomnya, Kak",1,0,123,Jam Kelas Karyawan,0.6707590222358704,76,Paket Ijazah Sih,0.6788697242736816,115,Full Fisik Diunsia,0.6666893362998962
7610316004322034453,taurus.__0,kak aku dom surabaya ini bakalan ada Kekampusnya gak?,0,0,128,Main Kampusnya Kekampus,0.8518105149269104,22,Pindahan Menerima Ut,0.8008794188499451,49,Ijazahnya Lulus Kan,0.797784686088562
7610316235520475922,bar18528,Ga ada kak,2,0,45,Enggak Ribet Fh,0.9102296829223633,51,Open Otw Pkl,0.8623731136322021,43,Belum Huhu Nih,0.8584464192390442
7610397587011961621,saycaaaa_,ohhh gtu yaa..makasih ya kakkk,1,0,35,Infonya Terima Kasih,0.8629617691040039,98,Terima Kasih Murid,0.8284235596656799,94,Ditunggu Tunggu Wah,0.764081597328186
7620953160941699847,fadilaho_123,"kak aku boleh tanya"" pliss 🙏🙏",0,0,8,Tanya Bertanya Chat,0.7926616072654724,23,Dm Cek Izin,0.7309802770614624,117,Boleh Bolehhh Dong,0.7175594568252563
7621083142027821842,bar18528,boleh,0,0,-1,Mantab Uk Belakang,0.0,125,Gratis Tersedia Pesan,0.8661835193634033,24,Ayo Ikutt Ikut,0.8188804984092712
7626035085577372433,zzkiiyah,kakak ngambil jurusan apa?,0,0,84,Ngambil Ambil Apa,0.9126487970352173,16,Apa Saja Jurusan,0.8189937472343445,0,Jurusan Teknik Inggris,0.7909731864929199
7626038207465931538,bar18528,Informatika,0,0,105,Swasta Oktober Situ,0.8929271697998047,14,Fitriyani Andriani Udin69Can,0.836586594581604,29,Menyimak Nyimakkk Ut,0.836462140083313
7654558988541018888,achaleyy23,kakak udh daftar?,0,0,79,Daftar Sudah Kamu,0.8690308928489685,43,Belum Huhu Nih,0.8121397495269775,34,Daftar Tinggal Baru,0.779344916343689
7636558794906338056,hallobrow20,"kalo untuk awal masuk harus ke kampus ga yah? kayak ut kan rame"" ke kampus kayak apasih itu namanya yah😭😭😭😭",1,0,21,Malam Shift Begitu,0.8181804418563843,49,Ijazahnya Lulus Kan,0.7811689376831055,128,Main Kampusnya Kekampus,0.7785525918006897
7636691017966437138,bar18528,"Full online ya, jadi orientasi pas awal juga online",1,0,64,Full Online Serba,0.8431462049484253,71,Wisuda Uts Uas,0.7934628129005432,115,Full Fisik Diunsia,0.7494023442268372
7645103182792737557,ip3hip3h,"biaya nya brp ka untuk kelas karyawan, dan hari apa aj msuk nya",0,0,123,Jam Kelas Karyawan,0.8106359839439392,18,Berapa Biaya Bayar,0.837169885635376,77,Per Berapa Semester,0.820971667766571
7657396092905259796,lxxcsh,ka untuk orientasinya online berapa hari ka?,0,0,123,Jam Kelas Karyawan,0.8686491250991821,31,Kapan Pendaftarannya Gelombang,0.8660381436347961,89,Tanggal Gelombang Bulan,0.8487242460250854
7656728558698939156,widi.kh,Ada program rpl nggk ya kak,0,0,39,Beasiswa Kkn Program,0.8955497741699219,68,Rpl Pengalaman Jalur,0.8406811952590942,76,Paket Ijazah Sih,0.806299090385437
7656728923762017032,bar18528,ada kak,0,0,51,Open Otw Pkl,0.9537371397018433,43,Belum Huhu Nih,0.8670649528503418,135,Infoin Mau Lantang,0.8658812046051025
7656720766499193620,widi.kh,Ada program RPL nggak ya?,0,0,39,Beasiswa Kkn Program,0.8789098858833313,68,Rpl Pengalaman Jalur,0.8696271181106567,11,Skripsi Sidang Tidak,0.8188469409942627
7656682008316330759,ikaw_47,kalau boleh tau ambil prodi apa kk,0,0,84,Ngambil Ambil Apa,0.8391315937042236,16,Apa Saja Jurusan,0.7950509786605835,119,Teman Syarat Magang,0.7815539836883545
7656700910907360007,bar18528,Informatika,0,0,105,Swasta Oktober Situ,0.8929271697998047,14,Fitriyani Andriani Udin69Can,0.836586594581604,29,Menyimak Nyimakkk Ut,0.836462140083313
7656719749645026069,widi.kh,Kak biaya per semester berapa ya kakau boleh tau?,0,0,77,Per Berapa Semester,0.9168938398361206,18,Berapa Biaya Bayar,0.8917200565338135,120,Tanya Non S2Nya,0.8322312831878662
7628272414523753223,user088888122,"engga kak amann""bangettt",0,0,45,Enggak Ribet Fh,0.8344178795814514,38,Ih Maba Grupnya,0.841783881187439,135,Infoin Mau Lantang,0.7982906103134155
7614465834585473799,zaoliz,ka boleh dm gaa pgn tanya” 😭😭,0,0,8,Tanya Bertanya Chat,0.8974729776382446,23,Dm Cek Izin,0.8483467102050781,60,Admin Dm Boleh,0.846159040927887
7656301505338835730,ya2345672,kaa ada sidang skripsi gaa😭,0,4,11,Skripsi Sidang Tidak,0.8317431211471558,39,Beasiswa Kkn Program,0.8181115388870239,84,Ngambil Ambil Apa,0.8051570057868958
7656662930355733256,univsiberasia,"Hi Kakak, di UNSIA tugas akhirnya menggunakan skripsi yaa🤗",1,0,58,Tugas Akhir Skripsi,0.8983534574508667,9,Kip Unsia Diterima,0.8181706666946411,44,100 Learning Fully,0.7805067300796509
7656664837118165768,ya2345672,disidangin gaa minn?,0,0,117,Boleh Bolehhh Dong,0.7661726474761963,38,Ih Maba Grupnya,0.7539916038513184,45,Enggak Ribet Fh,0.7494549751281738
7657022103137796884,yyyyyyhykpncdz,Ada WOWKKWK,0,0,19,Com Nice Https,0.7672941088676453,24,Ayo Ikutt Ikut,0.7128399610519409,126,Keren Mukanya Asing,0.7102460861206055
7657193804818875143,user71339795223122,Untuk jurusan nya apa saja kak,0,0,16,Apa Saja Jurusan,0.940991997718811,119,Teman Syarat Magang,0.8315231800079346,120,Tanya Non S2Nya,0.8300684094429016
7615837393559503623,bubur.digidaww,siapa pun tolong apa bedanya ini unsia sama ut plisss😭,12,7,9,Kip Unsia Diterima,0.7272578477859497,104,Aman Unas Ciber,0.7753658294677734,132,Mending Ptnbh Alumni,0.7334499359130859
7626317881626116871,xiaoball27,Kali daftar bulan Juni/Juli mulai kuliahnya bulan September ya kak,0,0,10,Maret April Bulan,0.8523328304290771,89,Tanggal Gelombang Bulan,0.7875102162361145,34,Daftar Tinggal Baru,0.7559122443199158
7626323544398480146,bar18528,"Betul, Ikut Semester baru",0,0,88,Pindah Semester Ngulang,0.6992748975753784,129,Bismillah Bismillahirrahmanirrahim Sticker,0.6936423778533936,26,Adek Duluan Nurul,0.6872179508209229
7626317259989058322,xiaoball27,Allhamdulillah masih kebagian tahun ini heheh makasih kakk,0,0,25,Amin Selalu Semangat,0.8127453327178955,98,Terima Kasih Murid,0.7792162895202637,94,Ditunggu Tunggu Wah,0.7628087997436523
7626038689903575815,bar18528,UT PTN dan UNSIA PTS,0,0,88,Pindah Semester Ngulang,0.5531041622161865,56,Universitas Siber Asia,0.7486315965652466,42,Jurusan Ekonomi Hukum,0.6629561185836792
7626302854962660103,xiaoball27,aku lupa PTN dan PTS itu bedanya apaa,0,0,84,Ngambil Ambil Apa,0.7539133429527283,74,Akreditasinya Asia Siber,0.7521095275878906,134,Pjj Akre Industri,0.7383660674095154
7626306990223065874,bar18528,PTN =Negeri dan PTS = Swasta,0,0,105,Swasta Oktober Situ,0.5876036882400513,42,Jurusan Ekonomi Hukum,0.6344917416572571,56,Universitas Siber Asia,0.6240864992141724
7626307446533112583,xiaoball27,Taun ini kapan ya buka lagi mau daftar di unsiaa😭,0,0,3,Buka Pendaftaran Masih,0.8061428070068359,78,Kapan Min Gel,0.7980689406394958,30,Korea Degree Min,0.7940005660057068
7635889216777863957,redvelvett033,bingung bgt ut apa unsia😭,6,16,57,Nilai Sesi Sabar,0.7596679925918579,9,Kip Unsia Diterima,0.7846653461456299,104,Aman Unas Ciber,0.7783154845237732
7635962545584472852,yoliaaaa_,"aku sebagai mahasiswa ut semester dua undur diri kak, just fyi susah lulus sekian terimakasih di tambah tugas ngak tertata dan banyak organisasi ngak jelas makasih",55,0,46,Ut Pengin Bidang,0.7984373569488525,57,Nilai Sesi Sabar,0.7881672382354736,59,Tugas Numpuk Tugasnya,0.7737432718276978
7636255193131680519,marcelineeee33,jadi better unsia yah?,0,0,9,Kip Unsia Diterima,0.713350772857666,104,Aman Unas Ciber,0.7533003091812134,118,Desember Baca Depan,0.7449848651885986
7636704517932909332,yoliaaaa_,iyaa,0,0,75,Iya Iyapp Introvert,0.9693294763565063,26,Adek Duluan Nurul,0.8427709937095642,122,Kalbar Ia Kebingungan,0.8111603856086731
7636254669710951189,yoliaaaa_,bener meskipun beda 1.5jt tapi lebih teratur dan tertata ini review jujur,1,0,93,Jujur Review Kata,0.7038013935089111,64,Full Online Serba,0.5924946665763855,1,Dicicil 3Jt Hanya,0.5830107927322388
7636892230146458388,vvyhana,aku mahasiswa UNSIA best pokoknya,1,0,9,Kip Unsia Diterima,0.7892210483551025,111,Alhamdulillah Keluarga Bagian,0.769740879535675,104,Aman Unas Ciber,0.7404958009719849
7644161176528159509,your_mine025,"@indaaa coba cari kampus ini ada ga di padang, biar bisa sambilan kerja",0,0,60,Admin Dm Boleh,0.5985500812530518,5,Kerja Negeri Kuliah,0.8227910995483398,128,Main Kampusnya Kekampus,0.8051924109458923
7644167423452873479,urgirl_1026,iyaa kak,0,0,81,Iya Oke Orang,0.9248923659324646,75,Iya Iyapp Introvert,0.8682368397712708,92,Samaaa Sama Konveksi,0.8604846000671387
7644988183272538900,jellyspie,bs pake kip gasih kak?,0,0,9,Kip Unsia Diterima,0.6800393462181091,76,Paket Ijazah Sih,0.7996871471405029,115,Full Fisik Diunsia,0.781356155872345
7636255626176447252,redvelvett033,tapi takut kalo tb’ kampus nya ditutup😭,1,0,109,Ditutup Khawatir Kembali,0.574439525604248,132,Mending Ptnbh Alumni,0.7515287399291992,57,Nilai Sesi Sabar,0.7374598979949951
7636366074137264904,marcelineeee33,aku juga udah mau daftar nih kak ngambil ilkom hehe,0,0,34,Daftar Tinggal Baru,0.898243248462677,79,Daftar Sudah Kamu,0.8454553484916687,27,Join Grup Yuk,0.8371347188949585
7637168472627233556,redvelvett033,kak dm aku plis,0,0,23,Dm Cek Izin,0.8889459371566772,116,Ig Akun Sering,0.7898304462432861,60,Admin Dm Boleh,0.7560911774635315
7637930749790995207,ayufujiyanti,D,0,0,32,Merdeka Di ,0.8830291032791138,29,Menyimak Nyimakkk Ut,0.8792110085487366,40,One Yaallahh Day,0.8785356879234314
7638467774582555408,iliyyy13,kak kita sama,0,0,92,Samaaa Sama Konveksi,0.8641239404678345,26,Adek Duluan Nurul,0.7656364440917969,24,Ayo Ikutt Ikut,0.7564901113510132
7653839516625961736,capricorngirls017,@asa,0,0,28,Asa Hum ,0.8789351582527161,29,Menyimak Nyimakkk Ut,0.8778496980667114,14,Fitriyani Andriani Udin69Can,0.8758447170257568
7653860462240695047,accasaaaa,🤔🤔,0,0,20,Yes  ,0.999908447265625,13,  ,1.0,61,  ,1.0
7636805887940035346,kanjengwulan_,Unsia kk,0,0,56,Universitas Siber Asia,0.8155770301818848,26,Adek Duluan Nurul,0.8002075552940369,105,Swasta Oktober Situ,0.7689573764801025
7646399491579593480,rikka_yca,"mau nanya ini kan online,kalau pas semester 8 itu tetap online atau gimana ,soalnya aku dikalimantan",9,15,21,Malam Shift Begitu,0.8681399822235107,49,Ijazahnya Lulus Kan,0.8241992592811584,7,Offline Ujiannya Online,0.8157886266708374
7646777431961961237,_sdl8,"bantu jawab, iya ka ttp online, krna aku jg skrg smstr akhir hihii",5,0,34,Daftar Tinggal Baru,0.8167336583137512,81,Iya Oke Orang,0.7668989896774292,108,Offline Onsite Onnline,0.7654894590377808
7648184235299472149,naninasekay,kak skripsi kah?,0,0,51,Open Otw Pkl,0.7724230289459229,11,Skripsi Sidang Tidak,0.7704578042030334,26,Adek Duluan Nurul,0.7384178638458252
7648194608837509909,_sdl8,iyaa nih,0,0,75,Iya Iyapp Introvert,0.9026315212249756,81,Iya Oke Orang,0.8348141312599182,26,Adek Duluan Nurul,0.7997722625732422
7646779256189764359,rikka_yca,"worth it gk kak,dan sistem belajarnya itu gimana ,aku liat yg ut tu keknya lebih ribet dan gak fleksibel",0,0,127,Caranya Kuliahnya Bagaimana,0.7092654705047607,21,Malam Shift Begitu,0.8025181293487549,59,Tugas Numpuk Tugasnya,0.7640784382820129
7646834431320048391,nel_l_,"Aku juga bingung niiiii , btw kita sma tinggal di kalimantan😭",1,0,46,Ut Pengin Bidang,0.7497731447219849,34,Daftar Tinggal Baru,0.7395561933517456,57,Nilai Sesi Sabar,0.7267676591873169
7646838688815055637,rikka_yca,Kakak dikalimantan mana,0,0,6,Dimana Daerah Mana,0.7436215877532959,38,Ih Maba Grupnya,0.7097464799880981,51,Open Otw Pkl,0.6891605257987976
7646838801290052359,nel_l_,Kalbarrr,0,0,131,Next Up Gass,0.8272773623466492,82,Nrrjml Hbd Nz,0.773105263710022,29,Menyimak Nyimakkk Ut,0.7663156986236572
7646838920898511623,nel_l_,Kamu dimanaaa,0,0,6,Dimana Daerah Mana,0.7756580114364624,38,Ih Maba Grupnya,0.7689278721809387,92,Samaaa Sama Konveksi,0.7236610054969788
7646839754536911636,rikka_yca,Aku Kalbar,0,0,122,Kalbar Ia Kebingungan,0.956133246421814,90,Binus Adsfort Harga,0.7961838245391846,29,Menyimak Nyimakkk Ut,0.7875869274139404
7646843480161846036,rikka_yca,Loh sama aku Pontianak,0,0,38,Ih Maba Grupnya,0.8132478594779968,92,Samaaa Sama Konveksi,0.7901744842529297,45,Enggak Ribet Fh,0.7402411699295044
7646844217487328007,nel_l_,wkwkwkwk,0,0,-1,Mantab Uk Belakang,0.0,19,Com Nice Https,0.7821208238601685,75,Iya Iyapp Introvert,0.7383595705032349
7648911049362457362,frrward,kak sama aku di kaltim boleh tanya tanya gak aku mau daftar,1,0,8,Tanya Bertanya Chat,0.8781716227531433,120,Tanya Non S2Nya,0.8195763230323792,49,Ijazahnya Lulus Kan,0.814285397529602
7648911192803263240,nel_l_,Aku blm daftar kak,0,0,79,Daftar Sudah Kamu,0.8916560411453247,43,Belum Huhu Nih,0.8724855184555054,34,Daftar Tinggal Baru,0.8701471090316772
7648195023993766677,_sdl8,disini fleksibel si ka,0,0,51,Open Otw Pkl,0.8583661317825317,43,Belum Huhu Nih,0.8088229894638062,135,Infoin Mau Lantang,0.8068986535072327
7646982081885405959,nel_l_,Masih bingung ni,0,0,43,Belum Huhu Nih,0.7603522539138794,53,Dong Kayaknya Banget,0.6933993101119995,45,Enggak Ribet Fh,0.6905110478401184
7633658106744242965,ainisyifaa26,infoin kalo udah buka pendaftaran,17,20,3,Buka Pendaftaran Masih,0.7713108658790588,41,Info Link Cara,0.7553466558456421,47,Daftar Gelombang Januari,0.7493684887886047
7634046650168558354,univsiberasia,Mau Mimin bocorin ga nih guys kapan dibuka pendaftarannya?🤩,40,0,3,Buka Pendaftaran Masih,0.8077919483184814,78,Kapan Min Gel,0.7847899198532104,31,Kapan Pendaftarannya Gelombang,0.7721701860427856
7634892677515543303,ourstupsss,kapan di bukanya min,0,0,78,Kapan Min Gel,0.858721137046814,89,Tanggal Gelombang Bulan,0.7733838558197021,31,Kapan Pendaftarannya Gelombang,0.7732881307601929
7635132023435576084,ainisyifaa26,udah buka katanya,1,0,3,Buka Pendaftaran Masih,0.7236433029174805,43,Belum Huhu Nih,0.7966412305831909,51,Open Otw Pkl,0.7527034878730774
7635177856621249287,hiceisyaa,mauu,0,0,24,Ayo Ikutt Ikut,0.8183680176734924,125,Gratis Tersedia Pesan,0.8574346303939819,90,Binus Adsfort Harga,0.8245688676834106
7634136643184739093,ainisyifaa26,buru min,0,0,26,Adek Duluan Nurul,0.8425955176353455,24,Ayo Ikutt Ikut,0.8070470690727234,19,Com Nice Https,0.7749024629592896
7634367789680591634,milkykidd_,udah dapet infonya belom kak kapan bukanya?,0,0,35,Infonya Terima Kasih,0.6936026811599731,79,Daftar Sudah Kamu,0.8121452331542969,3,Buka Pendaftaran Masih,0.7935530543327332
7635704580047864583,arumia1012,Nitip min,0,0,121,Nitip Kabarin Mencari,0.9031496047973633,70,Nitip Nitipp Nitippp,0.8885864019393921,26,Adek Duluan Nurul,0.7724827527999878
7636383058698273552,sskiasalsa,.,0,0,40,One Yaallahh Day,0.9992661476135254,13,  ,1.0,61,  ,1.0
7638186103175185159,skybiii13,Kapan min,0,0,78,Kapan Min Gel,0.7978293895721436,6,Dimana Daerah Mana,0.7479138374328613,11,Skripsi Sidang Tidak,0.7430715560913086
7634723716379788039,indahnovv,Min pindahan sati ut bisa ga,0,0,22,Pindahan Menerima Ut,0.8593852519989014,76,Paket Ijazah Sih,0.8044686317443848,30,Korea Degree Min,0.7933145761489868
7643793279608505095,masikatunnur,kapan,1,0,-1,Mantab Uk Belakang,0.0,105,Swasta Oktober Situ,0.8205840587615967,90,Binus Adsfort Harga,0.7952752113342285
7634181305106711297,anaknyasriii,buruan min,0,0,41,Info Link Cara,0.7108156681060791,24,Ayo Ikutt Ikut,0.7713301777839661,26,Adek Duluan Nurul,0.7182166576385498
7645078320086516498,anohito_1407,kak bisa buat apply visa whv?,0,0,22,Pindahan Menerima Ut,0.8216848373413086,39,Beasiswa Kkn Program,0.7993991374969482,30,Korea Degree Min,0.7827943563461304
7634022828320686868,nrulainiii,KA BARENG DONG,2,0,117,Boleh Bolehhh Dong,0.8603487014770508,135,Infoin Mau Lantang,0.8222832679748535,27,Join Grup Yuk,0.8163871765136719
7635132578480571156,kenapayakkk,mauuu,0,0,24,Ayo Ikutt Ikut,0.8183680176734924,125,Gratis Tersedia Pesan,0.8574346303939819,90,Binus Adsfort Harga,0.8245688676834106
7634046336383845141,sucii02.7,GAZZZ BARENGAN,1,0,27,Join Grup Yuk,0.7271809577941895,24,Ayo Ikutt Ikut,0.7883882522583008,92,Samaaa Sama Konveksi,0.7782526016235352
7634046401765475092,nrulainiii,AYOOO INFOOO,0,0,41,Info Link Cara,0.7064219117164612,24,Ayo Ikutt Ikut,0.7271648645401001,27,Join Grup Yuk,0.6484425067901611
7634307263280841490,hyskwlwns,kak udah buka kah pendaftarannya??? 😭😭,0,0,3,Buka Pendaftaran Masih,0.9060473442077637,31,Kapan Pendaftarannya Gelombang,0.8587382435798645,17,Cara Daftarnya Bagaimana,0.8320270776748657
7634410320027271957,nrulainiii,blm gaa ciw,0,0,43,Belum Huhu Nih,0.8259471654891968,45,Enggak Ribet Fh,0.7918118834495544,38,Ih Maba Grupnya,0.7668136954307556
7634068826077938439,nadineeetvc,mau,0,0,24,Ayo Ikutt Ikut,0.8183680176734924,125,Gratis Tersedia Pesan,0.8574346303939819,90,Binus Adsfort Harga,0.8245688676834106
7646363808898155284,ig_styrhmwty22,ada yg daftar ke unsia ga? hayu breng aku ambil jurusan akuntasi semoga keterima,11,18,84,Ngambil Ambil Apa,0.7717004418373108,46,Ut Pengin Bidang,0.8304128050804138,30,Korea Degree Min,0.8235073685646057
7646991562266624788,nldy_1,bisa terima murid pindahan ga 🙂‍↕️,1,0,98,Terima Kasih Murid,0.487429141998291,22,Pindahan Menerima Ut,0.7257214188575745,68,Rpl Pengalaman Jalur,0.7230170965194702
7650022407624786696,sukakom3nt,ada kok...,0,0,51,Open Otw Pkl,0.8253214359283447,45,Enggak Ribet Fh,0.8060845732688904,125,Gratis Tersedia Pesan,0.7753145098686218
7656785667573613332,matchamayyra,"aku kaak, udah daftar akuntansi dan baru aja ketrimaa",0,0,34,Daftar Tinggal Baru,0.8389483690261841,79,Daftar Sudah Kamu,0.8088195323944092,9,Kip Unsia Diterima,0.7926609516143799
7656849366629040903,akunatjuga,ka skrg masi buka ga aku baru tau univ ini😭,0,0,3,Buka Pendaftaran Masih,0.8034972548484802,46,Ut Pengin Bidang,0.8070073127746582,49,Ijazahnya Lulus Kan,0.805939793586731
7656366154273719058,hiubirukikyy,aku jg camaba akuntansi kak,0,0,38,Ih Maba Grupnya,0.8708369731903076,135,Infoin Mau Lantang,0.8027065992355347,81,Iya Oke Orang,0.8020252585411072
7655659725186892562,keyi_ci,ka caranya gimana,0,0,127,Caranya Kuliahnya Bagaimana,0.9127901792526245,17,Cara Daftarnya Bagaimana,0.8754866123199463,107,Daftarnya Cara Bagaimana,0.8635215163230896
7655728417145717525,ig_styrhmwty22,Liat di ytb ka,0,0,82,Nrrjml Hbd Nz,0.5619561672210693,116,Ig Akun Sering,0.7568005919456482,51,Open Otw Pkl,0.7237156629562378
7653300751595045640,r.post1,"siap, aku baru aja daftar prodi manajemen",0,0,132,Mending Ptnbh Alumni,0.7370826601982117,9,Kip Unsia Diterima,0.6994420289993286,34,Daftar Tinggal Baru,0.6905871033668518
7647776536137794325,althario_mu,Kapan ka pendaftarannya,0,0,31,Kapan Pendaftarannya Gelombang,0.9370805025100708,78,Kapan Min Gel,0.8735390901565552,3,Buka Pendaftaran Masih,0.848237156867981
7647840883803620117,ig_styrhmwty22,3 hari lalu aku daftar ka alhamdulillah keterima,0,0,34,Daftar Tinggal Baru,0.7786024808883667,91,Ulang Bayar Isi,0.7346407175064087,9,Kip Unsia Diterima,0.7329028844833374
7653300550268683016,r.post1,nunggu hasil tes.nya berapa hari kak?,0,0,106,Hasil Seleksi Pengumuman,0.8835446834564209,31,Kapan Pendaftarannya Gelombang,0.824219822883606,33,Bagaimana Wisudanya Tes,0.8203026652336121
7652031693768196884,yusufnyunda,"hallo kak, aman??",0,0,104,Aman Unas Ciber,0.6131709814071655,15,Hi Halo Dong,0.8011658191680908,97,Salam Mantap Kenal,0.7509473562240601
7651581990642123538,enaayeaa,ayo mutualan,0,0,24,Ayo Ikutt Ikut,0.7966489791870117,26,Adek Duluan Nurul,0.7032859325408936,113,Semangat Wah Berpikir,0.6733882427215576
7649257941249786641,halloaish__,ambil makul apa ka,0,0,6,Dimana Daerah Mana,0.8156476616859436,84,Ngambil Ambil Apa,0.7925592660903931,135,Infoin Mau Lantang,0.7545515298843384
7648191392024888072,meriyem0_0,aku kak baru daftar,0,0,34,Daftar Tinggal Baru,0.8737289309501648,79,Daftar Sudah Kamu,0.8391880989074707,38,Ih Maba Grupnya,0.824277400970459
7648544603503821576,curpcakes,Aku boleh tanya tanya kak?,0,0,8,Tanya Bertanya Chat,0.8227003812789917,23,Dm Cek Izin,0.748076319694519,135,Infoin Mau Lantang,0.744280219078064
7648642648217125650,meriyem0_0,boleh ka mau tanya apa?,0,0,8,Tanya Bertanya Chat,0.9043765664100647,120,Tanya Non S2Nya,0.8128006458282471,52,Web Lewat Kemana,0.7992684245109558
7647869178070926088,viwwtiara_,kaaa ayo mutual,0,0,24,Ayo Ikutt Ikut,0.8283998370170593,38,Ih Maba Grupnya,0.7982892990112305,135,Infoin Mau Lantang,0.7824758887290955
7603017876299678482,feliciaelvina15,Beneran bisa online saja?,3,7,108,Offline Onsite Onnline,0.7948293685913086,64,Full Online Serba,0.7878036499023438,93,Jujur Review Kata,0.7345754504203796
7605097284631954196,einaafets,Betul betul ka😉,0,0,48,Betul Banget Lucu,0.9135663509368896,81,Iya Oke Orang,0.7750810384750366,92,Samaaa Sama Konveksi,0.745817244052887
7600979380945093383,4lphawomen,ad jurusan ap aj min?,1,11,16,Apa Saja Jurusan,0.9444912075996399,0,Jurusan Teknik Inggris,0.8439152240753174,119,Teman Syarat Magang,0.840459942817688
7609900243472417543,univsiberasia,"Hi Kakak, UNSIA saat ini memiliki 6 prodi yaitu, Manajemen, sistem informasi, informatika, komunikasi, akuntansi, dan teknologi informasi",6,0,63,Informasi Informatika Akuntansi,0.9059473276138306,136,Yaitu Akuntansi Terdapat,0.9274667501449585,130,Pt Terakreditasi Ban,0.6817382574081421
7631128021302919943,bysafh,kaa ada pendidikan ga,0,0,50,S2 Pendidikan Hukum,0.7097781300544739,11,Skripsi Sidang Tidak,0.8984400033950806,51,Open Otw Pkl,0.8249527812004089
7609901390001406727,4lphawomen,ka in full online atau seminggu sekali wajib hadir k kampus ny?,0,0,64,Full Online Serba,0.7775003910064697,71,Wisuda Uts Uas,0.8236212134361267,21,Malam Shift Begitu,0.7831107378005981
7609909566939136786,univsiberasia,100% fully online🤗,0,0,102,100 Fully Bk,0.7776358127593994,90,Binus Adsfort Harga,0.8069651126861572,131,Next Up Gass,0.7169822454452515
7620383248862724885,bunda_sba,Sampai wisuda kah full online nya?,0,0,7,Offline Ujiannya Online,0.765467643737793,64,Full Online Serba,0.7880550026893616,115,Full Fisik Diunsia,0.7468178272247314
7644474309029364487,seafoodwp,full online sampai lulus kah kak? atau setiap ujian ada offline.nya?,0,0,7,Offline Ujiannya Online,0.8777819275856018,112,Ujian Tes Online,0.8630131483078003,71,Wisuda Uts Uas,0.8389206528663635
7644871272883749640,univsiberasia,100% full online lho Kakak🤩,0,0,102,100 Fully Bk,0.8641637563705444,64,Full Online Serba,0.7875706553459167,108,Offline Onsite Onnline,0.7237125039100647
7644878682711966471,seafoodwp,bisa rpl tidak ya kak? belum pernah kuliah cuma udah pengalaman kerja -+10tahun dan punya bisnis sendiri -+8 tahunan,0,0,68,Rpl Pengalaman Jalur,0.727948784828186,5,Kerja Negeri Kuliah,0.7730178236961365,100,Umur Usia Irt,0.7581842541694641
7631971629484901137,unge1103,psikolog blm ada ya ka?,0,0,43,Belum Huhu Nih,0.8830336332321167,108,Offline Onsite Onnline,0.8159769773483276,79,Daftar Sudah Kamu,0.8159648180007935
7635258169069191957,abang.kecil74,psikologi / kriminologi gda ya kak ?,0,0,0,Jurusan Teknik Inggris,0.7628089785575867,104,Aman Unas Ciber,0.7319954633712769,45,Enggak Ribet Fh,0.717610239982605
7646724959679349511,itsdptaa_,bisa handle mahasiswa luar negeri ga,0,0,5,Kerja Negeri Kuliah,0.7618741393089294,22,Pindahan Menerima Ut,0.748633623123169,68,Rpl Pengalaman Jalur,0.7437006235122681
7602310403536814868,sagiiigirlsssss,worth it ga ngambil S2 nya disini? S1 nya di ut,52,4,4,D3 S1 Lanjut,0.7745871543884277,132,Mending Ptnbh Alumni,0.7632085084915161,95,S2 Belum Insyallah,0.7504013776779175
7602552175022228231,bar18528,"Saat ini S2 masih dalam proses kak, jadi belum di buka",6,0,73,Program Dibuka Saat,0.7575713396072388,67,Program Belum Dibuka,0.737746000289917,95,S2 Belum Insyallah,0.7118357419967651
7629596374787031829,1m.yoga,s2 langsung saja ke Binus🗿,4,0,80,S2 S2Nya Nya,0.752447783946991,114,S2 Lita Anis,0.6894043684005737,132,Mending Ptnbh Alumni,0.6875351667404175
7603852235495293704,babyyola29,blom ada S2 kak,1,0,95,S2 Belum Insyallah,0.9589918851852417,37,S2 Ada Doktoral,0.879365086555481,80,S2 S2Nya Nya,0.8699640035629272
7633368038859588360,..ii00i,"Gak ka,",0,0,45,Enggak Ribet Fh,0.8720275163650513,26,Adek Duluan Nurul,0.8524743318557739,75,Iya Iyapp Introvert,0.8321700096130371
7601470253371048712,blackisfavorit1,syarat umur berapa ya maksimal? terus uktnya berapa persemester?,0,2,18,Berapa Biaya Bayar,0.8030421733856201,77,Per Berapa Semester,0.7837631702423096,65,Angkatan Berapa Kira,0.7601419687271118
7602552356220371720,bar18528,ga da batasan usia dan biaya hanya 3juta/semester,0,0,1,Dicicil 3Jt Hanya,0.7167863845825195,100,Umur Usia Irt,0.599360466003418,77,Per Berapa Semester,0.595576286315918
7645103871481135893,ip3hip3h,biaya dftr brp,0,0,99,Biayanya Biaya Berapa,0.8686344623565674,18,Berapa Biaya Bayar,0.8201858997344971,77,Per Berapa Semester,0.7654719352722168
7622073083951858453,sideoflunae,"Izin jejak min, ada rencana kuliah onlen sambil kerja di jepang bisa ga yh😭",63,16,5,Kerja Negeri Kuliah,0.8635865449905396,22,Pindahan Menerima Ut,0.8202015161514282,119,Teman Syarat Magang,0.817162811756134
7625484792214487828,h.shoullrrr,kerja apa ka klo boleh tau?,0,0,5,Kerja Negeri Kuliah,0.7167206406593323,84,Ngambil Ambil Apa,0.7507632374763489,135,Infoin Mau Lantang,0.7256107330322266
7625493194754753301,sideoflunae,Kaigo kak,3,0,135,Infoin Mau Lantang,0.7398108243942261,26,Adek Duluan Nurul,0.8452811241149902,24,Ayo Ikutt Ikut,0.7863796949386597
7625956795802239752,urrkdyi,"sama kak, doain ya sama sama jadi kenshusei trus ambio kuliah online ini😅",8,0,62,Semoga Allah Doain,0.826793909072876,25,Amin Selalu Semangat,0.7635349035263062,118,Desember Baca Depan,0.7404836416244507
7625958829836124948,sideoflunae,Aammiiinnn lancar lancar yaaa!,0,0,25,Amin Selalu Semangat,0.758053183555603,62,Semoga Allah Doain,0.6753619313240051,129,Bismillah Bismillahirrahmanirrahim Sticker,0.662959098815918
7626055561360933652,h.shoullrrr,lewat lpk kak?,0,0,133,Spill Alisnya Spil,0.6894239783287048,51,Open Otw Pkl,0.7876488566398621,26,Adek Duluan Nurul,0.786298930644989
7627380068772299540,sideoflunae,Iya lpk,0,0,75,Iya Iyapp Introvert,0.8794808983802795,26,Adek Duluan Nurul,0.8325011730194092,24,Ayo Ikutt Ikut,0.8054887056350708
7629437121203569426,el.vlr11,spil lpk nya kak,0,0,133,Spill Alisnya Spil,0.8422731161117554,41,Info Link Cara,0.7648215293884277,135,Infoin Mau Lantang,0.7410427331924438
7629436955873624839,el.vlr11,km kerja di Jepang ikut lpk apa mandiri ka?,0,0,5,Kerja Negeri Kuliah,0.8355228900909424,30,Korea Degree Min,0.8253045082092285,22,Pindahan Menerima Ut,0.8195405006408691
7629442155853726484,sideoflunae,"Eh aku blm di jepang ya kak masih proses job matching, btw aku di lpk Jwind Indonesia di Bandung",0,0,5,Kerja Negeri Kuliah,0.7417285442352295,34,Daftar Tinggal Baru,0.7758439183235168,46,Ut Pengin Bidang,0.7642042636871338
7629442444341297928,el.vlr11,tapi disitu udh banyak yg brngkt ngga kak?,0,0,65,Angkatan Berapa Kira,0.7149323225021362,34,Daftar Tinggal Baru,0.7531300187110901,128,Main Kampusnya Kekampus,0.7448766231536865
7629442866395153173,sideoflunae,Udh banyak sih kak yg brkt tp job nya cm untuk kaigo aja ngga ada bidang lain,0,0,46,Ut Pengin Bidang,0.7723111510276794,5,Kerja Negeri Kuliah,0.7673704624176025,21,Malam Shift Begitu,0.754757821559906
7629443099438334738,el.vlr11,habis brp disitu kak?,0,0,65,Angkatan Berapa Kira,0.7652822732925415,135,Infoin Mau Lantang,0.7614920139312744,6,Dimana Daerah Mana,0.760615348815918
7628176713206235912,cim44n,Ikut nyari kak kabarin kalo dah nemu😭,1,0,121,Nitip Kabarin Mencari,0.7109388113021851,27,Join Grup Yuk,0.7410622835159302,116,Ig Akun Sering,0.7350641489028931
7627372947397477121,lucidptl,"Kuliah binus online aja kakk, mahasiswa binus online juga ada yg dari jepang. Dan di jepang juga ada Learning Community Binus",1,0,90,Binus Adsfort Harga,0.44642186164855957,86,Darimana 100 Jadi,0.7483872771263123,71,Wisuda Uts Uas,0.7328149676322937
7627380354525561620,sideoflunae,"Baru tau bisa online binus, thx infonya ku cari tau dlu",0,0,35,Infonya Terima Kasih,0.7178184986114502,93,Jujur Review Kata,0.7553876638412476,8,Tanya Bertanya Chat,0.7530097961425781
7622663351212049170,ppmbunsia,Bisa Kak,1,0,87,Hihi Jugakk Wakty,0.9871407151222229,53,Dong Kayaknya Banget,0.8916923999786377,135,Infoin Mau Lantang,0.8565638661384583
7602171091356713748,aurelia03.54,Kak ini kalo kuliah online tapi posisi kerja diluar negri bisa kah?,0,3,5,Kerja Negeri Kuliah,0.901391863822937,22,Pindahan Menerima Ut,0.841231107711792,49,Ijazahnya Lulus Kan,0.8338668346405029
7605097524185203477,einaafets,Sangat bisa kak,0,0,53,Dong Kayaknya Banget,0.8467909097671509,87,Hihi Jugakk Wakty,0.8386906385421753,48,Betul Banget Lucu,0.7997493743896484
7602461818775028500,gsxzi,bisa,0,0,125,Gratis Tersedia Pesan,0.925469160079956,90,Binus Adsfort Harga,0.8321319818496704,29,Menyimak Nyimakkk Ut,0.8306984901428223
7605604663791289096,monaahmad05_,nitip kak,0,0,121,Nitip Kabarin Mencari,0.9427817463874817,70,Nitip Nitipp Nitippp,0.889254093170166,26,Adek Duluan Nurul,0.8221827149391174
7646293385011741461,escapesta,nerima mahasiswa pindahan ga ya?,1,1,22,Pindahan Menerima Ut,0.8323370218276978,76,Paket Ijazah Sih,0.7953663468360901,30,Korea Degree Min,0.7849937677383423
7646987196852093717,nldy_1,nitip,0,0,70,Nitip Nitipp Nitippp,0.9976069927215576,121,Nitip Kabarin Mencari,0.8166038990020752,131,Next Up Gass,0.7813614010810852
7616358870873391888,memeysiapa_,kalo kerjanya waktu shift² nya beda² bisa?,1,5,5,Kerja Negeri Kuliah,0.582114577293396,93,Jujur Review Kata,0.632584273815155,59,Tugas Numpuk Tugasnya,0.624584436416626
7620410477587464976,kareem12726,setauku disini full online kak. UTS dan UAS nya juga online,2,0,71,Wisuda Uts Uas,0.8410735130310059,7,Offline Ujiannya Online,0.8090124726295471,112,Ujian Tes Online,0.8087553381919861
7602897007775253255,oktovianustappe,Paket c bisa kak,2,3,76,Paket Ijazah Sih,0.8104777932167053,108,Offline Onsite Onnline,0.8241541385650635,87,Hihi Jugakk Wakty,0.822933554649353
7602962800449930005,ceoofgabutnasional,bisa banget aku juga paket c,0,0,76,Paket Ijazah Sih,0.6998125910758972,53,Dong Kayaknya Banget,0.7980550527572632,38,Ih Maba Grupnya,0.7717078924179077
7602904945662313237,gsxzi,bisa keknya bang,0,0,53,Dong Kayaknya Banget,0.8884368538856506,87,Hihi Jugakk Wakty,0.8479653596878052,135,Infoin Mau Lantang,0.7973962426185608
7627724043890361095,aquarius__1_8,@f,0,0,-1,Mantab Uk Belakang,0.0,40,One Yaallahh Day,0.893541693687439,28,Asa Hum ,0.8912997245788574
7601371217828283153,tanggul59,"berkaitan dng pelayanan, yg tanyakan tentang penerbitan surat keterangan bahwa anak saya kuliah di universitas siber asia, kok sdh 2 minggu lebih, blm ada respon, padahal berhubungan dengan pengaktifan BPJS,",42,1,91,Ulang Bayar Isi,0.6985417604446411,21,Malam Shift Begitu,0.6331936120986938,100,Umur Usia Irt,0.6186845302581787
7601877673615688468,naurayasmin0102,up,4,0,131,Next Up Gass,0.9432220458984375,40,One Yaallahh Day,0.9089857935905457,29,Menyimak Nyimakkk Ut,0.9089609980583191
7631497158369411857,rizky_radhika1,info daftarnyaa,0,4,41,Info Link Cara,0.8311307430267334,107,Daftarnya Cara Bagaimana,0.7465716004371643,17,Cara Daftarnya Bagaimana,0.6490651369094849
7631498944304644871,univsiberasia,"Hi Kakak, Saat ini untuk pendaftaran mahasiswa baru sudah ditutup nih Kakak. Namun, jangan khawatir dibuka kembali di semester ganjil yaa yaitu di bulan Juni🤗",3,0,109,Ditutup Khawatir Kembali,0.9844383597373962,66,Dibuka Mahasiswa Baru,0.8141007423400879,10,Maret April Bulan,0.7952994108200073
7631569633660748560,ilaaaaa_.___,Kak kalau full online gini wisudanya gimana?,1,0,7,Offline Ujiannya Online,0.8942914605140686,33,Bagaimana Wisudanya Tes,0.8943774700164795,71,Wisuda Uts Uas,0.8642989993095398
7631578647698752257,keyyy1301_,nitiip,0,0,70,Nitip Nitipp Nitippp,0.8740935921669006,19,Com Nice Https,0.8262365460395813,26,Adek Duluan Nurul,0.7725582122802734
7632208477373563669,talitwit,IH KIRAIN BISA IKUT SEMESTER INI HUHU😭,0,0,57,Nilai Sesi Sabar,0.8236203789710999,118,Desember Baca Depan,0.7767522931098938,46,Ut Pengin Bidang,0.7672485113143921
7601592121988072212,kangcrypto151,"kak kalau ambil 2 prodi sistem informasi dan informatika bakal setres gak yah?
pgn ikutan jalur konversi soalnya pekerjaan terlaru pada jadi gak bisa kuliah hybrid.",5,1,49,Ijazahnya Lulus Kan,0.8405425548553467,46,Ut Pengin Bidang,0.8172221183776855,4,D3 S1 Lanjut,0.8092691898345947
7636559284918895378,hallobrow20,kalo manajemen gelarnya nanti apa? masih S.M kah?,0,0,74,Akreditasinya Asia Siber,0.7679092884063721,33,Bagaimana Wisudanya Tes,0.7176374197006226,65,Angkatan Berapa Kira,0.7170644402503967
7633020104217051912,jangkar243,"klo kuliahnya online, wisuda nya online jg ta?",2,2,71,Wisuda Uts Uas,0.8855353593826294,7,Offline Ujiannya Online,0.8758615255355835,112,Ujian Tes Online,0.8176150918006897
7633321737346450184,univsiberasia,"Hi Kak, wisuda UNSIA dilaksanakan secara hybrid. Jadi, bisa online dan bisa juga secara langsung🤗",2,0,96,Secara Dilaksanakan Hybrid,0.8612111806869507,71,Wisuda Uts Uas,0.8001129031181335,86,Darimana 100 Jadi,0.798956036567688
7634783209096954640,drn.dg,kak kalau mau ambil berkas kelulusan seperti ijazah dll itu gmna? apakah harus ke kampus nya atau gimna,0,0,49,Ijazahnya Lulus Kan,0.8738467693328857,21,Malam Shift Begitu,0.8166438341140747,33,Bagaimana Wisudanya Tes,0.8002027273178101
7647166923332420360,rnty101,ada ilmu hukum ga yaaaaaaa,0,1,11,Skripsi Sidang Tidak,0.8005303740501404,39,Beasiswa Kkn Program,0.7498491406440735,0,Jurusan Teknik Inggris,0.7487844824790955
7647779743241126677,babyyyygirlsssss,ut kak ada,0,0,51,Open Otw Pkl,0.9133100509643555,26,Adek Duluan Nurul,0.8517202138900757,135,Infoin Mau Lantang,0.8350962400436401
7602981761794130706,isssaagn,info biyaua ful per semester,0,2,41,Info Link Cara,0.6137340068817139,1,Dicicil 3Jt Hanya,0.6692555546760559,77,Per Berapa Semester,0.658894419670105
7628847765481980679,user120222170,@dumpprzkya,0,0,19,Com Nice Https,0.7807989120483398,82,Nrrjml Hbd Nz,0.777928352355957,131,Next Up Gass,0.754065752029419
7610230120548385556,wullllandari,dalam setahun habisin biaya 6jtan aja kah ka?,1,0,1,Dicicil 3Jt Hanya,0.7832223176956177,77,Per Berapa Semester,0.7192026376724243,18,Berapa Biaya Bayar,0.719009280204773
7604310938577388295,likestar216,ini bisa full online kan jdwlnya gak wajib ke kampus,1,1,115,Full Fisik Diunsia,0.8178988695144653,71,Wisuda Uts Uas,0.8271763920783997,64,Full Online Serba,0.810094952583313
7604839457585414930,cantikaidaf,betul kak full online ya di unsia,0,0,64,Full Online Serba,0.8307740688323975,9,Kip Unsia Diterima,0.8650717735290527,44,100 Learning Fully,0.8456019163131714
7602260127265063700,fluxnebulaa,Mana maba manajemen👆,7,10,6,Dimana Daerah Mana,0.7494651079177856,38,Ih Maba Grupnya,0.7352162599563599,51,Open Otw Pkl,0.7346145510673523
7602962318377599764,ceoofgabutnasional,"hadirrr, yuk gabung grub gaes",1,0,27,Join Grup Yuk,0.724784255027771,116,Ig Akun Sering,0.6461184620857239,24,Ayo Ikutt Ikut,0.6129155158996582
7637886736882516756,acim178,mau gabung kak,0,0,27,Join Grup Yuk,0.8938856720924377,135,Infoin Mau Lantang,0.8478364944458008,117,Boleh Bolehhh Dong,0.8159968852996826
7637906354304254741,ceoofgabutnasional,maba kah?,0,0,103,Ilkom Ieu Balang,0.709404706954956,90,Binus Adsfort Harga,0.7369788885116577,105,Swasta Oktober Situ,0.7222312092781067
7637908371634455317,acim178,masih bungung kak ut apa unsia,0,0,88,Pindah Semester Ngulang,0.7412185668945312,104,Aman Unas Ciber,0.8148606419563293,9,Kip Unsia Diterima,0.8107376098632812
7637910995680068373,ceoofgabutnasional,😁😁😁 bagusan University of Oxford si,1,0,104,Aman Unas Ciber,0.7606717348098755,132,Mending Ptnbh Alumni,0.7359123229980469,74,Akreditasinya Asia Siber,0.7114429473876953
7637911135492080404,acim178,kak 😭,1,0,26,Adek Duluan Nurul,0.9060319066047668,29,Menyimak Nyimakkk Ut,0.8503655195236206,122,Kalbar Ia Kebingungan,0.8496691584587097
7637911642551206676,ceoofgabutnasional,mmm unsia aja jelas flexibel 👀🤌🏻,0,0,104,Aman Unas Ciber,0.7625964879989624,93,Jujur Review Kata,0.7004493474960327,64,Full Online Serba,0.6685543656349182
7626404150427861767,preaasuree,mau gabung grub kak,1,0,27,Join Grup Yuk,0.8867527842521667,116,Ig Akun Sering,0.7923928499221802,8,Tanya Bertanya Chat,0.7806658744812012
7603004873811067668,fluxnebulaa,gass ka👆,1,0,26,Adek Duluan Nurul,0.8588921427726746,24,Ayo Ikutt Ikut,0.8144943714141846,92,Samaaa Sama Konveksi,0.8121578693389893
7626404218845627143,preaasuree,mau join dong,0,0,27,Join Grup Yuk,0.8583479523658752,121,Nitip Kabarin Mencari,0.7917762994766235,117,Boleh Bolehhh Dong,0.777477502822876
7600106101498446593,dwii.jyntii,masi buka pndftaran ny kk??,7,9,3,Buka Pendaftaran Masih,0.7370235323905945,133,Spill Alisnya Spil,0.6995342373847961,41,Info Link Cara,0.6993200182914734
7600311321020367623,univsiberasia,"Hi Kak, saat ini UNSIA masih membuka pendaftaran mahasiswa baru lho. Jadi Kakak bisa langsung daftar sekarang di pmb.unsia.ac.id, pilih jurusan favorit, dan mulai kuliah online fleksibel dari mana aja🤗",11,0,101,Favorit Pilih Fleksibel,0.9755505919456482,83,Pilih Favorit Mulai,0.9298469424247742,2,Website Id Ac,0.8841390609741211
7600349799389315841,dwii.jyntii,kak . ini kalo ujian kan online ya. trs pas uo nnti kebetulan kena shift pas kerja gimana ya kak ?,0,0,21,Malam Shift Begitu,0.8940330743789673,49,Ijazahnya Lulus Kan,0.8677240610122681,123,Jam Kelas Karyawan,0.8375245332717896
7601502644250657554,anise_vallen,"kalo ujiannya gimana min, apakah sama kayak UT?",0,0,7,Offline Ujiannya Online,0.7908781170845032,33,Bagaimana Wisudanya Tes,0.8373427391052246,49,Ijazahnya Lulus Kan,0.791851282119751
7602866441864200980,einaafets,"Ujian online, 2minggu waktu nya ka",0,0,112,Ujian Tes Online,0.827883243560791,7,Offline Ujiannya Online,0.7754778265953064,106,Hasil Seleksi Pengumuman,0.7660295963287354
7602260434393023239,angeln113,boleh minta nomor admin yang bisa di hubungi gak? mau daftar kuliah lanjutan D3,0,0,4,D3 S1 Lanjut,0.7374833822250366,119,Teman Syarat Magang,0.745478630065918,5,Kerja Negeri Kuliah,0.7414474487304688
7601027151768666887,asriy19,regis persemestrnya brpa kak?,0,0,18,Berapa Biaya Bayar,0.8539248108863831,77,Per Berapa Semester,0.782968282699585,52,Web Lewat Kemana,0.7680931091308594
7602281351823622930,tonengtonengtonggggg,"kak, kalo aku daftar bulan ini. mulai kelas bulan apa ya kak 🙏",0,0,79,Daftar Sudah Kamu,0.7858293056488037,89,Tanggal Gelombang Bulan,0.8291136026382446,49,Ijazahnya Lulus Kan,0.815910816192627
7602285915415675666,univsiberasia,Perkuliahan akan dimulai di bulan April ya Kakak🤗,0,0,10,Maret April Bulan,0.8695316910743713,109,Ditutup Khawatir Kembali,0.7696676254272461,96,Secara Dilaksanakan Hybrid,0.7680767774581909
7604155024863724308,spalspil_chiayi,Dari taiwan apa bisa min,0,0,22,Pindahan Menerima Ut,0.8248502016067505,76,Paket Ijazah Sih,0.7666563987731934,115,Full Fisik Diunsia,0.7644349336624146
7621974523734672136,rida.kholiza,"untuk biaya masih terjangkau gak ya untuk IRT?..
dulu pernah kuliah tp ga selesai",1,2,100,Umur Usia Irt,0.8067537546157837,5,Kerja Negeri Kuliah,0.8101552724838257,49,Ijazahnya Lulus Kan,0.7913326025009155
7626038636337939218,bar18528,"Terjangkau, Kak. Hanya 3 Juta/semester",0,0,1,Dicicil 3Jt Hanya,0.7852259874343872,124,Juta Serius 3Jt,0.6795956492424011,104,Aman Unas Ciber,0.6494747996330261
7636558873583895314,hallobrow20,semua jurusan 3jjta?,0,0,42,Jurusan Ekonomi Hukum,0.7318005561828613,56,Universitas Siber Asia,0.6937981247901917,50,S2 Pendidikan Hukum,0.6834536790847778
7600736971317969665,sylvia_manohara,Saya tinggal di kaltim bisa gak kak?,0,8,34,Daftar Tinggal Baru,0.6449152231216431,22,Pindahan Menerima Ut,0.8266844749450684,120,Tanya Non S2Nya,0.8127923011779785
7600792990491443986,univsiberasia,UNSIA menerapkan sistem perkuliahan secara online maka kakak bisa berkuliah dimana saja dan kapan saja. Nah UNSIA bisa menjadi tujuan kakak yg ingin kuliah sambil bekerja kak karena memang waktunya fleksibel dan bisa dilaksanakan kapanpun dan dimanapun🤩🤩,0,0,72,Tujuan Berkuliah Dimanapun,0.9864195585250854,86,Darimana 100 Jadi,0.8303506970405579,101,Favorit Pilih Fleksibel,0.7410690784454346
7650839596108432149,mwildan313,Ujian boleh nyontek ga,0,0,11,Skripsi Sidang Tidak,0.7546103000640869,112,Ujian Tes Online,0.7172245383262634,104,Aman Unas Ciber,0.7112243175506592
7601625267819348757,userrr9998871,kak aku jga dari kaltim udah jdi mahasiswanya unsia😁😁,0,0,9,Kip Unsia Diterima,0.8779453635215759,34,Daftar Tinggal Baru,0.815790593624115,46,Ut Pengin Bidang,0.8024774789810181
7623232906421781255,meliaanaa,"halo kak kita sama, aku jga maba dri kaltim 🙆‍♀️",0,0,38,Ih Maba Grupnya,0.6858315467834473,34,Daftar Tinggal Baru,0.7555168271064758,9,Kip Unsia Diterima,0.753086507320404
7604504643188572929,rey33_yeah,Uas nya bgmn?,0,0,33,Bagaimana Wisudanya Tes,0.8703702688217163,107,Daftarnya Cara Bagaimana,0.7949531078338623,127,Caranya Kuliahnya Bagaimana,0.7932593822479248
7601769928521270036,userrr9998871,kak aku baru daftar taun ini😭,0,0,34,Daftar Tinggal Baru,0.8915843963623047,79,Daftar Sudah Kamu,0.8508790135383606,47,Daftar Gelombang Januari,0.8222854137420654
7601749064677344016,sylvia_manohara,Kaltim daerah mana kak,0,0,6,Dimana Daerah Mana,0.8707756996154785,52,Web Lewat Kemana,0.7622009515762329,84,Ngambil Ambil Apa,0.7273958921432495
7601752232275002132,userrr9998871,balikapapn kak,0,0,26,Adek Duluan Nurul,0.802960991859436,92,Samaaa Sama Konveksi,0.768401026725769,51,Open Otw Pkl,0.7537301778793335
7607020654193820434,americano77_7,"Aku juga online hukum sambil kerja kak, semangat untuk kita semua",8,5,113,Semangat Wah Berpikir,0.7524915933609009,62,Semoga Allah Doain,0.7861809134483337,34,Daftar Tinggal Baru,0.7663488984107971
7610789218608874261,ritaaaa__00,diunsia ada jurusan hukum juga kak?,0,0,0,Jurusan Teknik Inggris,0.8750400543212891,30,Korea Degree Min,0.8278841972351074,9,Kip Unsia Diterima,0.8195216059684753
7610963958816310034,americano77_7,aku bukan mahasiswa unsia,0,0,9,Kip Unsia Diterima,0.7181789875030518,56,Universitas Siber Asia,0.7238715291023254,111,Alhamdulillah Keluarga Bagian,0.6837714910507202
7611106638825866005,ritaaaa__00,ka kuliah dimna kak?,0,0,5,Kerja Negeri Kuliah,0.7433236837387085,84,Ngambil Ambil Apa,0.7984952926635742,135,Infoin Mau Lantang,0.7904025316238403
7611138226624037640,americano77_7,Di adhyaksa kak,0,0,51,Open Otw Pkl,0.7353847026824951,56,Universitas Siber Asia,0.7148931622505188,26,Adek Duluan Nurul,0.7037296295166016
7633316857661899527,milaaaa_090,kapan ya buka pendaftarannya?,1,5,78,Kapan Min Gel,0.9105739593505859,31,Kapan Pendaftarannya Gelombang,0.8927725553512573,3,Buka Pendaftaran Masih,0.8655620813369751
7633321332272792328,univsiberasia,"Hi Kak, awal Mei pendaftaran mahasiswa baru sudah dibuka yaa🤗",9,0,66,Dibuka Mahasiswa Baru,0.9083557724952698,10,Maret April Bulan,0.8806366324424744,109,Ditutup Khawatir Kembali,0.8270248174667358
7633390035203670792,raactyy,awal mei sampe kapan ka?,0,0,89,Tanggal Gelombang Bulan,0.8523730635643005,31,Kapan Pendaftarannya Gelombang,0.8383212089538574,65,Angkatan Berapa Kira,0.793170690536499
7633758148381524743,hotsyyyyyy,s2 kak?,0,0,26,Adek Duluan Nurul,0.881705105304718,92,Samaaa Sama Konveksi,0.7879102826118469,131,Next Up Gass,0.7749729156494141
7634021409219511058,sayhello00001,"info ukt nya min, mau daftar kayaknya",0,0,41,Info Link Cara,0.7874007225036621,120,Tanya Non S2Nya,0.795454740524292,78,Kapan Min Gel,0.791739821434021
7638174703006581512,cchocopiee3,"Sampai kapan min pendaftaran dibuka, saya rencana mau masuk sini",1,0,78,Kapan Min Gel,0.8824940323829651,31,Kapan Pendaftarannya Gelombang,0.8187811970710754,3,Buka Pendaftaran Masih,0.8078275918960571
7601086369851343623,ginafauzh,Ka terima jalur RPL prrolehan kredit gk? Pengalaman kerja jepang 4th,0,2,68,Rpl Pengalaman Jalur,0.7595078349113464,100,Umur Usia Irt,0.7161636352539062,5,Kerja Negeri Kuliah,0.7128181457519531
7614935622714082066,bismillah.14,kak kalo misal dulunya pernah kuliah sampai semester 7 terus keluar apa bisa ikut program rpl ? tapi sudah 10 tahun yg lalu keluarnya ..,0,0,39,Beasiswa Kkn Program,0.7132822275161743,49,Ijazahnya Lulus Kan,0.8260252475738525,21,Malam Shift Begitu,0.7760714292526245
7610101314730918663,ginafauzh,Mkasih ka,0,0,98,Terima Kasih Murid,0.8875744938850403,35,Infonya Terima Kasih,0.8569706678390503,97,Salam Mantap Kenal,0.7761263251304626
7600243173043487509,s.marshelyna,S2 ilmu hukum bisa ka disini?,0,3,50,S2 Pendidikan Hukum,0.8372749090194702,37,S2 Ada Doktoral,0.7518489360809326,4,D3 S1 Lanjut,0.7410807609558105
7602929601060913941,ceoofgabutnasional,"blm ada s2, tp insyallah mau diadakan 😇",0,0,95,S2 Belum Insyallah,0.8057740330696106,132,Mending Ptnbh Alumni,0.7371330261230469,30,Korea Degree Min,0.7294562458992004
7604478832591176464,panggilakumakabigail,kapan ada s2 ka? jur apa aja?,0,0,37,S2 Ada Doktoral,0.874835193157196,16,Apa Saja Jurusan,0.8482439517974854,50,S2 Pendidikan Hukum,0.8361212015151978
7604497817650709269,ceoofgabutnasional,"tunggu aja ka, sering2 cek di akun unsia aja 🥰🥰🥰",0,0,116,Ig Akun Sering,0.7913830280303955,34,Daftar Tinggal Baru,0.7269192934036255,104,Aman Unas Ciber,0.7244908809661865
7600662211330589448,1ayam2ribu,pendaftaran terakhir kapan ya min?,0,3,78,Kapan Min Gel,0.9258296489715576,31,Kapan Pendaftarannya Gelombang,0.9009292721748352,89,Tanggal Gelombang Bulan,0.8734825253486633
7602865902161609492,einaafets,Maret,0,0,105,Swasta Oktober Situ,0.8871033191680908,14,Fitriyani Andriani Udin69Can,0.8412339687347412,29,Menyimak Nyimakkk Ut,0.8410821557044983
7605094483767722760,iolasenna2,ooo sampai Maret ya ?,0,0,10,Maret April Bulan,0.7049530148506165,118,Desember Baca Depan,0.7760986089706421,94,Ditunggu Tunggu Wah,0.7469449043273926
7605096638714495764,einaafets,Iyaa msh buka smpe maret,0,0,3,Buka Pendaftaran Masih,0.7953497171401978,47,Daftar Gelombang Januari,0.730032205581665,118,Desember Baca Depan,0.7180117964744568
7601526708735476487,afnafnafn_,Ada skripsi nya gak min?,0,0,11,Skripsi Sidang Tidak,0.8796712756156921,39,Beasiswa Kkn Program,0.8516706228256226,37,S2 Ada Doktoral,0.8336977958679199
7609855102468539157,ibnu_ahlul,Nitip,0,1,70,Nitip Nitipp Nitippp,0.9976069927215576,121,Nitip Kabarin Mencari,0.8166038990020752,131,Next Up Gass,0.7813614010810852
7609899814776800007,univsiberasia,Nitip apa nih Kakak🙄,0,0,6,Dimana Daerah Mana,0.7601078748703003,121,Nitip Kabarin Mencari,0.8184964060783386,117,Boleh Bolehhh Dong,0.7567723989486694
7636668300785419029,lan.7272,ka nerima lulusan paket c ga ya?,0,1,76,Paket Ijazah Sih,0.8886340856552124,22,Pindahan Menerima Ut,0.8378604054450989,115,Full Fisik Diunsia,0.8277231454849243
7636684898988442375,univsiberasia,"Hi Kak, bisaaa yaaa🤗",0,0,15,Hi Halo Dong,0.9430932998657227,87,Hihi Jugakk Wakty,0.832848310470581,35,Infonya Terima Kasih,0.8035153150558472
7649705592684200711,sukakom3nt,Ini wajib beli modul versi cetak alias buku fisik gak ya ?,1,3,115,Full Fisik Diunsia,0.7699645757675171,76,Paket Ijazah Sih,0.7304026484489441,7,Offline Ujiannya Online,0.7041506171226501
7650017135057765127,univsiberasia,Tidak perlu Kakak🤩,1,0,45,Enggak Ribet Fh,0.7989991307258606,125,Gratis Tersedia Pesan,0.7619248032569885,122,Kalbar Ia Kebingungan,0.7453151941299438
7650020934921880338,sukakom3nt,"siap, bukan males baca modul versi fisik, tapi bingung klo udah selesai mau disimpen dimana... 😁",0,0,59,Tugas Numpuk Tugasnya,0.7736861705780029,57,Nilai Sesi Sabar,0.7246506214141846,71,Wisuda Uts Uas,0.6816067695617676
7650022911633703688,sukakom3nt,ini lagi nunggu pengumuman seleksi jalur transfer,0,0,106,Hasil Seleksi Pengumuman,0.7409632205963135,3,Buka Pendaftaran Masih,0.6818873882293701,78,Kapan Min Gel,0.6814053058624268
7633275117396968213,raazyi,info pendaftaran nya kapan yaa?,2,2,78,Kapan Min Gel,0.8985714912414551,31,Kapan Pendaftarannya Gelombang,0.907170832157135,89,Tanggal Gelombang Bulan,0.8391189575195312
7633321418852107015,univsiberasia,"Hi Kak, pendaftaran mahasiswa baru awal Mei sudah dibuka ya Kak🤗",1,0,10,Maret April Bulan,0.8897305727005005,66,Dibuka Mahasiswa Baru,0.897467851638794,109,Ditutup Khawatir Kembali,0.823823094367981
7633390292733559559,raactyy,"kalo di unsia, prodi akuntansi butuh laptop ga kira""?",0,0,30,Korea Degree Min,0.8395549058914185,0,Jurusan Teknik Inggris,0.7966185212135315,132,Mending Ptnbh Alumni,0.7763806581497192
7628200745908814612,wellcomedong,Unsia ini kalo full online tugas akhirnya ada skripsi gk ya ? Mohon infonya dong,0,1,21,Malam Shift Begitu,0.8789162635803223,58,Tugas Akhir Skripsi,0.8644962310791016,30,Korea Degree Min,0.8469637632369995
7628453196705366792,univsiberasia,"Hi Kak, di UNSIA tugas akhirnya menggunakan skripsi yaa🤗",0,0,58,Tugas Akhir Skripsi,0.9162695407867432,9,Kip Unsia Diterima,0.8200791478157043,67,Program Belum Dibuka,0.7914440631866455
7649200034261762824,nuelstiv,Jurusannya apa aja?,1,1,16,Apa Saja Jurusan,0.729392945766449,125,Gratis Tersedia Pesan,0.7366233468055725,90,Binus Adsfort Harga,0.7169222831726074
7650018669946422023,univsiberasia,"Halo Kakak, UNSIA memiliki 6 prodi yaitu komunikasi, akuntansi, manajemen, sistem informasi, informatika, dan teknologi informasi😊",0,0,63,Informasi Informatika Akuntansi,0.92026686668396,136,Yaitu Akuntansi Terdapat,0.926532506942749,130,Pt Terakreditasi Ban,0.6586431264877319
7605072263839564552,fitra_ardiyan,kira kira klo hbis lebran daftar nya masi bisa kak,1,1,47,Daftar Gelombang Januari,0.8447504639625549,17,Cara Daftarnya Bagaimana,0.8204506039619446,91,Ulang Bayar Isi,0.8073853254318237
7609940746657874696,fitra_ardiyan,"sudh kak ,tinggal daftar ulang nanti hbis lebaran",0,0,34,Daftar Tinggal Baru,0.8331063985824585,79,Daftar Sudah Kamu,0.8270201086997986,47,Daftar Gelombang Januari,0.7998225688934326
7609362516367770369,himakom_unsia,Maba ilmu komunikasi mana nie ?,1,2,120,Tanya Non S2Nya,0.6354150772094727,42,Jurusan Ekonomi Hukum,0.7586844563484192,84,Ngambil Ambil Apa,0.736534833908081
7610330456089084690,airyn122,kak ini ujianya online atau offline KK?,0,0,7,Offline Ujiannya Online,0.886588454246521,112,Ujian Tes Online,0.8643373250961304,71,Wisuda Uts Uas,0.8094301223754883
7603660802055275280,rasz.shop.official,itu yang poto terakhir lulusan s brpa😂,0,0,100,Umur Usia Irt,0.686921238899231,65,Angkatan Berapa Kira,0.7330522537231445,132,Mending Ptnbh Alumni,0.7058039903640747
7622836526070465300,binor.08.08.2024,Mending unsia atau ut sih,1,1,132,Mending Ptnbh Alumni,0.7752386331558228,104,Aman Unas Ciber,0.7786968946456909,74,Akreditasinya Asia Siber,0.7541959285736084
7622881893750407944,univsiberasia,"Kalau Mimin pilihnya yg cocok di hati aja sih Kak, UNSIA misalnya🤩",0,0,60,Admin Dm Boleh,0.5918819904327393,104,Aman Unas Ciber,0.6992923021316528,93,Jujur Review Kata,0.6639249324798584
7608453149652714241,ulzzyyaaaa,Infoo cara daftarnya ihh,0,1,41,Info Link Cara,0.8350424766540527,107,Daftarnya Cara Bagaimana,0.7854033708572388,17,Cara Daftarnya Bagaimana,0.7795621156692505
7608453979655389960,univsiberasia,"Ih gampang banget Kak, Kakak bisa langsung daftar sekarang di pmb.unsia.ac.id, pilih jurusan favorit, dan mulai kuliah online fleksibel dari mana aja🤩",1,0,101,Favorit Pilih Fleksibel,0.9727551341056824,83,Pilih Favorit Mulai,0.9561066627502441,2,Website Id Ac,0.8469630479812622
7604388123162395412,iiimmfinee,terus wisuda nya gimana kak,0,2,33,Bagaimana Wisudanya Tes,0.9424365758895874,127,Caranya Kuliahnya Bagaimana,0.851557731628418,18,Berapa Biaya Bayar,0.8464217782020569
7605098990535508756,einaafets,Bs online/offline ka,3,0,108,Offline Onsite Onnline,0.930803120136261,115,Full Fisik Diunsia,0.8265030384063721,64,Full Online Serba,0.8241926431655884
7605161484838863636,iiimmfinee,loh iyaa t,0,0,75,Iya Iyapp Introvert,0.8133024573326111,45,Enggak Ribet Fh,0.7397280335426331,81,Iya Oke Orang,0.732318639755249
7627374181999969031,lisxiconu,"ada gasih waktu kuliah yang bisa kita sendiri nentuin, soalnya sistem libur aku rolling jadi perminggu nya itu jadi maju😭",5,7,59,Tugas Numpuk Tugasnya,0.7971706986427307,21,Malam Shift Begitu,0.7570068836212158,46,Ut Pengin Bidang,0.735098659992218
7628084012242223880,univsiberasia,"Hi Kakak, UNSIA menerapkan sistem perkuliahan secara online maka kakak bisa berkuliah dimana saja dan kapan saja. Nah UNSIA bisa menjadi tujuan kakak yg ingin kuliah sambil bekerja kak karena memang waktunya fleksibel dan bisa dilaksanakan kapanpun dan dimanapun🤩",3,0,72,Tujuan Berkuliah Dimanapun,0.984622597694397,86,Darimana 100 Jadi,0.847273588180542,101,Favorit Pilih Fleksibel,0.7576916813850403
7628875071776490248,siiaaayyyy,biasanya seminggu berapa kali? dan jam berapa aja mulai nya?,1,0,123,Jam Kelas Karyawan,0.707087516784668,89,Tanggal Gelombang Bulan,0.6374588012695312,77,Per Berapa Semester,0.605309009552002
7629537561765659412,nurldky,nitip,0,0,70,Nitip Nitipp Nitippp,0.9976069927215576,121,Nitip Kabarin Mencari,0.8166038990020752,131,Next Up Gass,0.7813614010810852
7630096528628351751,funshutt0,"halo kak izin jawab yaa, untuk jadwal dihari selasa-jumat, tpi unsia memberi kebijakan presensi sampe hari minggu yaa dan untuk jam ny bebas kak kapan saja karna untuk zoom tidak wajib yg penting kita kasi aalasan kenapa tidak bisa mengikuti zoom tsb🙏🏻",2,0,123,Jam Kelas Karyawan,0.7853511571884155,21,Malam Shift Begitu,0.7944133281707764,49,Ijazahnya Lulus Kan,0.7544748783111572
7630294217051357960,siiaaayyyy,"kalo untuk biaya tambahan, praktik, penelitian, magang, apakah ada ka?? aku bimbang bangett😭😭😭😭😭😭",0,0,39,Beasiswa Kkn Program,0.8387699127197266,49,Ijazahnya Lulus Kan,0.8378618359565735,5,Kerja Negeri Kuliah,0.8274475336074829
7645615704557732626,rina_aurynata,kalo sambil kerja di jepang bisa ngk kak?,0,0,5,Kerja Negeri Kuliah,0.8882745504379272,22,Pindahan Menerima Ut,0.8361678123474121,128,Main Kampusnya Kekampus,0.8284938335418701
7627500289071760136,ppriscaaa,ntp ka,0,0,26,Adek Duluan Nurul,0.8603641390800476,92,Samaaa Sama Konveksi,0.8045390248298645,81,Iya Oke Orang,0.7957074642181396
7636584200007516948,user2738392015,unsia bisa full online ga sih tmn tmn?,0,1,115,Full Fisik Diunsia,0.8929458856582642,22,Pindahan Menerima Ut,0.8278799057006836,76,Paket Ijazah Sih,0.8180797100067139
7636649300026098439,univsiberasia,"Hi teman, betul banget 100% fully online yahh",0,0,44,100 Learning Fully,0.764941394329071,48,Betul Banget Lucu,0.7276869416236877,35,Infonya Terima Kasih,0.7119432687759399
7613903311390245639,yoshinori895,ini bagus? soalny pengen nyesuaiin sama hari/jam kerja juga,0,2,59,Tugas Numpuk Tugasnya,0.7764267921447754,57,Nilai Sesi Sabar,0.7438825368881226,93,Jujur Review Kata,0.7212486267089844
7616572971033445138,univsiberasia,"Bagus banget Kak UNSIA, memudahkan mahasiswanya banget. Apalagi mahasiswa yang sambil bekerja dan berkuliah uga. Sangat-sangat fleksibel🤗",1,0,86,Darimana 100 Jadi,0.8530516624450684,72,Tujuan Berkuliah Dimanapun,0.7837874889373779,46,Ut Pengin Bidang,0.7258038520812988
7616714282063315730,neena3677,ga ada FH ya,0,0,45,Enggak Ribet Fh,0.9037914872169495,11,Skripsi Sidang Tidak,0.8106763958930969,51,Open Otw Pkl,0.8063738346099854
7601032160020382482,ha.chan19,untuk jam masuk nya berapa kali seminggu kak?,0,0,123,Jam Kelas Karyawan,0.8713535070419312,18,Berapa Biaya Bayar,0.8250449895858765,77,Per Berapa Semester,0.7992080450057983
7616337087068259093,dhuardhuar,min ini full online?,1,1,64,Full Online Serba,0.8642118573188782,102,100 Fully Bk,0.7539175748825073,115,Full Fisik Diunsia,0.7466503381729126
7616572711049151250,univsiberasia,"Hi Kak, UNSIA 100% fully online🤗",0,0,44,100 Learning Fully,0.8667821884155273,102,100 Fully Bk,0.8157477974891663,56,Universitas Siber Asia,0.7466831207275391
7600088706465350407,user204080111,info jadwal pendaftaran di bulan apa min,1,2,41,Info Link Cara,0.7670536041259766,89,Tanggal Gelombang Bulan,0.8572412133216858,78,Kapan Min Gel,0.8485537767410278
7600311269870682888,univsiberasia,"Hi Kak, saat ini UNSIA masih membuka pendaftaran mahasiswa baru lho. Jadi Kakak bisa langsung daftar sekarang di pmb.unsia.ac.id, pilih jurusan favorit, dan mulai kuliah online fleksibel dari mana aja🤗",0,0,101,Favorit Pilih Fleksibel,0.9755505919456482,83,Pilih Favorit Mulai,0.9298469424247742,2,Website Id Ac,0.8841390609741211
7600984857312953106,athira.arsyad.zul,"min saya mau daftar online tapi sudah tutup untuk gel 6 , gimana ya min",0,0,69,Apakah S1Hukum Perdagangan,0.6837483048439026,91,Ulang Bayar Isi,0.8076531887054443,17,Cara Daftarnya Bagaimana,0.7953118085861206
7602519976158741268,noname2246123,berapa biaya nya,2,1,99,Biayanya Biaya Berapa,0.917884111404419,18,Berapa Biaya Bayar,0.811080813407898,107,Daftarnya Cara Bagaimana,0.7673429846763611
7623688676018553608,univsiberasia,"Hi Kak, untuk UKT hanya 3jt persemester lhoo🤩",1,0,1,Dicicil 3Jt Hanya,0.88653165102005,18,Berapa Biaya Bayar,0.7419179081916809,77,Per Berapa Semester,0.7282945513725281
7601893463928750856,ay._61,min info beasiswa,0,0,41,Info Link Cara,0.8039429187774658,50,S2 Pendidikan Hukum,0.7468385100364685,69,Apakah S1Hukum Perdagangan,0.7348639965057373
7601059936545948432,srhndyyani_01,ada program RPL nya gak si kak ?,0,1,39,Beasiswa Kkn Program,0.9016944169998169,68,Rpl Pengalaman Jalur,0.8414828777313232,76,Paket Ijazah Sih,0.8184801340103149
7607514766789395217,srhndyyani_01,betul kak pindahan S1 cara pendaftaran nya gimana ya kak?,0,0,4,D3 S1 Lanjut,0.8281634449958801,49,Ijazahnya Lulus Kan,0.8466920852661133,120,Tanya Non S2Nya,0.846472442150116
7601067049670296340,m5120456,when ya,1,1,-1,Mantab Uk Belakang,0.0,26,Adek Duluan Nurul,0.8832694292068481,75,Iya Iyapp Introvert,0.8671169877052307
7602962581988311828,ceoofgabutnasional,sekarang atuh,0,0,-1,Mantab Uk Belakang,0.0,26,Adek Duluan Nurul,0.7622966766357422,75,Iya Iyapp Introvert,0.7371591329574585
7610696111347811073,user2166282784644,"halo min, kalau saya ngajukan permohonan perubahan biodata melalui email kira kira butuh waktu berapa lama untuk di proses?",0,2,106,Hasil Seleksi Pengumuman,0.7673535346984863,91,Ulang Bayar Isi,0.7479424476623535,17,Cara Daftarnya Bagaimana,0.738066554069519
7610699336615428872,univsiberasia,"Hi Kak, bisa DM Mimin untuk perubahan data ya😊",0,0,60,Admin Dm Boleh,0.8837889432907104,36,Dm Admin Detailnya,0.880502462387085,23,Dm Cek Izin,0.7568759918212891
7612057003984831233,user2166282784644,min saya sudah dm tolong di respon,0,0,8,Tanya Bertanya Chat,0.7907261848449707,60,Admin Dm Boleh,0.7263168692588806,91,Ulang Bayar Isi,0.7225290536880493
7611555727534916370,dheaa_107,aku maba,1,1,38,Ih Maba Grupnya,0.8019630908966064,122,Kalbar Ia Kebingungan,0.8551608324050903,26,Adek Duluan Nurul,0.8095852136611938
7616526467731981063,dheaa_107,hai kk salam kenal yah saya dari malaysia🥰,0,0,97,Salam Mantap Kenal,0.7600984573364258,35,Infonya Terima Kasih,0.7532014846801758,15,Hi Halo Dong,0.7447103261947632
7614892886304473876,user155246723,info ada jalur RPL ga ya?,0,0,68,Rpl Pengalaman Jalur,0.869644284248352,39,Beasiswa Kkn Program,0.8485141396522522,22,Pindahan Menerima Ut,0.8078104257583618
7600645752553849621,leo_castinon,"Halo Selamat Siang, Mau Tanya Nih… Boleh ya? Untuk Lanjut S2 Kuliah Online Belum tersedia ya?",0,3,120,Tanya Non S2Nya,0.8445233106613159,73,Program Dibuka Saat,0.8252469301223755,67,Program Belum Dibuka,0.823527455329895
7600646179504456466,univsiberasia,"Boleh dong. Tapi, program S2 di UNSIA saat ini belum tersedia Kakak;(",1,0,67,Program Belum Dibuka,0.8962792158126831,73,Program Dibuka Saat,0.8374876976013184,30,Korea Degree Min,0.8123706579208374
7604504775891632897,rey33_yeah,Tersedia di UT klo s2 online,0,0,37,S2 Ada Doktoral,0.703133761882782,50,S2 Pendidikan Hukum,0.7570053339004517,42,Jurusan Ekonomi Hukum,0.7360368967056274
7601900608636191506,rdtlzm_,bukannya ada ya kk s2 manajemen?,0,0,50,S2 Pendidikan Hukum,0.8085011839866638,95,S2 Belum Insyallah,0.7955473065376282,0,Jurusan Teknik Inggris,0.7937945127487183
7602894201260475157,liaiskandar_95,"31 udah kuliah S1 2x pend
otw kuliah S1 lagii non pend🤪",0,1,4,D3 S1 Lanjut,0.7736243009567261,50,S2 Pendidikan Hukum,0.720841646194458,100,Umur Usia Irt,0.6813994646072388
7631896443385758485,ayudewadanu,aku jg ka... pendidikan bhs inggris skr mu ambil management,0,0,0,Jurusan Teknik Inggris,0.7754871845245361,46,Ut Pengin Bidang,0.7830697298049927,9,Kip Unsia Diterima,0.7585407495498657
7604731931154957063,omyu81,bila tidak bisa mengikuti wisuda krn suatu hal apakah ijazah tetap diberikan?,0,1,100,Umur Usia Irt,0.670933187007904,69,Apakah S1Hukum Perdagangan,0.633481502532959,5,Kerja Negeri Kuliah,0.624840497970581
7605099077303026453,einaafets,Tetep dapet kok asal sudah menyelesaikan smua administrasi 😁,1,0,132,Mending Ptnbh Alumni,0.6364792585372925,64,Full Online Serba,0.6605305075645447,93,Jujur Review Kata,0.6563111543655396
7618566142638277396,bagya.lawuh,"pen ya Allah bismillah pertengahan tahun, Unsia with Bussines Intelegent Major",0,2,111,Alhamdulillah Keluarga Bagian,0.7488911151885986,129,Bismillah Bismillahirrahmanirrahim Sticker,0.6930364370346069,62,Semoga Allah Doain,0.6575632691383362
7618605507474064135,univsiberasia,"Aamiin, semangat selalu untuk Kakak ya🤗",1,0,25,Amin Selalu Semangat,0.9296901226043701,113,Semangat Wah Berpikir,0.8109173774719238,55,Sukses Selalu Sehat,0.7808351516723633
7618735228386853652,bagya.lawuh,aamiin terima kasih min🥰,0,0,98,Terima Kasih Murid,0.8852590918540955,25,Amin Selalu Semangat,0.8005353808403015,97,Salam Mantap Kenal,0.7567933797836304
7638462980594254599,sheninaserenity,Ada batasan umur ga nih? Udh 27 soalnya😅,1,1,85,Umur Muda Batasan,0.7029241323471069,100,Umur Usia Irt,0.7964264750480652,65,Angkatan Berapa Kira,0.762374758720398
7638517710855127826,univsiberasia,"Nggak ada batasan umur kok Kakak
Di UNSIA, yang penting semangat belajarnya, bukan usianya 🙌
Karena belajar itu nggak kenal umur, yang muda semangat, yang udah berpengalaman juga makin keren🤩",0,0,85,Umur Muda Batasan,0.8635450601577759,59,Tugas Numpuk Tugasnya,0.7053186893463135,86,Darimana 100 Jadi,0.7049878835678101
7601396395300012821,lionsajaa,maba ilkom hadir😋,1,0,56,Universitas Siber Asia,0.7262725830078125,111,Alhamdulillah Keluarga Bagian,0.6503685712814331,129,Bismillah Bismillahirrahmanirrahim Sticker,0.6233434677124023
7617413757783212808,squidnot7,cara daftar nya gmn ka?,0,1,17,Cara Daftarnya Bagaimana,0.9628376960754395,107,Daftarnya Cara Bagaimana,0.8975978493690491,127,Caranya Kuliahnya Bagaimana,0.8591902852058411
7617451711896765192,univsiberasia,"Hi Kakak, daftarnya gampang banget lhoo. Jadi Kakak bisa langsung daftar sekarang di pmb.unsia.ac.id, pilih jurusan favorit, dan mulai kuliah online fleksibel dari mana aja🤩",0,0,101,Favorit Pilih Fleksibel,0.9780657887458801,83,Pilih Favorit Mulai,0.9530219435691833,2,Website Id Ac,0.863804042339325
7604407427795141394,diandiana549,ini g ush ke kampusnya tah kak?,0,0,128,Main Kampusnya Kekampus,0.8262339234352112,104,Aman Unas Ciber,0.7755616903305054,34,Daftar Tinggal Baru,0.7630621194839478
7644898513381917461,anandaawaliia,"pengin daftar ih ,kapan pendaftarannya",1,4,78,Kapan Min Gel,0.8758811950683594,31,Kapan Pendaftarannya Gelombang,0.8549696207046509,47,Daftar Gelombang Januari,0.8225291967391968
7645184321385874183,univsiberasia,"Hi Kak, saat ini masih dibuka lho pendaftaran mahasiswa baru🤩🤩",1,0,66,Dibuka Mahasiswa Baru,0.9656727910041809,54,Membuka Lho Mahasiswa,0.9158872365951538,109,Ditutup Khawatir Kembali,0.8217681646347046
7646987450984104724,nldy_1,terima murid pindahan ga min,0,0,98,Terima Kasih Murid,0.5957648158073425,22,Pindahan Menerima Ut,0.7869787812232971,11,Skripsi Sidang Tidak,0.7844399213790894
7647016616887583506,univsiberasia,"Hi Kakak, bisa mendaftar di jalur ahli jenjang dan konversi yahh🤗",1,0,12,Konversi Jalur Melalui,0.8530800342559814,67,Program Belum Dibuka,0.8055769205093384,2,Website Id Ac,0.7804336547851562
7646687463238976277,quearrzy,jurusan telekomunikasi ada ga?,0,0,42,Jurusan Ekonomi Hukum,0.8936247229576111,0,Jurusan Teknik Inggris,0.8369808197021484,114,S2 Lita Anis,0.8027735948562622
7603241736936702727,hayra_13_,kak setelah lebaran apa masih akan buka pendaftaran untuk jalur reguler?,1,2,3,Buka Pendaftaran Masih,0.8535847663879395,31,Kapan Pendaftarannya Gelombang,0.8122126460075378,47,Daftar Gelombang Januari,0.8002225160598755
7605097456145924884,einaafets,"Ada buka lagi, di bulan selanjutnya tp utk kuliah oktober",1,0,10,Maret April Bulan,0.7554131746292114,89,Tanggal Gelombang Bulan,0.7335989475250244,71,Wisuda Uts Uas,0.7324123382568359
7605113553737630471,hayra_13_,"oh baik kak,terima kasih infonya",0,0,35,Infonya Terima Kasih,0.9271190762519836,98,Terima Kasih Murid,0.8696398735046387,94,Ditunggu Tunggu Wah,0.7663139700889587
7604094189627212564,fransiska_mariana26,Taiwan ada gak,0,0,11,Skripsi Sidang Tidak,0.7973940372467041,125,Gratis Tersedia Pesan,0.7855197191238403,114,S2 Lita Anis,0.7690285444259644
7608453149652714241,ulzzyyaaaa,Infoo cara daftarnya ihh,0,1,41,Info Link Cara,0.8350425362586975,107,Daftarnya Cara Bagaimana,0.7854034900665283,17,Cara Daftarnya Bagaimana,0.7795622944831848
7608453979655389960,univsiberasia,"Ih gampang banget Kak, Kakak bisa langsung daftar sekarang di pmb.unsia.ac.id, pilih jurusan favorit, dan mulai kuliah online fleksibel dari mana aja🤩",1,0,101,Favorit Pilih Fleksibel,0.9727551341056824,83,Pilih Favorit Mulai,0.9561066627502441,2,Website Id Ac,0.8469630479812622
7636195752934523655,inthesky428,unsia ada pendidikan ga?,0,1,104,Aman Unas Ciber,0.8177597522735596,42,Jurusan Ekonomi Hukum,0.8185664415359497,11,Skripsi Sidang Tidak,0.7859327793121338
7654424675657794312,univsiberasia,"Hi Kakak, UNSIA saat ini memiliki 6 prodi yaitu, Manajemen, sistem informasi, informatika, komunikasi, akuntansi, dan teknologi informasi",0,0,63,Informasi Informatika Akuntansi,0.9059473276138306,136,Yaitu Akuntansi Terdapat,0.9274667501449585,130,Pt Terakreditasi Ban,0.6817382574081421
7602043032968725255,alimc0778,bisa jalur rpl gak kk. ?,0,1,68,Rpl Pengalaman Jalur,0.9015727043151855,22,Pindahan Menerima Ut,0.8252452611923218,39,Beasiswa Kkn Program,0.8234655261039734
7602865965168509717,einaafets,"Biisa, tp konversi sks sebelumnya ya..",0,0,77,Per Berapa Semester,0.7035927176475525,88,Pindah Semester Ngulang,0.7627238631248474,57,Nilai Sesi Sabar,0.7597887516021729
7640513187231482645,spicycarbonaraaa,"@sideoflunae:Izin jejak min, ada rencana kuliah onlen sambil kerja di jepang bisa ga yh😭",1,0,5,Kerja Negeri Kuliah,0.8276277780532837,22,Pindahan Menerima Ut,0.7873340845108032,119,Teman Syarat Magang,0.7839859127998352
7614114430851416833,alvyi1,masih buka pendaftaran kak?,0,3,3,Buka Pendaftaran Masih,0.8987334370613098,31,Kapan Pendaftarannya Gelombang,0.8089712858200073,47,Daftar Gelombang Januari,0.8060221672058105
7614303747497345800,univsiberasia,"Halo Kak, masih dibuka ya pendaftaran mahasiswa baru🤗🤗",0,0,66,Dibuka Mahasiswa Baru,0.954186737537384,54,Membuka Lho Mahasiswa,0.8741093277931213,10,Maret April Bulan,0.8377352952957153
7614893116503540500,reniajhh02,bisa S2 gk?,0,0,114,S2 Lita Anis,0.9118735194206238,80,S2 S2Nya Nya,0.8223433494567871,11,Skripsi Sidang Tidak,0.7973974347114563
7614574448557753096,mbascoopy1224,Terkahir bulan apa kak ?,0,0,135,Infoin Mau Lantang,0.7264957427978516,89,Tanggal Gelombang Bulan,0.7599220871925354,65,Angkatan Berapa Kira,0.7597630023956299
7643382666201547540,intannovitasari72,kalau kerja yang liburnya random bisa nggak,0,1,5,Kerja Negeri Kuliah,0.7323377132415771,123,Jam Kelas Karyawan,0.757407546043396,59,Tugas Numpuk Tugasnya,0.7508784532546997
7643444197299077895,univsiberasia,"UNSIA solusinyaa Kak, karena kuliahnya fleksibel tidak mengganggi aktivitas Kakak🤩",0,0,86,Darimana 100 Jadi,0.8188966512680054,46,Ut Pengin Bidang,0.7655618786811829,104,Aman Unas Ciber,0.7620507478713989
7616544675562046224,masbrimas,bisa pindah dari univ lain kesini ndak?,0,1,22,Pindahan Menerima Ut,0.7649523019790649,88,Pindah Semester Ngulang,0.7837015986442566,132,Mending Ptnbh Alumni,0.7677066326141357
7616572466564367111,univsiberasia,"Hi Kakak, bisa banget Kak melalui jalur alih jenjang atau konversi yahh😊",0,0,12,Konversi Jalur Melalui,0.935332179069519,22,Pindahan Menerima Ut,0.7833240628242493,76,Paket Ijazah Sih,0.7707352638244629
7605564695189898002,hldalmd17,Buka pmb nya berapa kali ya ?,0,1,3,Buka Pendaftaran Masih,0.7506687641143799,18,Berapa Biaya Bayar,0.811377763748169,52,Web Lewat Kemana,0.8002963662147522
7626303544065426184,xiaoball27,Ini buka lagi kapan kak setelah April ini kira kira kapan kak,0,0,3,Buka Pendaftaran Masih,0.8163903951644897,31,Kapan Pendaftarannya Gelombang,0.8312942981719971,89,Tanggal Gelombang Bulan,0.8013966083526611
7610771813644075796,yuga_baex,apakah ada jalur rpl untuk jurusan sistem informasi atau teknik komputer,1,1,68,Rpl Pengalaman Jalur,0.707362174987793,0,Jurusan Teknik Inggris,0.7542501091957092,4,D3 S1 Lanjut,0.749627947807312
7612002550527214344,ppmbunsia,Ada Kak gelombang terakhir ini jurusan Teknik Informatika,1,0,0,Jurusan Teknik Inggris,0.8444451689720154,9,Kip Unsia Diterima,0.8029022812843323,132,Mending Ptnbh Alumni,0.8019567728042603
7610366487966040848,prmvuan,"aku bingung ,kalo kita kuliah online ,apakah ada wisuda nya juga dan dapat gelar juga kaya kuliah offline",0,1,7,Offline Ujiannya Online,0.8114418983459473,21,Malam Shift Begitu,0.8449965715408325,71,Wisuda Uts Uas,0.8206559419631958
7637326878982046472,astutik938,"Wisudanya gimana online jg kah, trus ambil ijazahnya bgmn",0,0,33,Bagaimana Wisudanya Tes,0.8271065950393677,7,Offline Ujiannya Online,0.8024856448173523,71,Wisuda Uts Uas,0.7613804340362549
7602582981774115592,fifyhalfy,s2 blm adat kak,0,1,95,S2 Belum Insyallah,0.9047238826751709,37,S2 Ada Doktoral,0.8335152864456177,80,S2 S2Nya Nya,0.8287101984024048
7608230168926962439,ppmbunsia,Akan segera diadakan Kak,0,0,118,Desember Baca Depan,0.678955614566803,94,Ditunggu Tunggu Wah,0.6800069212913513,96,Secara Dilaksanakan Hybrid,0.6733905076980591
7605051820868895508,nothing85724,tunggu aku 2028 one day mau daftar 🤲🤲😭,0,0,34,Daftar Tinggal Baru,0.7317000031471252,27,Join Grup Yuk,0.735605001449585,118,Desember Baca Depan,0.7255653142929077
7609726903427498759,twobutton0.0,Bisa double degree ga? Udah jadi mahasiswa ut tahun ini belum pembelajaran,1,1,30,Korea Degree Min,0.7453474998474121,100,Umur Usia Irt,0.7169434428215027,88,Pindah Semester Ngulang,0.707373321056366
7609899946229957394,univsiberasia,Bisa banget ya Kakak😊,0,0,53,Dong Kayaknya Banget,0.9474282264709473,87,Hihi Jugakk Wakty,0.8515703678131104,135,Infoin Mau Lantang,0.8350907564163208
7603745881700107028,noerraaa_,kira2 bakal ada gelombang 8 gaa ya?,0,0,39,Beasiswa Kkn Program,0.7109014987945557,65,Angkatan Berapa Kira,0.7059192657470703,89,Tanggal Gelombang Bulan,0.7002795934677124
7620787099692483349,nur.fadhillah21,daftarnya gimana?,1,1,107,Daftarnya Cara Bagaimana,0.8955272436141968,99,Biayanya Biaya Berapa,0.7908490896224976,17,Cara Daftarnya Bagaimana,0.7385967969894409
7620797973900313351,univsiberasia,"Gampang banget lho Kak daftarnya. Kakak bisa langsung daftar sekarang di pmb.unsia.ac.id, pilih jurusan favorit, dan mulai kuliah online fleksibel dari mana aja🤩",1,0,83,Pilih Favorit Mulai,0.9491008520126343,101,Favorit Pilih Fleksibel,0.9704023003578186,2,Website Id Ac,0.8538500070571899
7603755596362007317,bilot3960,kalo psikolog daring juga bisa kk?,0,0,108,Offline Onsite Onnline,0.8085387945175171,76,Paket Ijazah Sih,0.7683548927307129,7,Offline Ujiannya Online,0.7623805999755859
7622634353734632212,laparrr.kendrickk,full online gaksi ini,4,1,64,Full Online Serba,0.7849383354187012,102,100 Fully Bk,0.8126001358032227,90,Binus Adsfort Harga,0.7112035751342773
7623688559195849479,univsiberasia,100% fully online learning Kakak di UNSIA🤗,0,0,102,100 Fully Bk,0.8392601609230042,44,100 Learning Fully,0.7293263077735901,56,Universitas Siber Asia,0.7111073732376099
7624898400089899797,dillaafifah,Trus wisuda nya gmn ? Klau d kota kmi gk ada ni,0,1,110,Jakarta Selatan Ragunan,0.5827431678771973,33,Bagaimana Wisudanya Tes,0.8229540586471558,21,Malam Shift Begitu,0.8180232048034668
7625479713464517383,univsiberasia,"Hi Kak, untuk wisuda dilaksanakan secara hybrid. Jadi, bisa secara langsung dan bisa juga secara online untuk teman-teman yang diluar Jakarta😊",0,0,96,Secara Dilaksanakan Hybrid,0.8276005983352661,71,Wisuda Uts Uas,0.7720834016799927,86,Darimana 100 Jadi,0.7656596899032593
7630261289989980948,yuriiii..123,simple padat jelas info pendftran,1,1,41,Info Link Cara,0.6126998662948608,93,Jujur Review Kata,0.62424635887146,64,Full Online Serba,0.6053146123886108
7630731267534193415,univsiberasia,"Hi Kakak, Saat ini untuk pendaftaran mahasiswa baru sudah ditutup nih Kakak. Namun, jangan khawatir dibuka kembali di semester ganjil yaa yaitu di bulan Juni🤗",0,0,109,Ditutup Khawatir Kembali,0.9844383597373962,66,Dibuka Mahasiswa Baru,0.8141007423400879,10,Maret April Bulan,0.7952994108200073
7603660802055275280,rasz.shop.official,itu yang poto terakhir lulusan s brpa😂,0,0,100,Umur Usia Irt,0.686921238899231,65,Angkatan Berapa Kira,0.7330522537231445,132,Mending Ptnbh Alumni,0.7058039903640747
7618644809414083348,iniakkaa__,aku kerja 3 shift kira kira keganggu ga ya jadwal kuliahnya?,1,1,123,Jam Kelas Karyawan,0.7848504185676575,21,Malam Shift Begitu,0.7936086654663086,5,Kerja Negeri Kuliah,0.7850348949432373
7618769322484286226,univsiberasia,"Dijamin aman Kak, karena UNSIA mempermudah mahasiswanya yang bekerja sambil kuliah 🤗",0,0,72,Tujuan Berkuliah Dimanapun,0.7865273952484131,86,Darimana 100 Jadi,0.8270618915557861,104,Aman Unas Ciber,0.7136576175689697
7635257589516747541,abang.kecil74,di SBY ato Deket Deket sby / malang ada GK ya min ????,1,1,128,Main Kampusnya Kekampus,0.6970337629318237,22,Pindahan Menerima Ut,0.6991729736328125,39,Beasiswa Kkn Program,0.6900336146354675
7635780326610256657,fathur87rohman,sama lagi cari,0,0,92,Samaaa Sama Konveksi,0.7845469117164612,26,Adek Duluan Nurul,0.7003338932991028,51,Open Otw Pkl,0.6968892812728882
7635454488065835796,ilhamnurfauzi060,unsia ini drmana ya?,0,0,9,Kip Unsia Diterima,0.8016676902770996,104,Aman Unas Ciber,0.813247799873352,6,Dimana Daerah Mana,0.7910525798797607
7608899882024403730,th93915,ini saya mau. daftarnya gimana ya?,0,1,17,Cara Daftarnya Bagaimana,0.867984414100647,107,Daftarnya Cara Bagaimana,0.8392630815505981,52,Web Lewat Kemana,0.831465482711792
7608953859012674311,univsiberasia,"Hi Kak, Kakak bisa langsung daftar sekarang di pmb.unsia.ac.id, pilih jurusan favorit, dan mulai kuliah online fleksibel dari mana aja🤩",1,0,101,Favorit Pilih Fleksibel,0.986957848072052,83,Pilih Favorit Mulai,0.9597762227058411,2,Website Id Ac,0.8743764162063599
7626677623942644498,lisfashion99,pendaftaraan nya dmna k,1,1,6,Dimana Daerah Mana,0.7358400225639343,31,Kapan Pendaftarannya Gelombang,0.8024294376373291,78,Kapan Min Gel,0.7968219518661499
7627297727273566994,univsiberasia,Untuk pendaftaran Kakak bisa langsung ke website resmi UNSIA di pmb.unsia.ac.id ya 🤗,0,0,2,Website Id Ac,0.9206863045692444,101,Favorit Pilih Fleksibel,0.8334931135177612,83,Pilih Favorit Mulai,0.8185939788818359
7615823022867432212,wulansep24,klo kuliah nya online bisa ga sih pas wisudah ikut secara offline nya apa tetep online!???,0,1,21,Malam Shift Begitu,0.8933514356613159,7,Offline Ujiannya Online,0.8675334453582764,71,Wisuda Uts Uas,0.8541872501373291
7616250329127027464,univsiberasia,"Hi Kak, di UNSIA bisa banget. Kuliahnya online, wisudanya offline🤗",0,0,7,Offline Ujiannya Online,0.8186308145523071,71,Wisuda Uts Uas,0.8365188837051392,86,Darimana 100 Jadi,0.8361274600028992
7619192498326455048,anitanamang47,"daftarnya gimana ,mau buat anak sy🙏🙏",1,1,17,Cara Daftarnya Bagaimana,0.7819319367408752,107,Daftarnya Cara Bagaimana,0.7648507356643677,33,Bagaimana Wisudanya Tes,0.7565486431121826
7619205388811092754,univsiberasia,"Hi, Kakak bisa langsung daftar sekarang di pmb.unsia.ac.id, pilih jurusan favorit, dan mulai kuliah online fleksibel dari mana aja🤩",1,0,83,Pilih Favorit Mulai,0.9744338393211365,101,Favorit Pilih Fleksibel,0.9797502160072327,2,Website Id Ac,0.8611199855804443
7624534716968944404,m4ttchaw_,"kak, aku lulusan smk thun kmren dan skrg aku kerja, rencana mau smbil kuliah tp kira' di unsia bisa ga ya kak?",0,2,100,Umur Usia Irt,0.7833576202392578,49,Ijazahnya Lulus Kan,0.9055384397506714,46,Ut Pengin Bidang,0.8650804162025452
7625480116642300680,univsiberasia,Bisa banget dong UNSIA menerapkan sistem perkuliahan secara online maka kakak bisa berkuliah dimana saja dan kapan saja. Nah UNSIA bisa menjadi tujuan kakak yg ingin kuliah sambil bekerja kak karena memang waktunya fleksibel dan bisa dilaksanakan kapanpun dan dimanapun🤩🤩,1,0,72,Tujuan Berkuliah Dimanapun,0.9799907803535461,86,Darimana 100 Jadi,0.86378014087677,101,Favorit Pilih Fleksibel,0.7517681121826172
7627919524600414984,inreitawa2,klo paket c bisa gak kak,0,0,76,Paket Ijazah Sih,0.8871122002601624,22,Pindahan Menerima Ut,0.8209830522537231,115,Full Fisik Diunsia,0.8168290853500366
7635195096740856584,risty_ishiyama,kuliah di unsia ini bisa full online gasih,0,1,115,Full Fisik Diunsia,0.8147717714309692,30,Korea Degree Min,0.8629489541053772,5,Kerja Negeri Kuliah,0.8315120339393616
7635248558107001607,univsiberasia,"Hi Kak, UNSIA 100% fully online sampai lulus🤗",0,0,44,100 Learning Fully,0.8826013803482056,9,Kip Unsia Diterima,0.7904022932052612,86,Darimana 100 Jadi,0.7804021239280701
7630755510455321345,cocalateee4,pndfrtarannya apa msh buka min?😔😔,1,1,3,Buka Pendaftaran Masih,0.7685949206352234,78,Kapan Min Gel,0.7609646320343018,52,Web Lewat Kemana,0.727795422077179
7630764824947753746,univsiberasia,"Hi Ka, Saat ini untuk pendaftaran mahasiswa baru sudah ditutup nih Kakak. Namun, jangan khawatir dibuka kembali di semester ganjil yaa yaitu di bulan Juni🤗",0,0,109,Ditutup Khawatir Kembali,0.9828240871429443,66,Dibuka Mahasiswa Baru,0.8250412344932556,10,Maret April Bulan,0.8113892078399658
7624347386819396372,ooonieeeee,kl daftar blm ada ijazah atau skl bisa ga ya,1,1,76,Paket Ijazah Sih,0.8581011295318604,22,Pindahan Menerima Ut,0.799585223197937,47,Daftar Gelombang Januari,0.7953539490699768
7625479813260264200,univsiberasia,"Hi Kak, untuk lulusan tahun ini bisa menggunakan SKL yahh😊",0,0,76,Paket Ijazah Sih,0.7456519603729248,67,Program Belum Dibuka,0.8037309646606445,10,Maret April Bulan,0.802651047706604
7601720843920360209,aryaanarrchy,ada sarjana ilmu padi ga?,0,0,42,Jurusan Ekonomi Hukum,0.8317421674728394,114,S2 Lita Anis,0.7308528423309326,0,Jurusan Teknik Inggris,0.7231127023696899
7601567402804282119,jd.r67,ini dimana ka lokasinya,0,0,6,Dimana Daerah Mana,0.8926230669021606,52,Web Lewat Kemana,0.7736900448799133,31,Kapan Pendaftarannya Gelombang,0.7401442527770996
7601516800351077127,permata_n,bayar UKT maksimal sampe bulan apa ya?,0,1,18,Berapa Biaya Bayar,0.7812354564666748,77,Per Berapa Semester,0.7813782691955566,1,Dicicil 3Jt Hanya,0.7711247205734253
7602867034201047828,einaafets,Maret,0,0,105,Swasta Oktober Situ,0.8871033191680908,14,Fitriyani Andriani Udin69Can,0.8412339687347412,29,Menyimak Nyimakkk Ut,0.8410821557044983
7601433570011890453,pebri0591,S2 perikanan ada gak min ?,0,0,50,S2 Pendidikan Hukum,0.9310489892959595,37,S2 Ada Doktoral,0.8699501156806946,4,D3 S1 Lanjut,0.830217719078064
7601426418535793426,heartattack0202,boleh tau jurusan apa aja utk S2 nya ? makasih,0,0,119,Teman Syarat Magang,0.8504987359046936,16,Apa Saja Jurusan,0.809246301651001,50,S2 Pendidikan Hukum,0.7974154949188232
7601115442115134229,sofhaljemil,Ini angkatan tahun berapa kak?,0,0,65,Angkatan Berapa Kira,0.883583128452301,89,Tanggal Gelombang Bulan,0.8106154203414917,6,Dimana Daerah Mana,0.7993694543838501
7600987372649595668,syrzabas,masih buka gak pendftrannya? mau dftr soalnya,0,1,3,Buka Pendaftaran Masih,0.815649151802063,47,Daftar Gelombang Januari,0.7886548042297363,78,Kapan Min Gel,0.7768282890319824
7600994297794233106,univsiberasia,"Halo Kak, UNSIA masih membuka pendaftaran mahasiswa baru lho",0,0,54,Membuka Lho Mahasiswa,0.9758322238922119,66,Dibuka Mahasiswa Baru,0.9270548820495605,67,Program Belum Dibuka,0.8406223058700562
7600947649987183380,loveyyha,pendaftaranya buka smpe kpn ka?,0,1,31,Kapan Pendaftarannya Gelombang,0.931002676486969,3,Buka Pendaftaran Masih,0.870030403137207,78,Kapan Min Gel,0.8461143374443054
7602962190937801493,ceoofgabutnasional,ini masih buka gelombang 7 ka,0,0,31,Kapan Pendaftarannya Gelombang,0.7367566227912903,3,Buka Pendaftaran Masih,0.8024656772613525,47,Daftar Gelombang Januari,0.7675191760063171
7600745750809166613,nrrrrrrr09,abis daftar gitu langsung harus bayar UKT ya?,0,0,47,Daftar Gelombang Januari,0.7411779165267944,91,Ulang Bayar Isi,0.768510639667511,57,Nilai Sesi Sabar,0.7488147616386414
7600401508211819282,546iol,umur 24masih bisakah,0,1,100,Umur Usia Irt,0.6356850862503052,90,Binus Adsfort Harga,0.6827629804611206,105,Swasta Oktober Situ,0.6611534357070923
7602962744878514965,ceoofgabutnasional,bsa banget😭,0,0,53,Dong Kayaknya Banget,0.8799713850021362,87,Hihi Jugakk Wakty,0.8493074774742126,126,Keren Mukanya Asing,0.7925530076026917
7606580974346634002,justkid240,bisa pilih wakty?,0,0,87,Hihi Jugakk Wakty,0.7228491306304932,125,Gratis Tersedia Pesan,0.7102964520454407,51,Open Otw Pkl,0.688071608543396
7640615443577373461,gabutsajahhhh0,Bismillah tahun ini🙏🏻🙃,3,0,129,Bismillah Bismillahirrahmanirrahim Sticker,0.8894932866096497,118,Desember Baca Depan,0.6852406859397888,55,Sukses Selalu Sehat,0.6832677125930786
7640369163618435848,zynn.31,bingung banget mau ambil sistem informasi atau informatika 😌,2,0,63,Informasi Informatika Akuntansi,0.7099545001983643,132,Mending Ptnbh Alumni,0.744482159614563,84,Ngambil Ambil Apa,0.7251115441322327
7628129537360413460,orangaasingya,"Udh mulai apa belom si kuliahnya angkatan 2025/2026,di edlink udh ada jadwal hari ini",3,0,65,Angkatan Berapa Kira,0.7304700613021851,34,Daftar Tinggal Baru,0.7639502286911011,71,Wisuda Uts Uas,0.7562189102172852
7644336833371652884,lily28551,Blum ada s2 ya kk,1,0,95,S2 Belum Insyallah,0.9599206447601318,37,S2 Ada Doktoral,0.8595647215843201,80,S2 S2Nya Nya,0.8533623218536377
7603271694287061778,benawangs,"mending d UT,Negeri,PTNBH,akreditasi A",4,0,132,Mending Ptnbh Alumni,0.8493935465812683,74,Akreditasinya Asia Siber,0.7532187700271606,30,Korea Degree Min,0.7400398254394531
7636964232621523733,salsabila.ns3,lanjut d3 ke s1 bisa gak ka,1,0,4,D3 S1 Lanjut,0.9451801776885986,37,S2 Ada Doktoral,0.8467805981636047,50,S2 Pendidikan Hukum,0.8318630456924438
7636640578642330375,itt.smattchalatve,halo min mau nnya untuk prospek kerjanya gmna min udh bekerja sama sama siapa aja,0,0,5,Kerja Negeri Kuliah,0.7283746600151062,8,Tanya Bertanya Chat,0.7397740483283997,120,Tanya Non S2Nya,0.7354874610900879
7636587112439022337,isarabicaa,adaa jurusan hukum ga disini ya? untuk peralihan kampus tapi di jurusan sama dan lanjut semester dikampus sebelumnya apakah bisa?,1,0,42,Jurusan Ekonomi Hukum,0.7141731977462769,49,Ijazahnya Lulus Kan,0.8376948833465576,4,D3 S1 Lanjut,0.8304110765457153
7634896269723779861,nurldky,kak ada program rpl dari D1 ke S1 gak?,1,0,4,D3 S1 Lanjut,0.9251886606216431,37,S2 Ada Doktoral,0.8334827423095703,50,S2 Pendidikan Hukum,0.8265877962112427
7610828794044580628,ale.aleduaribu,semoga tahun depan ada jurusan statistika atau administrasi bisnis,2,0,132,Mending Ptnbh Alumni,0.7632156610488892,0,Jurusan Teknik Inggris,0.7471250891685486,62,Semoga Allah Doain,0.7425894141197205
7634089727448793876,ta282907,"Min ini di unsia sistem ujian nya gimana?
Apakah pengawas nya pakai AI?",1,0,21,Malam Shift Begitu,0.8220329880714417,30,Korea Degree Min,0.790836751461029,49,Ijazahnya Lulus Kan,0.7900608777999878
7632294010208764690,bforbieeeell,nerimaa siswaa pindahan gaa ya?mauu masuk sini tp gmau ngulang semester,1,0,88,Pindah Semester Ngulang,0.7539106011390686,59,Tugas Numpuk Tugasnya,0.7515920996665955,46,Ut Pengin Bidang,0.7388671040534973
7630782524214461205,devazdn,info dong pendaftaran kapan?,1,0,41,Info Link Cara,0.849367618560791,78,Kapan Min Gel,0.8658144474029541,31,Kapan Pendaftarannya Gelombang,0.8517379760742188
7629979512545674005,dutakebaya,bismillah bisaa wisudaa dari angkatan perama unsia,1,0,111,Alhamdulillah Keluarga Bagian,0.865399181842804,62,Semoga Allah Doain,0.7594484090805054,9,Kip Unsia Diterima,0.7394052743911743
7612204064457589522,suciputry30,kak kalo gak ikut zom krna kerjaan gmn kak,1,0,57,Nilai Sesi Sabar,0.6771673560142517,33,Bagaimana Wisudanya Tes,0.8025963306427002,39,Beasiswa Kkn Program,0.8024568557739258
7611830947777151751,fatihatunnisa_,s2 sistem informasi ada kah????,1,0,50,S2 Pendidikan Hukum,0.8874932527542114,42,Jurusan Ekonomi Hukum,0.825789749622345,69,Apakah S1Hukum Perdagangan,0.819771409034729
7608226316236129045,skyyyy2134,tunggu aku lulus sekolah ya unsia😊,1,0,94,Ditunggu Tunggu Wah,0.7713724970817566,62,Semoga Allah Doain,0.7810521125793457,9,Kip Unsia Diterima,0.7543172836303711
7654628377558762261,khoirulaanm_,xl,0,0,-1,Mantab Uk Belakang,0.0,14,Fitriyani Andriani Udin69Can,0.8707094192504883,40,One Yaallahh Day,0.8687084913253784
7654628284199600916,khoirulaanm_,lll l,0,0,82,Nrrjml Hbd Nz,0.8728468418121338,131,Next Up Gass,0.7497091293334961,14,Fitriyani Andriani Udin69Can,0.7361719608306885
7653315854721155847,dmhijab.underwear,jurusan nya ap aj kk,0,0,16,Apa Saja Jurusan,0.9379590749740601,84,Ngambil Ambil Apa,0.851150393486023,119,Teman Syarat Magang,0.8077062368392944
7642798732190171925,a_yun21,"kak, izin bertanya kalo ujian skripsinya online/offline ya?",0,0,7,Offline Ujiannya Online,0.8599452972412109,120,Tanya Non S2Nya,0.8580849170684814,112,Ujian Tes Online,0.8387532234191895
7642303405189219093,pretynenez_,"mau tp gda fakultas gurunya ya?
mau ambl PGSD",0,0,132,Mending Ptnbh Alumni,0.8129160404205322,0,Jurusan Teknik Inggris,0.7657650709152222,88,Pindah Semester Ngulang,0.758795976638794
7636410349243564808,yourmayownes,bisa pindah ga udh smt 7 di ut?,0,0,88,Pindah Semester Ngulang,0.7694987058639526,22,Pindahan Menerima Ut,0.7664788365364075,30,Korea Degree Min,0.7460505366325378
7636011998925636359,fellixz..2,kepengen kuliah online,0,0,83,Pilih Favorit Mulai,0.6145763397216797,132,Mending Ptnbh Alumni,0.6986668109893799,64,Full Online Serba,0.6982758045196533
7635905717224014613,restifa05,Ka klo di unsia tetap ada skripsi juga apa gimana? Terus klo ujian nya full online?,0,0,21,Malam Shift Begitu,0.9121420979499817,49,Ijazahnya Lulus Kan,0.8968467712402344,7,Offline Ujiannya Online,0.862415075302124
7635899393773978376,gracejevelyn,Ninggalin jejak dlu kalo udah lulus dri UT pengen nambah kuliah disini😁,0,0,46,Ut Pengin Bidang,0.7540391087532043,5,Kerja Negeri Kuliah,0.7496600151062012,88,Pindah Semester Ngulang,0.7495324611663818
7635531088504341268,ryhannnn6,mending ini apa ut?,0,0,6,Dimana Daerah Mana,0.6958725452423096,45,Enggak Ribet Fh,0.6853421926498413,38,Ih Maba Grupnya,0.6784340739250183
7634974803376440084,user115682719,Guys ada orang brebes/tegal kuliah disini ga yq?,0,0,5,Kerja Negeri Kuliah,0.748666524887085,119,Teman Syarat Magang,0.7250282764434814,132,Mending Ptnbh Alumni,0.7248603105545044
7632973680952378119,zizz1234561,"Ini sistem perkuliahanx seperti apa min, cra dapet pembelajaran melalui zoom atau bljr sendiri? Trus syarat kelulusan apa? Yg smcam skripsi gitu?",0,0,21,Malam Shift Begitu,0.7729511857032776,49,Ijazahnya Lulus Kan,0.7340899705886841,5,Kerja Negeri Kuliah,0.7333623170852661
7632724915132908295,mamiduosister,Ada ektensi d3komp akuntansi ke s1 akuntansi ga?,0,0,4,D3 S1 Lanjut,0.7668571472167969,50,S2 Pendidikan Hukum,0.7295830249786377,42,Jurusan Ekonomi Hukum,0.6818381547927856
7631865654899557137,ayudewadanu,saya kuliah di ut pendidikan bahasa inggris tapi saya mau ambil managemen di kampus lain apa bsa,0,0,0,Jurusan Teknik Inggris,0.733730137348175,5,Kerja Negeri Kuliah,0.7854368686676025,119,Teman Syarat Magang,0.7817686796188354
7630675820343968530,cecinacan,yg maba 2026 sistem informasi temenan yuk,0,0,63,Informasi Informatika Akuntansi,0.6774199604988098,132,Mending Ptnbh Alumni,0.6851164102554321,9,Kip Unsia Diterima,0.6541659235954285
7629636851447939856,cepekdua2_0,ada jurusan teknik mesin/elektro ga?,0,0,42,Jurusan Ekonomi Hukum,0.8744136095046997,0,Jurusan Teknik Inggris,0.839184045791626,50,S2 Pendidikan Hukum,0.8045597672462463
7629447740217115399,fitroo2,S2 nya unsia bisa ga ya? posisi di ut sekarang luar biasa banget mumetnya😭😭,0,0,67,Program Belum Dibuka,0.7728039026260376,30,Korea Degree Min,0.8394737839698792,46,Ut Pengin Bidang,0.8235337734222412
7626604977243472661,ameliadmyn,info jadwal pendaftaran min,0,0,41,Info Link Cara,0.810740053653717,78,Kapan Min Gel,0.7455139756202698,31,Kapan Pendaftarannya Gelombang,0.7010570764541626
7626301625565545224,xiaoball27,Ini biaya full di awal habis berapa kak,0,0,18,Berapa Biaya Bayar,0.8717769384384155,77,Per Berapa Semester,0.838438868522644,89,Tanggal Gelombang Bulan,0.8018306493759155
7626259222885155602,descartesrene17,"allahu udh di ut smt 5, tp pngen lagiii. smoga klo ad rezeki bisa nimba ilmu dsni..",0,0,62,Semoga Allah Doain,0.8236730098724365,57,Nilai Sesi Sabar,0.7627186179161072,46,Ut Pengin Bidang,0.753197193145752
7624853642592486151,riafriyani05,"kuliah online dapat almet GK ya, KLO dapat kapan",0,0,83,Pilih Favorit Mulai,0.6651859283447266,115,Full Fisik Diunsia,0.8169913291931152,30,Korea Degree Min,0.8106895685195923
7618879381557232402,viii_ptrirhmni09,Min di unsia ada S2 nggaa,0,0,30,Korea Degree Min,0.9043788313865662,50,S2 Pendidikan Hukum,0.8696327209472656,37,S2 Ada Doktoral,0.8675364255905151
7614169087903712008,matchalate_380,psikologi ada gak min??,0,0,11,Skripsi Sidang Tidak,0.9051395058631897,39,Beasiswa Kkn Program,0.8138148784637451,51,Open Otw Pkl,0.7964195013046265
7604107802684277525,tsabitpamungkas777,Fakultas tehnik mesin ada ngga?,0,0,42,Jurusan Ekonomi Hukum,0.8493365049362183,0,Jurusan Teknik Inggris,0.7855430841445923,50,S2 Pendidikan Hukum,0.7611589431762695
7602502450029478677,nekko399,Ada s2 tidak kak??,0,0,37,S2 Ada Doktoral,0.9794747829437256,50,S2 Pendidikan Hukum,0.8963501453399658,39,Beasiswa Kkn Program,0.8925226330757141
7601639137444414215,itsmesweetcandyy,info S2 nya kak🙏,0,0,95,S2 Belum Insyallah,0.8221912980079651,41,Info Link Cara,0.8536711931228638,80,S2 S2Nya Nya,0.8344484567642212
7601097129730491154,shcgof,S2 ada jurusan apa aja? teknik ada ga😭,0,0,0,Jurusan Teknik Inggris,0.7974357604980469,16,Apa Saja Jurusan,0.81493079662323,50,S2 Pendidikan Hukum,0.813086986541748
7600370065753850631,teguhfs26,S2 apa sudah ada?,0,0,80,S2 S2Nya Nya,0.8494025468826294,69,Apakah S1Hukum Perdagangan,0.8665950298309326,114,S2 Lita Anis,0.8602491617202759
7628961747286541076,songkang0228,serius nanya buat lulusan paket c bisa?,0,0,76,Paket Ijazah Sih,0.8047834634780884,132,Mending Ptnbh Alumni,0.7969330549240112,5,Kerja Negeri Kuliah,0.777887225151062
7617911157294351121,aprhylino.dcruz.k,Bagaimana Negara tetanga Timor-Leste bisa k sekola di UNSIA?,0,1,9,Kip Unsia Diterima,0.6002954244613647,30,Korea Degree Min,0.5937391519546509,22,Pindahan Menerima Ut,0.5900731682777405
7618119338440049426,univsiberasia,Bisa banget dong Kakak🤗 UNSIA menerapkan pembelajaran fully online,0,0,44,100 Learning Fully,0.8096257448196411,86,Darimana 100 Jadi,0.7557665109634399,58,Tugas Akhir Skripsi,0.709753155708313
7634533234835243777,siapelmanis28,ijazah UNSIA terdaftar di annabin Jerman ngga?,0,0,76,Paket Ijazah Sih,0.5958230495452881,30,Korea Degree Min,0.6539844274520874,56,Universitas Siber Asia,0.6363756656646729
7632364144058893074,mang.hendi7,kuliah online cmn kayak formalitas aja buat dapatin ijasah.,0,0,83,Pilih Favorit Mulai,0.6071537733078003,132,Mending Ptnbh Alumni,0.6995779871940613,71,Wisuda Uts Uas,0.6804242134094238
7634199237107041031,angiittaa,kak aku ut Semester 3 mau pindah ngulang dari semester 1 atau lanjut aduuh🥺,0,10,88,Pindah Semester Ngulang,0.8552886247634888,46,Ut Pengin Bidang,0.8055732846260071,49,Ijazahnya Lulus Kan,0.7921336889266968
7639197611996005140,stvrlightz25,setauku kalo prodi sebelumnya linear sama prodi” di unsia bisa lanjut kak tanpa ngulang. Cmiw,0,0,46,Ut Pengin Bidang,0.8340867161750793,88,Pindah Semester Ngulang,0.8187159299850464,30,Korea Degree Min,0.797491192817688
7635962275879273237,yoliaaaa_,ulang aja kak aku juga ut smestr 2 udah lah kita masuk sinj aja lah yo,0,0,34,Daftar Tinggal Baru,0.8134250640869141,46,Ut Pengin Bidang,0.7644596099853516,79,Daftar Sudah Kamu,0.7497302293777466
7635992661040775943,v1rg0girly_,"kakk knpaa kalo masuk ut? kok byk yg mau pindahh😭
bingung antara masuk ut apa ini,pliss kasih alasan kakk",0,0,46,Ut Pengin Bidang,0.839462399482727,49,Ijazahnya Lulus Kan,0.8434157967567444,21,Malam Shift Begitu,0.814120352268219
7637188894085301010,kanjengwulan_,Klo penasran monggo cobaa,0,0,121,Nitip Kabarin Mencari,0.7027645111083984,27,Join Grup Yuk,0.6561266183853149,117,Boleh Bolehhh Dong,0.6404397487640381
7637067421286662930,kanjengwulan_,Ayok kk🤣,0,0,24,Ayo Ikutt Ikut,0.880171000957489,26,Adek Duluan Nurul,0.7906824350357056,117,Boleh Bolehhh Dong,0.768149197101593
7637066451598361364,yoliaaaa_,gass tapi kata nya bakal buka pendaftaran,0,0,3,Buka Pendaftaran Masih,0.7453115582466125,78,Kapan Min Gel,0.7276135683059692,93,Jujur Review Kata,0.6990822553634644
7636558304530449160,hallobrow20,knp kaa😭 pdhl rencana mau masuk ut tahun ini,0,0,46,Ut Pengin Bidang,0.8441706895828247,88,Pindah Semester Ngulang,0.833757758140564,34,Daftar Tinggal Baru,0.7860580682754517
7636704224177292053,yoliaaaa_,ngak bagus kak mending urungin deh darii pada buang buanng duit,0,0,81,Iya Oke Orang,0.6244754791259766,57,Nilai Sesi Sabar,0.6721871495246887,93,Jujur Review Kata,0.6706925630569458
7636627119586722568,angiittaa,"gak cocok di nilai, 70% nilai dari ujian, tiap semester pasti ada nilai c, emang sih plaksible, liburnya lama, tapi kalau mau ngejar IPK, harus ada perjuangan lebih, itu aja sih.",0,0,59,Tugas Numpuk Tugasnya,0.8421515226364136,21,Malam Shift Begitu,0.767981767654419,57,Nilai Sesi Sabar,0.7645696401596069
7635849993857352455,cavi902,halo kak blh dm?,0,0,23,Dm Cek Izin,0.916777491569519,60,Admin Dm Boleh,0.8890568017959595,15,Hi Halo Dong,0.8419374823570251
7646090444383830800,fbryy15,@matchaaa latte🍵 gass ga sii😭🙏,0,1,45,Enggak Ribet Fh,0.7452161908149719,38,Ih Maba Grupnya,0.7470737099647522,133,Spill Alisnya Spil,0.7006564140319824
7646265094514918165,sisskaa97,gass,0,0,131,Next Up Gass,0.9220093488693237,82,Nrrjml Hbd Nz,0.8606452941894531,29,Menyimak Nyimakkk Ut,0.8448100090026855
7605012161937867540,calon_ibu_tiri,UKT & biaya lainnya?!,0,0,99,Biayanya Biaya Berapa,0.6628905534744263,124,Juta Serius 3Jt,0.6163423657417297,42,Jurusan Ekonomi Hukum,0.5970580577850342
7634902079643108114,manisnya.suga_271,jurusannya apa aja,0,1,16,Apa Saja Jurusan,0.729392945766449,125,Gratis Tersedia Pesan,0.7366233468055725,90,Binus Adsfort Harga,0.7169222831726074
7635850039462724370,cavi902,halo kak blh dm?,0,0,23,Dm Cek Izin,0.9167776107788086,60,Admin Dm Boleh,0.8890569806098938,15,Hi Halo Dong,0.8419376015663147
7634133300119175943,checel_san,"kalo kita lagi kerja di luar negeri apa bisa kuliah di universitas ini, full online?",0,1,5,Kerja Negeri Kuliah,0.8823130130767822,30,Korea Degree Min,0.8074513673782349,119,Teman Syarat Magang,0.7978421449661255
7634560729303089936,memskuy21,nitip kak,0,0,121,Nitip Kabarin Mencari,0.9427817463874817,70,Nitip Nitipp Nitippp,0.889254093170166,26,Adek Duluan Nurul,0.8221827149391174
7602159012029055751,dapur_makwin,ada hukum gak yah kira kira,0,0,11,Skripsi Sidang Tidak,0.7814785838127136,39,Beasiswa Kkn Program,0.7225691676139832,93,Jujur Review Kata,0.7060025930404663
7601629313251410708,foreveryoung.1140,info s2 min?,0,0,50,S2 Pendidikan Hukum,0.8099128007888794,80,S2 S2Nya Nya,0.747394859790802,41,Info Link Cara,0.7298522591590881
7600407005249012501,ernawaituu,ada s2 ga kak?,0,0,37,S2 Ada Doktoral,0.9794747829437256,50,S2 Pendidikan Hukum,0.8963500261306763,39,Beasiswa Kkn Program,0.8925225138664246
7656392256665584391,lunabroww,😩😩😩,0,0,61,  ,1.0,13,  ,1.0,20,Yes  ,0.999908447265625
7625786115861611284,uygfr.hgrty,🥰🥰🥰,0,0,29,Menyimak Nyimakkk Ut,0.9959731698036194,13,  ,1.0,61,  ,1.0
7620467608006198032,irulhuda700,😁😁😁,0,0,32,Merdeka Di ,0.99981689453125,13,  ,1.0,61,  ,1.0
7608584221749871381,tyasrini07,🥰🥰🥰,0,0,32,Merdeka Di ,0.99981689453125,13,  ,1.0,61,  ,1.0
7604877033437610772,vitaaperdila,😃😃😃,0,0,29,Menyimak Nyimakkk Ut,0.9959731698036194,13,  ,1.0,61,  ,1.0
7604733083813102354,rospiepie,🥰,0,0,29,Menyimak Nyimakkk Ut,0.9959731698036194,13,  ,1.0,61,  ,1.0
7603802793257779975,hisindya,"kak, berhubung kampus masih baru kenapa toga dan baju wisudanya ga di design yg beda dari yg lain si, i mean kek binus, padjajaran gitu ☹️👉🏻👈🏻",0,0,21,Malam Shift Begitu,0.7814227938652039,46,Ut Pengin Bidang,0.7532303929328918,49,Ijazahnya Lulus Kan,0.7348458766937256
7600974204565766919,rindu_cahaya01,Buka Pendidikan dong min😁 Pgsd paling banyak di minati skrang. hehehhe,0,0,0,Jurusan Teknik Inggris,0.7342960238456726,132,Mending Ptnbh Alumni,0.751853346824646,119,Teman Syarat Magang,0.7469834089279175
7603997064665727760,dindalestari6505,ihhh kucing pake togaa🥰🥰🥰🥰,0,0,38,Ih Maba Grupnya,0.7742898464202881,45,Enggak Ribet Fh,0.737255334854126,51,Open Otw Pkl,0.681803822517395
7565850142696456977,navyluv_,apakah di unsia ada program ekstensi dari D3 ke S1 Jurusan teknik lingkungan?,0,1,4,D3 S1 Lanjut,0.8881040811538696,50,S2 Pendidikan Hukum,0.8116341829299927,30,Korea Degree Min,0.7965180277824402
7566193344058327816,univsiberasia,"Hao Kakak, untuk jalur ekstensi di UNSIA ada ya, namun untuk jurusan teknik lingkungan belum tersedia😊",0,0,67,Program Belum Dibuka,0.8706730604171753,30,Korea Degree Min,0.8131726980209351,0,Jurusan Teknik Inggris,0.8028736114501953
7564723785431368455,rustorusto277,Selamat dan Sukses selalu untuk UNSIA.❤❤❤🙏🙏🙏,1,0,55,Sukses Selalu Sehat,0.9104442596435547,25,Amin Selalu Semangat,0.7863049507141113,98,Terima Kasih Murid,0.6665875315666199
7577912169107424020,hana_archives,mana video kakaknya minn,0,0,84,Ngambil Ambil Apa,0.636116623878479,38,Ih Maba Grupnya,0.7399264574050903,133,Spill Alisnya Spil,0.7026073932647705
7579297869195985682,mischiefparty,rpl pengalaman kerja bisa?,1,5,68,Rpl Pengalaman Jalur,0.6802769899368286,42,Jurusan Ekonomi Hukum,0.6515329480171204,102,100 Fully Bk,0.5914272665977478
7579538646227944208,nadishapa26,rpl tapi nggak pake pengalaman kerja bisa nggak?,0,0,68,Rpl Pengalaman Jalur,0.7717289924621582,5,Kerja Negeri Kuliah,0.6908136606216431,100,Umur Usia Irt,0.6631647348403931
7588848969859318549,einaafets,"Kalo ini bs kak, dr sks sbelumnya",0,0,115,Full Fisik Diunsia,0.7795630693435669,76,Paket Ijazah Sih,0.7561861872673035,108,Offline Onsite Onnline,0.7537527084350586
7581005958815449863,hi_kindredkits,"ngk bisa kak, kmrn aku tanya ke adminnya, jd aku ambil reguler ngk ppa dah",0,0,118,Desember Baca Depan,0.6878623962402344,76,Paket Ijazah Sih,0.7708582878112793,91,Ulang Bayar Isi,0.7695800065994263
7581893757407068936,mischiefparty,"kecewa sih, padahal rpl tipe a harusnya bisa perolehan sks",0,0,68,Rpl Pengalaman Jalur,0.69769287109375,132,Mending Ptnbh Alumni,0.7124484181404114,57,Nilai Sesi Sabar,0.6905012130737305
7579627031751901960,mischiefparty,"bisa sih harusnya, umumnya kampus rpl ambil dari sks kampus sebelumnya. cuman gatau ini kalo udah punya pengalaman kerja bisa atau enggak, soalnya rpl tipe A harusnya bisa.",0,0,68,Rpl Pengalaman Jalur,0.7520899176597595,46,Ut Pengin Bidang,0.788465678691864,21,Malam Shift Begitu,0.7876605987548828
7571609375002231560,jay_jaypee1,pendaftarannya gmna min?,0,6,17,Cara Daftarnya Bagaimana,0.889394998550415,107,Daftarnya Cara Bagaimana,0.8634253144264221,78,Kapan Min Gel,0.8411080837249756
7571676658262131474,jay_jaypee1,"baik, terimakasih infonya KA🙏",0,0,35,Infonya Terima Kasih,0.9363856911659241,98,Terima Kasih Murid,0.8911607265472412,97,Salam Mantap Kenal,0.8237954378128052
7571686982036800263,univsiberasia,"UNSIA solusinya Kakak, karena sistem pembelajarannya 100% full online learning, kakak bisa berkuliah dimana saja dan kapan saja
Nah UNSIA bisa menjadi tujuan kakak yg ingin kuliah sambil bekerja kak karena memang waktunya fleksibel dan bisa dilaksanakan kapanpun dan dimanapun 🤗",1,0,72,Tujuan Berkuliah Dimanapun,0.9718067646026611,86,Darimana 100 Jadi,0.8689993619918823,101,Favorit Pilih Fleksibel,0.7511823177337646
7573292469723415314,sisipau_,min pendaftaran gel 2 kapan???,0,3,78,Kapan Min Gel,0.8102373480796814,31,Kapan Pendaftarannya Gelombang,0.7641034126281738,89,Tanggal Gelombang Bulan,0.754409670829773
7573721046852764436,einaafets,"Setelah gel 1 kelar, bsk nya lgs buka lg gel 2 dst kok kak😉",0,0,78,Kapan Min Gel,0.666026771068573,71,Wisuda Uts Uas,0.7500553131103516,34,Daftar Tinggal Baru,0.7250986099243164
7573721521224876808,sisipau_,iya ya kak? soalnya dapat info katanya gel 2 buka nov tahun depan,1,0,81,Iya Oke Orang,0.7005350589752197,10,Maret April Bulan,0.7966855764389038,49,Ijazahnya Lulus Kan,0.7804617881774902
7573721779249382164,einaafets,"Wah lama bgt dong ka kl setahun 😭msh buka smpe maret kok inii, kl mau nanya2 bsa dm",1,0,3,Buka Pendaftaran Masih,0.7686571478843689,34,Daftar Tinggal Baru,0.767234206199646,60,Admin Dm Boleh,0.7668143510818481
7575836064410043157,nazmul.milal,ini beneran full online.?,0,1,64,Full Online Serba,0.7927642464637756,102,100 Fully Bk,0.757211446762085,90,Binus Adsfort Harga,0.6901534795761108
7575841176566104839,univsiberasia,"Hi hi Kak, betul bangett dong🤩",0,0,48,Betul Banget Lucu,0.8441126942634583,15,Hi Halo Dong,0.7707698941230774,35,Infonya Terima Kasih,0.7373334765434265
7571821278505026325,lrtsllwd__,Kak untuk jadwal pembelajarannya bisa menyesuaikan waktu kita ngga ya?,0,1,123,Jam Kelas Karyawan,0.8338229060173035,120,Tanya Non S2Nya,0.8088850975036621,49,Ijazahnya Lulus Kan,0.7912081480026245
7571881813728248594,univsiberasia,"Hai Ka, bisa banget tentunya. Dengan sistem pembelajaran sinkron dan asinkron memudahkan mahasiswa yang memiiiki aktifitas yang padat, jadi lebih efisien waktunya☺️",0,0,86,Darimana 100 Jadi,0.7835575342178345,72,Tujuan Berkuliah Dimanapun,0.7123499512672424,21,Malam Shift Begitu,0.6928585171699524
7577251344996139794,matocheeseu,unsia ada program ekstensi D3 ke S1 gak?,0,4,4,D3 S1 Lanjut,0.8968092203140259,50,S2 Pendidikan Hukum,0.8116046786308289,30,Korea Degree Min,0.8011353611946106
7578770232141234962,univsiberasia,"Hi Ka, ada ya melalui jalur konversi",0,0,12,Konversi Jalur Melalui,0.920211911201477,39,Beasiswa Kkn Program,0.7733972072601318,22,Pindahan Menerima Ut,0.7724010944366455
7578824143044543239,matocheeseu,jurusan apa aja kak?,0,0,16,Apa Saja Jurusan,0.9502996802330017,84,Ngambil Ambil Apa,0.8619431853294373,0,Jurusan Teknik Inggris,0.8227561712265015
7578855232429490962,univsiberasia,"UNSIA memiliki 5 prodi ya Kak, akuntansi, komunikasi, manajemen, sistem informasi, dan informatika",0,0,63,Informasi Informatika Akuntansi,0.9182504415512085,136,Yaitu Akuntansi Terdapat,0.8927647471427917,42,Jurusan Ekonomi Hukum,0.6581631898880005
7578871626989961991,matocheeseu,aku d3 teknik elektro bisa lintas jurusan gk yah?,0,0,4,D3 S1 Lanjut,0.8656762838363647,0,Jurusan Teknik Inggris,0.8503627777099609,119,Teman Syarat Magang,0.8279547691345215
7571068025719816967,mykaelizee,MAUUU KE TI/SI THUN DEPAN AAAA🙂‍↔️🙂‍↔️,1,1,118,Desember Baca Depan,0.8817177414894104,34,Daftar Tinggal Baru,0.7756919860839844,128,Main Kampusnya Kekampus,0.7701796889305115
7571753649765024530,einaafets,Gas kak😉😉,0,0,26,Adek Duluan Nurul,0.9057488441467285,24,Ayo Ikutt Ikut,0.8316317796707153,92,Samaaa Sama Konveksi,0.8047396540641785
7571072426407527186,ilovesambelgeprek,s2 nyaa plissss,0,1,80,S2 S2Nya Nya,0.8070344924926758,97,Salam Mantap Kenal,0.7400299310684204,48,Betul Banget Lucu,0.7217819690704346
7571749264139207442,univsiberasia,Wah... Mimin juga lagi nunggu nih Kak,0,0,94,Ditunggu Tunggu Wah,0.827949047088623,15,Hi Halo Dong,0.7591018080711365,34,Daftar Tinggal Baru,0.7558544874191284
7577301700362027777,ahmadrff_,2026 pendaftaran nya mulaii bulan apa?,0,1,89,Tanggal Gelombang Bulan,0.856953501701355,31,Kapan Pendaftarannya Gelombang,0.7895411849021912,78,Kapan Min Gel,0.7769587635993958
7578770188166890247,univsiberasia,"Hai Kak, di bulan Januari 2026 ya☺️",0,0,10,Maret April Bulan,0.8049283027648926,89,Tanggal Gelombang Bulan,0.7201218605041504,15,Hi Halo Dong,0.7138881683349609
7571739621052154642,amelllllllllll039,ini kampusnya dimana yaa?,0,1,6,Dimana Daerah Mana,0.8734639883041382,74,Akreditasinya Asia Siber,0.8019747734069824,84,Ngambil Ambil Apa,0.7950688600540161
7571753535471305479,einaafets,Jakarta Selatan kak,0,0,110,Jakarta Selatan Ragunan,0.73247230052948,105,Swasta Oktober Situ,0.557785153388977,90,Binus Adsfort Harga,0.5392051935195923
7581090939940946696,smiling._55,"kakak pendaftarannya masih ga ya,? aku lulusan 2026 kak, terus juga bingung daftarnya gimana, aku mau tau lebih mendalam kak",0,1,107,Daftarnya Cara Bagaimana,0.7120267748832703,49,Ijazahnya Lulus Kan,0.8970026969909668,46,Ut Pengin Bidang,0.8310646414756775
7581379489838957320,univsiberasia,"Hi Kakakk, boleh DM Mimin ya untuk lebih jelasnya🤩",0,0,36,Dm Admin Detailnya,0.9241471290588379,60,Admin Dm Boleh,0.8929566144943237,23,Dm Cek Izin,0.7941484451293945
7578762529011237652,babyjoyik,"halo min, jurusan S2 hukum/notaris belum ada ya ? kalo ada mau🥹",0,1,50,S2 Pendidikan Hukum,0.8499816656112671,119,Teman Syarat Magang,0.8397855758666992,67,Program Belum Dibuka,0.8344529867172241
7578855332438491922,univsiberasia,"Hi Kak, belum dibuka nih untuk program pascasarjana",0,0,67,Program Belum Dibuka,0.9002190232276917,73,Program Dibuka Saat,0.8976702094078064,66,Dibuka Mahasiswa Baru,0.8737474679946899
7573141956294869761,sisayang03,Halo ka kalau udh wisuda s1 tpi mau ambil s1 jurusan yg beda Apakah tetep 4tahun ?,0,1,4,D3 S1 Lanjut,0.8614314794540405,49,Ijazahnya Lulus Kan,0.821008563041687,119,Teman Syarat Magang,0.8118443489074707
7573721423379907349,einaafets,Iya ka,0,0,81,Iya Oke Orang,0.9248923659324646,75,Iya Iyapp Introvert,0.8682368397712708,92,Samaaa Sama Konveksi,0.8604846000671387
7581689665208976148,r.lyna4,kak untuk tau lebih lanjut bisa chat siapa ya kak??,0,1,8,Tanya Bertanya Chat,0.7952693700790405,60,Admin Dm Boleh,0.8628785610198975,36,Dm Admin Detailnya,0.8431448936462402
7581697897256289032,univsiberasia,"Hi Kakak, bisa dm ke Mimin ya☺️",0,0,36,Dm Admin Detailnya,0.9493719339370728,60,Admin Dm Boleh,0.9232673645019531,23,Dm Cek Izin,0.8509516716003418
7572220524447007505,deviindra85,ada batasan usia gk min,0,1,100,Umur Usia Irt,0.7069751024246216,11,Skripsi Sidang Tidak,0.6793849468231201,69,Apakah S1Hukum Perdagangan,0.6647796630859375
7578770387174540040,univsiberasia,"Nggak ada batasan umur kok Kakak
Di UNSIA, yang penting semangat belajarnya, bukan usianya 🙌
Karena belajar itu nggak kenal umur, yang muda semangat, yang udah berpengalaman juga makin keren",0,0,85,Umur Muda Batasan,0.8635450601577759,59,Tugas Numpuk Tugasnya,0.7053186297416687,86,Darimana 100 Jadi,0.7049878835678101
7571038129869030151,nhana_okt,maba prodi akuntansi kumpul,1,0,42,Jurusan Ekonomi Hukum,0.7223490476608276,63,Informasi Informatika Akuntansi,0.7157423496246338,56,Universitas Siber Asia,0.6933956742286682
7579538441215968001,nadishapa26,kak mau tanya kuliah jalur rpl kapan dibuka ? terima kasih,0,0,120,Tanya Non S2Nya,0.8879393339157104,49,Ijazahnya Lulus Kan,0.8326976299285889,119,Teman Syarat Magang,0.8017413020133972
7584006564391846676,matchakoff,🥺🥺🥺,0,0,13,  ,1.0,61,  ,1.0,20,Yes  ,0.999908447265625
7571823637159035656,peboolll,plis bgt yg maba kita mutualan yuu😭😭,0,1,24,Ayo Ikutt Ikut,0.5521441698074341,27,Join Grup Yuk,0.7333389520645142,116,Ig Akun Sering,0.676247239112854
7573050255085765396,anvi.85,ayooo,1,0,24,Ayo Ikutt Ikut,0.8541768789291382,131,Next Up Gass,0.811697244644165,90,Binus Adsfort Harga,0.8087055683135986
7587085038513308433,phieka.sari,akreditasi nya apa ya ka,1,4,74,Akreditasinya Asia Siber,0.8982514142990112,33,Bagaimana Wisudanya Tes,0.8504061698913574,84,Ngambil Ambil Apa,0.8435882925987244
7595565236817314567,janenice99,C+,0,0,-1,Mantab Uk Belakang,0.0,29,Menyimak Nyimakkk Ut,0.8897887468338013,14,Fitriyani Andriani Udin69Can,0.8875834345817566
7587407130342638344,rafka_arsya.r,nitip,0,0,70,Nitip Nitipp Nitippp,0.9976069927215576,121,Nitip Kabarin Mencari,0.8166038990020752,131,Next Up Gass,0.7813614010810852
7588847713556841237,einaafets,B kak,0,0,26,Adek Duluan Nurul,0.8798046112060547,131,Next Up Gass,0.8119258284568787,90,Binus Adsfort Harga,0.8028067946434021
7588847754366026517,einaafets,B,0,0,-1,Mantab Uk Belakang,0.0,40,One Yaallahh Day,0.8988052606582642,29,Menyimak Nyimakkk Ut,0.8961750864982605
7581008394498163463,user6108342981361,usia diatas 40 masih bisa gk daftar disitu seprti ut,0,3,100,Umur Usia Irt,0.8200831413269043,5,Kerja Negeri Kuliah,0.7263126373291016,30,Korea Degree Min,0.7217646837234497
7581385014815539975,univsiberasia,"Kalau ada yang bingung, jangan ragu untuk DM Mimin ya Kakak🤩",0,0,36,Dm Admin Detailnya,0.8345094919204712,60,Admin Dm Boleh,0.8154367208480835,23,Dm Cek Izin,0.7482654452323914
7581381358535770887,user6108342981361,ok terima kasih info nya semangat buat daftar insyaallah,0,0,35,Infonya Terima Kasih,0.7879116535186768,25,Amin Selalu Semangat,0.7417738437652588,98,Terima Kasih Murid,0.7365821599960327
7581379858027463432,univsiberasia,"Nggak ada batasan umur kok Kakak
Di UNSIA, yang penting semangat belajarnya, bukan usianya 🙌
Karena belajar itu nggak kenal umur, yang muda semangat, yang udah berpengalaman juga makin keren",3,0,85,Umur Muda Batasan,0.8635450601577759,59,Tugas Numpuk Tugasnya,0.7053186297416687,86,Darimana 100 Jadi,0.7049878835678101
7577322926291256081,whoisd4rr,min aku mau bayar pendaftaran kok gabisa mulu ya?,0,2,91,Ulang Bayar Isi,0.8666815161705017,76,Paket Ijazah Sih,0.783379316329956,49,Ijazahnya Lulus Kan,0.7719771862030029
7577324576620118801,whoisd4rr,"tertera tulisan katanya sedang banyak yang transaksi, coba lagi",0,0,76,Paket Ijazah Sih,0.6095181703567505,93,Jujur Review Kata,0.7154495716094971,64,Full Online Serba,0.655242383480072
7577324362521953032,univsiberasia,"Hi Kak, kendalanya di bagian apa kalau mimin boleh tau?",0,0,60,Admin Dm Boleh,0.8352755308151245,8,Tanya Bertanya Chat,0.81339430809021,120,Tanya Non S2Nya,0.8102246522903442
7585358260238172949,kurkumapluss09,adakah jurusan hukum kak,0,1,42,Jurusan Ekonomi Hukum,0.8579660058021545,0,Jurusan Teknik Inggris,0.8346565961837769,50,S2 Pendidikan Hukum,0.8091458678245544
7587109275689845512,ikutikutan,Belum ada kak huhu,0,0,43,Belum Huhu Nih,0.914592981338501,51,Open Otw Pkl,0.8103170394897461,135,Infoin Mau Lantang,0.7903931140899658
7577408423907721992,micstnjk,s2 ada buka kah ?,2,4,114,S2 Lita Anis,0.8345072865486145,80,S2 S2Nya Nya,0.7702062726020813,37,S2 Ada Doktoral,0.752306342124939
7577427001570067208,univsiberasia,"Hi Kak, belum dibuka nih untuk program S2 di UNSIA☺️",1,0,67,Program Belum Dibuka,0.9545551538467407,73,Program Dibuka Saat,0.9007940292358398,66,Dibuka Mahasiswa Baru,0.865414023399353
7590367397007541013,user05348289432,Kalau dari d3 ke s1 bisa ka?,0,0,4,D3 S1 Lanjut,0.9239946603775024,37,S2 Ada Doktoral,0.7994958162307739,50,S2 Pendidikan Hukum,0.7877147197723389
7577469836989973256,micstnjk,"kapan ada pelaksanaan s2, mau ambil nih",1,0,84,Ngambil Ambil Apa,0.7337126731872559,95,S2 Belum Insyallah,0.7976934909820557,50,S2 Pendidikan Hukum,0.7935618162155151
7586525905858740999,aisyah17102,ada kah yang baru daftar juga prodi manajemen?,1,1,132,Mending Ptnbh Alumni,0.8299797177314758,0,Jurusan Teknik Inggris,0.81395423412323,30,Korea Degree Min,0.8060483932495117
7587335368465482504,strawpie27,Akuu,0,0,122,Kalbar Ia Kebingungan,0.9607616662979126,29,Menyimak Nyimakkk Ut,0.8692798018455505,40,One Yaallahh Day,0.8660860657691956
7589405877036221202,miigacoan,Min menerima orang disabilitas gak? Saya disabilitas tunarungu mau kuliah juga tapi kerja sif bisa fleksibel?,0,1,5,Kerja Negeri Kuliah,0.7747108936309814,119,Teman Syarat Magang,0.7407946586608887,100,Umur Usia Irt,0.7194304466247559
7589494555814511378,univsiberasia,"Halo, masih bisa ya Ka🤗",0,0,15,Hi Halo Dong,0.8840299248695374,60,Admin Dm Boleh,0.8042902946472168,87,Hihi Jugakk Wakty,0.776038646697998
7576929283567600392,thats_oke,"hi min,boleh tanya2?",0,1,8,Tanya Bertanya Chat,0.824981153011322,120,Tanya Non S2Nya,0.7306243181228638,15,Hi Halo Dong,0.6894022226333618
7576967493714969352,univsiberasia,"Hi Kak, boleh dong🤗",0,0,15,Hi Halo Dong,0.9128694534301758,117,Boleh Bolehhh Dong,0.8853912949562073,135,Infoin Mau Lantang,0.8178907632827759
7579606928666952466,imeatshr_,untuk karyawan yang jam kerjanya shift bisa ga min😭,0,1,123,Jam Kelas Karyawan,0.7467774152755737,5,Kerja Negeri Kuliah,0.7090301513671875,21,Malam Shift Begitu,0.6992464661598206
7579250692788732690,inisii_al,Ujiannya tetap online atau offline min?,0,1,7,Offline Ujiannya Online,0.8461436033248901,112,Ujian Tes Online,0.8295542597770691,106,Hasil Seleksi Pengumuman,0.7653194665908813
7579255825697702664,univsiberasia,"Hi Kak, untuk ujianpun di UNSIA online ya🤗",1,0,15,Hi Halo Dong,0.7043171525001526,67,Program Belum Dibuka,0.8514550924301147,2,Website Id Ac,0.8416675329208374
7578446747900183314,notdhl_,untuk ujian apakah full online min?,0,1,7,Offline Ujiannya Online,0.8322346210479736,112,Ujian Tes Online,0.8048958778381348,69,Apakah S1Hukum Perdagangan,0.7826331257820129
7578854964051968776,univsiberasia,"Hi Kak, betul. Ujiannya juga online ya di UNSIA🤩",0,0,7,Offline Ujiannya Online,0.8157035708427429,67,Program Belum Dibuka,0.8389574885368347,112,Ujian Tes Online,0.8378021717071533
7578080193550648072,annearrr,daftar sama tanya2 nya kemana ini,0,1,8,Tanya Bertanya Chat,0.6763043403625488,93,Jujur Review Kata,0.7059862017631531,64,Full Online Serba,0.6851356029510498
7578769874013766418,univsiberasia,"Hi Kak, bisa DM mimin ya🤩",0,0,60,Admin Dm Boleh,0.9517747163772583,36,Dm Admin Detailnya,0.9286003112792969,23,Dm Cek Izin,0.8636887073516846
7577387365351818002,jochristiady,Kak apakah bisa tanya2 untuk jurusan ilmu komunikasi?,0,1,120,Tanya Non S2Nya,0.8849186301231384,8,Tanya Bertanya Chat,0.8105542063713074,49,Ijazahnya Lulus Kan,0.7866002917289734
7577633579179279122,riskamawati.p,"hi kak, aku jurusan komunikasi di unsia",2,0,9,Kip Unsia Diterima,0.8304487466812134,136,Yaitu Akuntansi Terdapat,0.7871958613395691,67,Program Belum Dibuka,0.786296010017395
7576608556137530120,bakulracing87,sukses selalu untuk Unsia,0,2,55,Sukses Selalu Sehat,0.9356027841567993,25,Amin Selalu Semangat,0.8012239933013916,97,Salam Mantap Kenal,0.7059651017189026
7576629336253448968,bakulracing87,enggeh siap 😁,0,0,24,Ayo Ikutt Ikut,0.7678908109664917,19,Com Nice Https,0.754174530506134,26,Adek Duluan Nurul,0.7408715486526489
7576617949437510408,univsiberasia,"Amin, sukses selalu untuk Kakak🤩",1,0,25,Amin Selalu Semangat,0.9161041975021362,55,Sukses Selalu Sehat,0.8310478925704956,98,Terima Kasih Murid,0.7774970531463623
7576872700372976405,alessiaazalea,"min aku Uda daftar gelombang 1,,
dan Uda lulus jga,, kira2 kpan ya Nim kluar",0,1,47,Daftar Gelombang Januari,0.7904138565063477,49,Ijazahnya Lulus Kan,0.8415425419807434,91,Ulang Bayar Isi,0.8262497186660767
7576875915985797906,univsiberasia,"Hi Kak, untuk NIM akan diterbitkan ketika sudah mendekati masa perkuliahan ya 😊",0,0,2,Website Id Ac,0.7689920663833618,10,Maret April Bulan,0.8311470150947571,73,Program Dibuka Saat,0.7978499531745911
7576591450042827528,saw1809,"kak, ada S2 pendidikan dasar nya?",0,1,50,S2 Pendidikan Hukum,0.9109752178192139,37,S2 Ada Doktoral,0.8775869607925415,0,Jurusan Teknik Inggris,0.8584758043289185
7576617904453288712,univsiberasia,"Hi Kak, saat ini untuk program S2 di UNSIA belum dibuka ya☺️",0,0,67,Program Belum Dibuka,0.9630464315414429,73,Program Dibuka Saat,0.9542039036750793,66,Dibuka Mahasiswa Baru,0.8622775077819824
7576620258091156240,hazeeeee56,Freelance di bidang media masih bingung apakah bisa fleksibel untuk kuliah masih maju mundur😭,0,0,46,Ut Pengin Bidang,0.6617255210876465,5,Kerja Negeri Kuliah,0.7266683578491211,100,Umur Usia Irt,0.7190722823143005
7577371403868570386,arifabcd_,kak lulusan paket c bisa daftar ngga?,0,1,76,Paket Ijazah Sih,0.9342092275619507,22,Pindahan Menerima Ut,0.8762245774269104,47,Daftar Gelombang Januari,0.862245500087738
7577427193840960264,univsiberasia,"Hi Kak, bisa dong🤗",0,0,15,Hi Halo Dong,0.9414635896682739,53,Dong Kayaknya Banget,0.8432698249816895,117,Boleh Bolehhh Dong,0.8426246643066406
7577777090280899349,hmmmm3495,"hai ka, mau nanya kalo disini itu sistem belajar nya gimana ya? dikasih modul kaya UT atau video kaya ruang guru, atau gimana ka?",1,2,127,Caranya Kuliahnya Bagaimana,0.7586756944656372,21,Malam Shift Begitu,0.8058649301528931,49,Ijazahnya Lulus Kan,0.8031772375106812
7577987109337498376,quceeng,"dikasih video, materi ppt, dan zoom ya kak ga ada modul fisik",3,0,115,Full Fisik Diunsia,0.7559796571731567,7,Offline Ujiannya Online,0.7364307641983032,123,Jam Kelas Karyawan,0.7265676856040955
7578072375486432020,hmmmm3495,oh makasih kaaaa,2,0,98,Terima Kasih Murid,0.9368233680725098,35,Infonya Terima Kasih,0.8850204944610596,94,Ditunggu Tunggu Wah,0.8002306222915649
7578845039654322945,violetsky475,prodi ilmu hukum blm ada ya kak,0,1,0,Jurusan Teknik Inggris,0.8797681927680969,95,S2 Belum Insyallah,0.8348168730735779,67,Program Belum Dibuka,0.8347752690315247
7578853626442121991,univsiberasia,"Hi Kak, betul. UNSIA memiliki 5 prodi yaitu akuntansi, komunikasi, manajemen, sistem informasi, dan informatika",2,0,136,Yaitu Akuntansi Terdapat,0.9447821378707886,63,Informasi Informatika Akuntansi,0.9177136421203613,130,Pt Terakreditasi Ban,0.7114976644515991
7577691681664713488,deafaqaat_,"min kalau misalnya mau double degree diunsia, namun dikampus yg pertama dapat beasiswa, apakah dikampus unsia bisa dapat beasiswa juga?",0,1,30,Korea Degree Min,0.8010357618331909,49,Ijazahnya Lulus Kan,0.7770165801048279,4,D3 S1 Lanjut,0.7727417945861816
7578453435143963400,univsiberasia,"Hi Kak, bisa. Namun saat ini untuk program beasiswa belum dibuka nih",0,0,73,Program Dibuka Saat,0.9156639575958252,67,Program Belum Dibuka,0.8713266849517822,66,Dibuka Mahasiswa Baru,0.8281214237213135
7577052647858340624,l4dyoftheforest,pendaftaran gelombang 1 nya kapan ya ka?,0,1,31,Kapan Pendaftarannya Gelombang,0.924597978591919,89,Tanggal Gelombang Bulan,0.8610877990722656,78,Kapan Min Gel,0.8509518504142761
7577216952290968338,univsiberasia,"Hi hi Kak, saat ini sudah gelombang II ya🤗",0,0,10,Maret April Bulan,0.8309048414230347,73,Program Dibuka Saat,0.8002851009368896,66,Dibuka Mahasiswa Baru,0.7794700264930725
7578762286945370901,babyjoyik,jurusan s2 hukum/notaris belum ada ya ya? kalo ada mau😭,0,0,50,S2 Pendidikan Hukum,0.852829098701477,119,Teman Syarat Magang,0.8290194272994995,0,Jurusan Teknik Inggris,0.8249129056930542
7634073208996086548,grescly0,mij kalo mau daftar beasiswa harus jadi mahasiswa dulu atau ga?,0,0,39,Beasiswa Kkn Program,0.7393137812614441,5,Kerja Negeri Kuliah,0.7816261053085327,30,Korea Degree Min,0.7813782691955566
7580066018909258512,hahalifyou_,Min kalau cara nemu temen baru nya gmna 😂 ada grup wa nya kah ahah,0,3,17,Cara Daftarnya Bagaimana,0.7661498785018921,8,Tanya Bertanya Chat,0.7680835127830505,52,Web Lewat Kemana,0.7465769052505493
7580217722568639253,einaafets,CaMaba kak?,0,0,38,Ih Maba Grupnya,0.7212210893630981,26,Adek Duluan Nurul,0.8210549354553223,19,Com Nice Https,0.77324378490448
7580217924838179585,hahalifyou_,Iya,0,0,75,Iya Iyapp Introvert,0.9693294763565063,26,Adek Duluan Nurul,0.8427709937095642,122,Kalbar Ia Kebingungan,0.8111603856086731
7580218470592725780,einaafets,Nanti bakal ada grup angkatan kok,1,0,65,Angkatan Berapa Kira,0.655674934387207,118,Desember Baca Depan,0.7647498250007629,27,Join Grup Yuk,0.747934103012085
7577502320276718344,teliaa73,"mau daftar masih ragu karena kerjanya di shift, dan masih bingung pilih jurusan yang tepat, boleh kasih solusi min🙏",0,2,83,Pilih Favorit Mulai,0.6356345415115356,5,Kerja Negeri Kuliah,0.7837752103805542,46,Ut Pengin Bidang,0.7672218680381775
7577764301029786389,einaafets,Boleh konsultasi Yuk kak saya anak unsiaa,0,0,9,Kip Unsia Diterima,0.8447633385658264,8,Tanya Bertanya Chat,0.8071444034576416,120,Tanya Non S2Nya,0.7770754098892212
7580189489609261831,teajusapell99,kk ak mau nanya ka,0,0,8,Tanya Bertanya Chat,0.778793215751648,135,Infoin Mau Lantang,0.7436543703079224,15,Hi Halo Dong,0.7040930986404419
7591418208654836501,mrs.taeeeee,kak ada beasiswa yg dpt uang saku g?,0,0,39,Beasiswa Kkn Program,0.8629482388496399,30,Korea Degree Min,0.8009947538375854,119,Teman Syarat Magang,0.7854001522064209
7577555632544105217,azjenehne,beasiswa apa min dan jurusan nya ada apa saja,0,0,16,Apa Saja Jurusan,0.8922582864761353,119,Teman Syarat Magang,0.8486087322235107,84,Ngambil Ambil Apa,0.8115246295928955
7577337165840319239,bossl3r,min kapan fakultas hukum ada,0,0,0,Jurusan Teknik Inggris,0.8149681091308594,30,Korea Degree Min,0.8038458228111267,78,Kapan Min Gel,0.8028830289840698
7578117728650986257,wwwflower13,gimana cara daftar beasiswa d unsia,0,0,39,Beasiswa Kkn Program,0.695479691028595,30,Korea Degree Min,0.7579072713851929,67,Program Belum Dibuka,0.7121697664260864
7577542160162308865,dsu_tami,apakah ada program untuk S2 nya kak?,0,0,69,Apakah S1Hukum Perdagangan,0.8796898126602173,37,S2 Ada Doktoral,0.8716036081314087,120,Tanya Non S2Nya,0.8607591390609741
7577294480384475922,gimmeyu_,syarat beasiswa unsia apa aja ya min,0,0,30,Korea Degree Min,0.818985104560852,16,Apa Saja Jurusan,0.8241130113601685,119,Teman Syarat Magang,0.8169865608215332
7578030506475897607,henihaho,ada jurusan pendidikan bahasa Inggris kak?,0,0,0,Jurusan Teknik Inggris,0.9140225648880005,50,S2 Pendidikan Hukum,0.8286130428314209,42,Jurusan Ekonomi Hukum,0.827856183052063
7577681502638129928,seledri_51,"Jurusan S2 plis,Spil!!",0,0,50,S2 Pendidikan Hukum,0.7760719060897827,4,D3 S1 Lanjut,0.7053298950195312,42,Jurusan Ekonomi Hukum,0.6920702457427979
7597984062938104596,bidwil95,akreditasinya apa?@univsiberasia,0,1,74,Akreditasinya Asia Siber,0.8645696640014648,84,Ngambil Ambil Apa,0.7457485198974609,134,Pjj Akre Industri,0.7388508319854736
7598030239612470024,univsiberasia,UNSIA sudah terakreditasi oleh BAN-PT dengan nilai Baik sekali dan international ya Kak,1,0,130,Pt Terakreditasi Ban,0.9114912748336792,86,Darimana 100 Jadi,0.7099648118019104,74,Akreditasinya Asia Siber,0.689298689365387
7594295635269010183,sayang_ayang7,🥰,0,0,28,Asa Hum ,0.9997044801712036,13,  ,1.0,61,  ,1.0
7594295606630892295,sayang_ayang7,🥰,0,0,13,  ,1.0,61,  ,1.0,20,Yes  ,0.999908447265625
7594295602092229383,sayang_ayang7,😂,0,0,14,Fitriyani Andriani Udin69Can,0.9977331161499023,13,  ,1.0,61,  ,1.0
7594295604571112199,sayang_ayang7,😂,0,0,40,One Yaallahh Day,0.9992661476135254,13,  ,1.0,61,  ,1.0
7580775377226908417,roseberrywine,☺,0,0,28,Asa Hum ,0.9997044801712036,13,  ,1.0,61,  ,1.0
7578200123096990472,ssen.see,mau tanya tanya dulu dong tentang kuliah di sini bisa gaya sistemnya gmb gitu,0,1,5,Kerja Negeri Kuliah,0.8170771598815918,119,Teman Syarat Magang,0.7951975464820862,49,Ijazahnya Lulus Kan,0.780343770980835
7578769965462504210,univsiberasia,"Hi Kak, bisa DM mimin ya🤩",0,0,60,Admin Dm Boleh,0.9517747163772583,36,Dm Admin Detailnya,0.9286003112792969,23,Dm Cek Izin,0.8636887073516846
7564451489684062983,palingrandom5,"mau nanya"" dong ka",0,1,8,Tanya Bertanya Chat,0.8822159171104431,135,Infoin Mau Lantang,0.8129315972328186,15,Hi Halo Dong,0.794758677482605
7564617787353973512,univsiberasia,"Halo Kakak, boleh DM Mimin ya Kak😊",0,0,60,Admin Dm Boleh,0.9485881924629211,36,Dm Admin Detailnya,0.9291341304779053,23,Dm Cek Izin,0.8892006874084473
7564016277925479189,riko.noviantoro,kereen euy. kita gak ada,0,0,45,Enggak Ribet Fh,0.7446209192276001,93,Jujur Review Kata,0.6944278478622437,126,Keren Mukanya Asing,0.6943484544754028
7563844038080643860,nadakotto,ga jadi ikutan karena kerjaan huhuhu sedih banget 🥺,0,2,57,Nilai Sesi Sabar,0.7972962856292725,59,Tugas Numpuk Tugasnya,0.7355082035064697,46,Ut Pengin Bidang,0.7191609144210815
7564618254258832135,univsiberasia,Wah:( semoga tahun depan Kak Nada bisa ikut ya🤗,1,0,62,Semoga Allah Doain,0.8327752947807312,118,Desember Baca Depan,0.8349164128303528,34,Daftar Tinggal Baru,0.7977748513221741
7565096361797993234,nadakotto,aamiinnn maacih mimin🥰🥰🥰,0,0,98,Terima Kasih Murid,0.848278284072876,25,Amin Selalu Semangat,0.7632414102554321,97,Salam Mantap Kenal,0.735390841960907
7563682425261343489,pehngueri,"ujiannya tetap online atau harus datang ke kampus?
pake pkl dan kkn ga?",0,3,7,Offline Ujiannya Online,0.740556001663208,71,Wisuda Uts Uas,0.7519218921661377,21,Malam Shift Begitu,0.7185628414154053
7563974551228515088,airasiwi2,nitip,0,0,70,Nitip Nitipp Nitippp,0.9976069927215576,121,Nitip Kabarin Mencari,0.8166038990020752,131,Next Up Gass,0.7813614010810852
7575750829996475156,afni_an037,😁,0,0,13,  ,1.0,61,  ,1.0,20,Yes  ,0.999908447265625
7568532951584441109,jemapple_,😅,0,0,20,Yes  ,0.999908447265625,13,  ,1.0,61,  ,1.0
7568520002186838805,tarii_qq,info UKT doongg,0,4,41,Info Link Cara,0.7368203997612,56,Universitas Siber Asia,0.7013742923736572,102,100 Fully Bk,0.6760990619659424
7571310582097625864,univsiberasia,"Hi hi kak, Biaya kuliah per semester: flat Rp3.000.000 untuk semua jurusan, Biaya tersebut dapat dicicil dalam 3 kali pembayaran. Kalau ada yang masih ingin ditanyakan, Mimin siap balas di DM😊",0,0,1,Dicicil 3Jt Hanya,0.7746158242225647,2,Website Id Ac,0.7090762853622437,86,Darimana 100 Jadi,0.700645923614502
7576599533523698450,revaasihotang,min unsia ada beasiswa y gc min,0,0,30,Korea Degree Min,0.8766404390335083,39,Beasiswa Kkn Program,0.8444198966026306,9,Kip Unsia Diterima,0.8282985687255859
7571313083924038418,loviandari_,cara daftarnya gimana min? kalo wisuda nantinya itu offline?,0,0,107,Daftarnya Cara Bagaimana,0.7813541293144226,7,Offline Ujiannya Online,0.8346537351608276,17,Cara Daftarnya Bagaimana,0.8320327997207642
7571322788869735175,univsiberasia,"Hi Kak, Hari ini resmi pendaftaran Mahasiswa Baru UNSIA dimulai. Jadi Kakak bisa langsung daftar sekarang di pmb.unsia.ac.id, pilih jurusan favorit, dan mulai kuliah online fleksibel dari mana aja. Untuk wisuda dilaksanakan secara onsite ya Kakak",1,0,101,Favorit Pilih Fleksibel,0.962580680847168,83,Pilih Favorit Mulai,0.9114748239517212,2,Website Id Ac,0.8904523849487305
7567240581647663890,apanih_he,kak ada jurusan perpustakaan??,1,1,0,Jurusan Teknik Inggris,0.8962221145629883,42,Jurusan Ekonomi Hukum,0.8621740341186523,84,Ngambil Ambil Apa,0.8482968211174011
7569137350321275666,univsiberasia,"Halo Kakak, saat ini di UNSIA memiliki 5 prodi yaitu akuntansi, komunikasi, manajemen, sistem informasi, dan informatika",0,0,136,Yaitu Akuntansi Terdapat,0.9657436013221741,63,Informasi Informatika Akuntansi,0.9043695330619812,67,Program Belum Dibuka,0.71358323097229
7568405053125690120,hxutgfb,kak ada jurusan hukum ga?,0,2,0,Jurusan Teknik Inggris,0.9273358583450317,37,S2 Ada Doktoral,0.8743135929107666,42,Jurusan Ekonomi Hukum,0.8729838132858276
7569137320688911111,univsiberasia,"Halo Kakak, saat ini di UNSIA memiliki 5 prodi yaitu akuntansi, komunikasi, manajemen, sistem informasi, dan informatika",0,0,136,Yaitu Akuntansi Terdapat,0.9657436013221741,63,Informasi Informatika Akuntansi,0.9043695330619812,67,Program Belum Dibuka,0.71358323097229
7568826674868241160,einaafets,Blm ada kaa,0,0,43,Belum Huhu Nih,0.927807092666626,51,Open Otw Pkl,0.8568769693374634,135,Infoin Mau Lantang,0.809332013130188
7571443441176281864,zafaziah,pendaftaran sampai kapan kak?,0,2,31,Kapan Pendaftarannya Gelombang,0.9371770024299622,78,Kapan Min Gel,0.8588595390319824,3,Buka Pendaftaran Masih,0.8491964936256409
7577990671606760210,quceeng,"halo kak saat ini pendaftaran sudah dibuka ya, tiap gelombang terdiri dari 2 minggu",0,0,10,Maret April Bulan,0.847226619720459,73,Program Dibuka Saat,0.7968176603317261,66,Dibuka Mahasiswa Baru,0.7874183654785156
7578052518296240914,zafaziah,aku dah daftar kak hehe,0,0,34,Daftar Tinggal Baru,0.8509013056755066,27,Join Grup Yuk,0.8247380256652832,118,Desember Baca Depan,0.8154628276824951
7567357217616282389,knf959,kak kapan pendaftaran dibuka,1,2,31,Kapan Pendaftarannya Gelombang,0.933381199836731,78,Kapan Min Gel,0.8916993141174316,3,Buka Pendaftaran Masih,0.8808298110961914
7568360522207855378,univsiberasia,"Halo Kakak, tanggal 7 November pendaftaran dibuka ya Kakak, untuk informasi penerimaan mahasiswa baru bisa folow akun instagram @ppmbunsia_official ya Kakak agar tidak tertinggal informasinya 😊",0,0,2,Website Id Ac,0.8535727262496948,109,Ditutup Khawatir Kembali,0.7946993112564087,36,Dm Admin Detailnya,0.774315595626831
7568827237799133970,ikutikutan,Tgl 7 nov ini udah buka kak. Boleh dm utk tanya” ya kak😉,0,0,23,Dm Cek Izin,0.7743982076644897,60,Admin Dm Boleh,0.8490400314331055,36,Dm Admin Detailnya,0.8010864853858948
7568477964800606983,lina.hulpa,spill biaya nya kk,0,1,133,Spill Alisnya Spil,0.8305022716522217,99,Biayanya Biaya Berapa,0.7838367223739624,18,Berapa Biaya Bayar,0.7609893679618835
7571310661243028231,univsiberasia,"Hi hi kak, Biaya kuliah per semester: flat Rp3.000.000 untuk semua jurusan, Biaya tersebut dapat dicicil dalam 3 kali pembayaran. Kalau ada yang masih ingin ditanyakan, Mimin siap balas di DM😊",0,0,1,Dicicil 3Jt Hanya,0.7746158242225647,2,Website Id Ac,0.7090762853622437,86,Darimana 100 Jadi,0.700645923614502
7576569289517744904,8752.jpg,ada skripsi ga min,0,1,11,Skripsi Sidang Tidak,0.9202315807342529,39,Beasiswa Kkn Program,0.833926796913147,37,S2 Ada Doktoral,0.8172696828842163
7576573629107503880,univsiberasia,"Hi hi Kak, ada ya☺️",1,0,15,Hi Halo Dong,0.8760213851928711,51,Open Otw Pkl,0.7576056718826294,60,Admin Dm Boleh,0.7533307671546936
7567254223374058258,yaya_mariyaaa,Blm ada prodi pariwisata ya?,0,1,0,Jurusan Teknik Inggris,0.838970422744751,95,S2 Belum Insyallah,0.8259983062744141,132,Mending Ptnbh Alumni,0.816009521484375
7569137428452410130,univsiberasia,"Halo Kakak, saat ini di UNSIA memiliki 5 prodi yaitu akuntansi, komunikasi, manajemen, sistem informasi, dan informatika",0,0,136,Yaitu Akuntansi Terdapat,0.9657436013221741,63,Informasi Informatika Akuntansi,0.9043695330619812,67,Program Belum Dibuka,0.71358323097229
7568491659354702593,quabides,kalo mau tau harga setiap jurusannya kemana ya liatnya?,0,2,52,Web Lewat Kemana,0.751014232635498,123,Jam Kelas Karyawan,0.7050297260284424,6,Dimana Daerah Mana,0.6906123161315918
7571310502497977106,univsiberasia,"Hi hi kak, Biaya kuliah per semester: flat Rp3.000.000 untuk semua jurusan, Biaya tersebut dapat dicicil dalam 3 kali pembayaran. Kalau ada yang masih ingin ditanyakan, Mimin siap balas di DM😊",0,0,1,Dicicil 3Jt Hanya,0.7746158242225647,2,Website Id Ac,0.7090762853622437,86,Darimana 100 Jadi,0.700645923614502
7568517199461008149,dsyanight,"liat di webnya unsia kak, tapi keknya semua sama per semesternya 3jutaan",0,0,1,Dicicil 3Jt Hanya,0.7971084713935852,77,Per Berapa Semester,0.794336199760437,46,Ut Pengin Bidang,0.7902047634124756
7568479152434627336,hnyzhn,kak ada jurusan teknik pangan/teknik industri/teknik kimia dan sejenis nya ga ya??,0,2,0,Jurusan Teknik Inggris,0.8258745074272156,119,Teman Syarat Magang,0.7968818545341492,120,Tanya Non S2Nya,0.7931258678436279
7569194070686630664,xjsnrjmm,binus online aja,0,0,90,Binus Adsfort Harga,0.840544581413269,105,Swasta Oktober Situ,0.74551922082901,125,Gratis Tersedia Pesan,0.7258720397949219
7568517012433355540,dsyanight,"gaada kak, baru ada 5 prodi",0,0,93,Jujur Review Kata,0.7796489000320435,132,Mending Ptnbh Alumni,0.7519273161888123,104,Aman Unas Ciber,0.7437609434127808
7567905903408710416,urfavouraite,kak blm dibuka ya pendaftaran?,0,1,3,Buka Pendaftaran Masih,0.9025738835334778,31,Kapan Pendaftarannya Gelombang,0.8572456240653992,10,Maret April Bulan,0.8447180390357971
7568360617325904647,univsiberasia,"Halo Kakak, tanggal 7 November pendaftaran dibuka ya Kakak, untuk informasi penerimaan mahasiswa baru bisa folow akun instagram @ppmbunsia_official ya Kakak agar tidak tertinggal informasinya 😊",1,0,2,Website Id Ac,0.8535727262496948,109,Ditutup Khawatir Kembali,0.7946993112564087,36,Dm Admin Detailnya,0.774315595626831
7575871465061352210,semangatberproses0,ada S2 nya engaaaa?,0,0,80,S2 S2Nya Nya,0.8984376788139343,114,S2 Lita Anis,0.8157691955566406,95,S2 Belum Insyallah,0.8050356507301331
7572428359729808129,bayi4222,"ka kalo tanya"" bisa lewat wa gk ?",0,1,8,Tanya Bertanya Chat,0.8536230325698853,52,Web Lewat Kemana,0.8152661919593811,60,Admin Dm Boleh,0.8090500235557556
7578769547034575623,univsiberasia,"Hi Kak, boleh DM Mimin ya☺️",0,0,60,Admin Dm Boleh,0.9530341029167175,36,Dm Admin Detailnya,0.9151318669319153,23,Dm Cek Izin,0.8822237849235535
7584348814473429781,qaxaxa,🥰,0,0,29,Menyimak Nyimakkk Ut,0.9959731698036194,13,  ,1.0,61,  ,1.0
7569489213101654805,restot97,🥺,0,0,28,Asa Hum ,0.9997044801712036,13,  ,1.0,61,  ,1.0
7560687638605333256,managementmarketing8,👏👏👏🙏,0,0,61,  ,1.0,13,  ,1.0,20,Yes  ,0.999908447265625
7576676134923485968,khomyanah2,😂,0,0,20,Yes  ,0.999908447265625,13,  ,1.0,61,  ,1.0
7569301055537758983,viiiiiiiiiiiiiiiiiiii10,Kk mau tanya tanya boleh gak ? Pengen kuliah tapi aku di luar negeri,0,1,5,Kerja Negeri Kuliah,0.8585477471351624,49,Ijazahnya Lulus Kan,0.8251663446426392,119,Teman Syarat Magang,0.8147955536842346
7570039621675172616,ikutikutan,Halo kak boleh dm aku yaa 🥰,1,0,23,Dm Cek Izin,0.9129053354263306,60,Admin Dm Boleh,0.9239983558654785,36,Dm Admin Detailnya,0.8623952269554138
7564473654713762568,penggunaaan_000,halo kak ini klo kuliah nya sambil kerja bisa kan ya?,0,1,5,Kerja Negeri Kuliah,0.8506367802619934,49,Ijazahnya Lulus Kan,0.8309326171875,86,Darimana 100 Jadi,0.82398921251297
7564664677298160391,univsiberasia,"Halo Kakak, bisa banget dong karena UNSIA 100% full online learning 🤗",1,0,44,100 Learning Fully,0.9631910920143127,86,Darimana 100 Jadi,0.8407617807388306,58,Tugas Akhir Skripsi,0.7726330161094666
7563512904218559252,riko.noviantoro,Membanggakan,1,0,-1,Mantab Uk Belakang,0.0,105,Swasta Oktober Situ,0.8402242660522461,131,Next Up Gass,0.8389493227005005
7568924224108315400,viiiiiiiiiiiiiiiiiiii10,🙏🙏🙏,0,0,20,Yes  ,0.999908447265625,13,  ,1.0,61,  ,1.0
7559458600264762132,zilfaniafirdaus,kak apakah sudah ada untuk program magister?,0,1,69,Apakah S1Hukum Perdagangan,0.8672839403152466,120,Tanya Non S2Nya,0.8335832357406616,37,S2 Ada Doktoral,0.8087651133537292
7560588770430796552,univsiberasia,"Halo Kakak, saat ini untuk program S2 di UNSIA belum dibuka ya☺",0,0,67,Program Belum Dibuka,0.9658805131912231,73,Program Dibuka Saat,0.9526271224021912,66,Dibuka Mahasiswa Baru,0.855631947517395
7560676097332511495,hisindya,kak kalau mau aktif dikampus gimana caranya ya? kan kuliahnya online☹,0,1,17,Cara Daftarnya Bagaimana,0.8373892903327942,49,Ijazahnya Lulus Kan,0.8334047794342041,21,Malam Shift Begitu,0.8280317783355713
7560953735728710408,einaafets,Aktif di hima kakk😁,0,0,27,Join Grup Yuk,0.7466691136360168,104,Aman Unas Ciber,0.7553895711898804,9,Kip Unsia Diterima,0.7513257265090942
7560990104327275272,capricorn8516,biaya nya berapa kak,1,2,18,Berapa Biaya Bayar,0.9444997310638428,99,Biayanya Biaya Berapa,0.8545539975166321,77,Per Berapa Semester,0.8483163118362427
7560997325759578887,univsiberasia,"Halo Kakak, untuk biaya persemesternya hanya 3jt lho🤗",0,0,1,Dicicil 3Jt Hanya,0.8557120561599731,18,Berapa Biaya Bayar,0.7707168459892273,77,Per Berapa Semester,0.7476605772972107
7564244204638733077,hlldda,kapan buka pendaftaran mahasiswa baru kak?,0,0,3,Buka Pendaftaran Masih,0.8514279723167419,66,Dibuka Mahasiswa Baru,0.8753920793533325,31,Kapan Pendaftarannya Gelombang,0.8633249402046204
7566901580713952001,icaacantik822,ini gk ada ospek secara offline kak?,0,1,108,Offline Onsite Onnline,0.7213118672370911,64,Full Online Serba,0.7662432193756104,7,Offline Ujiannya Online,0.7519879341125488
7571311124239516434,univsiberasia,"Tidak Kakak, semua dilaksanakan secara online😊",0,0,96,Secara Dilaksanakan Hybrid,0.6172121167182922,64,Full Online Serba,0.7104570269584656,108,Offline Onsite Onnline,0.6414103507995605
7569164223327601416,monsterrrganzz,klo wilayah Makassar bisa gaa kuliah disini?,1,2,5,Kerja Negeri Kuliah,0.8398618698120117,30,Korea Degree Min,0.8085311651229858,22,Pindahan Menerima Ut,0.8070234060287476
7584982754530640661,monsterrrganzz,belumm kakk😭 lgii bingunggg,0,0,38,Ih Maba Grupnya,0.7772006392478943,43,Belum Huhu Nih,0.7472906708717346,133,Spill Alisnya Spil,0.7198736667633057
7571311280796713746,univsiberasia,"Hi hi Kak, bisa banget dong, kan UNSIA 10% full online learning, jadi bisa kuliah darimana saja dan kapan saja",1,0,86,Darimana 100 Jadi,0.9117181301116943,44,100 Learning Fully,0.8197596073150635,72,Tujuan Berkuliah Dimanapun,0.8002371788024902
7560602794856596232,lrxdscent_9,"Kak, full daring kah?",0,1,51,Open Otw Pkl,0.8299413919448853,26,Adek Duluan Nurul,0.7890923023223877,135,Infoin Mau Lantang,0.7777227163314819
7560606046039327495,einaafets,Iya bener ka,1,0,81,Iya Oke Orang,0.8857223987579346,48,Betul Banget Lucu,0.8448855876922607,75,Iya Iyapp Introvert,0.7970528602600098
7568545810100290312,lemoniloooo__,bukaan pendaftarannya kapan ya ka,0,1,31,Kapan Pendaftarannya Gelombang,0.9493495225906372,3,Buka Pendaftaran Masih,0.8636542558670044,78,Kapan Min Gel,0.8568528890609741
7573053323508908820,anvi.85,skrg daah mulai buka,0,0,3,Buka Pendaftaran Masih,0.6443394422531128,43,Belum Huhu Nih,0.6879358887672424,64,Full Online Serba,0.681106448173523
7578387792608297735,lestarindah_,TA genap nya kapan ka,0,0,31,Kapan Pendaftarannya Gelombang,0.8804322481155396,89,Tanggal Gelombang Bulan,0.839533805847168,65,Angkatan Berapa Kira,0.8350072503089905
7560737459307381525,riko.noviantoro,kereen,0,0,126,Keren Mukanya Asing,0.9459885954856873,19,Com Nice Https,0.8235597610473633,75,Iya Iyapp Introvert,0.7993545532226562
7570756194437563157,aneliess96,🥰,0,0,14,Fitriyani Andriani Udin69Can,0.9977331161499023,13,  ,1.0,61,  ,1.0
7562565943294133000,chientaa,Alhamdulillah bangga jadi alumni @univsiberasia,0,1,111,Alhamdulillah Keluarga Bagian,0.8147698044776917,55,Sukses Selalu Sehat,0.7003304958343506,9,Kip Unsia Diterima,0.6762268543243408
7568359828134445842,univsiberasia,"Wah, halo Kakak, sukses terus ya🤗",1,0,25,Amin Selalu Semangat,0.8518256545066833,35,Infonya Terima Kasih,0.822624921798706,15,Hi Halo Dong,0.8104416728019714
7552522188302156551,fhida.farida,"Ka aku baru baca, cara daftar gmn?",1,2,17,Cara Daftarnya Bagaimana,0.8468459844589233,91,Ulang Bayar Isi,0.8227297067642212,8,Tanya Bertanya Chat,0.7906595468521118
7552823959340385042,univsiberasia,"Halo Kakak, untuk pendaftarannya sangat mudah lho, cukup melalui website saja di pmb.unsia.ac.id",0,0,2,Website Id Ac,0.916654109954834,101,Favorit Pilih Fleksibel,0.8488858938217163,83,Pilih Favorit Mulai,0.8061859607696533
7552770511384118023,einaafets,Kesini ka pmb.unsia.ac.id,0,0,56,Universitas Siber Asia,0.850706934928894,2,Website Id Ac,0.841269850730896,9,Kip Unsia Diterima,0.7842919826507568
7550802899867370258,lengkara_25,Udah ga sabar banget☹,0,1,57,Nilai Sesi Sabar,0.6815229654312134,43,Belum Huhu Nih,0.6576265692710876,45,Enggak Ribet Fh,0.6557205319404602
7551274520159552263,univsiberasia,"Wahh, sedikit lagi nih Kak perkuliahan dimulai🤩",0,0,10,Maret April Bulan,0.692601203918457,58,Tugas Akhir Skripsi,0.7094244956970215,57,Nilai Sesi Sabar,0.6987782716751099
7567734018754904850,eskopikapalapiextragula,naksir almetnya. warna gw banget 😭,0,0,17,Cara Daftarnya Bagaimana,0.42835336923599243,38,Ih Maba Grupnya,0.6803532838821411,133,Spill Alisnya Spil,0.6514477729797363
7571740937971073812,.musthofaginiaja,"Min, untuk program pjj s1 ini pakai skripsi atau TA?",0,0,134,Pjj Akre Industri,0.7055908441543579,4,D3 S1 Lanjut,0.8493139743804932,50,S2 Pendidikan Hukum,0.8046127557754517
7550641695701369601,user2607_05,info wa yg bisa dichat mengenai kelas oinlinenya kk,0,2,116,Ig Akun Sering,0.761540412902832,41,Info Link Cara,0.7351013422012329,8,Tanya Bertanya Chat,0.700247049331665
7551274452341506834,univsiberasia,"Halo Kakak, bisa DM mimin ya🤗",0,0,36,Dm Admin Detailnya,0.9476367235183716,60,Admin Dm Boleh,0.9297646284103394,23,Dm Cek Izin,0.8711515665054321
7568359266840986375,univsiberasia,"Halo Kakak, bisa melalui DM ya😊",0,0,36,Dm Admin Detailnya,0.9235514402389526,60,Admin Dm Boleh,0.8644851446151733,23,Dm Cek Izin,0.8185282945632935
7554359843299492615,cukurukuk1_2,Hahah pak joko lucu bangett😂😍,0,1,48,Betul Banget Lucu,0.7815191745758057,38,Ih Maba Grupnya,0.6950719952583313,126,Keren Mukanya Asing,0.6909750699996948
7558010043909784328,univsiberasia,"Wah, ada mahasiswanya Pak Joko nih🤗",0,0,97,Salam Mantap Kenal,0.7257046699523926,94,Ditunggu Tunggu Wah,0.690711498260498,48,Betul Banget Lucu,0.6879605054855347
7549431662485586695,hisindya,kak kalau mau daftar pindahan kampus bisa hubungi kemana ya?,0,1,52,Web Lewat Kemana,0.871526837348938,120,Tanya Non S2Nya,0.8288414478302002,22,Pindahan Menerima Ut,0.8279730081558228
7568359153803936530,univsiberasia,"Halo Kaka, bisa menghubungi admin UNSIA dengan Rizka ya  (+62)812-9554-4717",0,0,36,Dm Admin Detailnya,0.7548050284385681,60,Admin Dm Boleh,0.6649184226989746,2,Website Id Ac,0.6637834310531616
7549765124417602324,riko.noviantoro,mantap panutan kita. pak Joko,1,0,97,Salam Mantap Kenal,0.7860557436943054,48,Betul Banget Lucu,0.6928479671478271,126,Keren Mukanya Asing,0.6626793146133423
7549049160444609298,sintaandkiki,Pak Joko wkwkwkwkw,3,0,19,Com Nice Https,0.7530869841575623,75,Iya Iyapp Introvert,0.7047170400619507,126,Keren Mukanya Asing,0.6854825019836426
7568933383683048212,akujinggaaaa48,🔥,0,0,40,One Yaallahh Day,0.9992661476135254,13,  ,1.0,61,  ,1.0
7546126798196196114,dianaelvaretta,🔥🔥🔥keren semoga lancar semuanya 🥺,1,1,25,Amin Selalu Semangat,0.7958552837371826,97,Salam Mantap Kenal,0.766304612159729,55,Sukses Selalu Sehat,0.7434179782867432
7547619290024870663,univsiberasia,"Aamiin, sukses selalu untuk Kakak ya😊",1,0,25,Amin Selalu Semangat,0.937225341796875,55,Sukses Selalu Sehat,0.8134539127349854,98,Terima Kasih Murid,0.7602589130401611
7554378524250374930,user331975854,semangat,1,0,113,Semangat Wah Berpikir,0.9007149338722229,131,Next Up Gass,0.7794851064682007,19,Com Nice Https,0.7653381824493408
7570691901253518087,rhelz_,kerenn banget kakak💖,0,0,48,Betul Banget Lucu,0.8877547383308411,126,Keren Mukanya Asing,0.8557434678077698,53,Dong Kayaknya Banget,0.8022940158843994
7569176966697157397,srhst__t,pmb s genap kpn buka..,0,1,3,Buka Pendaftaran Masih,0.7055806517601013,78,Kapan Min Gel,0.7488175630569458,89,Tanggal Gelombang Bulan,0.7193552255630493
7570039887626322696,ikutikutan,Halo kak boleh dm aku ya utk info lanjutan🥰,0,0,60,Admin Dm Boleh,0.9303913712501526,36,Dm Admin Detailnya,0.892612874507904,23,Dm Cek Izin,0.8571650385856628
7556863131974501137,greentea2345,kak ijazahnya ada tulisan pjj bisa daftar cpns ga yah? 🙏,1,4,76,Paket Ijazah Sih,0.8457602262496948,120,Tanya Non S2Nya,0.8520998954772949,49,Ijazahnya Lulus Kan,0.8455795049667358
7558027423490654984,einaafets,Seharusnya bisa ka,1,0,87,Hihi Jugakk Wakty,0.86495041847229,53,Dong Kayaknya Banget,0.8519327640533447,135,Infoin Mau Lantang,0.8234425187110901
7551496292766368533,sall.zyn,"izin bertanya kk klo orang di luar pulau Jawa bisa ikut kuliah online ga?, trs pas lulus apa harus wisuda ke sana🙏",2,1,5,Kerja Negeri Kuliah,0.8681014180183411,49,Ijazahnya Lulus Kan,0.8512149453163147,22,Pindahan Menerima Ut,0.8411049842834473
7551630493520167687,univsiberasia,"Halo Kakak, bisa banget dong. Karena UNSIA 100% full online. Maka Kakak bisa berkuliah dimana saja dan kapan saja😊",0,0,86,Darimana 100 Jadi,0.9137632846832275,72,Tujuan Berkuliah Dimanapun,0.8837277293205261,44,100 Learning Fully,0.8066862225532532
7552615597537215240,salsa.zaraa,"min, s2 nya bisa online kah?",2,4,50,S2 Pendidikan Hukum,0.8480682969093323,30,Korea Degree Min,0.8532077074050903,37,S2 Ada Doktoral,0.8447772860527039
7552770164840891143,einaafets,Di unsia Blm ada s2nya ka,0,0,30,Korea Degree Min,0.8848099112510681,67,Program Belum Dibuka,0.9063349366188049,95,S2 Belum Insyallah,0.8853366374969482
7552780137869247250,salsa.zaraa,thx info kaka,0,0,35,Infonya Terima Kasih,0.8711510896682739,98,Terima Kasih Murid,0.8448010683059692,97,Salam Mantap Kenal,0.8114904165267944
7552780053446607634,salsa.zaraa,yah kirain ada😭,0,0,-1,Mantab Uk Belakang,0.0,75,Iya Iyapp Introvert,0.8153043985366821,125,Gratis Tersedia Pesan,0.8053766489028931
7552153108437025554,hayatopro201,insyaallah bulan 1 baru daftar,1,3,34,Daftar Tinggal Baru,0.7168892621994019,118,Desember Baca Depan,0.7319269180297852,89,Tanggal Gelombang Bulan,0.7025050520896912
7552372903132955399,harqeel_222,"@Piece: Sini kak bisa dm ig aku , masuk dibantu aku dpt potongan ukt nanti + aku bimbing selama 1 semester 🥰",1,0,23,Dm Cek Izin,0.754514753818512,34,Daftar Tinggal Baru,0.7825037837028503,116,Ig Akun Sering,0.7738441824913025
7553257979941176072,rifuckdi,emang pendaftaran berapa?,0,0,99,Biayanya Biaya Berapa,0.7669190764427185,89,Tanggal Gelombang Bulan,0.7167030572891235,64,Full Online Serba,0.7001888751983643
7553273759387681544,harqeel_222,Daftar awal 100 kak ukt 3 jt,0,0,1,Dicicil 3Jt Hanya,0.7186592817306519,102,100 Fully Bk,0.6436362266540527,124,Juta Serius 3Jt,0.6274787187576294
7556494595384853255,38hisb98,"Hallooo kak, saya dari prodi akuntansi unsia 🥰",2,1,9,Kip Unsia Diterima,0.7781679630279541,136,Yaitu Akuntansi Terdapat,0.791698694229126,67,Program Belum Dibuka,0.754164457321167
7569977745620157205,wannabeyourbaeee_,Kak spill gimana perkuliahan nya Xixixii buat gambaran aku🙏,0,0,133,Spill Alisnya Spil,0.7967345714569092,57,Nilai Sesi Sabar,0.7448828220367432,33,Bagaimana Wisudanya Tes,0.7390915155410767
7556194205657301778,akutanpamu029,Kaa kalo kitanya di taiwan bisa ga skolah disini trus kita ada waktunya cuman malem doang kak kira” bisa ga ya,0,8,49,Ijazahnya Lulus Kan,0.8589190244674683,21,Malam Shift Begitu,0.8424702882766724,5,Kerja Negeri Kuliah,0.8154290914535522
7558009374636262151,univsiberasia,"Halo Kakak, bisa banget dong, karena di UNSIA 100% full online, jadi kuliahnya lebih fleksibel dan bisa dikerjakan dimana saja dan kapan saja😊",0,0,86,Darimana 100 Jadi,0.9254805445671082,72,Tujuan Berkuliah Dimanapun,0.8500028848648071,44,100 Learning Fully,0.7998596429824829
7558026573623952135,akutanpamu029,Ada magangnya ga ka?,0,0,39,Beasiswa Kkn Program,0.909430980682373,37,S2 Ada Doktoral,0.8623764514923096,11,Skripsi Sidang Tidak,0.8549946546554565
7558027512158094087,einaafets,Ada 3 prodi yg punya matkul kerja magang ka..,0,0,0,Jurusan Teknik Inggris,0.7705576419830322,30,Korea Degree Min,0.7563949823379517,132,Mending Ptnbh Alumni,0.7529221773147583
7558029264727442184,akutanpamu029,Apa aja ka,0,0,16,Apa Saja Jurusan,0.7617295384407043,135,Infoin Mau Lantang,0.7909613251686096,51,Open Otw Pkl,0.7736988663673401
7558031348775797511,einaafets,"Sistem informasi, komunikasi, informatika yg ada matkul tsb ka",0,0,63,Informasi Informatika Akuntansi,0.7413747310638428,136,Yaitu Akuntansi Terdapat,0.6553882360458374,42,Jurusan Ekonomi Hukum,0.5981935858726501
7561957234579751697,urfavouraite,"kalo ga milih matkul itu, bisa gak kak?",0,0,46,Ut Pengin Bidang,0.6812096834182739,76,Paket Ijazah Sih,0.7451407313346863,128,Main Kampusnya Kekampus,0.7337765097618103
7561988429560152850,einaafets,Gabisa ka,0,0,45,Enggak Ribet Fh,0.8729118704795837,53,Dong Kayaknya Banget,0.8426882028579712,135,Infoin Mau Lantang,0.7878634929656982
7558031359097897735,univsiberasia,"Halo Kakak, bisa banget ya, karena UNSIA 100% full online learning, jadi waktunya fleksibel dan bisa kuliah darimana saja dan kapan saja🤗",0,0,86,Darimana 100 Jadi,0.9321837425231934,72,Tujuan Berkuliah Dimanapun,0.855543851852417,44,100 Learning Fully,0.8100512027740479
7552009959237665554,hayabusaa76,halo min kalo mau tanya2 tentang pendaftaran bisa lewat mana ya min?🙏,1,1,8,Tanya Bertanya Chat,0.8227870464324951,120,Tanya Non S2Nya,0.8068429231643677,52,Web Lewat Kemana,0.7904598712921143
7552226272689783560,univsiberasia,"Halo Kakak, bisa melalui DM ya☺",0,0,36,Dm Admin Detailnya,0.9235514402389526,60,Admin Dm Boleh,0.8644851446151733,23,Dm Cek Izin,0.8185282945632935
7576880254619992852,konan.42,sastra korea ada gk ka?,0,2,30,Korea Degree Min,0.7859482765197754,0,Jurusan Teknik Inggris,0.8509519100189209,37,S2 Ada Doktoral,0.8167399764060974
7577230246220235540,konan.42,kapan nih ada😭😭😭,0,0,43,Belum Huhu Nih,0.7523854374885559,51,Open Otw Pkl,0.7527583837509155,6,Dimana Daerah Mana,0.7322263717651367
7577223876553655047,univsiberasia,"Hi Kak, belum ada nih☺️",0,0,15,Hi Halo Dong,0.8630757927894592,43,Belum Huhu Nih,0.7978670597076416,79,Daftar Sudah Kamu,0.7879553437232971
7554602153400435463,kuciyoshe11,"Kak mau tanya, kuliah di unsia bisa full online gak? soalnya saya kerja shift dan random banget liburnya, kadang gak libur gantiin teman kerja yg gak bisa masuk 🙏🏻",2,1,21,Malam Shift Begitu,0.8791933059692383,49,Ijazahnya Lulus Kan,0.8584864139556885,5,Kerja Negeri Kuliah,0.8339221477508545
7558009494077260551,univsiberasia,"Halo Kakak, bisa banget dong, karena di UNSIA 100% full online, jadi kuliahnya lebih fleksibel dan bisa dikerjakan dimana saja dan kapan saja😊",0,0,86,Darimana 100 Jadi,0.9254805445671082,72,Tujuan Berkuliah Dimanapun,0.8500028848648071,44,100 Learning Fully,0.7998596429824829
7575432129745502994,askaraamertaa_ffh,🥺,0,0,29,Menyimak Nyimakkk Ut,0.9959731698036194,13,  ,1.0,61,  ,1.0
7570756117938537237,aneliess96,🥰,0,0,32,Merdeka Di ,0.99981689453125,13,  ,1.0,61,  ,1.0
7551434955768038164,riko.noviantoro,ngeriiii,0,0,19,Com Nice Https,0.7578996419906616,126,Keren Mukanya Asing,0.7079950571060181,48,Betul Banget Lucu,0.656885027885437
7542861711529149192,managementmarketing8,🥰🥰🔥👏,1,0,29,Menyimak Nyimakkk Ut,0.9959731698036194,13,  ,1.0,61,  ,1.0
7576535555531244296,evi_susanah499,😂,0,0,40,One Yaallahh Day,0.9992661476135254,13,  ,1.0,61,  ,1.0
7575432534234972935,askaraamertaa_ffh,♥,0,0,40,One Yaallahh Day,0.9992661476135254,13,  ,1.0,61,  ,1.0
7548689011134677767,lightverain,aku mabaaa kak🕺,4,6,38,Ih Maba Grupnya,0.8977903723716736,92,Samaaa Sama Konveksi,0.8234531283378601,135,Infoin Mau Lantang,0.8059570789337158
7548744593258595080,univsiberasia,"Wahh, dikit lagi perkuliahan dimulai nih Kak🤩",0,0,34,Daftar Tinggal Baru,0.7422475814819336,57,Nilai Sesi Sabar,0.7401784658432007,10,Maret April Bulan,0.7303578853607178
7548691633308205832,nengnengsih9,Kita berang ka salam dari maba prodi ilmu komunikasi 🙏,2,0,97,Salam Mantap Kenal,0.6939857006072998,63,Informasi Informatika Akuntansi,0.6980355978012085,111,Alhamdulillah Keluarga Bagian,0.6966387033462524
7558052324350886673,greentea2345,"kak samaa, izin dm yaa",0,0,23,Dm Cek Izin,0.9149245023727417,60,Admin Dm Boleh,0.8856789469718933,36,Dm Admin Detailnya,0.8309449553489685
7558052930974417671,nengnengsih9,Boleh ka,0,0,135,Infoin Mau Lantang,0.8834652900695801,87,Hihi Jugakk Wakty,0.9336055517196655,117,Boleh Bolehhh Dong,0.9111732244491577
7548696138343154440,lightverain,salam kak dari accounting 🕺,0,0,97,Salam Mantap Kenal,0.8729145526885986,98,Terima Kasih Murid,0.7681649327278137,35,Infonya Terima Kasih,0.7648138999938965
7556496849039164167,38hisb98,kak aku akunting loohhhhh,0,0,38,Ih Maba Grupnya,0.8229242563247681,133,Spill Alisnya Spil,0.7250970602035522,81,Iya Oke Orang,0.718161940574646
7549671428758586119,papoimacarena,Kakk mo nnya klo mau daftar pke tes jug gk?,0,4,33,Bagaimana Wisudanya Tes,0.8171937465667725,120,Tanya Non S2Nya,0.8636420369148254,49,Ijazahnya Lulus Kan,0.8622341156005859
7551366492684845831,univsiberasia,"Halo Kakak, betul. Nanti ada ujian CBT (Computer Based Test)",0,0,44,100 Learning Fully,0.7415093779563904,112,Ujian Tes Online,0.7148346900939941,58,Tugas Akhir Skripsi,0.71343994140625
7561456280752571144,oma9aaaa,tes nya lewat online apa gmna ka,0,0,112,Ujian Tes Online,0.8365164995193481,33,Bagaimana Wisudanya Tes,0.881952166557312,7,Offline Ujiannya Online,0.8611270189285278
7549753158384026386,einaafets,Iya kl jalur reguler pake tes ujian gt kaa..,0,0,112,Ujian Tes Online,0.812408447265625,76,Paket Ijazah Sih,0.8079268932342529,7,Offline Ujiannya Online,0.8030047416687012
7549758479385969426,papoimacarena,Tes nya gimana kak?,0,0,33,Bagaimana Wisudanya Tes,0.9144379496574402,127,Caranya Kuliahnya Bagaimana,0.8709991574287415,17,Cara Daftarnya Bagaimana,0.8548310995101929
7548684764258272018,sc0rpio20,Saya min💃🏼,1,2,26,Adek Duluan Nurul,0.8128584623336792,122,Kalbar Ia Kebingungan,0.7762784957885742,90,Binus Adsfort Harga,0.7591513395309448
7548744775793738514,univsiberasia,Prodi apa nih Kakak?🤩,0,0,6,Dimana Daerah Mana,0.8381938338279724,51,Open Otw Pkl,0.8034163117408752,135,Infoin Mau Lantang,0.8026924133300781
7548753392539009800,sc0rpio20,Manajemen✌🏻,0,0,63,Informasi Informatika Akuntansi,0.533331036567688,105,Swasta Oktober Situ,0.8497194051742554,29,Menyimak Nyimakkk Ut,0.8371952772140503
7567418433450853140,napitupulu_l,Saya maba tahun depan mau daftar,2,2,47,Daftar Gelombang Januari,0.7433912754058838,100,Umur Usia Irt,0.7436549663543701,78,Kapan Min Gel,0.7388343811035156
7569294018295907090,ikutikutan,"Halo kak untuk dibimbing boleh dm aku yaa kak, dapetin potongan 500+cashback 150k hihi",1,0,60,Admin Dm Boleh,0.8132947683334351,36,Dm Admin Detailnya,0.7746865153312683,116,Ig Akun Sering,0.7297917008399963
7568530909772350226,seawugirl,samaaaa,0,0,-1,Mantab Uk Belakang,0.0,29,Menyimak Nyimakkk Ut,0.8363601565361023,40,One Yaallahh Day,0.831733226776123
7548686151600046856,cipiyippee,haiii aku mabaa🥰🥰,1,2,38,Ih Maba Grupnya,0.8204813599586487,92,Samaaa Sama Konveksi,0.7723115682601929,26,Adek Duluan Nurul,0.753182590007782
7548744638912807688,univsiberasia,Dari prodi apa nih Kakak?🤩,0,0,84,Ngambil Ambil Apa,0.8893094062805176,16,Apa Saja Jurusan,0.8520968556404114,74,Akreditasinya Asia Siber,0.8124725222587585
7548744875715183368,cipiyippee,akuntansiii kakk,0,0,26,Adek Duluan Nurul,0.8707458972930908,92,Samaaa Sama Konveksi,0.8406598567962646,135,Infoin Mau Lantang,0.8244143724441528
7554573836030296839,divavaf,kalo kerja di jepang bisa kuliah di sini ngga sih?,0,2,5,Kerja Negeri Kuliah,0.8821882009506226,30,Korea Degree Min,0.8000130653381348,22,Pindahan Menerima Ut,0.7942699193954468
7554677188546708231,einaafets,"Bisa bgt ka, banyak jg mhs unsia di LN kok",1,0,104,Aman Unas Ciber,0.7843076586723328,9,Kip Unsia Diterima,0.807060182094574,30,Korea Degree Min,0.7918338775634766
7556525762054144775,univsiberasia,"Halo Kakak, bisa banget dong karena UNSIA 100% full online learning",0,0,44,100 Learning Fully,0.9631910920143127,86,Darimana 100 Jadi,0.8407617807388306,58,Tugas Akhir Skripsi,0.7726330161094666
7549471588996399879,reyyynl,Min saya ekstensi dari D3 ke S1 tapi belum selesai juga untuk hasil seleksinya kak 😭,0,1,4,D3 S1 Lanjut,0.8827304840087891,49,Ijazahnya Lulus Kan,0.8292437195777893,119,Teman Syarat Magang,0.8024002313613892
7550173745438475016,univsiberasia,"Halo Kakak, izin Mimin DM ya",0,0,60,Admin Dm Boleh,0.887309193611145,23,Dm Cek Izin,0.8846889734268188,36,Dm Admin Detailnya,0.8771225810050964
7557288410144031506,msycinematic,Semester 3 berjalan 🙏,0,0,88,Pindah Semester Ngulang,0.5577711462974548,105,Swasta Oktober Situ,0.7270042300224304,90,Binus Adsfort Harga,0.675030529499054
7548685623479419669,riko.noviantoro,lucu...lucu...😂😂,1,0,48,Betul Banget Lucu,0.7321251630783081,126,Keren Mukanya Asing,0.7902092933654785,19,Com Nice Https,0.7723788619041443
7582495238514672402,alteriolinux,ada s2 nya gak?🙏,0,0,80,S2 S2Nya Nya,0.9332624077796936,114,S2 Lita Anis,0.9284356832504272,37,S2 Ada Doktoral,0.9076154232025146
7579132848771318536,ocanhyt,😭,0,0,61,  ,1.0,13,  ,1.0,20,Yes  ,0.999908447265625
7542681199413183250,baranghariankita,ada alumni UNAS yg saya kenal,0,1,132,Mending Ptnbh Alumni,0.6665036082267761,9,Kip Unsia Diterima,0.6580651998519897,42,Jurusan Ekonomi Hukum,0.6436502933502197
7547619464087634706,univsiberasia,"Wah, betul sekali nih Kak, coba tebak yang mana alumni UNAS?😊",0,0,132,Mending Ptnbh Alumni,0.6821297407150269,15,Hi Halo Dong,0.689022421836853,48,Betul Banget Lucu,0.6848865151405334
7550160268936921863,amranaldari0,😂,0,0,32,Merdeka Di ,0.99981689453125,13,  ,1.0,61,  ,1.0
7546828612269785874,hayatopro201,HBD prof,2,0,82,Nrrjml Hbd Nz,0.7465015649795532,131,Next Up Gass,0.6725464463233948,19,Com Nice Https,0.6330161094665527
7546467658695951122,apolinaris_25,Hbd Prof Cho,1,0,82,Nrrjml Hbd Nz,0.6851867437362671,131,Next Up Gass,0.6173484921455383,97,Salam Mantap Kenal,0.601080060005188
7546828700281488146,hayatopro201,calon mahasiswa unsia,2,0,56,Universitas Siber Asia,0.7928121089935303,105,Swasta Oktober Situ,0.685346245765686,111,Alhamdulillah Keluarga Bagian,0.6574059724807739
7547212805830722312,bilqiskiraniaputri,😭,1,0,13,  ,1.0,61,  ,1.0,20,Yes  ,0.999908447265625
7540294239281136401,5itoru5dolokhundulan,👍👍👍,0,0,32,Merdeka Di ,0.99981689453125,13,  ,1.0,61,  ,1.0
7552149811845382919,.dimasade,pendaftaran jalur rpl apakah masih dibuka tahun ini minn? 🙏🙏🙏,0,1,3,Buka Pendaftaran Masih,0.8208209276199341,78,Kapan Min Gel,0.7860180735588074,31,Kapan Pendaftarannya Gelombang,0.7800111770629883
7558010324827783944,univsiberasia,"Halo Kakak, UNSIA masih membuka pendaftaran mahasiwa baru lho",0,0,54,Membuka Lho Mahasiswa,0.9137470126152039,66,Dibuka Mahasiswa Baru,0.8632297515869141,2,Website Id Ac,0.8008651733398438
7539515852262327060,vinasalaswati,@ngdn,0,0,82,Nrrjml Hbd Nz,0.8968243598937988,131,Next Up Gass,0.8190352320671082,14,Fitriyani Andriani Udin69Can,0.7695201635360718
7539098076193047312,anakbontot271,2 degree bisa nggak kak?,0,1,67,Program Belum Dibuka,0.6959530711174011,68,Rpl Pengalaman Jalur,0.7975940704345703,30,Korea Degree Min,0.7928500175476074
7539403226687374088,univsiberasia,"Halo Kakak, bisa yaa🤗",0,0,15,Hi Halo Dong,0.9154524803161621,53,Dong Kayaknya Banget,0.836309552192688,87,Hihi Jugakk Wakty,0.8229369521141052
7569532765206299412,srhst__t,pmb s genap kpn dbuka?,0,0,2,Website Id Ac,0.5247782468795776,78,Kapan Min Gel,0.7581506371498108,89,Tanggal Gelombang Bulan,0.7299836277961731
7536745544301249298,rustorusto277,Tetap semangat dan selalu berfikir positif.❤️❤️❤️,1,0,113,Semangat Wah Berpikir,0.7164958715438843,55,Sukses Selalu Sehat,0.6500107645988464,25,Amin Selalu Semangat,0.6421624422073364
7563292437407548177,dwii.jyntii,"masuk nya tes kak?
susah gak ya",7,10,33,Bagaimana Wisudanya Tes,0.8305759429931641,76,Paket Ijazah Sih,0.8179428577423096,112,Ujian Tes Online,0.8174165487289429
7566959554241921813,user200319930,"ini kakk, kalo mau tanya info lebih lanjut bisa dm aku aja ☺",0,0,60,Admin Dm Boleh,0.8796782493591309,36,Dm Admin Detailnya,0.8484393954277039,23,Dm Cek Izin,0.8148300647735596
7588389758418699026,chihuahua44444,Kak komunikasi Unsia kebnyakan tugas apa ya? soalnya ak jg baru daftar ini,0,0,46,Ut Pengin Bidang,0.8414354920387268,49,Ijazahnya Lulus Kan,0.8352524638175964,58,Tugas Akhir Skripsi,0.8187074661254883
7589747777644495637,user200319930,sekitar semester 4+ bakal banyak tugas kalompok sih kak (paper/based job) selebihnya aman aja,0,0,59,Tugas Numpuk Tugasnya,0.8299493193626404,57,Nilai Sesi Sabar,0.77431720495224,46,Ut Pengin Bidang,0.7396090626716614
7576632329172140818,originalleee,ijazahnya bagian depan aja ya ka?,0,0,95,S2 Belum Insyallah,0.7699599862098694,33,Bagaimana Wisudanya Tes,0.7683794498443604,76,Paket Ijazah Sih,0.7649164199829102
7568546069072823061,user200319930,"full online sampe lulus kak, kita juga ada mahasiswa dari LN Vietnam, Bangkok, Thailand jadi aman banget",0,0,64,Full Online Serba,0.7435557842254639,86,Darimana 100 Jadi,0.794693112373352,71,Wisuda Uts Uas,0.7846962809562683
7568559909064393479,moodyann_0,terima kasih infonya kakk🤍,0,0,35,Infonya Terima Kasih,0.9242584705352783,98,Terima Kasih Murid,0.9113411903381348,97,Salam Mantap Kenal,0.7871353030204773
7566964296966963975,dewip232,"Makasi infonya kk, soalnya posisi sedang merantau jauh dari tempat kelulusan😅",0,0,5,Kerja Negeri Kuliah,0.7194925546646118,35,Infonya Terima Kasih,0.7263919115066528,46,Ut Pengin Bidang,0.7091477513313293
7565511715606283015,www.236.com,kalo boleh tau kakanya dari jurusan apa ya??,0,0,84,Ngambil Ambil Apa,0.8286584615707397,16,Apa Saja Jurusan,0.8097480535507202,119,Teman Syarat Magang,0.8072831630706787
7566643085469057813,user200319930,komunikasi kak,0,0,26,Adek Duluan Nurul,0.9139993190765381,92,Samaaa Sama Konveksi,0.8169612884521484,75,Iya Iyapp Introvert,0.8114423155784607
7564674128121447175,einaafets,"Gk susah ka, kl gagal nanti ada kesempatan 1x lg setauku buat ulang",0,0,91,Ulang Bayar Isi,0.6908745765686035,93,Jujur Review Kata,0.7226911783218384,34,Daftar Tinggal Baru,0.7149567604064941
7594331140225647368,axioxioiii,resmi ga sii ijazahnya?,0,3,39,Beasiswa Kkn Program,0.747086226940155,76,Paket Ijazah Sih,0.7734385132789612,11,Skripsi Sidang Tidak,0.7713940143585205
7594380020358169351,univsiberasia,Wah resmi dong 🤩🤩,0,0,2,Website Id Ac,0.48352137207984924,53,Dong Kayaknya Banget,0.7667340040206909,126,Keren Mukanya Asing,0.7646971940994263
7594392162247738130,axioxioiii,kan online ngambil ijazahnya gimnaa minn,0,0,7,Offline Ujiannya Online,0.7573721408843994,76,Paket Ijazah Sih,0.7619578838348389,33,Bagaimana Wisudanya Tes,0.7542237043380737
7599197200845259538,univsiberasia,Pada saat wisuda ya Kak,0,0,96,Secara Dilaksanakan Hybrid,0.8135809898376465,112,Ujian Tes Online,0.7204868793487549,104,Aman Unas Ciber,0.7199655771255493
7599484376741610257,rb.gunawan85,"Untuk jurusan manajemen, konsentrasi nya Manajemen apa ya kak",0,11,16,Apa Saja Jurusan,0.8606577515602112,0,Jurusan Teknik Inggris,0.8253452777862549,84,Ngambil Ambil Apa,0.8162964582443237
7599567445539963656,univsiberasia,"Hi Kak, untuk Manajemen, Konsentrasi: Pemasaran, Keuangan, Operasional, Sumber daya manusia ya😊",0,0,63,Informasi Informatika Akuntansi,0.7527388334274292,136,Yaitu Akuntansi Terdapat,0.7091242074966431,58,Tugas Akhir Skripsi,0.6749219298362732
7599571588338189057,rb.gunawan85,ada pilihannya lagi gitu kak? atau semuanya di pelajarin,0,0,7,Offline Ujiannya Online,0.7539176344871521,108,Offline Onsite Onnline,0.7458943128585815,33,Bagaimana Wisudanya Tes,0.733930230140686
7599572022104965895,univsiberasia,"Untuk diawal itu dipelajari semua, nanti di semester 5 itu Kakak memilih untuk penjurusan pengambilan skripsi",1,0,58,Tugas Akhir Skripsi,0.7516189217567444,59,Tugas Numpuk Tugasnya,0.7321796417236328,71,Wisuda Uts Uas,0.7240716814994812
7599572669516727041,rb.gunawan85,"baik kak,",0,0,81,Iya Oke Orang,0.8104434013366699,26,Adek Duluan Nurul,0.8358625173568726,92,Samaaa Sama Konveksi,0.7968136072158813
7599585526514107152,rb.gunawan85,Mulai perkuliahannya kapan ya kak,0,0,89,Tanggal Gelombang Bulan,0.852641224861145,31,Kapan Pendaftarannya Gelombang,0.8977164030075073,65,Angkatan Berapa Kira,0.8316153883934021
7599587179598299911,univsiberasia,Perkuliahan dimulai di bulan April ya Kak🤗,0,0,10,Maret April Bulan,0.9202762246131897,89,Tanggal Gelombang Bulan,0.7870525121688843,96,Secara Dilaksanakan Hybrid,0.7847703099250793
7600015485334225685,igseptianaraja,akutansi gni jg gk?,0,0,42,Jurusan Ekonomi Hukum,0.6805510520935059,45,Enggak Ribet Fh,0.6634267568588257,104,Aman Unas Ciber,0.6476898789405823
7600015365246403349,igseptianaraja,kak klau untuk akuntansi apa aj?,0,0,16,Apa Saja Jurusan,0.8517735600471497,120,Tanya Non S2Nya,0.8024380207061768,77,Per Berapa Semester,0.7935274839401245
7600017300394951442,univsiberasia,"Untuk prodi Akuntansi, Konsentrasi: auditing, perpajakan, akuntansi sektor publik, sistem informasi akuntansi😊",0,0,63,Informasi Informatika Akuntansi,0.7868465781211853,136,Yaitu Akuntansi Terdapat,0.7287662029266357,42,Jurusan Ekonomi Hukum,0.594451904296875
7600017665524204308,igseptianaraja,klau yg lbh spesifik d smstr brpa?,0,0,52,Web Lewat Kemana,0.7600892782211304,123,Jam Kelas Karyawan,0.7230181694030762,89,Tanggal Gelombang Bulan,0.7125588059425354
7600017868189369095,univsiberasia,"Sama ya Kak, di semester 5",0,0,58,Tugas Akhir Skripsi,0.7841899394989014,88,Pindah Semester Ngulang,0.7527746558189392,57,Nilai Sesi Sabar,0.751573920249939
7561034110543430401,urfavouraite,mulai semesternya bisa di semester genap ga min?,4,9,77,Per Berapa Semester,0.8087034225463867,30,Korea Degree Min,0.7914823293685913,88,Pindah Semester Ngulang,0.7810170650482178
7569978957501334279,radiella_,"wahh jadi pengen daftar nih, makasii ka infonyaa",0,0,35,Infonya Terima Kasih,0.8542883396148682,15,Hi Halo Dong,0.7704440355300903,34,Daftar Tinggal Baru,0.7695761919021606
7569761760581010192,urfavouraite,"kak, ini kan udah dibuka pendaftarannya, kira2 bisa ga kalo misalnya daftar skrg tp milih waktu ujian? atau daftar skrg, ujiannya lgsg saat itu jg?",0,0,66,Dibuka Mahasiswa Baru,0.651450514793396,21,Malam Shift Begitu,0.8375324010848999,49,Ijazahnya Lulus Kan,0.8283819556236267
7569143317957706504,radiella_,"kak itu full online sampai wisuda ya jadinya? apa ada zoom? soalnya sambil kerja juga kak dari jam 12-8 malem, takut kalo mepet gitu",0,0,21,Malam Shift Begitu,0.8744291067123413,71,Wisuda Uts Uas,0.8289386034011841,123,Jam Kelas Karyawan,0.8223704099655151
7562020559359591185,urfavouraite,thank u infonya kak!,1,0,35,Infonya Terima Kasih,0.8941439390182495,98,Terima Kasih Murid,0.8169498443603516,97,Salam Mantap Kenal,0.784233808517456
7562016929935737601,urfavouraite,matkulnya paket gasih kak? bisa lulus lebih cepet dr 4 tahun ga (kl akademik oke)?,0,0,76,Paket Ijazah Sih,0.8005568981170654,49,Ijazahnya Lulus Kan,0.8085871934890747,46,Ut Pengin Bidang,0.7992130517959595
7562016740520248081,urfavouraite,aman berarti ya kl aku mau ambil komunikasi dan ttp kerja?,0,0,5,Kerja Negeri Kuliah,0.676293134689331,59,Tugas Numpuk Tugasnya,0.7127606272697449,93,Jujur Review Kata,0.7015490531921387
7561957734981354257,urfavouraite,"kak, apa semua jurusan ada magang? ada jurusan yg gak magang ga? kalau gak ambil magang, boleh kah?",0,0,119,Teman Syarat Magang,0.8537723422050476,49,Ijazahnya Lulus Kan,0.84745192527771,5,Kerja Negeri Kuliah,0.8195358514785767
7586668272793289480,jeun.victiory,Untuk dapat nilai susah gak nih kaya di UT?,1,1,57,Nilai Sesi Sabar,0.6824307441711426,22,Pindahan Menerima Ut,0.7345080375671387,76,Paket Ijazah Sih,0.7203439474105835
7588850656371557140,einaafets,"Engga kak, aman bgt. Banyak kok yg dpt ipk 4😁",0,0,104,Aman Unas Ciber,0.766516387462616,57,Nilai Sesi Sabar,0.736651599407196,34,Daftar Tinggal Baru,0.7312394380569458
7599930916295901969,firaaaa.22,please jawabbb ada bocor an soalnya kahh🥺,0,3,8,Tanya Bertanya Chat,0.7852011322975159,93,Jujur Review Kata,0.764133095741272,133,Spill Alisnya Spil,0.7418149709701538
7599943402923213576,univsiberasia,Hi Kak? Untuk test itu hanya test buta warna dan test akademik yah🤗,0,0,15,Hi Halo Dong,0.6481450796127319,106,Hasil Seleksi Pengumuman,0.7563270330429077,58,Tugas Akhir Skripsi,0.7209781408309937
7600027634626315026,jee.jessyca,"Tesnya gak sesusah itu kok kak, aku sempet daftar sini dan udah ketrima tinggal payment . Tapi aku mundur , milih yg Deket domisili .",0,0,79,Daftar Sudah Kamu,0.7281009554862976,46,Ut Pengin Bidang,0.8370152711868286,49,Ijazahnya Lulus Kan,0.8004912734031677
7600029110387639041,firaaaa.22,"EMG KK dari mna Tah,Deket domisili Gimn maksudnya ka",0,0,6,Dimana Daerah Mana,0.8000723719596863,84,Ngambil Ambil Apa,0.7506047487258911,33,Bagaimana Wisudanya Tes,0.7497113347053528
7567261418849108754,fiaagstin_,unsia buka lagi bulan apa ya????mau daftar tapi masih bingung,6,2,3,Buka Pendaftaran Masih,0.8259663581848145,47,Daftar Gelombang Januari,0.8234424591064453,89,Tanggal Gelombang Bulan,0.8077722787857056
7576632472915149576,originalleee,sampai kapan buka pendaftarannya kak,0,0,31,Kapan Pendaftarannya Gelombang,0.9378135204315186,3,Buka Pendaftaran Masih,0.8866857290267944,78,Kapan Min Gel,0.8714622855186462
7562457359437628167,089619xxxxxx,kak ada jalur beasiswa untuk lulusan 2017 gak? 🥺,2,1,12,Konversi Jalur Melalui,0.7851274013519287,39,Beasiswa Kkn Program,0.8432802557945251,30,Korea Degree Min,0.8319579362869263
7563616740338238215,einaafets,"Gada kak kl utk di pendaftaran, tp nnti perkuliahan mulai bsa daftar beasiswa kok",0,0,10,Maret April Bulan,0.7725919485092163,71,Wisuda Uts Uas,0.8272577524185181,21,Malam Shift Begitu,0.8154065608978271
7560964889515885313,abimamagaza,Masih buka ka pendaftarannya?,3,8,3,Buka Pendaftaran Masih,0.9183893203735352,31,Kapan Pendaftarannya Gelombang,0.8423334956169128,78,Kapan Min Gel,0.8092567920684814
7560996944551822098,univsiberasia,"Hi Kak, saat ini pendaftaran mahasiswa baru sudah ditutup, namun jangan khawatir akan dibuka kembali di bulan November ya😊",0,0,109,Ditutup Khawatir Kembali,0.9316568374633789,66,Dibuka Mahasiswa Baru,0.8487670421600342,54,Membuka Lho Mahasiswa,0.8207509517669678
7561126120755020552,oneofninaa,kak tgl brp novembernya?,1,0,89,Tanggal Gelombang Bulan,0.868653416633606,31,Kapan Pendaftarannya Gelombang,0.8363586068153381,65,Angkatan Berapa Kira,0.8176959753036499
7561078402531492624,abimamagaza,Gelombang berapa kaka November?,1,0,65,Angkatan Berapa Kira,0.7953875064849854,6,Dimana Daerah Mana,0.7572325468063354,89,Tanggal Gelombang Bulan,0.7477638721466064
7561673995868832530,ramsp.home,Kak pliss jawab yaaaa lg butuh info bgt. Bisa kuliah S2 hukum full online gak kak? Ujiannya jga online. Krn saya domisili kaltim,0,0,7,Offline Ujiannya Online,0.7835807204246521,49,Ijazahnya Lulus Kan,0.8729995489120483,119,Teman Syarat Magang,0.8236108422279358
7561435606057648904,_biiiay,@tralala trilili19,0,0,103,Ilkom Ieu Balang,0.6916046738624573,90,Binus Adsfort Harga,0.6428384184837341,105,Swasta Oktober Situ,0.6190485954284668
7587339544463754004,justvun,Info buka pendaftaran di taun depan ada d bulan apa aja huhu,0,1,3,Buka Pendaftaran Masih,0.7810967564582825,89,Tanggal Gelombang Bulan,0.8084010481834412,10,Maret April Bulan,0.7638624310493469
7587349947616887560,univsiberasia,"Hi Kak, pendaftaran sudah dibuka di bulan Januari ya🤩",0,0,10,Maret April Bulan,0.9210163354873657,66,Dibuka Mahasiswa Baru,0.8062875270843506,3,Buka Pendaftaran Masih,0.8049855828285217
7577770612401554194,dwwwwwy5,kak kalo kuliah di unsia full online sampai lulus atau harus ada masuk ke kampus nya langsung yaa? soalnya jaraknya lumayan jauh banget huhuu🥺,0,1,115,Full Fisik Diunsia,0.747126579284668,49,Ijazahnya Lulus Kan,0.8753417730331421,46,Ut Pengin Bidang,0.8550209999084473
7577991152394437383,quceeng,"halo kak, perkuliahannya full online sampai lulus ya, untuk wisuda bisa pilih offline atau online",1,0,7,Offline Ujiannya Online,0.8623359799385071,71,Wisuda Uts Uas,0.8693671226501465,96,Secara Dilaksanakan Hybrid,0.8309458494186401
7591353316710286087,nvlt_2,kak pendaftaran calon mahasiswa 2026 kapan dibuka bulan apa ya kak??,0,4,73,Program Dibuka Saat,0.8078185319900513,31,Kapan Pendaftarannya Gelombang,0.8715448975563049,10,Maret April Bulan,0.8545908331871033
7591485122416034568,univsiberasia,Saat ini UNSIA sedang membuka pendaftaran mahasiswa baru lho Kak🤩,0,0,54,Membuka Lho Mahasiswa,0.956863522529602,66,Dibuka Mahasiswa Baru,0.8678719401359558,67,Program Belum Dibuka,0.7968447208404541
7593285348848681748,orangaasingya,Bulan maret/april masi buka ga ya ka,0,0,3,Buka Pendaftaran Masih,0.8560037612915039,10,Maret April Bulan,0.8084478378295898,47,Daftar Gelombang Januari,0.801203727722168
7593288859325530888,univsiberasia,"April sudah mulai perkuliahan Kakak, Jadi Kakak bisa langsung daftar sekarang di pmb.unsia.ac.id, pilih jurusan favorit, dan mulai kuliah online fleksibel dari mana aja🤗",0,0,83,Pilih Favorit Mulai,0.9669750928878784,101,Favorit Pilih Fleksibel,0.9671863913536072,2,Website Id Ac,0.8405263423919678
7593671597215875860,orangaasingya,"Kaa aku udh daftar udah ngikutin ujian,info selanjutnya gimana?",0,0,79,Daftar Sudah Kamu,0.8508037328720093,91,Ulang Bayar Isi,0.8395963907241821,106,Hasil Seleksi Pengumuman,0.7935566902160645
7565464550997803793,diaan0009,biayanya berapa ya kk,0,1,18,Berapa Biaya Bayar,0.9117830991744995,99,Biayanya Biaya Berapa,0.8576232194900513,77,Per Berapa Semester,0.8402793407440186
7566643211776099092,user200319930,"flat, 3jt/semester kak",1,0,1,Dicicil 3Jt Hanya,0.8068774342536926,124,Juta Serius 3Jt,0.7550144195556641,77,Per Berapa Semester,0.6865870356559753
7599950317439222544,satutitikd3,mauuuu,0,2,24,Ayo Ikutt Ikut,0.8183680176734924,125,Gratis Tersedia Pesan,0.8574346303939819,90,Binus Adsfort Harga,0.8245688676834106
7600252673707901713,satutitikd3,ada pembayaran di awal kan?,0,0,64,Full Online Serba,0.7469016313552856,93,Jujur Review Kata,0.7351779937744141,108,Offline Onsite Onnline,0.699072003364563
7600031770935837448,univsiberasia,"Yuk Kak daftar sekarang. Kakak bisa langsung daftar sekarang di pmb.unsia.ac.id, pilih jurusan favorit, dan mulai kuliah online fleksibel dari mana aja🤩",0,0,101,Favorit Pilih Fleksibel,0.9775369167327881,83,Pilih Favorit Mulai,0.9550254344940186,2,Website Id Ac,0.8489232063293457
7564229927567491848,sndy.ik,Jalur RPL kapan buka pendaftaran lagi kak,0,1,68,Rpl Pengalaman Jalur,0.7729599475860596,3,Buka Pendaftaran Masih,0.8548685312271118,31,Kapan Pendaftarannya Gelombang,0.8486028909683228
7564674051328738066,einaafets,Mungkin desember ini ka,0,0,118,Desember Baca Depan,0.8161035776138306,81,Iya Oke Orang,0.7376968860626221,43,Belum Huhu Nih,0.7369688749313354
7582848635734524673,ailyyy.s,hubungi kmana?,0,2,52,Web Lewat Kemana,0.51873779296875,90,Binus Adsfort Harga,0.7265286445617676,105,Swasta Oktober Situ,0.6999276280403137
7582857771248059144,univsiberasia,"Hi Kak, bisa DM mimin ya🤗",0,0,60,Admin Dm Boleh,0.9517747163772583,36,Dm Admin Detailnya,0.9286003708839417,23,Dm Cek Izin,0.8636887073516846
7582858077155476241,ailyyy.s,ga dibales,0,0,45,Enggak Ribet Fh,0.7746579051017761,125,Gratis Tersedia Pesan,0.7442629933357239,26,Adek Duluan Nurul,0.743016242980957
7582858613200225032,univsiberasia,"Halo Kakak, saat ini Mimin gabisa bales DM dikarenakan akunnya dibatasi sementara ni;( Kakak bisa chat melalui WA ya Kak +62 881-5608-001 🤗",0,0,36,Dm Admin Detailnya,0.8157542943954468,60,Admin Dm Boleh,0.7476085424423218,2,Website Id Ac,0.6698322296142578
7562827374448231184,abiraiaquaculture,Min jalur RPL kapan buka lagi?,1,2,68,Rpl Pengalaman Jalur,0.798244833946228,78,Kapan Min Gel,0.8358777761459351,3,Buka Pendaftaran Masih,0.8112304210662842
7564674164024689416,einaafets,Desmber mungkin ka,0,0,43,Belum Huhu Nih,0.7612928748130798,51,Open Otw Pkl,0.7809395790100098,26,Adek Duluan Nurul,0.7792303562164307
7564699542193472257,abiraiaquaculture,Makasih kak,0,0,98,Terima Kasih Murid,0.9618239402770996,35,Infonya Terima Kasih,0.8470162153244019,94,Ditunggu Tunggu Wah,0.7785623073577881
7599825412601152264,officially_miss.a,ada pasca sarjana ga kak?,0,1,37,S2 Ada Doktoral,0.8991460800170898,0,Jurusan Teknik Inggris,0.8891763687133789,39,Beasiswa Kkn Program,0.8787428140640259
7599883535160312594,univsiberasia,"Hi Kak, saat ini untuk program S2 belum dibuka nih;(",0,0,73,Program Dibuka Saat,0.9738254547119141,67,Program Belum Dibuka,0.9332814812660217,66,Dibuka Mahasiswa Baru,0.8464428186416626
7599840452435919637,tifa_ly,"aku masih bisa lanjut ga sih, aku lg off 🥺",0,1,7,Offline Ujiannya Online,0.6338047385215759,34,Daftar Tinggal Baru,0.711635947227478,57,Nilai Sesi Sabar,0.6962964534759521
7599882661419139858,univsiberasia,Bisa dong Kakak🤗,0,0,53,Dong Kayaknya Banget,0.9442366361618042,87,Hihi Jugakk Wakty,0.89825040102005,117,Boleh Bolehhh Dong,0.8909499645233154
7595495875398697745,jfsfhkjfsd,apa ada yg Uda PNS lulusan UNsia kak,0,1,30,Korea Degree Min,0.8569533824920654,39,Beasiswa Kkn Program,0.8318779468536377,22,Pindahan Menerima Ut,0.8309319019317627
7595804360702821138,univsiberasia,Bahkan yang sudah jadi PNS ada Kak yang berkuliah di UNSIA☺️,0,0,72,Tujuan Berkuliah Dimanapun,0.6618093848228455,132,Mending Ptnbh Alumni,0.7384520769119263,9,Kip Unsia Diterima,0.7309592962265015
7561017094759367432,byyna02,Gimana daftarnya ?,2,1,107,Daftarnya Cara Bagaimana,0.861528754234314,17,Cara Daftarnya Bagaimana,0.7405786514282227,127,Caranya Kuliahnya Bagaimana,0.7383732795715332
7561279827631194898,univsiberasia,"Hi Kak, daftarnya sangat mudah lho, cukup melalui website di pmb.unsia.ac.id 🤗",1,0,2,Website Id Ac,0.9196224212646484,101,Favorit Pilih Fleksibel,0.8435408473014832,83,Pilih Favorit Mulai,0.7900164127349854
7564809101932135175,cherno.alpha.punc,"Untuk RPL apakah perlu bayar biaya RPL dulu baru dicek SKS-nya, atau biaya pendaftaran dulu, cek SKS, baru setelah itu bayar biaya RPL?",0,0,1,Dicicil 3Jt Hanya,0.7155706882476807,77,Per Berapa Semester,0.7170710563659668,91,Ulang Bayar Isi,0.6947555541992188
7599916296402125589,sunymaheswari,"ka bntr alisnya rapet bgt 😭😭 , maap salpok ya",0,0,133,Spill Alisnya Spil,0.7394220232963562,81,Iya Oke Orang,0.6940107345581055,57,Nilai Sesi Sabar,0.6780829429626465
7599930718009950992,xixii_yz,jurusan psikologi ada kak?,0,0,0,Jurusan Teknik Inggris,0.8940180540084839,42,Jurusan Ekonomi Hukum,0.8502499461174011,37,S2 Ada Doktoral,0.8323887586593628
7599923582802019079,silafatulmslmh,"ada bisnis digital ga kak?, dan apakah di ijazah ada tulisan pjj?",0,0,76,Paket Ijazah Sih,0.783016562461853,39,Beasiswa Kkn Program,0.809206485748291,120,Tanya Non S2Nya,0.7934499382972717
7599648412338160404,unsltdbttr,salfok sama alisnya ka,0,0,133,Spill Alisnya Spil,0.7312361001968384,57,Nilai Sesi Sabar,0.6921719312667847,38,Ih Maba Grupnya,0.6882710456848145
7578473685717254930,amsorrrrriiii,kuliah di unsia nantinya bisa buat whv gak?,0,0,128,Main Kampusnya Kekampus,0.7363613247871399,30,Korea Degree Min,0.8360450267791748,132,Mending Ptnbh Alumni,0.7981864213943481
7589971337407595265,retniiii,Permisi kak ada pendaftaran s2 ga ya di awal tahun 2026 ?,0,0,31,Kapan Pendaftarannya Gelombang,0.7621554136276245,67,Program Belum Dibuka,0.8352282047271729,73,Program Dibuka Saat,0.826156735420227
7599300350207017749,harvest.moon31,alisnya kaya ga center gtu ya,0,0,133,Spill Alisnya Spil,0.6347100734710693,45,Enggak Ribet Fh,0.6275699138641357,38,Ih Maba Grupnya,0.5949139595031738
7591208080664412948,kaluna5869,"klo rektornya orang Korea ada gk kak bentuk kerjasama dengan universitas di Korea ,misal beasiswa ke Korea atau yg lain ??",1,0,5,Kerja Negeri Kuliah,0.7729366421699524,119,Teman Syarat Magang,0.752921462059021,22,Pindahan Menerima Ut,0.7414885759353638
7594331776043352850,axioxioiii,kalo daftar pasti diterima atau ngga ka?,0,3,9,Kip Unsia Diterima,0.7211447358131409,47,Daftar Gelombang Januari,0.8168933391571045,76,Paket Ijazah Sih,0.8052754402160645
7594393116422652680,axioxioiii,"Halo ka mau tanya ini kan unsia kuliah online ijazahnya gimnaa ngambilnya??
Ijazahnya cuman kertas doang atau ada map nya kaya pada umumnya",0,0,49,Ijazahnya Lulus Kan,0.8646045923233032,21,Malam Shift Begitu,0.8302792906761169,120,Tanya Non S2Nya,0.7969273328781128
7594391921163010824,axioxioiii,minta nomer admin unsia ka mau daftar,0,0,8,Tanya Bertanya Chat,0.8155717253684998,52,Web Lewat Kemana,0.8188568353652954,9,Kip Unsia Diterima,0.8183531761169434
7594379888913515272,univsiberasia,"Wahh Kak, dicoba dulu yuk biar ga penasaran 🤩",0,0,35,Infonya Terima Kasih,0.7300229668617249,27,Join Grup Yuk,0.7265918254852295,135,Infoin Mau Lantang,0.7208895087242126
7562523785904407312,kacangpanjang_163,😭,0,0,20,Yes  ,0.999908447265625,13,  ,1.0,61,  ,1.0
7571094650744963848,everyone_els,😭,0,0,20,Yes  ,0.999908447265625,13,  ,1.0,61,  ,1.0
7561673832169079560,ramsp.home,Kak mau tanya plis jawab ya. unsia ada S2 hukum kuliah full online tidak? Dan ujiannya online juga. Krn saya domisili kaltim. Tolong yg tau jawab ya,0,2,49,Ijazahnya Lulus Kan,0.8928499817848206,120,Tanya Non S2Nya,0.8566573858261108,21,Malam Shift Begitu,0.8382354974746704
7562948040648000263,vikentaken,"izin jawab ya kak, biaya pendaftaran 100rb, per semester 3jt tapi bisa dicicil 3 kali",0,0,1,Dicicil 3Jt Hanya,0.8700773119926453,77,Per Berapa Semester,0.7524217963218689,91,Ulang Bayar Isi,0.748961329460144
7562402423815176968,amrlhfrds,tolong adain S2 Manajemen dong kak,0,2,50,S2 Pendidikan Hukum,0.8613043427467346,37,S2 Ada Doktoral,0.8077860474586487,0,Jurusan Teknik Inggris,0.8060368299484253
7563618147115844359,amrlhfrds,online ya kak,0,0,112,Ujian Tes Online,0.7942519783973694,51,Open Otw Pkl,0.8318389654159546,43,Belum Huhu Nih,0.8201991319656372
7563616529415062279,einaafets,Soon adaa kak infonya,0,0,35,Infonya Terima Kasih,0.8785634636878967,15,Hi Halo Dong,0.8190554976463318,41,Info Link Cara,0.795509397983551
7560998717685646101,m5120456,kapan ke Curug nya kak?,0,1,135,Infoin Mau Lantang,0.7428458333015442,6,Dimana Daerah Mana,0.7982723712921143,31,Kapan Pendaftarannya Gelombang,0.7861655950546265
7563541054055383826,kaajhshh,tes masuknya susah GK kak,0,0,16,Apa Saja Jurusan,0.7441906929016113,112,Ujian Tes Online,0.8363125324249268,33,Bagaimana Wisudanya Tes,0.835526168346405
7599265129976791815,riatun082,𝚙𝚎𝚓𝚞𝚊𝚗𝚐 600😂,0,0,90,Binus Adsfort Harga,0.86091548204422,105,Swasta Oktober Situ,0.8038585186004639,29,Menyimak Nyimakkk Ut,0.789406955242157
7543287931999060754,sagigenks,Kak ini ada program pscasarjana kah?,0,0,39,Beasiswa Kkn Program,0.8324896693229675,30,Korea Degree Min,0.7906870245933533,120,Tanya Non S2Nya,0.7788131237030029
7546146894923350791,apolinaris_25,"keren bngt UNSIA....puji Tuhan 2 semester Uda kulewati bersama UNSIA, skrng menanti semester ketigaku...semoga lancar jaya",2,1,48,Betul Banget Lucu,0.521207332611084,62,Semoga Allah Doain,0.771453857421875,111,Alhamdulillah Keluarga Bagian,0.7697827219963074
7558008595968344840,univsiberasia,Semangat terus ya Kakak kuliahnya😊,2,0,25,Amin Selalu Semangat,0.8778699636459351,113,Semangat Wah Berpikir,0.8402707576751709,55,Sukses Selalu Sehat,0.7406588792800903
7573131158416261909,lian.lian254,Kaka kalau full online semua tanpa harus tidak ke kampus bisa nggak kak,0,1,64,Full Online Serba,0.778944730758667,21,Malam Shift Begitu,0.8560251593589783,71,Wisuda Uts Uas,0.8500983119010925
7592108054671409928,univsiberasia,"UNSIA 100% full online Kakak, tanpa harus ke kampus Kakak sudah bisa mendapat gelar sarjana🤗",0,0,86,Darimana 100 Jadi,0.774027943611145,83,Pilih Favorit Mulai,0.7528315782546997,72,Tujuan Berkuliah Dimanapun,0.7352408766746521
7553706780317238017,queenvieaz,S2 manajemen pendidikan ada gak,0,1,50,S2 Pendidikan Hukum,0.90181565284729,42,Jurusan Ekonomi Hukum,0.8435623049736023,0,Jurusan Teknik Inggris,0.8002005815505981
7558008280212914951,univsiberasia,"Halo Kakak, saat ini untuk program S2 di UNSIA belum dibuka ya",0,0,67,Program Belum Dibuka,0.9658805131912231,73,Program Dibuka Saat,0.9526271224021912,66,Dibuka Mahasiswa Baru,0.855631947517395
7542420019306775314,ikalizard_14,join tren wisuda UNSIA ng ni?🔥,1,1,27,Join Grup Yuk,0.7434542775154114,9,Kip Unsia Diterima,0.7685728073120117,56,Universitas Siber Asia,0.749519944190979
7547619711773704967,univsiberasia,Harus join dong Kak dan jangan lupa tag akun UNSIA😊,0,0,2,Website Id Ac,0.7597475051879883,116,Ig Akun Sering,0.7884608507156372,27,Join Grup Yuk,0.7736622095108032
7544744703131812616,mbuemobwkakakak,"min mau nanya, ini full 💯% untuk kelas karyawan? atau seperti seminggu sekali atau saat ujian itu di haruskan untk hadir?",0,1,21,Malam Shift Begitu,0.8071814775466919,123,Jam Kelas Karyawan,0.7811834812164307,49,Ijazahnya Lulus Kan,0.7685209512710571
7558008437881438994,univsiberasia,"Halo Kakak, bisa banget ya karena di UNSIA 100% full online learning😊",0,0,44,100 Learning Fully,0.9443403482437134,86,Darimana 100 Jadi,0.8479853868484497,58,Tugas Akhir Skripsi,0.7792711853981018
7606265841587405589,amawa52,Cakep +in logo unsia nya dibajunya beuh damage,0,0,9,Kip Unsia Diterima,0.7103790044784546,104,Aman Unas Ciber,0.7267656922340393,93,Jujur Review Kata,0.7095596790313721
7541686951653557010,dessyps_,Admin jika d3 kampus lain bisa nerus s1 disini gak ya?,0,4,4,D3 S1 Lanjut,0.8695902824401855,119,Teman Syarat Magang,0.8499555587768555,30,Korea Degree Min,0.8369306325912476
7542356122049987336,univsiberasia,"Halo Kakak, bisa banget ya melalui jalur konversi 😊",0,0,12,Konversi Jalur Melalui,0.9223531484603882,22,Pindahan Menerima Ut,0.7791324853897095,15,Hi Halo Dong,0.7734447717666626
7558008169600090888,univsiberasia,"Halo Kakak, bisa ya, melalui jalur konversi😊",0,0,12,Konversi Jalur Melalui,0.9428244829177856,22,Pindahan Menerima Ut,0.7926399111747742,76,Paket Ijazah Sih,0.7566622495651245
7554930563116237569,dwiandrianis,dari d3 pariwisata ke s1 manajemen bisa ngak min?,0,0,4,D3 S1 Lanjut,0.9127848744392395,50,S2 Pendidikan Hukum,0.8350862264633179,37,S2 Ada Doktoral,0.7639309763908386
7558002996710261511,use74103,nitip,0,0,70,Nitip Nitipp Nitippp,0.9976069927215576,121,Nitip Kabarin Mencari,0.8166038990020752,131,Next Up Gass,0.7813614010810852
7573646010867417876,herra101,ini dimn kak?,0,0,6,Dimana Daerah Mana,0.769321858882904,135,Infoin Mau Lantang,0.8292352557182312,51,Open Otw Pkl,0.8255560398101807
7542330225724556040,dailypresson_,ka kuliah disini total bayar pas awal 3 juta aja? maksudnya gada uang pendaftaran? 3 jtx8semester gitu?,0,2,1,Dicicil 3Jt Hanya,0.8381269574165344,77,Per Berapa Semester,0.765334963798523,71,Wisuda Uts Uas,0.7529654502868652
7542356836777181960,univsiberasia,Sesuai dengan SK Rektor No. 3 Tahun 2020 Biaya kuliah di UNSIA adalah sebesar 3 juta rupiah/semester. Biaya tersebut dapat dicicil dalam 3x pembayaran,1,0,1,Dicicil 3Jt Hanya,0.674405038356781,72,Tujuan Berkuliah Dimanapun,0.582021951675415,86,Darimana 100 Jadi,0.5578360557556152
7542445331024626439,einaafets,Betul ka🙌,0,0,48,Betul Banget Lucu,0.909211277961731,75,Iya Iyapp Introvert,0.8113025426864624,81,Iya Oke Orang,0.8032032251358032
7573130649789530901,lian.lian254,Uang pendaftaran berapa kak,0,0,18,Berapa Biaya Bayar,0.9111513495445251,77,Per Berapa Semester,0.8570120334625244,31,Kapan Pendaftarannya Gelombang,0.8513268828392029
7541412701874356999,rakhmawati675,🔥🔥🔥,3,0,20,Yes  ,0.999908447265625,13,  ,1.0,61,  ,1.0
7541378483249021703,managementmarketing8,🔥🔥🔥🥰🥰🥰,1,0,13,  ,1.0,61,  ,1.0,20,Yes  ,0.999908447265625
7540111583524225813,wean1991,utk verifikasi berkas biasanya berapa hari kk,0,4,106,Hasil Seleksi Pengumuman,0.7840269804000854,123,Jam Kelas Karyawan,0.7056499123573303,89,Tanggal Gelombang Bulan,0.6905428171157837
7540347002140721940,wean1991,tpi emang bener ya kk kampusnya ini...,0,0,48,Betul Banget Lucu,0.6985876560211182,104,Aman Unas Ciber,0.6931195259094238,81,Iya Oke Orang,0.6914099454879761
7540346870380741397,wean1991,semester berapa ya kk,0,0,65,Angkatan Berapa Kira,0.8820664882659912,77,Per Berapa Semester,0.8294554948806763,84,Ngambil Ambil Apa,0.8259710073471069
7540241451340645138,einaafets,Jalur apa kak? Kl reguler cpeet kok g ada seminggu harusnya..,0,0,123,Jam Kelas Karyawan,0.8155243396759033,76,Paket Ijazah Sih,0.7998828887939453,21,Malam Shift Begitu,0.7939800024032593
7540279929482134290,wean1991,kk juga kuliah disini kk,0,0,72,Tujuan Berkuliah Dimanapun,0.6538531184196472,9,Kip Unsia Diterima,0.735432505607605,46,Ut Pengin Bidang,0.7167770862579346
7538099212291277569,syafiiraas,kaka daftarnya lewat mana ya?,0,4,52,Web Lewat Kemana,0.9130971431732178,6,Dimana Daerah Mana,0.8421493768692017,47,Daftar Gelombang Januari,0.8281327486038208
7538669651400966920,univsiberasia,"Untuk pendaftaran mudah lho, bisa langsung ke website UNSIA ya Kakak unsia.pmb.ac.id",0,0,2,Website Id Ac,0.9249302744865417,101,Favorit Pilih Fleksibel,0.8444914221763611,83,Pilih Favorit Mulai,0.8246361613273621
7538407337581675280,syafiiraas,baru kak,0,0,43,Belum Huhu Nih,0.8517612218856812,26,Adek Duluan Nurul,0.8620744347572327,51,Open Otw Pkl,0.8319171667098999
7538280070641828615,univsiberasia,"Halo Kakak, izin bertanya pendaftaran untuk UNSIA Jakarta Festival atau Pendaftaran mahasiswa baru ya?",0,0,66,Dibuka Mahasiswa Baru,0.8577215075492859,67,Program Belum Dibuka,0.8414173722267151,2,Website Id Ac,0.8324969410896301
7538270023363543815,einaafets,Halo ka bisa kesinii pmb.unsia.ac.id jalur apa ka?,0,0,2,Website Id Ac,0.8435195684432983,120,Tanya Non S2Nya,0.8279929161071777,22,Pindahan Menerima Ut,0.8100582957267761
7537969993452110600,syaaz_23,mau daftar apa masih bs?,0,1,47,Daftar Gelombang Januari,0.8260936737060547,17,Cara Daftarnya Bagaimana,0.7750954627990723,52,Web Lewat Kemana,0.7646786570549011
7537970433871971079,univsiberasia,"Halo Kakak, masih bisa lho daftar😊",0,0,15,Hi Halo Dong,0.8182112574577332,79,Daftar Sudah Kamu,0.7952860593795776,47,Daftar Gelombang Januari,0.7909997701644897
7550697337757549330,g_melia_,Ka untuk S 2nya biayanya brp ya?,0,0,18,Berapa Biaya Bayar,0.9003490209579468,77,Per Berapa Semester,0.8203691840171814,17,Cara Daftarnya Bagaimana,0.7908751368522644
7540131846944768775,ameliadmyn,kaa ada skripsi gak di unsia?,0,0,30,Korea Degree Min,0.8747087717056274,39,Beasiswa Kkn Program,0.8380497694015503,0,Jurusan Teknik Inggris,0.8320310711860657
7555061844772602642,fromenamdua,😂,0,0,32,Merdeka Di ,0.99981689453125,13,  ,1.0,61,  ,1.0
7532484322760606472,me.varro,kalo daftar langsung ke univ nya bisa gak min,0,6,22,Pindahan Menerima Ut,0.8695637583732605,30,Korea Degree Min,0.8399040699005127,49,Ijazahnya Lulus Kan,0.8391438722610474
7532787752427324178,univsiberasia,"Halo Kak, untuk pendaftaran semuanya online ya, tapi kalau mau main ke kampus UNSIA boleh banget😊",1,0,128,Main Kampusnya Kekampus,0.8298307657241821,49,Ijazahnya Lulus Kan,0.8433310389518738,2,Website Id Ac,0.829207181930542
7533858035182863125,graceangelinee_,kalau untuk wisudanya online juga min?,0,0,7,Offline Ujiannya Online,0.9005508422851562,71,Wisuda Uts Uas,0.8615279197692871,112,Ujian Tes Online,0.8460330963134766
7535752706942780167,einaafets,Wisuda bisa online / offline,0,0,71,Wisuda Uts Uas,0.7180517911911011,64,Full Online Serba,0.7655123472213745,102,100 Fully Bk,0.7458369731903076
7535287620811080466,tomaaatooossss,"cara berkunjungny gmn minn, aku mahasiswa smst 2 tp blm prnh main ke kmpus",0,0,128,Main Kampusnya Kekampus,0.7096384167671204,49,Ijazahnya Lulus Kan,0.7573187351226807,91,Ulang Bayar Isi,0.7471562623977661
7535688265253569287,univsiberasia,"Kampus UNSIA terletak di Jl. Harsono RM, Ragunan, Kec. Ps. Minggu, Jakarta Selatan ya Kak",0,0,110,Jakarta Selatan Ragunan,0.8805888891220093,2,Website Id Ac,0.6036505699157715,56,Universitas Siber Asia,0.5848619937896729
7532443750661948168,haewidiyaarz,bangga jadi anak unsia 🤩,3,0,111,Alhamdulillah Keluarga Bagian,0.8519672155380249,55,Sukses Selalu Sehat,0.7869588136672974,56,Universitas Siber Asia,0.7369756698608398
7535462566856901383,nike.januard,rpl bisa kak?,0,3,87,Hihi Jugakk Wakty,0.8841648697853088,135,Infoin Mau Lantang,0.812461256980896,51,Open Otw Pkl,0.8099849224090576
7535687730756649735,univsiberasia,"Halo Kak, di UNSIA ada 2 jalur pendaftaran ya, jalur reguler dan jalur ahli jenjang/konversi",0,0,12,Konversi Jalur Melalui,0.8028636574745178,67,Program Belum Dibuka,0.809306263923645,2,Website Id Ac,0.7803277969360352
7536132636902703880,einaafets,Kalo reguler untuk lulusan sma sederajat ka. Kl konversi / alih jenjang itu utk pindahan atau dari d3 mau lanjut s1,0,0,4,D3 S1 Lanjut,0.8779603242874146,49,Ijazahnya Lulus Kan,0.777285099029541,119,Teman Syarat Magang,0.7712427973747253
7535753779075187463,tokobymebdl,bedanya apa ka,0,0,6,Dimana Daerah Mana,0.8103135824203491,135,Infoin Mau Lantang,0.786024808883667,134,Pjj Akre Industri,0.7753933072090149
7532886194397889281,official_outfitkece,masih buka pendaftaran ga kak,0,1,3,Buka Pendaftaran Masih,0.9189883470535278,47,Daftar Gelombang Januari,0.846724271774292,31,Kapan Pendaftarannya Gelombang,0.840868353843689
7535132036781916936,univsiberasia,"Halo Kak, saat ini UNSIA masih membuka pendaftaran mahasiswa baru lho 🤩",0,0,54,Membuka Lho Mahasiswa,0.9835507869720459,66,Dibuka Mahasiswa Baru,0.9212213754653931,67,Program Belum Dibuka,0.8523415923118591
7569225032100119312,jj_07,"ka izin bertanya skripsinya gmna ya ka, klo semisal kuliah sambil bekerja soalnya saya berminat sekali untuk masuk di unisa prodi komunikasi ka....",4,7,5,Kerja Negeri Kuliah,0.8093188405036926,49,Ijazahnya Lulus Kan,0.8722411394119263,120,Tanya Non S2Nya,0.8270712494850159
7574798389709374226,winatta01,kak aku mau juga,1,0,135,Infoin Mau Lantang,0.895783007144928,117,Boleh Bolehhh Dong,0.8641495108604431,38,Ih Maba Grupnya,0.8413246870040894
7570724861553083144,moochycozi,kak aku jg pls,1,0,38,Ih Maba Grupnya,0.8846811056137085,135,Infoin Mau Lantang,0.832374632358551,92,Samaaa Sama Konveksi,0.8137280344963074
7585818310487474961,adndavasya,kak mau juga,0,0,135,Infoin Mau Lantang,0.9184094071388245,117,Boleh Bolehhh Dong,0.8886246681213379,53,Dong Kayaknya Banget,0.8453949689865112
7582390423969891088,ohdaamn,kak mau jugaaa,0,0,135,Infoin Mau Lantang,0.9184094071388245,117,Boleh Bolehhh Dong,0.8886246681213379,53,Dong Kayaknya Banget,0.8453949689865112
7579456809841443592,valemobilegend,aku mau,0,0,24,Ayo Ikutt Ikut,0.8105523586273193,122,Kalbar Ia Kebingungan,0.8649481534957886,125,Gratis Tersedia Pesan,0.7949899435043335
7577762289278321426,nksriwhdh,aku mau jga kak,0,0,135,Infoin Mau Lantang,0.8950070142745972,117,Boleh Bolehhh Dong,0.8631396889686584,53,Dong Kayaknya Banget,0.8376144170761108
7577762909666607879,ikutikutan,Halo kak cek dm ya🥰,0,0,23,Dm Cek Izin,0.9078765511512756,60,Admin Dm Boleh,0.8966179490089417,36,Dm Admin Detailnya,0.8716091513633728
7572817846746022664,cicayy_28,kalo ijazah paket C bisa masuk ga ka?,1,1,76,Paket Ijazah Sih,0.9309329986572266,22,Pindahan Menerima Ut,0.8734360337257385,39,Beasiswa Kkn Program,0.8475286960601807
7573052433955226388,anvi.85,bisa,0,0,125,Gratis Tersedia Pesan,0.925469160079956,90,Binus Adsfort Harga,0.8321319818496704,29,Menyimak Nyimakkk Ut,0.8306984901428223
7535752919549133576,einaafets,Unsia memang oke. Ayo gais jadi maba unsia✌️,6,2,9,Kip Unsia Diterima,0.7911310791969299,111,Alhamdulillah Keluarga Bagian,0.807002067565918,132,Mending Ptnbh Alumni,0.7340579032897949
7596275885411255041,iswa_ns,nitip,0,0,70,Nitip Nitipp Nitippp,0.9976069927215576,121,Nitip Kabarin Mencari,0.8166038990020752,131,Next Up Gass,0.7813614010810852
7548692751392817938,ciloempuk,"mohon doa nya untuk anak saya yg masih kuliah di unsia jakarta,semoga lancar sampai wisuda",1,1,62,Semoga Allah Doain,0.8297419548034668,111,Alhamdulillah Keluarga Bagian,0.7352991104125977,25,Amin Selalu Semangat,0.7173670530319214
7558011377068262151,univsiberasia,"Halo Kakak, semoga kuliahnya lancar dan lulus tepat waktu ya🤗",2,0,25,Amin Selalu Semangat,0.8272255659103394,62,Semoga Allah Doain,0.8189345002174377,96,Secara Dilaksanakan Hybrid,0.7316221594810486
7568245361907680017,yee_yan_2,kapan penerimaan mahasiswa Baru dibuka lagi?,0,2,66,Dibuka Mahasiswa Baru,0.7537925839424133,78,Kapan Min Gel,0.6845235824584961,3,Buka Pendaftaran Masih,0.6669095158576965
7568346547768148754,univsiberasia,"Halo Kakak, pendaftaran mahasiswa baru dibuka di tanggal 7 November 2025 ya Kakak, untuk informasi penerimaan mahasiswa baru bisa folow akun instagram @ppmbunsia_official ya Kakak agar tidak tertinggal informasinya😊",2,0,2,Website Id Ac,0.8580058217048645,109,Ditutup Khawatir Kembali,0.8133480548858643,66,Dibuka Mahasiswa Baru,0.7716586589813232
7569295030755001106,ikutikutan,Halo kak cek dm ya utk aku bimbing🥰,0,0,23,Dm Cek Izin,0.8737506866455078,60,Admin Dm Boleh,0.8766769170761108,36,Dm Admin Detailnya,0.8396934270858765
7546220295758807826,riko.noviantoro,kereeen,1,0,126,Keren Mukanya Asing,0.9459885954856873,19,Com Nice Https,0.8235597610473633,75,Iya Iyapp Introvert,0.7993545532226562
7606254373253972754,call.girlssslyy,min di unsia ada program S2 ngga?,0,0,30,Korea Degree Min,0.9083015322685242,50,S2 Pendidikan Hukum,0.8734049201011658,4,D3 S1 Lanjut,0.8676363229751587
7594144682913956615,axioxioiii,kaa kalo wisuda ada kuota nya buat kesanah?,0,1,71,Wisuda Uts Uas,0.8141741752624512,128,Main Kampusnya Kekampus,0.842818021774292,39,Beasiswa Kkn Program,0.8067198991775513
7594380874595894023,univsiberasia,Betul Kakak🤩,0,0,48,Betul Banget Lucu,0.8665810823440552,75,Iya Iyapp Introvert,0.8099590539932251,26,Adek Duluan Nurul,0.7934703826904297
7558451987664585490,siismonalisa,moga anak saya kuliah di berikan kelancaran,0,0,62,Semoga Allah Doain,0.785091757774353,111,Alhamdulillah Keluarga Bagian,0.6808393001556396,25,Amin Selalu Semangat,0.6588058471679688
7548692504187847432,ciloempuk,👍👍👍,0,0,13,  ,1.0,61,  ,1.0,20,Yes  ,0.999908447265625
7532001243733836551,tifa_ly,"joane tmn aku dr semester awal, huhu aku malah lg stop blm lanjut 😭😭",11,4,57,Nilai Sesi Sabar,0.8041548132896423,59,Tugas Numpuk Tugasnya,0.736730694770813,46,Ut Pengin Bidang,0.7258450388908386
7532351872331563794,univsiberasia,"Halo Kak, wahh yuk semangat Kak, supaya cepat diwisuda😊",2,0,113,Semangat Wah Berpikir,0.7270496487617493,15,Hi Halo Dong,0.7458871603012085,94,Ditunggu Tunggu Wah,0.732842206954956
7532352105244623623,tifa_ly,harusnya tahun ini bare joanne 😭,0,0,118,Desember Baca Depan,0.7539889216423035,129,Bismillah Bismillahirrahmanirrahim Sticker,0.6609454154968262,38,Ih Maba Grupnya,0.6567796468734741
7561612180346028818,chientaa,ayo kak semangat,0,0,113,Semangat Wah Berpikir,0.923576831817627,24,Ayo Ikutt Ikut,0.8061313629150391,25,Amin Selalu Semangat,0.7822431325912476
7561729115616510738,tifa_ly,semangatin aku 😭,0,0,113,Semangat Wah Berpikir,0.8349562883377075,24,Ayo Ikutt Ikut,0.7470954060554504,38,Ih Maba Grupnya,0.7222499847412109
7555951544420614920,susi06lawati10,Usia 31 pengen kuliah lagi bisa ga ya ?,1,4,100,Umur Usia Irt,0.892333984375,5,Kerja Negeri Kuliah,0.8294143676757812,88,Pindah Semester Ngulang,0.8127653002738953
7556096928391037704,univsiberasia,"Halo Kakak, Bisa banget dong, kuliah di UNSIA tidak ada batasan usia😊",4,0,53,Dong Kayaknya Banget,0.6703542470932007,86,Darimana 100 Jadi,0.8499782085418701,119,Teman Syarat Magang,0.8176482319831848
7581447823498396433,nci_yogi,saya 37 lanjut di UNSIA Kak,1,0,9,Kip Unsia Diterima,0.8853529691696167,30,Korea Degree Min,0.8245820999145508,67,Program Belum Dibuka,0.7957106232643127
7561612017137386258,chientaa,bisa kak di Unsia,1,0,9,Kip Unsia Diterima,0.8161923289299011,22,Pindahan Menerima Ut,0.8022261261940002,108,Offline Onsite Onnline,0.7970876693725586
7569295734551053063,ikutikutan,Halo kak cek dm yaa kalo minat utk masuk unsia 🥰,0,0,2,Website Id Ac,0.8296712636947632,60,Admin Dm Boleh,0.8352559804916382,36,Dm Admin Detailnya,0.8138339519500732
7531990167495033616,hadikbs1,kak info PMB nya kak,0,5,41,Info Link Cara,0.8718478083610535,120,Tanya Non S2Nya,0.8176591992378235,17,Cara Daftarnya Bagaimana,0.8053540587425232
7532001324096258834,univsiberasia,"Halo Kak, saat ini UNSIA sedang membuka pendaftaran mahasiswa baru lho😊",0,0,54,Membuka Lho Mahasiswa,0.9722732305526733,66,Dibuka Mahasiswa Baru,0.9032515287399292,67,Program Belum Dibuka,0.8347142934799194
7548347338373202695,i0.dna,info pendftarannya min,0,0,41,Info Link Cara,0.816632866859436,78,Kapan Min Gel,0.7402689456939697,1,Dicicil 3Jt Hanya,0.6818812489509583
7535045418696524552,einaafets,4 sept,0,0,90,Binus Adsfort Harga,0.8179295063018799,14,Fitriyani Andriani Udin69Can,0.8203164339065552,40,One Yaallahh Day,0.815138041973114
7532148229091459848,aufiaffi,info pendaftarannya ka,0,0,41,Info Link Cara,0.9058127403259277,31,Kapan Pendaftarannya Gelombang,0.8201776742935181,3,Buka Pendaftaran Masih,0.7856889367103577
7532069869464060679,healinghalahhalahealing,Speechnya keren banget kak joanne 🫠,25,0,48,Betul Banget Lucu,0.7749964594841003,38,Ih Maba Grupnya,0.696989893913269,97,Salam Mantap Kenal,0.6940034627914429
7584441875819315984,hellowleo19,Wisudanya tetep offline kan??? Baru mau daftar udah mikirin wisuda gue😂😭,3,1,71,Wisuda Uts Uas,0.8449651002883911,57,Nilai Sesi Sabar,0.7888191938400269,7,Offline Ujiannya Online,0.7856385111808777
7584457762374435602,univsiberasia,"Hi Kak, wisuda dilaksanakan secara hybrid ya, jangan lupa dari sekarang cari-cari outfit untuk wisuda Kak☺️",0,0,96,Secara Dilaksanakan Hybrid,0.8093804717063904,10,Maret April Bulan,0.7356612682342529,62,Semoga Allah Doain,0.6985048055648804
7582135327486182145,melyas133,"ada program S2nya gak, min?",0,0,50,S2 Pendidikan Hukum,0.8895705938339233,37,S2 Ada Doktoral,0.9041165113449097,30,Korea Degree Min,0.8664367198944092
7563077112551457544,sn.storenlineshop,halo min apa bner di sini kuliah nya full online 100 %?🥰,0,0,30,Korea Degree Min,0.8003140687942505,7,Offline Ujiannya Online,0.7726283669471741,21,Malam Shift Begitu,0.7724652886390686
7546038146610529032,apolinaris_25,"Joane keren bngt, inspiratif",3,0,48,Betul Banget Lucu,0.7856007218360901,126,Keren Mukanya Asing,0.7280892133712769,97,Salam Mantap Kenal,0.668266773223877
7547741041643733781,rdumpiesr,ada magang kak?,0,0,51,Open Otw Pkl,0.9538307189941406,135,Infoin Mau Lantang,0.8611265420913696,43,Belum Huhu Nih,0.8576087951660156
7533466346027516690,a.ahmaadd,yang terbaikkkkk! 💙💛,1,0,24,Ayo Ikutt Ikut,0.7550144195556641,26,Adek Duluan Nurul,0.7333126068115234,19,Com Nice Https,0.7309814691543579
7539116047040643848,ftmhayf___,deep bgt kata²nya🥺,1,0,48,Betul Banget Lucu,0.7931336164474487,126,Keren Mukanya Asing,0.7442127466201782,19,Com Nice Https,0.728453516960144
7557995935373820688,bangbang1234560,aura kakak. membuat kesedihan di mana rasa percaya dirinya membuah kan keceriaan atas segala perjuaangan mu🥰,1,0,53,Dong Kayaknya Banget,0.3592994511127472,62,Semoga Allah Doain,0.45491424202919006,103,Ilkom Ieu Balang,0.43312495946884155
7532017898752557841,hadikbs1,kak untuk D3 manajemen mau lanjut ke S1 carainya bagaimana kak,0,1,4,D3 S1 Lanjut,0.9164981842041016,119,Teman Syarat Magang,0.8180432319641113,49,Ijazahnya Lulus Kan,0.8040275573730469
7532472172691178248,makanterus961,"Pake konversi kakak, bisa pakai jalur RPL",1,0,68,Rpl Pengalaman Jalur,0.7921124696731567,12,Konversi Jalur Melalui,0.761439323425293,76,Paket Ijazah Sih,0.7170450687408447
7568762300489024277,itsme_lsss,🥰,1,0,28,Asa Hum ,0.9997044801712036,13,  ,1.0,61,  ,1.0
7591092228699194119,yalsx3,😳,0,0,13,  ,1.0,61,  ,1.0,20,Yes  ,0.999908447265625
7535699357922099975,nike.januard,pindahan dr kampus swasta lain bisa kak?,0,3,22,Pindahan Menerima Ut,0.8662657737731934,76,Paket Ijazah Sih,0.8014037013053894,5,Kerja Negeri Kuliah,0.7867648601531982
7535729399573152530,univsiberasia,"Halo Kak, bisa banget lho melalui jalur ahli jenjang/konversi ☺️",0,0,12,Konversi Jalur Melalui,0.8852735161781311,22,Pindahan Menerima Ut,0.7211455702781677,67,Program Belum Dibuka,0.7103798389434814
7535744822188032775,nike.januard,kalo full online sistem belajarnya lewat zoom/meet atau bagaimana kak?,0,0,7,Offline Ujiannya Online,0.8562790751457214,115,Full Fisik Diunsia,0.82845139503479,123,Jam Kelas Karyawan,0.8188129663467407
7535752267414586119,einaafets,"Iya ka, zoom",0,0,81,Iya Oke Orang,0.8997081518173218,92,Samaaa Sama Konveksi,0.8217476606369019,135,Infoin Mau Lantang,0.8170747756958008
7542839396953998087,user234h06,ka kapan buka pendaftaran baru?,1,2,3,Buka Pendaftaran Masih,0.8971735239028931,31,Kapan Pendaftarannya Gelombang,0.9009920358657837,78,Kapan Min Gel,0.8861031532287598
7543133658321683218,univsiberasia,"Halo Kak, saat ini UNSIA masih membuka pendaftaran mahasiswa baru lhoo😊",1,0,54,Membuka Lho Mahasiswa,0.9818129539489746,66,Dibuka Mahasiswa Baru,0.923574686050415,67,Program Belum Dibuka,0.8479998111724854
7543167546405913365,user234h06,okeyy kak thanks infonya,0,0,35,Infonya Terima Kasih,0.9133358001708984,98,Terima Kasih Murid,0.7912269830703735,94,Ditunggu Tunggu Wah,0.7663382291793823
7536060681536914192,dwii.jyntii,"persyaratannya apa aja kak?
trs ini online tanpa ada tatap muka kan ? karna saya kerja 3hari sekali ganti shift dan hari libur tdk menentu . apakah bisa?",0,1,21,Malam Shift Begitu,0.8175820112228394,123,Jam Kelas Karyawan,0.7820046544075012,49,Ijazahnya Lulus Kan,0.7634644508361816
7536132442370229010,einaafets,"Bisa kak, bisa diakses kapanpun dan di mana pun. Persyaratan utk jalur reguler ktp, ijazah sm pas foto aja kak..",0,0,76,Paket Ijazah Sih,0.7345682382583618,108,Offline Onsite Onnline,0.7035654783248901,7,Offline Ujiannya Online,0.69759601354599
7535027436011619079,boru_sitohang016,"pendaftaran nya brp bang, daftar nya lewat apa bang",0,1,52,Web Lewat Kemana,0.845137357711792,17,Cara Daftarnya Bagaimana,0.8354747295379639,18,Berapa Biaya Bayar,0.8270921111106873
7535131921529963272,univsiberasia,"Halo Kak, biaya pendaftaran hanya sebesar 100rb ya Kak dan untuk pendaftarannya sangat mudah, Cukup melalui website UNSIA di pmb.unsia.ac.id 😊",0,0,2,Website Id Ac,0.9082998037338257,101,Favorit Pilih Fleksibel,0.8306585550308228,83,Pilih Favorit Mulai,0.76233971118927
7535566447076000533,faazst,kak kalo udah bayar pendaftaran itu otomatis terkonfirmasi atau nunggu dikonfirmasi ya?,0,1,91,Ulang Bayar Isi,0.7895251512527466,106,Hasil Seleksi Pengumuman,0.7483517527580261,79,Daftar Sudah Kamu,0.7094155550003052
7535687037266510599,univsiberasia,"Halo Kak, sudah otomatis terkonfirmasi ya",0,0,15,Hi Halo Dong,0.7760956883430481,60,Admin Dm Boleh,0.7732217311859131,36,Dm Admin Detailnya,0.7638325095176697
7539066597734925074,vinasalaswati,Biasanya pengumuman kelulusannya brpa lama ya kalo habis daftar?,0,1,106,Hasil Seleksi Pengumuman,0.8195193409919739,123,Jam Kelas Karyawan,0.7769410610198975,89,Tanggal Gelombang Bulan,0.7586462497711182
7540241772597854994,einaafets,Jalur apa ka? Kl reguler cepet kok gada sminggu hrsnya..,0,0,12,Konversi Jalur Melalui,0.7398602366447449,21,Malam Shift Begitu,0.7971527576446533,76,Paket Ijazah Sih,0.7945114970207214
7553664830554211090,awshop74,Kak masih buka pendaftaran ga yaa,0,1,3,Buka Pendaftaran Masih,0.9264075756072998,31,Kapan Pendaftarannya Gelombang,0.872627854347229,47,Daftar Gelombang Januari,0.8647574186325073
7554677451058823954,einaafets,Masi buka ka,0,0,3,Buka Pendaftaran Masih,0.7788423299789429,43,Belum Huhu Nih,0.8567169308662415,51,Open Otw Pkl,0.8248421549797058
7553516464910942994,lifeformusic5,Halo min. Apakah di Univ Siber Asia ada jurusan sastra korea?,0,0,0,Jurusan Teknik Inggris,0.819425642490387,30,Korea Degree Min,0.8258308172225952,119,Teman Syarat Magang,0.799123227596283
7562483342589231890,csk03_,ada jurusan pgsd?,0,0,42,Jurusan Ekonomi Hukum,0.8898110389709473,0,Jurusan Teknik Inggris,0.8439875841140747,50,S2 Pendidikan Hukum,0.8149062395095825
7583281268966769426,marcelineputri,minn pendaftaran nya masih buka kah?,0,0,3,Buka Pendaftaran Masih,0.877399206161499,78,Kapan Min Gel,0.8497017621994019,31,Kapan Pendaftarannya Gelombang,0.8128343820571899
7542330951252263688,dailypresson_,😭😭😭,0,0,32,Merdeka Di ,0.99981689453125,13,  ,1.0,61,  ,1.0
7537645066699440913,ichaatrg,hallo kak di unsia bisa Nerima mahasiswa transferan semester tua ga kak 🙏,0,1,22,Pindahan Menerima Ut,0.8438593745231628,30,Korea Degree Min,0.8443006277084351,67,Program Belum Dibuka,0.837421178817749
7537927859034489608,univsiberasia,"Halo Kakak, bisa banget ya Kak melalui jalur konversi/ahli jenjang",0,0,12,Konversi Jalur Melalui,0.9383553266525269,22,Pindahan Menerima Ut,0.7772645354270935,76,Paket Ijazah Sih,0.7575591206550598
7524739367564116754,virgooooooo2,jd mendadak super sibuk dan semua kerjaan terlihat sangat menarik dan menyenangkan dibanding ngerjain skripsi 🤣,1,0,59,Tugas Numpuk Tugasnya,0.7419449090957642,57,Nilai Sesi Sabar,0.6550648212432861,86,Darimana 100 Jadi,0.6277492046356201
7526377786232193800,uploadyaa,Gimana daftarnya,0,3,107,Daftarnya Cara Bagaimana,0.861528754234314,17,Cara Daftarnya Bagaimana,0.7405786514282227,127,Caranya Kuliahnya Bagaimana,0.7383732795715332
7527871574239511314,univsiberasia,"Halo Kak, untuk pendaftaran cukup melalui website UNSIA ya Kak di pmb.unsia.ac.id",0,0,2,Website Id Ac,0.9492703676223755,101,Favorit Pilih Fleksibel,0.8396073579788208,67,Program Belum Dibuka,0.8001683950424194
7527922689618002706,uploadyaa,Server tidak ditemukan kak,0,0,45,Enggak Ribet Fh,0.570432722568512,125,Gratis Tersedia Pesan,0.5661349892616272,11,Skripsi Sidang Tidak,0.5586913824081421
7532890754902115093,dheandraraisaemily,🥰,0,0,29,Menyimak Nyimakkk Ut,0.9959731698036194,13,  ,1.0,61,  ,1.0
7525164300315443976,r4h45y4,belum ada PJJ Hukum ya,0,0,134,Pjj Akre Industri,0.7468971610069275,95,S2 Belum Insyallah,0.7421402931213379,11,Skripsi Sidang Tidak,0.719650149345398
7523834947946251026,user3502363469085,"Min, S2 Pjj Manajemen belum dibuka ya?",0,0,50,S2 Pendidikan Hukum,0.8477199673652649,67,Program Belum Dibuka,0.828254759311676,4,D3 S1 Lanjut,0.8242524862289429
7527696162255127304,resismarlita01,berapa biaya per semester kak?,0,3,77,Per Berapa Semester,0.9313700199127197,18,Berapa Biaya Bayar,0.8723968267440796,99,Biayanya Biaya Berapa,0.8261752128601074
7531728090167247617,rfi1746,berapa biaya masuek ya kak,0,1,18,Berapa Biaya Bayar,0.8747448325157166,77,Per Berapa Semester,0.8184255361557007,99,Biayanya Biaya Berapa,0.7984050512313843
7532342313865216776,univsiberasia,"Halo Kak, Sesuai dengan SK Rektor No. 3 Tahun 2020 Biaya kuliah di UNSIA sebesar 3 juta rupiah / semester. Biaya tersebut dapat dicicil sbyk 3x 🤩",1,0,1,Dicicil 3Jt Hanya,0.8002551198005676,86,Darimana 100 Jadi,0.6902787685394287,130,Pt Terakreditasi Ban,0.6901126503944397
7533548096174375700,a.ahmaadd,Buruan yaaa teman teman! 🫵 Cyber Asia University kuliah swastaaa terbaikkk 💛💙,0,0,119,Teman Syarat Magang,0.6970996856689453,132,Mending Ptnbh Alumni,0.7238415479660034,9,Kip Unsia Diterima,0.7122037410736084
7527716106409509640,i_mha09,😁,0,0,32,Merdeka Di ,0.99981689453125,13,  ,1.0,61,  ,1.0
7522137650355766024,yssswara,Wah keren banget 🔥🔥🔥,0,0,48,Betul Banget Lucu,0.8248863220214844,126,Keren Mukanya Asing,0.8502433896064758,53,Dong Kayaknya Banget,0.7181845903396606
7522356000357483282,tititiaraaa5,buka pendaftaran kapan min?,0,4,78,Kapan Min Gel,0.932214617729187,31,Kapan Pendaftarannya Gelombang,0.874474287033081,3,Buka Pendaftaran Masih,0.8527668118476868
7522363229399532296,univsiberasia,"Halo Kak, saat ini UNSIA masih membuka pendaftaran mahasiswa baru lho 😊",0,0,54,Membuka Lho Mahasiswa,0.9835507869720459,66,Dibuka Mahasiswa Baru,0.9212213754653931,67,Program Belum Dibuka,0.8523415923118591
7522857001998287624,sukasukajalansaja,Cara daftarnya gimna kak ?,0,0,17,Cara Daftarnya Bagaimana,0.963144063949585,107,Daftarnya Cara Bagaimana,0.9049525260925293,127,Caranya Kuliahnya Bagaimana,0.8648891448974609
7523101666758312722,univsiberasia,"Gampang banget lho Kak, cukup melalui website UNSIA di pmb.unsia.ac.id 😊",0,0,2,Website Id Ac,0.8748217821121216,101,Favorit Pilih Fleksibel,0.8021129965782166,83,Pilih Favorit Mulai,0.7912370562553406
7523073293822706440,univsiberasia,Gampang lho Kak cukup daftarnya melalui website UNSIA di pmb.unsia.ac.id 🤩,0,0,2,Website Id Ac,0.8940392732620239,101,Favorit Pilih Fleksibel,0.8242169618606567,83,Pilih Favorit Mulai,0.8087206482887268
7569806095988818695,coklatstrawberry33,"kak Dari sastra inggris ke ilmu komunikasi bisa gak,atau ngulang Dari awal",0,14,0,Jurusan Teknik Inggris,0.6660754084587097,88,Pindah Semester Ngulang,0.6809167265892029,132,Mending Ptnbh Alumni,0.6698280572891235
7572029108151304967,quceeng,"bisa ya kak pindah jurusan, nanti ada beberapa mata kuliah yg di akui jadi ga ngulang matkul itu lagi, kalo mau tanya boleh dm yaa aku mahasiswa konversi🥰",0,0,88,Pindah Semester Ngulang,0.8354649543762207,49,Ijazahnya Lulus Kan,0.8933351039886475,46,Ut Pengin Bidang,0.8618505001068115
7570920578916401940,rrecloudly_30,kak jadikah?,0,0,51,Open Otw Pkl,0.769457995891571,26,Adek Duluan Nurul,0.7923306226730347,38,Ih Maba Grupnya,0.7654074430465698
7570239989171094290,re.7ym,"kak aku jg sasing dr ut, kepikiran mau pindah 😭 km jdnya mau ke unsia kak? udh semester brp btw",0,0,46,Ut Pengin Bidang,0.8668054938316345,49,Ijazahnya Lulus Kan,0.8611547946929932,88,Pindah Semester Ngulang,0.8437533974647522
7570333278100865800,avocadochoco7,nampak nya udh lelah bgt ya kak di UT wkwkw,0,0,57,Nilai Sesi Sabar,0.8582276105880737,59,Tugas Numpuk Tugasnya,0.7624534964561462,46,Ut Pengin Bidang,0.7422832250595093
7570241140823458568,coklatstrawberry33,"ih sini dm an,aku butuh solusi nih 😭",0,0,23,Dm Cek Izin,0.761481523513794,116,Ig Akun Sering,0.6949492692947388,27,Join Grup Yuk,0.6874906420707703
7569926042652967698,einaafets,Seperti nya Bisa kakk lanjut nya mulai dri 2 semester aja. Coba dm nti ku kasih template nyaa,0,0,60,Admin Dm Boleh,0.7289673686027527,21,Malam Shift Begitu,0.7649452686309814,49,Ijazahnya Lulus Kan,0.749763548374176
7569926346191045383,coklatstrawberry33,bisa linjur ya,0,0,53,Dong Kayaknya Banget,0.82063889503479,45,Enggak Ribet Fh,0.7759953737258911,117,Boleh Bolehhh Dong,0.7746795415878296
7569926716438217490,einaafets,"Oiya, ini pindahan maksudnya ya?",0,0,22,Pindahan Menerima Ut,0.6366672515869141,133,Spill Alisnya Spil,0.7232013940811157,38,Ih Maba Grupnya,0.7129594087600708
7569927027046826770,coklatstrawberry33,"iya pindahan,kalau double degree gak mampu otak nya 😭🙏",0,0,81,Iya Oke Orang,0.6634345650672913,57,Nilai Sesi Sabar,0.7372913360595703,93,Jujur Review Kata,0.7145665287971497
7570333782378971912,avocadochoco7,tolong ini tugas nya numpuk banget gak kaya UT sebulan full tugas teruss😭😭😭😭😭,1,6,59,Tugas Numpuk Tugasnya,0.8344054222106934,57,Nilai Sesi Sabar,0.8045678734779358,21,Malam Shift Begitu,0.74363112449646
7572029388965479176,quceeng,"aku mahasiswa semester 1 tapi belum banyak tugas si, ini udah 4 sesi pertemuan tapi ada matkul yg cuman mempelajari materi aja kak😆",1,0,57,Nilai Sesi Sabar,0.7241768836975098,21,Malam Shift Begitu,0.7545128464698792,59,Tugas Numpuk Tugasnya,0.7537605166435242
7570675124602225426,arkeshindies,yg nugasnya numpuk di UT apa Unsia?,1,0,59,Tugas Numpuk Tugasnya,0.6604036688804626,74,Akreditasinya Asia Siber,0.7506574988365173,9,Kip Unsia Diterima,0.736554741859436
7570920808322138901,rrecloudly_30,kakk.. infonya yg jls dong😭😭,1,0,35,Infonya Terima Kasih,0.7991724014282227,8,Tanya Bertanya Chat,0.8004499077796936,133,Spill Alisnya Spil,0.7862333059310913
7571037866178085652,rstvandd_,"kayaknya Kaka itu nanya,Kuliah di sini tugasnya numpuk tidak seperti di kampus UT yg sebulan full tugas.Kayaknya seperti itu kak",0,0,59,Tugas Numpuk Tugasnya,0.8209006786346436,21,Malam Shift Begitu,0.8281393051147461,46,Ut Pengin Bidang,0.810802161693573
7588124706298610449,ferianggarzm,cara melihat kita diterima nya kapan ya kak,0,1,9,Kip Unsia Diterima,0.6787472367286682,31,Kapan Pendaftarannya Gelombang,0.800605297088623,17,Cara Daftarnya Bagaimana,0.8005411624908447
7592253588241498898,katasandinanaon,misal klo tidak lulus tes gmna kak,0,0,33,Bagaimana Wisudanya Tes,0.8308756351470947,127,Caranya Kuliahnya Bagaimana,0.786319375038147,76,Paket Ijazah Sih,0.7813102006912231
7569075503848522504,cuankiberrr_,transfer smt dr UT ke UNSIA bisa ga ya?,0,12,22,Pindahan Menerima Ut,0.8718104958534241,30,Korea Degree Min,0.8138625621795654,76,Paket Ijazah Sih,0.7903072237968445
7597491854296646420,unithefirst,"ini juga mau pindah kuliah hahahaha.. ngaku2 mahasiswa UT,",0,0,88,Pindah Semester Ngulang,0.7587122917175293,57,Nilai Sesi Sabar,0.7875891327857971,132,Mending Ptnbh Alumni,0.7733270525932312
7569136406427583239,univsiberasia,"Halo Kakak, bisa ya melalui Jalur konversi😊",0,0,12,Konversi Jalur Melalui,0.9428244829177856,22,Pindahan Menerima Ut,0.792639970779419,76,Paket Ijazah Sih,0.7566622495651245
7579539536516399889,nadishapa26,kak kalo PTS ke unsia jalur rpl bisa nggak ?,0,0,22,Pindahan Menerima Ut,0.8899284601211548,30,Korea Degree Min,0.8720452785491943,120,Tanya Non S2Nya,0.8409445285797119
7577332924115550984,saripoll_,"kak kenapa Keluar ak mlh mau masuk ut in ambil jurusan manajemen tapi unsia malah lewt jdi bimbang, kk kenapa kok pengen keluar? 😭🙏",0,0,46,Ut Pengin Bidang,0.8655291795730591,49,Ijazahnya Lulus Kan,0.8169986009597778,88,Pindah Semester Ngulang,0.7925170660018921
7577335003072250642,cuankiberrr_,"menurutku buatku yg kerja kejar2an deadline nya, sehari ga nugas tu kya berasa numpuk, di tambah UT ujiannya hrs offline dan gbsa milih hari, ujian bsk aja ak dpt di weekday",0,0,59,Tugas Numpuk Tugasnya,0.8653231859207153,21,Malam Shift Begitu,0.7600419521331787,57,Nilai Sesi Sabar,0.7540345191955566
7577417323590812424,saripoll_,huhuuuu oke kk makasih banyakkk😭🙏,0,0,98,Terima Kasih Murid,0.8110998868942261,35,Infonya Terima Kasih,0.7804374098777771,25,Amin Selalu Semangat,0.7345070838928223
7577335389410165511,cuankiberrr_,"btw gnti hari bisa sih tp hrs byr permatkul 150k, itu jg gbsa milih hr gnti nya. sedangkan ujianku ada 4matkul, kebayangkan 150x4😂",0,0,1,Dicicil 3Jt Hanya,0.7122642993927002,59,Tugas Numpuk Tugasnya,0.7250196933746338,71,Wisuda Uts Uas,0.7189119458198547
7573771003203470097,pjr4wldn,ekstensi dri d3 ke s1 informatika bisa kak?,0,0,4,D3 S1 Lanjut,0.9227238893508911,50,S2 Pendidikan Hukum,0.8144385814666748,37,S2 Ada Doktoral,0.7872804403305054
7569498479162049287,einaafets,"Bisa kak, sudah brp smt kah di ut?",0,0,22,Pindahan Menerima Ut,0.8371419310569763,65,Angkatan Berapa Kira,0.8308883309364319,77,Per Berapa Semester,0.8105260133743286
7571319822627209985,keulbra,"ka, klo baru mau semester 2 di ut bisa pindah ke unsia ga ya?",0,0,88,Pindah Semester Ngulang,0.8604568243026733,49,Ijazahnya Lulus Kan,0.8721045255661011,22,Pindahan Menerima Ut,0.8709105253219604
7571320427297899271,einaafets,"Oh sori, baru mau ya.. Gk bs ka pindah, ulang smt 1 palingan",0,0,88,Pindah Semester Ngulang,0.8173811435699463,34,Daftar Tinggal Baru,0.8086033463478088,91,Ulang Bayar Isi,0.8033640384674072
7571323168771965713,keulbra,"oh i see, okei makasi ka info nya",0,0,35,Infonya Terima Kasih,0.9089651107788086,98,Terima Kasih Murid,0.8157482743263245,94,Ditunggu Tunggu Wah,0.7867262363433838
7571320320389792519,einaafets,"Sebenarnya bisa kak.. Cuma waktu itu aku bantuin pindahan ut 3 org, ditolak.. Nilai nya ad di bwh c dan sks tdk mencukupi utk ke unsia, paling kalo ditolak gt diarahkan utk ke jalur reguler yaaa😉",0,0,22,Pindahan Menerima Ut,0.7772222757339478,46,Ut Pengin Bidang,0.8552801012992859,21,Malam Shift Begitu,0.827704906463623
7571350391003333394,boppppp08,"kalau lulus dari situ cara ambil ijazah nya gimna kak, kalau kita di pulau Kalimantan tuh cara ambilnya gimna kak",1,0,49,Ijazahnya Lulus Kan,0.8617022037506104,5,Kerja Negeri Kuliah,0.7856967449188232,21,Malam Shift Begitu,0.7817422151565552
7593024532936803093,d1l4hh236,ka apa pas wisuda di unsia itu ada kuota batasan nya atau semua mahasiswa yang pengen wisuda offline itu bakal bisa ikut semua?,0,1,21,Malam Shift Begitu,0.8543205857276917,49,Ijazahnya Lulus Kan,0.8417009115219116,71,Wisuda Uts Uas,0.8173887729644775
7593432800565936904,dwiandika___0,ikut nanyk ka🙏🏻,0,0,24,Ayo Ikutt Ikut,0.8426099419593811,117,Boleh Bolehhh Dong,0.8037134408950806,135,Infoin Mau Lantang,0.798183262348175
7570015349397422866,yourangl,transfer mahasiswa dari UT bisa ga kak?,0,6,22,Pindahan Menerima Ut,0.8790459632873535,76,Paket Ijazah Sih,0.8141763806343079,39,Beasiswa Kkn Program,0.8111401796340942
7570333464491279111,avocadochoco7,"WKWKW Kak pasti lelag banget ya di Ut, tugas sekarang ga ngotak banget😭",6,0,57,Nilai Sesi Sabar,0.857653021812439,59,Tugas Numpuk Tugasnya,0.8120435476303101,46,Ut Pengin Bidang,0.7782712578773499
7570336967901086471,yourangl,WKKWKW ASLI PDHL MASIH MABA KAK 😭,0,0,31,Kapan Pendaftarannya Gelombang,0.5901359915733337,38,Ih Maba Grupnya,0.737545371055603,57,Nilai Sesi Sabar,0.7160414457321167
7570349128745485074,avocadochoco7,"kwkw saya baru masuk smt 2 hihi udh lelah juga sm. tugas, mana kerjaan numpuk",2,0,57,Nilai Sesi Sabar,0.819881796836853,59,Tugas Numpuk Tugasnya,0.7714856266975403,46,Ut Pengin Bidang,0.7174780964851379
7572029572029596423,quceeng,"bisa kak, nanti lewat jalur konversi dan ada matkul yg bisa diakui jadi ga ngulang dari awal",0,0,12,Konversi Jalur Melalui,0.7481371760368347,21,Malam Shift Begitu,0.7694796919822693,76,Paket Ijazah Sih,0.7687544226646423
7571759748979393288,pppicaaa_,"kak? maaf mau tanya, secapek itu ya di ut?😭",0,0,120,Tanya Non S2Nya,0.8499487042427063,8,Tanya Bertanya Chat,0.8393383026123047,49,Ijazahnya Lulus Kan,0.7865394353866577
7570143276533351176,einaafets,"Bisakak, udh smt brp skrg? Ada nilai c-?",0,0,57,Nilai Sesi Sabar,0.7514165639877319,76,Paket Ijazah Sih,0.7801955938339233,65,Angkatan Berapa Kira,0.7762082815170288
7580581749249426177,lindaxd_75,3 juta itu persemester kan kak?,0,0,1,Dicicil 3Jt Hanya,0.8068138957023621,65,Angkatan Berapa Kira,0.7736163139343262,18,Berapa Biaya Bayar,0.77304607629776
7569979135314592530,zzara75,"kalo kuliah nya online trus klo wisudanya""online atau ofline?? seandainya kita mau wisuda ofline apakah bisa?",0,2,21,Malam Shift Begitu,0.8581638336181641,7,Offline Ujiannya Online,0.8240348696708679,49,Ijazahnya Lulus Kan,0.8121797442436218
7570142837360378631,einaafets,Bs pilih antara itu ka,0,0,87,Hihi Jugakk Wakty,0.7680306434631348,135,Infoin Mau Lantang,0.7448551654815674,108,Offline Onsite Onnline,0.7367956638336182
7569857061116379912,kpaknshi,"ini kalo mau tanya tanya dulu kemana yaa,aku mau bangett tapi masi takut klo tiba² disuruh ke kampus huhuu😔",1,6,59,Tugas Numpuk Tugasnya,0.8104198575019836,57,Nilai Sesi Sabar,0.7898100018501282,46,Ut Pengin Bidang,0.7894421815872192
7569924624994304776,einaafets,Gak perlu kok ka 100% online😉,1,0,102,100 Fully Bk,0.7163511514663696,108,Offline Onsite Onnline,0.7510455846786499,64,Full Online Serba,0.7229362726211548
7570063084137431816,kpaknshi,"jadi kalo tiba² ada acara itu ttp online ya kak,mungkin kekampus pas wisuda aja gitu?",0,0,128,Main Kampusnya Kekampus,0.784470796585083,71,Wisuda Uts Uas,0.8347268104553223,21,Malam Shift Begitu,0.8306796550750732
7570142789158077191,einaafets,Wisuda jg bisa online kakk😁,0,0,7,Offline Ujiannya Online,0.8652184009552002,108,Offline Onsite Onnline,0.8971883058547974,112,Ujian Tes Online,0.8725640177726746
7570221792628507399,kpaknshi,"oalahh gituu,kalo untuk materi itu ada kya zoom/langsung dikasih aja",0,0,7,Offline Ujiannya Online,0.6458317041397095,93,Jujur Review Kata,0.7454269528388977,59,Tugas Numpuk Tugasnya,0.6907268762588501
7570222702653686535,einaafets,"Materi file dikasih di LMS ka, kl zoom lain lagii",0,0,7,Offline Ujiannya Online,0.7463433742523193,115,Full Fisik Diunsia,0.7465606927871704,76,Paket Ijazah Sih,0.742804765701294
7569907556698473234,ikutikutan,Halo kak cek dm yaaa!!🥰,0,0,23,Dm Cek Izin,0.9078766107559204,60,Admin Dm Boleh,0.8966180086135864,36,Dm Admin Detailnya,0.8716092109680176
7570306320764093185,_ancala_,Dari ut smt 3 bisa va lanjut disitu,0,4,65,Angkatan Berapa Kira,0.6674271821975708,22,Pindahan Menerima Ut,0.758057177066803,30,Korea Degree Min,0.7462553977966309
7597491011632415508,unithefirst,"aku di UT aman tuh, enjoy aja, jelas lebih oke dibandingkan kampus ini, baru denger aku,",0,0,81,Iya Oke Orang,0.6152348518371582,59,Tugas Numpuk Tugasnya,0.7484927177429199,132,Mending Ptnbh Alumni,0.7438905239105225
7574068606884217620,prstyoagng_,bnyk bngt yg pgn out dari UT kak knp emngnya😭?,0,0,22,Pindahan Menerima Ut,0.761073112487793,46,Ut Pengin Bidang,0.810651957988739,57,Nilai Sesi Sabar,0.7922856211662292
7570366828573623047,ikutikutan,Bisa kak hihi,0,0,87,Hihi Jugakk Wakty,0.9479846954345703,53,Dong Kayaknya Banget,0.9036446809768677,135,Infoin Mau Lantang,0.8603214621543884
7584756176174220033,yuda..03,di unsia ada jurusan pendidikan bhs inggris?,0,2,0,Jurusan Teknik Inggris,0.7832268476486206,42,Jurusan Ekonomi Hukum,0.7810912132263184,30,Korea Degree Min,0.7627103328704834
7584839173127963410,lightverain,"sejauh ini prodinya baru ada akuntansi, ilkom, manajemen, informatika kak",2,0,63,Informasi Informatika Akuntansi,0.8013824224472046,136,Yaitu Akuntansi Terdapat,0.7899503707885742,0,Jurusan Teknik Inggris,0.7553586363792419
7584937692178580241,yuda..03,thnkyou ka,0,0,92,Samaaa Sama Konveksi,0.7702114582061768,26,Adek Duluan Nurul,0.7908434867858887,98,Terima Kasih Murid,0.7691735029220581
7579811856111321863,ranirhy23_,Ini pendaftarannya mulai-sampai kapan?,0,3,31,Kapan Pendaftarannya Gelombang,0.8134799599647522,78,Kapan Min Gel,0.793604850769043,89,Tanggal Gelombang Bulan,0.7919661998748779
7579844269553566471,univsiberasia,"Hi Kak, saat ini UNSIA masih membuka pendaftaran mahasiswa baru lho🤩",1,0,54,Membuka Lho Mahasiswa,0.9815946221351624,66,Dibuka Mahasiswa Baru,0.9320887327194214,67,Program Belum Dibuka,0.8557634353637695
7579850751687787284,boysafterrocky,"saya udh ikut test seleksi,, hasilnya brp lama ya kak??",0,0,106,Hasil Seleksi Pengumuman,0.9030141830444336,91,Ulang Bayar Isi,0.7892286777496338,33,Bagaimana Wisudanya Tes,0.78679358959198
7581028253868655378,cie.s.mp,aku mau ka,0,0,135,Infoin Mau Lantang,0.8876376152038574,117,Boleh Bolehhh Dong,0.8359059691429138,24,Ayo Ikutt Ikut,0.831484317779541
7575135248984949525,.ywdiyha,unsia itu dimana kak,0,1,6,Dimana Daerah Mana,0.8864554166793823,74,Akreditasinya Asia Siber,0.8151336908340454,9,Kip Unsia Diterima,0.8088974952697754
7577989728893633298,quceeng,"daerah ragunan, jakarta selatan kak",0,0,110,Jakarta Selatan Ragunan,0.7821179628372192,6,Dimana Daerah Mana,0.5104101300239563,128,Main Kampusnya Kekampus,0.4588620364665985
7583630599743816456,sepbukansef,Biaya sampe kuliah berapa min?,0,0,18,Berapa Biaya Bayar,0.8670676946640015,77,Per Berapa Semester,0.8577441573143005,99,Biayanya Biaya Berapa,0.8097485899925232
7578880649366192903,bakmieyamien168,"Usia sudah 40 tahun an, apakah bisa masuk ? Dulu pernah kuliah cuma tidak selesai.",0,1,100,Umur Usia Irt,0.8525959253311157,5,Kerja Negeri Kuliah,0.7666460871696472,49,Ijazahnya Lulus Kan,0.7579729557037354
7588885298898305799,bakmieyamien168,"Terimakasih, saya jadi semangat kembali kuliah.",1,0,25,Amin Selalu Semangat,0.7982156276702881,55,Sukses Selalu Sehat,0.7659076452255249,113,Semangat Wah Berpikir,0.7321885824203491
7568843301044044552,iniiii_leo,"min syarat kuliah cepat 3,5 tahun apa aja ya? mudah ga capainya?",1,3,119,Teman Syarat Magang,0.8231741189956665,49,Ijazahnya Lulus Kan,0.7777025699615479,100,Umur Usia Irt,0.7771344184875488
7569136821638103816,univsiberasia,"Halo Kakak, gampang lho, tidak pernah absen, tidak pernah cuti, aktif di dalam kelas, dan rajin mengerjakan tugas ya Kakak",3,0,59,Tugas Numpuk Tugasnya,0.6832257509231567,86,Darimana 100 Jadi,0.6956195831298828,57,Nilai Sesi Sabar,0.6505582332611084
7570967546473382664,alleyyy_a,min ada Diploma gak?,0,0,11,Skripsi Sidang Tidak,0.9129352569580078,39,Beasiswa Kkn Program,0.8522822260856628,37,S2 Ada Doktoral,0.8434611558914185
7570971436216763144,univsiberasia,"Hai Kak, saat ini UNSIA hanya ada program S1 nih",0,0,67,Program Belum Dibuka,0.9121057391166687,54,Membuka Lho Mahasiswa,0.8704993724822998,73,Program Dibuka Saat,0.8687052726745605
7634074037736571669,grescly0,ka masuk nya ada tes atau ga?,0,1,33,Bagaimana Wisudanya Tes,0.8328380584716797,7,Offline Ujiannya Online,0.8061197996139526,39,Beasiswa Kkn Program,0.8014186024665833
7634400394555360018,univsiberasia,"Hi Ka, ada test CBT yaa🤗",0,0,15,Hi Halo Dong,0.8315702676773071,120,Tanya Non S2Nya,0.7966733574867249,60,Admin Dm Boleh,0.787541389465332
7568809927121945352,dndstaysh,daftar nya di web mna si?,3,2,52,Web Lewat Kemana,0.8636021614074707,6,Dimana Daerah Mana,0.7927370071411133,17,Cara Daftarnya Bagaimana,0.7706760168075562
7568832266760471303,dndstaysh,makasih banyak kak,0,0,98,Terima Kasih Murid,0.956830620765686,35,Infonya Terima Kasih,0.8522955179214478,25,Amin Selalu Semangat,0.7936094999313354
7568826141961159432,einaafets,Pmb.unsia.ac.id d sni ka,0,0,56,Universitas Siber Asia,0.8168135285377502,9,Kip Unsia Diterima,0.7846209406852722,2,Website Id Ac,0.7824909090995789
7569983887373026064,nisafbr8,kak ada skripsian? kl ada via zoom atau gmn?,0,1,21,Malam Shift Begitu,0.8039377927780151,120,Tanya Non S2Nya,0.8290143609046936,39,Beasiswa Kkn Program,0.8174533843994141
7571310140277523208,univsiberasia,"Hi hi Kakak, betul Ka. Nanti tugas akhirnya ada skripsi ya😊 dan dilaksanakannya secara online",0,0,58,Tugas Akhir Skripsi,0.849198043346405,71,Wisuda Uts Uas,0.8051377534866333,96,Secara Dilaksanakan Hybrid,0.7963585257530212
7608793075200525077,stranger_0986,ka ini full daring???,0,1,64,Full Online Serba,0.8396735191345215,51,Open Otw Pkl,0.8000879883766174,38,Ih Maba Grupnya,0.7679523229598999
7608954032945906439,univsiberasia,Betul banget Kak🤗,0,0,48,Betul Banget Lucu,0.9549473524093628,81,Iya Oke Orang,0.7953817844390869,53,Dong Kayaknya Banget,0.769283652305603
7570979360922157842,nhana_okt,disini ada maba akuntansi gakk berteman hayuuu,0,5,63,Informasi Informatika Akuntansi,0.5258007645606995,27,Join Grup Yuk,0.7366888523101807,38,Ih Maba Grupnya,0.6967882513999939
7584014639529378578,nhana_okt,hayukk,0,0,24,Ayo Ikutt Ikut,0.8019922971725464,19,Com Nice Https,0.7723575830459595,131,Next Up Gass,0.7648954391479492
7581004294086984455,hi_kindredkits,"hi kak yukk, aku baru daftar nih 😇",0,0,34,Daftar Tinggal Baru,0.8381277322769165,15,Hi Halo Dong,0.8426190614700317,79,Daftar Sudah Kamu,0.8331917524337769
7574710020694065938,nhana_okt,"iya Kaka,aku baru daftar bulan ini tinggal nunggu nim",0,0,34,Daftar Tinggal Baru,0.8783156275749207,79,Daftar Sudah Kamu,0.8212370872497559,10,Maret April Bulan,0.7756267786026001
7574656320969245461,elisapriana,kak kamu kuliah di unsia prodi akuntansi?,0,0,9,Kip Unsia Diterima,0.8350859880447388,0,Jurusan Teknik Inggris,0.8003082871437073,30,Korea Degree Min,0.7958716154098511
7571309855894422290,univsiberasia,Yuk yuk kumpul maba akuntansi🤗,0,0,27,Join Grup Yuk,0.7100600004196167,111,Alhamdulillah Keluarga Bagian,0.6457764506340027,96,Secara Dilaksanakan Hybrid,0.6168577671051025
7587731808784253712,ferianggarzm,kak untuk luar negeri bisa daftar?,0,1,22,Pindahan Menerima Ut,0.8219395875930786,47,Daftar Gelombang Januari,0.7986215353012085,76,Paket Ijazah Sih,0.790255069732666
7587742655959728914,univsiberasia,Bisa banget dong Kakak karena UNSIA 100# full online🤩,0,0,44,100 Learning Fully,0.9145374894142151,86,Darimana 100 Jadi,0.821136474609375,115,Full Fisik Diunsia,0.8098958134651184
7588439334492685076,haurqisyamart,kak buka pendaftarannya kapan?,0,3,31,Kapan Pendaftarannya Gelombang,0.9486027956008911,3,Buka Pendaftaran Masih,0.9020063877105713,78,Kapan Min Gel,0.8937357664108276
7588821793138475794,univsiberasia,Akhir Februari 2026 ya Kak,0,0,10,Maret April Bulan,0.7982428669929504,89,Tanggal Gelombang Bulan,0.7517492771148682,118,Desember Baca Depan,0.7424828410148621
7588806902130508565,haurqisyamart,batas terakhir pendaftaran kpn kak?,0,0,31,Kapan Pendaftarannya Gelombang,0.9130122661590576,78,Kapan Min Gel,0.840250551700592,89,Tanggal Gelombang Bulan,0.8218215107917786
7588781604555965191,univsiberasia,"Hi Kak, saat ini sudah dibuka lho pendaftaran mahasiswa baru di UNSIA 🤩",0,0,66,Dibuka Mahasiswa Baru,0.9508915543556213,54,Membuka Lho Mahasiswa,0.9331838488578796,67,Program Belum Dibuka,0.8434958457946777
7573368642948580116,ardiyani0712,ada jurusun fisip gk sih?,0,0,11,Skripsi Sidang Tidak,0.8677741289138794,39,Beasiswa Kkn Program,0.8174214363098145,104,Aman Unas Ciber,0.8011854887008667
7583720403378963218,yuga_baex,unsia ada jurusan apa aja kak,0,0,16,Apa Saja Jurusan,0.9216626882553101,0,Jurusan Teknik Inggris,0.8651189208030701,84,Ngambil Ambil Apa,0.8451619744300842
7589341484035425032,julia170507,cara daftar nya gimana,0,1,107,Daftarnya Cara Bagaimana,0.9562478065490723,17,Cara Daftarnya Bagaimana,0.8926596641540527,127,Caranya Kuliahnya Bagaimana,0.8067342042922974
7589494757886558994,univsiberasia,"Kakak bisa langsung daftar sekarang di pmb.unsia.ac.id, pilih jurusan favorit, dan mulai kuliah online fleksibel dari mana aja🤩",0,0,83,Pilih Favorit Mulai,0.9858773946762085,101,Favorit Pilih Fleksibel,0.9645260572433472,2,Website Id Ac,0.8257429599761963
7569821956746281744,onlysellyne,kakk kalo misalnyaa di padang tapi mau ke unsia apaa ada ke kampusnyaa atau semuaanyaa full online?,0,1,64,Full Online Serba,0.6987016201019287,49,Ijazahnya Lulus Kan,0.8781836032867432,21,Malam Shift Begitu,0.8575471639633179
7569924455239385863,einaafets,"Ada kampusnya kak di jakarta selatan. Tp ga perlu ke kampus kok, tp kl mau main2 bole bgt",0,0,128,Main Kampusnya Kekampus,0.8171286582946777,5,Kerja Negeri Kuliah,0.7348315119743347,21,Malam Shift Begitu,0.7335438132286072
7586951350032139026,velaa_aa,"kak caranya daftar gimana si?, kalo lulusan 2026 pilih yang mana?",0,0,79,Daftar Sudah Kamu,0.7699031829833984,49,Ijazahnya Lulus Kan,0.8576672077178955,17,Cara Daftarnya Bagaimana,0.8539663553237915
7577795200992183048,nestivego,informatika tuh teknik masuknya tek ik kan ya?,0,0,0,Jurusan Teknik Inggris,0.7245370149612427,132,Mending Ptnbh Alumni,0.7263645529747009,104,Aman Unas Ciber,0.7080097198486328
7594749731852485377,xzy.728,February ada buka pendaftaran lagi gak ya?,0,2,3,Buka Pendaftaran Masih,0.9061216115951538,47,Daftar Gelombang Januari,0.8650681376457214,78,Kapan Min Gel,0.859565794467926
7594839854517945106,univsiberasia,Masih ya Kak☺️,2,0,43,Belum Huhu Nih,0.8928513526916504,135,Infoin Mau Lantang,0.8515914678573608,51,Open Otw Pkl,0.8508404493331909
7595467820365103893,vanidanurul7,Alhamdulillah,0,0,129,Bismillah Bismillahirrahmanirrahim Sticker,0.7702207565307617,131,Next Up Gass,0.7713144421577454,105,Swasta Oktober Situ,0.7481261491775513
7587444356652352274,journalofgrey,kalo misal jadwal uts atau uas nya bentrok apakah bisa d ganti hari lain?,1,1,21,Malam Shift Begitu,0.8027012944221497,123,Jam Kelas Karyawan,0.7802352905273438,7,Offline Ujiannya Online,0.7373267412185669
7588850101985428245,einaafets,"Kak, di unsia jadwal uts&uas gada kata bentrok 😁krn diberi tenggat waktu 2 minggu ya😁 bukan yg harus hadir kok",0,0,21,Malam Shift Begitu,0.8187302947044373,71,Wisuda Uts Uas,0.7965055704116821,59,Tugas Numpuk Tugasnya,0.7631118893623352
7576616297648521992,bagas.rokim,kak aslin full online smuanya kan???,0,3,64,Full Online Serba,0.8611299991607666,7,Offline Ujiannya Online,0.8255795240402222,108,Offline Onsite Onnline,0.8254503011703491
7576672698396705554,univsiberasia,"Asli dong, 100% full online lho ka🤩",0,0,102,100 Fully Bk,0.7652076482772827,64,Full Online Serba,0.8094422817230225,108,Offline Onsite Onnline,0.7785769104957581
7599148852263830293,an_nissaaaa,tapi kalo semisal pengen ke kampus bisa gak sih ya kak?🙏,0,0,128,Main Kampusnya Kekampus,0.8755496144294739,76,Paket Ijazah Sih,0.8347170948982239,22,Pindahan Menerima Ut,0.8250114321708679
7599152794377978631,univsiberasia,"Bisa banget dong Kak, nanti mimin temenin campus tour🤩",1,0,27,Join Grup Yuk,0.8185607194900513,116,Ig Akun Sering,0.7808126211166382,34,Daftar Tinggal Baru,0.7793660163879395
7582416456861942546,ansvt_123,ini kalo mau nanya² info kemana ya?,0,1,52,Web Lewat Kemana,0.8124294877052307,8,Tanya Bertanya Chat,0.7729330062866211,6,Dimana Daerah Mana,0.7375257015228271
7582442128899392274,univsiberasia,"Hi Kak, ke mimin juga boleh, DM saja ya Kak🤗",0,0,60,Admin Dm Boleh,0.940177857875824,36,Dm Admin Detailnya,0.9045170545578003,23,Dm Cek Izin,0.8574451804161072
7569205631757910791,renaaas16,kak tanggal 7 tuh gelombang pertama?,0,3,89,Tanggal Gelombang Bulan,0.7992501258850098,118,Desember Baca Depan,0.7407963275909424,10,Maret April Bulan,0.7380270957946777
7570668098493301512,renaaas16,mau dong kak,1,0,135,Infoin Mau Lantang,0.9063096642494202,117,Boleh Bolehhh Dong,0.899944543838501,53,Dong Kayaknya Banget,0.8653156161308289
7569498612738523911,einaafets,Betul kakk,0,0,48,Betul Banget Lucu,0.909211277961731,75,Iya Iyapp Introvert,0.8113025426864624,81,Iya Oke Orang,0.8032032251358032
7569293132152914695,ikutikutan,Hai kak boleh dm aku yaa untuk dibimbing 🥰,0,0,60,Admin Dm Boleh,0.9186489582061768,36,Dm Admin Detailnya,0.8763158321380615,23,Dm Cek Izin,0.858013391494751
7569082892337562376,bossl3r,hukum ada ga min?,0,1,11,Skripsi Sidang Tidak,0.8591654300689697,45,Enggak Ribet Fh,0.7476298809051514,114,S2 Lita Anis,0.7224940061569214
7569137025773814546,univsiberasia,"Halo Kakak, saat ini di UNSIA memiliki 5 prodi yaitu akuntansi, komunikasi, manajemen, sistem informasi, dan informatika",0,0,136,Yaitu Akuntansi Terdapat,0.9657436013221741,63,Informasi Informatika Akuntansi,0.9043695330619812,67,Program Belum Dibuka,0.71358323097229
7588752762613285640,araazah6,kak apasih yang dimaksud rpl itu😭,0,1,134,Pjj Akre Industri,0.7653252482414246,39,Beasiswa Kkn Program,0.6399458050727844,68,Rpl Pengalaman Jalur,0.6391575336456299
7588784312134058760,rendigunawan6409,rekognisi pembelajaran lampau,0,0,30,Korea Degree Min,0.37363767623901367,102,100 Fully Bk,0.5519997477531433,90,Binus Adsfort Harga,0.514707088470459
7583654502227149575,byvenizelyanda,"kak aku udah semester 5 di UT, klau aku daftar di Unsia, itu bisa langsung lanjut atau harus ulang dari smt 1 lagi kak?",0,3,88,Pindah Semester Ngulang,0.8540530204772949,49,Ijazahnya Lulus Kan,0.8901352882385254,46,Ut Pengin Bidang,0.8456565141677856
7583662961428955912,univsiberasia,Betul Kakak,0,0,48,Betul Banget Lucu,0.8665810823440552,75,Iya Iyapp Introvert,0.8099590539932251,26,Adek Duluan Nurul,0.7934703826904297
7583655085314786056,byvenizelyanda,berarti bisa langsung lanjut ya kak?,0,0,47,Daftar Gelombang Januari,0.7975349426269531,60,Admin Dm Boleh,0.804958701133728,108,Offline Onsite Onnline,0.7934026718139648
7583654871364846343,univsiberasia,"Hi Kakak, bisa lanjut melalui jalur konversi ya 🤗",0,0,12,Konversi Jalur Melalui,0.916684627532959,36,Dm Admin Detailnya,0.8001370429992676,22,Pindahan Menerima Ut,0.7617823481559753
7576507956604715784,dps.dian,spill harga,0,2,90,Binus Adsfort Harga,0.7667107582092285,105,Swasta Oktober Situ,0.6948641538619995,125,Gratis Tersedia Pesan,0.6922281384468079
7578855625201238802,univsiberasia,"Hi Kak, UKTnya di UNSIA hanya 3jt saja lho🤩",0,0,1,Dicicil 3Jt Hanya,0.8449342250823975,67,Program Belum Dibuka,0.7986724376678467,30,Korea Degree Min,0.771353006362915
7589957023990285073,lukman_gansz,kalo jurusan manajemen brpa ka,0,0,16,Apa Saja Jurusan,0.8853490352630615,77,Per Berapa Semester,0.8621902465820312,0,Jurusan Teknik Inggris,0.8564831614494324
7578375217727652626,saripohaci7,ada S2 gak ka,0,2,37,S2 Ada Doktoral,0.9794747829437256,50,S2 Pendidikan Hukum,0.8963500261306763,39,Beasiswa Kkn Program,0.8925225138664246
7578857855429772050,saripohaci7,tahun depan dibuka ka hehehe,0,0,118,Desember Baca Depan,0.8657983541488647,10,Maret April Bulan,0.8035848140716553,3,Buka Pendaftaran Masih,0.7973012924194336
7578855507248743186,univsiberasia,"Hi Kak, untuk program S2 di UNSIA belum dibuka nih",0,0,67,Program Belum Dibuka,0.9608235359191895,73,Program Dibuka Saat,0.9218341112136841,66,Dibuka Mahasiswa Baru,0.8556796312332153
7568810303845073672,cutediyahh,pendaftarannya kapan ka?,0,2,31,Kapan Pendaftarannya Gelombang,0.9496240019798279,78,Kapan Min Gel,0.8614171147346497,3,Buka Pendaftaran Masih,0.8609433174133301
7568826216741683975,einaafets,"Bln ini ka, pantengin ajaa😉",0,0,118,Desember Baca Depan,0.8002658486366272,34,Daftar Tinggal Baru,0.7259889841079712,135,Infoin Mau Lantang,0.7007385492324829
7569441053645931280,odeeunoia,cara daftar nya gimana,0,2,107,Daftarnya Cara Bagaimana,0.9562478065490723,17,Cara Daftarnya Bagaimana,0.8926596641540527,127,Caranya Kuliahnya Bagaimana,0.8067342042922974
7570971836323873544,univsiberasia,"Halo Kakak, Untuk pendaftaran bisa langsung ke website resmi UNSIA ya, pmb.unsia.ac.id",0,0,2,Website Id Ac,0.9421888589859009,101,Favorit Pilih Fleksibel,0.8429732918739319,83,Pilih Favorit Mulai,0.8058416843414307
7569498348325061394,einaafets,Di sini ka pmb.unsia.ac.id,0,0,56,Universitas Siber Asia,0.8196764588356018,2,Website Id Ac,0.83419269323349,83,Pilih Favorit Mulai,0.763388454914093
7587731819349967617,ferianggarzm,cara daftar nya gimana ya,2,5,17,Cara Daftarnya Bagaimana,0.9520089626312256,107,Daftarnya Cara Bagaimana,0.9148773550987244,52,Web Lewat Kemana,0.8390998840332031
7588124057909101333,einaafets,Maret kak,0,0,10,Maret April Bulan,0.6351869106292725,26,Adek Duluan Nurul,0.8614107370376587,105,Swasta Oktober Situ,0.8073859214782715
7588109912128914183,univsiberasia,Masih bisa mendaftar ya Kak☺️,0,0,47,Daftar Gelombang Januari,0.8545607924461365,3,Buka Pendaftaran Masih,0.8475325107574463,79,Daftar Sudah Kamu,0.8110774159431458
7587973843496551188,lanlanerlangga,Januari masih bisa daftar?,0,0,47,Daftar Gelombang Januari,0.8443093299865723,3,Buka Pendaftaran Masih,0.7726601362228394,79,Daftar Sudah Kamu,0.7387797832489014
7587750370206565128,bilqiscayaa,pendaftaran tutup bulan apa ya kak?,0,0,89,Tanggal Gelombang Bulan,0.9166551828384399,31,Kapan Pendaftarannya Gelombang,0.8973424434661865,3,Buka Pendaftaran Masih,0.869972825050354
7587745536787415826,univsiberasia,"Kakak bisa langsung daftar sekarang di pmb.unsia.ac.id, pilih jurusan favorit, dan mulai kuliah online fleksibel dari mana aja🤗",0,0,83,Pilih Favorit Mulai,0.9858773946762085,101,Favorit Pilih Fleksibel,0.9645260572433472,2,Website Id Ac,0.8257429599761963
7595091432836530962,zaheirr_,info grup prodi manajement ges,0,0,27,Join Grup Yuk,0.46535396575927734,63,Informasi Informatika Akuntansi,0.7229050397872925,42,Jurusan Ekonomi Hukum,0.6756408214569092
7597388285909172999,mutiaullia,pendaftaran nya sampai kapan ka,0,0,31,Kapan Pendaftarannya Gelombang,0.9555121660232544,78,Kapan Min Gel,0.8780384659767151,89,Tanggal Gelombang Bulan,0.8732562065124512
7582104570755826439,hennnn998,Min apakah unsia ini bisa untuk syarat pengajuan WHV aussie kah?,0,0,30,Korea Degree Min,0.7743759155273438,22,Pindahan Menerima Ut,0.7737395763397217,120,Tanya Non S2Nya,0.7531406879425049
7575309654251553554,orix8fhjm,lulusan dari unsia bisa daftar whv gk sih?,0,0,30,Korea Degree Min,0.8985996842384338,22,Pindahan Menerima Ut,0.8673063516616821,74,Akreditasinya Asia Siber,0.8327841758728027
7601405868018975504,reddvelvett_00,nyesel masuk ut pls knp ga dari dulu kesini😭,0,0,46,Ut Pengin Bidang,0.7072334289550781,88,Pindah Semester Ngulang,0.7177721261978149,132,Mending Ptnbh Alumni,0.714515745639801
7582030515471041287,semangatberproses0,ada s2,0,0,114,S2 Lita Anis,0.9180586338043213,80,S2 S2Nya Nya,0.8583648204803467,42,Jurusan Ekonomi Hukum,0.7985875606536865
7592628718804681479,keeyyfey,unsia ini pembelajarannya full bahasa inggris kah?,0,0,30,Korea Degree Min,0.8386621475219727,74,Akreditasinya Asia Siber,0.8046795129776001,7,Offline Ujiannya Online,0.7841561436653137
7570176178427249416,nhana_okt,gaess ada yang udah daftar gelombang 1 belum? pada bisa login cbt gak si??,0,0,47,Daftar Gelombang Januari,0.8252010345458984,91,Ulang Bayar Isi,0.7923659682273865,76,Paket Ijazah Sih,0.7757630944252014
7580337992074576648,ini.pitrii_,"aku bingung antara UT sma unsia, liat review mahasiswa UT ngeluh banyak tugas akhirnya aku Daftar ksini, menyesuaikan kapasitas diri aja cari aman soalnya kerja full-time 😭",24,6,59,Tugas Numpuk Tugasnya,0.8585865497589111,46,Ut Pengin Bidang,0.8218980431556702,57,Nilai Sesi Sabar,0.7889541387557983
7581003480521982738,hi_kindredkits,"aku jd ambil unsia kak, karena pertimbangan lama antara ut atau kelas malam kampus di kota aku, tp akhirnya daftar unsia, tinggal nunggu daftar ulang",1,0,46,Ut Pengin Bidang,0.8311108350753784,88,Pindah Semester Ngulang,0.7714555263519287,49,Ijazahnya Lulus Kan,0.7700755596160889
7581003775462589202,ini.pitrii_,"ih sama ka, kka prodi apa ?",0,0,84,Ngambil Ambil Apa,0.7279624342918396,38,Ih Maba Grupnya,0.8147682547569275,92,Samaaa Sama Konveksi,0.7790089845657349
7581003921897554696,hi_kindredkits,"akuntansi kak sejalan sm jurusan pas smk, sama kerja jg di bidang yg sama😇",2,0,46,Ut Pengin Bidang,0.7453751564025879,132,Mending Ptnbh Alumni,0.7048394680023193,85,Umur Muda Batasan,0.7047545909881592
7584244594259542805,qaxaxa,jadi mulai kuliah nya 2026 ya kak?,0,0,10,Maret April Bulan,0.8309030532836914,89,Tanggal Gelombang Bulan,0.7969611883163452,65,Angkatan Berapa Kira,0.7932506799697876
7634400847683175188,grescly0,susah ga ka tes di unsia nya?,0,0,33,Bagaimana Wisudanya Tes,0.8191255927085876,30,Korea Degree Min,0.8354465365409851,9,Kip Unsia Diterima,0.8168245553970337
7589635298910847761,elsanindiaa,"Kk kamu full time kerja,terus kuliah nya jam brpa kak zoom nya",0,0,123,Jam Kelas Karyawan,0.8242087364196777,21,Malam Shift Begitu,0.7822169065475464,65,Angkatan Berapa Kira,0.7580925226211548
7581804930810250002,ansvt_123,Januari masih bisa daftar gak sih?,0,1,47,Daftar Gelombang Januari,0.915751576423645,3,Buka Pendaftaran Masih,0.8464975357055664,76,Paket Ijazah Sih,0.8215607404708862
7581821651156304648,univsiberasia,BISA BANGET KAKAK🤩,0,0,53,Dong Kayaknya Banget,0.9485755562782288,87,Hihi Jugakk Wakty,0.875287652015686,135,Infoin Mau Lantang,0.8392045497894287
7590708600843748104,im_mickey95,kk udh buka untuk 2026 blm ya,0,0,3,Buka Pendaftaran Masih,0.8459044098854065,47,Daftar Gelombang Januari,0.8122624158859253,79,Daftar Sudah Kamu,0.7872539758682251
7570182681653297928,lunelora,😭,1,0,32,Merdeka Di ,0.99981689453125,13,  ,1.0,61,  ,1.0
7583277192503870226,dsn047,🥰,0,0,29,Menyimak Nyimakkk Ut,0.9959731698036194,13,  ,1.0,61,  ,1.0
7584271773459317512,dmydawn,mau tanya tanya hrs chat siapa,0,0,8,Tanya Bertanya Chat,0.8052988052368164,52,Web Lewat Kemana,0.7499799728393555,108,Offline Onsite Onnline,0.689128041267395
7589209488172319509,carot_family,S2 full online ada ga kak?,0,0,37,S2 Ada Doktoral,0.9310601949691772,39,Beasiswa Kkn Program,0.8629201650619507,30,Korea Degree Min,0.8626919388771057
7514966570003923720,38hisb98,Ini UNSIA indonesia kak?,0,2,9,Kip Unsia Diterima,0.8009330034255981,56,Universitas Siber Asia,0.8006452918052673,104,Aman Unas Ciber,0.7883691191673279
7515336480585253639,univsiberasia,"Halo Kak, betul. Kampus UNSIA terletak di Jl. Harsono RM No.1, RT.5/RW.7, Ragunan, Kec. Ps. Minggu, Kota Jakarta Selatan, Daerah Khusus Ibukota Jakarta 12540, Indonesia🤗",0,0,110,Jakarta Selatan Ragunan,0.8863847851753235,136,Yaitu Akuntansi Terdapat,0.518015444278717,63,Informasi Informatika Akuntansi,0.49009039998054504
7569991893292811024,daaa370,kalau yg di luar kota Jakarta kalau misalkan mau wisuda Brarti harus ke jakarta yahh kak?,0,0,110,Jakarta Selatan Ragunan,0.6314269304275513,128,Main Kampusnya Kekampus,0.7963182926177979,49,Ijazahnya Lulus Kan,0.7793906927108765
7515338912072909575,doratheexplorer958,"Hai kak, kalau ujiannya online juga kah ?",0,1,7,Offline Ujiannya Online,0.8681780099868774,112,Ujian Tes Online,0.8662682771682739,33,Bagaimana Wisudanya Tes,0.8148589730262756
7515342390284452626,univsiberasia,"Halo Kak, betul sekali. UNSIA 100% full online learning🤗",0,0,44,100 Learning Fully,0.9219794273376465,86,Darimana 100 Jadi,0.7489186525344849,58,Tugas Akhir Skripsi,0.7261092662811279
7517662930734416658,hi.paupaw,Ada jurusan teknik elektronya gak min ? Makasih🤗,0,0,0,Jurusan Teknik Inggris,0.8331362009048462,120,Tanya Non S2Nya,0.8532732129096985,119,Teman Syarat Magang,0.818530797958374
7519836136891400978,pokukua,yahhh ko gatau kl ke mlg😭,0,1,43,Belum Huhu Nih,0.6716189384460449,128,Main Kampusnya Kekampus,0.7441741228103638,93,Jujur Review Kata,0.7231074571609497
7520618951656047378,univsiberasia,"Halo Kak,yah Kak;(, supaya tidak ketinggalan informasinya jangan lupa folow sosial media UNSIA ya Kak😊",0,0,2,Website Id Ac,0.7417758703231812,60,Admin Dm Boleh,0.7576766014099121,36,Dm Admin Detailnya,0.73075270652771
7525046616576623376,evyspyy,insyaalloh sebentar lg ikut jd keluarga besar unsia,1,0,111,Alhamdulillah Keluarga Bagian,0.8546503782272339,55,Sukses Selalu Sehat,0.7561951875686646,62,Semoga Allah Doain,0.7551662921905518
7519370147434578696,naz464204,alhamdulillah tahun ini saya juga dri bagian keluarga unsia☺,4,0,111,Alhamdulillah Keluarga Bagian,0.8531051874160767,62,Semoga Allah Doain,0.7066704034805298,9,Kip Unsia Diterima,0.6983777284622192
7516563321522946824,bakulracing87,Alhamdulillah tahun ini jadi bagian keluarga UNSIA,4,0,111,Alhamdulillah Keluarga Bagian,0.9016109704971313,55,Sukses Selalu Sehat,0.744412899017334,62,Semoga Allah Doain,0.7319303750991821
7525542406684082952,ghostab99,🤣,0,0,20,Yes  ,0.999908447265625,13,  ,1.0,61,  ,1.0
7532485017583977223,me.varro,mau punya temen di UNSIA bisa gk yaa,0,1,30,Korea Degree Min,0.8452090620994568,22,Pindahan Menerima Ut,0.8584005236625671,9,Kip Unsia Diterima,0.8180869221687317
7532794396632302344,univsiberasia,"Halo kak, bisa banget dong😊",0,0,15,Hi Halo Dong,0.9373589754104614,53,Dong Kayaknya Banget,0.8190839290618896,35,Infonya Terima Kasih,0.7977511882781982
7514616496938992402,elsateresia05,Medan sekali min🥰🥰,0,1,128,Main Kampusnya Kekampus,0.6324412226676941,26,Adek Duluan Nurul,0.7424710392951965,126,Keren Mukanya Asing,0.7306663990020752
7516509079864574727,univsiberasia,"Halo Kak, ditunggu ya🤩",0,0,94,Ditunggu Tunggu Wah,0.8966907262802124,15,Hi Halo Dong,0.852702260017395,35,Infonya Terima Kasih,0.8183514475822449
7516534815363367701,winifread9,"ada yang maba jurusan ilmu komunikasi,temenan yok🤚",1,3,120,Tanya Non S2Nya,0.668821394443512,132,Mending Ptnbh Alumni,0.729843258857727,0,Jurusan Teknik Inggris,0.7234797477722168
7517571607439999752,geminiec,hallo aku maba ilkom🤚,1,0,103,Ilkom Ieu Balang,0.7736388444900513,38,Ih Maba Grupnya,0.7443589568138123,97,Salam Mantap Kenal,0.7341926097869873
7516814539192337172,winifread9,holla🫡🫡,0,0,19,Com Nice Https,0.8315799236297607,131,Next Up Gass,0.8557693958282471,29,Menyimak Nyimakkk Ut,0.8337478637695312
7516814402085389074,mygr1ls,hallo akuu maba ilkom ☝🏻,0,0,103,Ilkom Ieu Balang,0.7736388444900513,38,Ih Maba Grupnya,0.7443589568138123,97,Salam Mantap Kenal,0.7341926097869873
7516489855791858440,st.m96,kapan ke Tasikmalaya pak/Bu,0,2,97,Salam Mantap Kenal,0.6620473861694336,78,Kapan Min Gel,0.7289372682571411,128,Main Kampusnya Kekampus,0.6929147839546204
7516508671813403410,univsiberasia,"Halo Kak, ditunggu ya🤩",0,0,94,Ditunggu Tunggu Wah,0.8966907262802124,15,Hi Halo Dong,0.852702260017395,35,Infonya Terima Kasih,0.8183514475822449
7516512429044744968,st.m96,baik pak/Bu di tunggu di Tasik,0,0,94,Ditunggu Tunggu Wah,0.7419754862785339,97,Salam Mantap Kenal,0.7160422801971436,35,Infonya Terima Kasih,0.6729499101638794
7517900542166483733,rhmaoktapie,aku baru daftar dan lagi isi biodata tapi bingung masukin kode referral nya😭,0,1,91,Ulang Bayar Isi,0.7882761359214783,34,Daftar Tinggal Baru,0.7122169733047485,57,Nilai Sesi Sabar,0.7071429491043091
7517980581496308487,univsiberasia,"Halo Kakak, jangan bingung ya.. kode referal bisa diisi dengan saat pertama kali Kakak tahu UNSIA dari mana ya, Contohnya Instagram, Tiktok, Website, dari teman atau keluarga, dsb.☺️",0,0,2,Website Id Ac,0.6275280117988586,91,Ulang Bayar Isi,0.6966303586959839,21,Malam Shift Begitu,0.6584967374801636
7519395544503206672,fairyautumn_10,jadwal kuliahnya bisa hari minggu aja gak,0,0,123,Jam Kelas Karyawan,0.8160569667816162,71,Wisuda Uts Uas,0.7655709385871887,7,Offline Ujiannya Online,0.757084846496582
7516532599641522951,usersjsjsbbs,Kak kapan persamaku nya kak,0,0,31,Kapan Pendaftarannya Gelombang,0.8109764456748962,33,Bagaimana Wisudanya Tes,0.7967356443405151,6,Dimana Daerah Mana,0.7918798327445984
7516794866664817428,a.ahmaadd,Kampus swasta terbaikk! 💯🙏🏻,2,0,56,Universitas Siber Asia,0.7732826471328735,105,Swasta Oktober Situ,0.7331311702728271,42,Jurusan Ekonomi Hukum,0.6672748327255249
7516484227450340103,ptrifdhllh,"gyss berteman yuk, aku maba unsia jurusan akuntansi",3,17,9,Kip Unsia Diterima,0.7949111461639404,111,Alhamdulillah Keluarga Bagian,0.7300071716308594,132,Mending Ptnbh Alumni,0.721007227897644
7519408113197777672,cipaa_1803,mau mutu apa ka,0,0,6,Dimana Daerah Mana,0.8357184529304504,135,Infoin Mau Lantang,0.8558175563812256,84,Ngambil Ambil Apa,0.8055697679519653
7518269853330752263,ptrifdhllh,mau bangett🥰,0,0,135,Infoin Mau Lantang,0.8187106847763062,24,Ayo Ikutt Ikut,0.8236079216003418,53,Dong Kayaknya Banget,0.8056483268737793
7518238562787017480,cipaa_1803,"bole KA,mau mutualan?",0,0,116,Ig Akun Sering,0.7804666757583618,117,Boleh Bolehhh Dong,0.8511680364608765,8,Tanya Bertanya Chat,0.825683057308197
7517259771033125640,ptrifdhllh,"haii, ayoo berteman kak",0,0,24,Ayo Ikutt Ikut,0.7030951976776123,15,Hi Halo Dong,0.7661340236663818,27,Join Grup Yuk,0.7425481081008911
7517159628133663496,cipaa_1803,aku juga akuntansi ka salam kenal ya,0,0,97,Salam Mantap Kenal,0.7900862693786621,35,Infonya Terima Kasih,0.8443301916122437,15,Hi Halo Dong,0.800746738910675
7516762522435765000,ptrifdhllh,bolehh kak silahkan dm aku aja,0,0,23,Dm Cek Izin,0.9036456346511841,60,Admin Dm Boleh,0.8686376810073853,116,Ig Akun Sering,0.8198030591011047
7516761436048179976,uzazazaza,Daftar nya lewat mana ka?,0,0,52,Web Lewat Kemana,0.9266205430030823,17,Cara Daftarnya Bagaimana,0.8563442826271057,6,Dimana Daerah Mana,0.8534667491912842
7516572503532389128,jaemillys,hai kakk aku boleh tanya tanya dulu? aku mau daftar di jurusan yg sama soalnyaa,0,0,79,Daftar Sudah Kamu,0.7906516790390015,49,Ijazahnya Lulus Kan,0.8672507405281067,120,Tanya Non S2Nya,0.8391138315200806
7516524384883770120,mhana0101,aakkk ayo temenan,0,0,24,Ayo Ikutt Ikut,0.7704737186431885,92,Samaaa Sama Konveksi,0.7156968116760254,38,Ih Maba Grupnya,0.7009682655334473
7516524048605430536,augustgurlllll,Aku jugaa!! temenan ayoo,0,0,24,Ayo Ikutt Ikut,0.6753253936767578,38,Ih Maba Grupnya,0.6811724901199341,92,Samaaa Sama Konveksi,0.6547788381576538
7516523872418775815,mhana0101,iyahhhh,0,0,75,Iya Iyapp Introvert,0.9114751219749451,19,Com Nice Https,0.8263980150222778,81,Iya Oke Orang,0.8138757944107056
7516523728756835090,augustgurlllll,Kakk maba manajemen juga kahh?,0,0,38,Ih Maba Grupnya,0.8082399368286133,9,Kip Unsia Diterima,0.7980685234069824,104,Aman Unas Ciber,0.7934092283248901
7516523270863127304,augustgurlllll,"Kakk temenan yuu, aku maba manajemen",0,0,9,Kip Unsia Diterima,0.7415062785148621,27,Join Grup Yuk,0.804444432258606,116,Ig Akun Sering,0.7525461912155151
7516523055448195847,mhana0101,"temenan yukk, manajemen juga nih",0,0,9,Kip Unsia Diterima,0.6224594116210938,27,Join Grup Yuk,0.7786049246788025,116,Ig Akun Sering,0.7250732779502869
7516514722881028882,teenatnnnnn,Hallo Salam kenal kak maba manajemen hihi,0,0,97,Salam Mantap Kenal,0.8119596838951111,35,Infonya Terima Kasih,0.7622852325439453,15,Hi Halo Dong,0.7490254640579224
7516511192778932999,ptrifdhllh,haii kak ayo berteman,0,0,24,Ayo Ikutt Ikut,0.6992913484573364,15,Hi Halo Dong,0.7522174119949341,27,Join Grup Yuk,0.7269920110702515
7516508492719948565,elisapriana,aku maba juga tadinya akuntansi skrng pindah prodi ke informatika 😁 btw salam kenal kak,0,0,97,Salam Mantap Kenal,0.6748143434524536,46,Ut Pengin Bidang,0.832822859287262,9,Kip Unsia Diterima,0.800678014755249
7516483549727245077,makanterus961,Solo dong min,0,1,78,Kapan Min Gel,0.6857407093048096,117,Boleh Bolehhh Dong,0.7575335502624512,135,Infoin Mau Lantang,0.7453503608703613
7516508902306956050,univsiberasia,"Halo Kak, yuk datang yang di Yogya dulu, nanti Rektor UNSIA akan hadir lho🤩",0,0,27,Join Grup Yuk,0.7399513125419617,96,Secara Dilaksanakan Hybrid,0.7720199823379517,2,Website Id Ac,0.7550739645957947
7494336090712294152,quesera33,Kakak izin dm ya🙏,0,1,23,Dm Cek Izin,0.9180115461349487,60,Admin Dm Boleh,0.8433210849761963,36,Dm Admin Detailnya,0.8291903138160706
7514583278524875528,univsiberasia,Boleh Kakak🤗,0,0,53,Dong Kayaknya Banget,0.8297430276870728,117,Boleh Bolehhh Dong,0.8635997772216797,87,Hihi Jugakk Wakty,0.8592391014099121
7504479750132564754,gayy26_,ada mahasiswa baru ga nii guyss,0,0,66,Dibuka Mahasiswa Baru,0.6807374954223633,11,Skripsi Sidang Tidak,0.7343581914901733,104,Aman Unas Ciber,0.7141584157943726
7503339599588295445,fitrianifachrunisa_,"min aku calon mahasiswi 2025/2026 udh byr ukt dan beli almamater, habis ini tinggal tunggu apa ya? blm ada yg hubungi dr pihak univ, plis jawab😭🙏🏻",0,7,8,Tanya Bertanya Chat,0.6929895281791687,49,Ijazahnya Lulus Kan,0.8122575283050537,91,Ulang Bayar Isi,0.7988063097000122
7504479626572645138,gayy26_,halo kaa boleh dm,0,0,23,Dm Cek Izin,0.916777491569519,60,Admin Dm Boleh,0.8890568017959595,15,Hi Halo Dong,0.8419374823570251
7504491470268941076,fitrianifachrunisa_,duluan kak,1,0,26,Adek Duluan Nurul,0.886540412902832,24,Ayo Ikutt Ikut,0.8411632776260376,92,Samaaa Sama Konveksi,0.7983002662658691
7507999460908876552,univsiberasia,"Halo Kak, mimin jelasin melalui DM ya☺️",0,0,60,Admin Dm Boleh,0.8940374851226807,36,Dm Admin Detailnya,0.8803567886352539,23,Dm Cek Izin,0.8215256929397583
7509861009276879634,vanish_powder,"halo kak, boleh dm aku juga ga? aku juga baru semester ganjil 2025 udah bayar ukt juga tapi bingung nunggu apa selanjutnya",0,0,23,Dm Cek Izin,0.6835156679153442,49,Ijazahnya Lulus Kan,0.8534355759620667,91,Ulang Bayar Isi,0.8334317803382874
7509883954356617985,fitrianifachrunisa_,"tunggu aja kak nnti klo udh dkt perkuliahan dpt email dr kmpus untuk msuk grup class, msuk kuliah september/oktober ya kak🙏🏻",0,0,2,Website Id Ac,0.8169454336166382,10,Maret April Bulan,0.8208893537521362,34,Daftar Tinggal Baru,0.7983453273773193
7510389652576027399,vanish_powder,"baik kak, terimakasih kak infonya🙏🏻",0,0,35,Infonya Terima Kasih,0.9301869869232178,98,Terima Kasih Murid,0.8589626550674438,15,Hi Halo Dong,0.8064455986022949
7504491602288804628,fitrianifachrunisa_,btw aku udh dihubungi msuk kuliah september/oktober 2025,0,0,105,Swasta Oktober Situ,0.4258077144622803,34,Daftar Tinggal Baru,0.7574769854545593,9,Kip Unsia Diterima,0.7366488575935364
7500975818710860562,udipppppp,kak mau nanya lebih lanjut gada cp nya?🙏🏻,0,1,8,Tanya Bertanya Chat,0.893902599811554,120,Tanya Non S2Nya,0.8457170724868774,52,Web Lewat Kemana,0.8184272050857544
7507998566566396679,univsiberasia,"Halo Kakak, bisa melalui DM yang😊",0,0,36,Dm Admin Detailnya,0.855967104434967,60,Admin Dm Boleh,0.7970049381256104,23,Dm Cek Izin,0.7641790509223938
7502103851684823816,fz9891,cp nya mana nih min?,0,0,52,Web Lewat Kemana,0.8374798893928528,6,Dimana Daerah Mana,0.798366904258728,78,Kapan Min Gel,0.7641602754592896
7510159348368474888,valentinostanleyy,"halo kak, mau nanya untuk NIM otu biasanya berapa lama ya muncul setelah pendaftaran?",0,0,91,Ulang Bayar Isi,0.8292926549911499,106,Hasil Seleksi Pengumuman,0.8109985589981079,17,Cara Daftarnya Bagaimana,0.7998871207237244
7577809131999675154,caramel.matchiato03,😭,0,0,14,Fitriyani Andriani Udin69Can,0.9977331161499023,13,  ,1.0,61,  ,1.0
7508307044160963336,chufaa_21,🔥,0,0,40,One Yaallahh Day,0.9992661476135254,13,  ,1.0,61,  ,1.0
7503910098444485397,rinpeach2614,💗,0,0,61,  ,1.0,13,  ,1.0,20,Yes  ,0.999908447265625
7469365164996084500,rosalindayamormexico,"ada pak joko heheh , kalo sy sngt berkesan sama prod ruswi, krn beliau masya Allah. selalu sangat memberi kesempatan kepada mhsiswanya ketika, mhsiswa salah tdk langsung di sanggah.",0,0,62,Semoga Allah Doain,0.6624075174331665,59,Tugas Numpuk Tugasnya,0.6528586149215698,93,Jujur Review Kata,0.6498470902442932
7445704692128695057,kartunfun,kampus siber asia akreditasinya apa ya?,0,0,74,Akreditasinya Asia Siber,0.9173761606216431,84,Ngambil Ambil Apa,0.7980848550796509,30,Korea Degree Min,0.7971267700195312
7480810672554312455,sintaandkiki,"Ada aku loh di situ, jadi padus",1,0,105,Swasta Oktober Situ,0.48685377836227417,38,Ih Maba Grupnya,0.8000296354293823,27,Join Grup Yuk,0.73438560962677
7615958245195334421,wahyu_delima5,ciber Asia satu management kah dengan unas 🤔,0,1,104,Aman Unas Ciber,0.7126930952072144,74,Akreditasinya Asia Siber,0.6781764030456543,42,Jurusan Ekonomi Hukum,0.6702568531036377
7503823925186380562,wiguna_collections,🥺,1,0,28,Asa Hum ,0.9997044801712036,13,  ,1.0,61,  ,1.0
7496486967635903240,siayuwidia,😏,1,0,40,One Yaallahh Day,0.9992661476135254,13,  ,1.0,61,  ,1.0
7421360179331711749,nanda.sakina6,nasi🤣h AP nak,0,0,6,Dimana Daerah Mana,0.6298425197601318,38,Ih Maba Grupnya,0.6583282351493835,103,Ilkom Ieu Balang,0.6525689959526062
7459422495214060296,rexcording,klo sebelumnya D3 kira kira butuh berapa tahun ya buat lulus?,1,2,65,Angkatan Berapa Kira,0.7980706095695496,4,D3 S1 Lanjut,0.8187092542648315,119,Teman Syarat Magang,0.8077131509780884
7461477102765294343,aprilll26_1,1 tahun kak,0,0,135,Infoin Mau Lantang,0.6240746974945068,124,Juta Serius 3Jt,0.776364266872406,90,Binus Adsfort Harga,0.7258697152137756
7501675919729558290,karoy_1,Kak link pendaftarannya mana😭,0,2,52,Web Lewat Kemana,0.9011605978012085,17,Cara Daftarnya Bagaimana,0.8551227450370789,31,Kapan Pendaftarannya Gelombang,0.8534899950027466
7507999687807648520,univsiberasia,"Halo Kak, untuk pendaftaran bisa langsung ke website ya di pmb.unsia.ac.id",0,0,2,Website Id Ac,0.946237325668335,101,Favorit Pilih Fleksibel,0.845513105392456,67,Program Belum Dibuka,0.8005073666572571
7528326435800187656,tya.guntoro,klo daftar langsung ke kampus nya bisa tidak ya ka🙄🙏,0,0,47,Daftar Gelombang Januari,0.8338111639022827,22,Pindahan Menerima Ut,0.8792130947113037,49,Ijazahnya Lulus Kan,0.8666598200798035
7536566526855545607,bintangibu07,hallo kak mau tnya ada S2nya gak?,0,0,120,Tanya Non S2Nya,0.9335199594497681,8,Tanya Bertanya Chat,0.8579782247543335,37,S2 Ada Doktoral,0.8507733345031738
7495603020790776596,icaaaaagapakeh,S2 nya gmna ka?,0,0,33,Bagaimana Wisudanya Tes,0.888392448425293,18,Berapa Biaya Bayar,0.8476772904396057,17,Cara Daftarnya Bagaimana,0.8462038040161133
7492614602757456648,sriandikaputrisya88,kak apakah ada S2 ?,0,0,69,Apakah S1Hukum Perdagangan,0.9273541569709778,37,S2 Ada Doktoral,0.8957660794258118,50,S2 Pendidikan Hukum,0.8718224763870239
7567058148894491413,pisesgrl,🥰,0,0,13,  ,1.0,61,  ,1.0,20,Yes  ,0.999908447265625
7391784461349929733,lookingfor.gmn,kaa boleh tanya tanya ga sii,3,1,8,Tanya Bertanya Chat,0.8925704956054688,120,Tanya Non S2Nya,0.8043218851089478,52,Web Lewat Kemana,0.7714728713035583
7392459028372570885,univsiberasia,"Halo Kak, boleh dong. bisa DM mimin saja ya Kak🤗",1,0,60,Admin Dm Boleh,0.9437923431396484,36,Dm Admin Detailnya,0.8882733583450317,23,Dm Cek Izin,0.8506277799606323
7409160379453965061,yayalfh_,"min, izin dm ya buat nanya²",2,0,23,Dm Cek Izin,0.7264737486839294,8,Tanya Bertanya Chat,0.7579348683357239,35,Infonya Terima Kasih,0.7569385170936584
7411547014166610695,ban12057,Mau tanya tanya,1,0,8,Tanya Bertanya Chat,0.8088221549987793,41,Info Link Cara,0.6990337371826172,120,Tanya Non S2Nya,0.6788177490234375
7390771278264009477,elsateresia05,Salam Komunikasi✨,1,0,97,Salam Mantap Kenal,0.7850677967071533,55,Sukses Selalu Sehat,0.6776083707809448,98,Terima Kasih Murid,0.6527626514434814
7411081229195428613,micimipiuw,kaak aku mau nanya nanya ttg unsia pwiss liat dm ku🥹,1,0,8,Tanya Bertanya Chat,0.8702334761619568,60,Admin Dm Boleh,0.8059267401695251,120,Tanya Non S2Nya,0.7944427728652954
7445705175844864769,kartunfun,Kampus siber asia akreditasinya apa ya?,0,0,74,Akreditasinya Asia Siber,0.9173762798309326,84,Ngambil Ambil Apa,0.7980849146842957,30,Korea Degree Min,0.7971267700195312
7466354529542669074,ibnufz27,😭,0,0,14,Fitriyani Andriani Udin69Can,0.9977331161499023,13,  ,1.0,61,  ,1.0
7385524848339223302,petuahharian,Judul aja dah 5x di revisi😁,1,0,93,Jujur Review Kata,0.7485954165458679,64,Full Online Serba,0.6261345148086548,57,Nilai Sesi Sabar,0.6214824914932251
7384731426136638213,yaudaaa21,"Persiapan wisuda nya gampang
Nunggu di ACC skripsi nya sulit kali ngk di ACC sama dospem 1 nya",0,0,59,Tugas Numpuk Tugasnya,0.7993335723876953,57,Nilai Sesi Sabar,0.7589327096939087,71,Wisuda Uts Uas,0.7505488395690918
7533219924312670996,restiar26,🤣🤣🤣,0,0,40,One Yaallahh Day,0.9992661476135254,13,  ,1.0,61,  ,1.0
7398202396294005509,elfalegra,Kak cara daftarnya gimana ?,1,0,17,Cara Daftarnya Bagaimana,0.9691958427429199,107,Daftarnya Cara Bagaimana,0.8990041017532349,52,Web Lewat Kemana,0.8655862808227539
7385901487652750085,azka07022,2004/2005 kapan mulai aktif ka?,2,0,17,Cara Daftarnya Bagaimana,0.5967037677764893,89,Tanggal Gelombang Bulan,0.7030054926872253,78,Kapan Min Gel,0.687095582485199
7416392899480847110,yohanaangelina76,gedung kantornya dimn ya ka ?,1,0,6,Dimana Daerah Mana,0.802669882774353,52,Web Lewat Kemana,0.7855392694473267,31,Kapan Pendaftarannya Gelombang,0.7669379711151123
7393649752258937606,feodoraa_x,kuliah online tapi wisudanya gak kan ka?,1,0,33,Bagaimana Wisudanya Tes,0.8205936551094055,71,Wisuda Uts Uas,0.8623805642127991,7,Offline Ujiannya Online,0.8598675727844238
7611262810962477831,synee25,🥰,0,0,14,Fitriyani Andriani Udin69Can,0.9977331161499023,13,  ,1.0,61,  ,1.0
7578787713957954312,tamaraa1101,😁,0,0,28,Asa Hum ,0.9997044801712036,13,  ,1.0,61,  ,1.0
7578787713979351815,tamaraa1101,🥰,0,0,13,  ,1.0,61,  ,1.0,20,Yes  ,0.999908447265625
7529567177512583943,jirona_fashion,😂,0,0,28,Asa Hum ,0.9997044801712036,13,  ,1.0,61,  ,1.0
7517122986492805896,libraqueen696,❤️❤️❤️,0,0,40,One Yaallahh Day,0.9992661476135254,13,  ,1.0,61,  ,1.0
7496015281635967762,rozihar1,😂,0,0,61,  ,1.0,13,  ,1.0,20,Yes  ,0.999908447265625
7381512151539712773,myhoneyyyyy_,Ada jurusan perikanan kk?,0,0,0,Jurusan Teknik Inggris,0.8310242891311646,42,Jurusan Ekonomi Hukum,0.8566199541091919,84,Ngambil Ambil Apa,0.7857643365859985
7497637157403673352,idamujuka,😁,0,0,32,Merdeka Di ,0.99981689453125,13,  ,1.0,61,  ,1.0
7437730343514276663,alhamidazura,"Kak mau tanya, di unsia kan full online ya, berarti kita yg blm pernah kuliah ttp ambil yg reguler ya kak?",0,2,21,Malam Shift Begitu,0.86577969789505,49,Ijazahnya Lulus Kan,0.8937433362007141,46,Ut Pengin Bidang,0.8202677965164185
7441128010164159239,univsiberasia,"Halo Kak, betul ya. Jika Kakak lulusan SMK/SMA/sederajat maka pilih jalur reguler ya😊",2,0,12,Konversi Jalur Melalui,0.8149953484535217,49,Ijazahnya Lulus Kan,0.79570472240448,73,Program Dibuka Saat,0.7793451547622681
7640869374883578625,banjiemungan,min mau tanya kalo saya lulusan sma tapi langsung keterima kerja dan ingin ambil kelas nom reguler apakah bisa?,0,0,5,Kerja Negeri Kuliah,0.7851970791816711,49,Ijazahnya Lulus Kan,0.7989883422851562,4,D3 S1 Lanjut,0.7827702164649963
7540181475670344456,lyonaa28,"Ka, aku lulusan SMK mau kuliah tp sambil kerja. Bisa full online ga ya?",0,2,5,Kerja Negeri Kuliah,0.8888375163078308,49,Ijazahnya Lulus Kan,0.87016761302948,119,Teman Syarat Magang,0.8291004300117493
7540560901260083976,univsiberasia,"Kak? UNSIA 100% full online, cocok banget untuk Kakak yang ingin bekerja sambil kuliah🤩",0,0,86,Darimana 100 Jadi,0.8427746295928955,72,Tujuan Berkuliah Dimanapun,0.7702571749687195,44,100 Learning Fully,0.7626352310180664
7544074426377175816,lyonaa28,Wisudanya online atau off ka? Menurutku lbh enak offline😁,0,0,7,Offline Ujiannya Online,0.8412565588951111,71,Wisuda Uts Uas,0.8147277235984802,108,Offline Onsite Onnline,0.8071075081825256
7464187198503895815,hayubaeatuh,"Kak, jdwal kmpus buka hari apa saja kak?",1,0,89,Tanggal Gelombang Bulan,0.7676488161087036,123,Jam Kelas Karyawan,0.7850902080535889,108,Offline Onsite Onnline,0.7642948031425476
7430585236990493446,radelian10,"Halo admin!
Saya tertarik dengan program kuliah online yg di adakan Universitas siber asia, untuk info lebih lanjut hubungi kemana ya?
Terimakasih",0,1,56,Universitas Siber Asia,0.5961552858352661,120,Tanya Non S2Nya,0.7453536987304688,119,Teman Syarat Magang,0.7321109771728516
7431808141567853317,univsiberasia,"Halo Kak, kakak bisa DM ke sosial media Universitas Siber Asia ya☺️",0,0,36,Dm Admin Detailnya,0.8769814372062683,60,Admin Dm Boleh,0.8471095561981201,23,Dm Cek Izin,0.7635065317153931
7638208122234340103,nurulhanifah_02,kalo mau ke kampus unsia naik kereta turun di stasiun mana yah,0,1,22,Pindahan Menerima Ut,0.7484239339828491,52,Web Lewat Kemana,0.7431631088256836,128,Main Kampusnya Kekampus,0.7370884418487549
7638245688347230984,univsiberasia,"Hi Kak, bisa turun di stasiun pasar minggu ya Kakak",0,0,12,Konversi Jalur Melalui,0.7154478430747986,10,Maret April Bulan,0.7360976338386536,60,Admin Dm Boleh,0.7205957174301147
7614615193083446036,bundazara1209,"nggak mungkin kan tiba "" lewat aku😳🥺",0,1,-1,Mantab Uk Belakang,0.0,45,Enggak Ribet Fh,0.6813424825668335,38,Ih Maba Grupnya,0.6706162691116333
7614726584151835399,univsiberasia,"Ga mungkin banget Kak, kalau Kakak ga kuliah di UNSIA🤩",0,0,53,Dong Kayaknya Banget,0.6976780891418457,46,Ut Pengin Bidang,0.8022172451019287,9,Kip Unsia Diterima,0.7819890975952148
7577218999354114833,odeeunoia,Kaka gimana cara daftar nya,0,1,17,Cara Daftarnya Bagaimana,0.9312507510185242,107,Daftarnya Cara Bagaimana,0.8872122764587402,127,Caranya Kuliahnya Bagaimana,0.8595950603485107
7577223014757253895,univsiberasia,"Hi hi Kak, Kakak bisa langsung daftar sekarang di pmb.unsia.ac.id, pilih jurusan favorit, dan mulai kuliah online fleksibel dari mana aja.🤩",0,0,101,Favorit Pilih Fleksibel,0.983123242855072,83,Pilih Favorit Mulai,0.9548454284667969,2,Website Id Ac,0.8708189725875854
7571370644165378832,kereniustunai,mantap de kampusnya,0,0,128,Main Kampusnya Kekampus,0.6341931819915771,126,Keren Mukanya Asing,0.749111533164978,97,Salam Mantap Kenal,0.7288475632667542
7450843183871132434,yaudaaa21,"Alhamdulillaah,semakin maju UNSIA",0,0,55,Sukses Selalu Sehat,0.8486889600753784,111,Alhamdulillah Keluarga Bagian,0.7734209895133972,129,Bismillah Bismillahirrahmanirrahim Sticker,0.7446295022964478
7583280739112092434,marcelineputri,pendaftaran nya masih buka ga ka?,0,1,3,Buka Pendaftaran Masih,0.9334784746170044,31,Kapan Pendaftarannya Gelombang,0.8775509595870972,47,Daftar Gelombang Januari,0.8477734327316284
7583288843865883399,univsiberasia,Masih nih Kakak🤗,1,0,43,Belum Huhu Nih,0.851425290107727,26,Adek Duluan Nurul,0.8245073556900024,51,Open Otw Pkl,0.8147413730621338
7449799384873566984,re_kurn,ada beasiswa untuk remaja jompo usia 22 kh,0,0,39,Beasiswa Kkn Program,0.6628130078315735,100,Umur Usia Irt,0.6957894563674927,30,Korea Degree Min,0.6679987907409668
7510146026042229522,bakulracing87,Alhamdulillah mas ucuk jadi wakil rektor Unsia🤲,0,0,111,Alhamdulillah Keluarga Bagian,0.8456258773803711,62,Semoga Allah Doain,0.7253082990646362,55,Sukses Selalu Sehat,0.717723548412323
7496030808726291207,matairsa,Kak mau tanya ada beasiswa non akademik ngga?,0,0,120,Tanya Non S2Nya,0.9041836857795715,39,Beasiswa Kkn Program,0.8576232194900513,119,Teman Syarat Magang,0.8291400671005249
7573479487175852807,miebe10,"kak,,kl kelas untuk karyawan ada jurusan apa aja ya",0,0,16,Apa Saja Jurusan,0.8825855255126953,119,Teman Syarat Magang,0.8507598042488098,120,Tanya Non S2Nya,0.8379448056221008
7445704937956328209,kartunfun,kampus siber asia akreditasinya apa ya?,2,0,74,Akreditasinya Asia Siber,0.9173762798309326,84,Ngambil Ambil Apa,0.7980849146842957,30,Korea Degree Min,0.7971267700195312
7455607781455430408,nailartingeh,Kalo untuk mahasiswa konversi sendiri gimana ka?,0,0,33,Bagaimana Wisudanya Tes,0.8512298464775085,17,Cara Daftarnya Bagaimana,0.8330972790718079,127,Caranya Kuliahnya Bagaimana,0.8204479217529297
7592462416685433608,panggilajasyer,😭,0,1,13,  ,1.0,61,  ,1.0,20,Yes  ,0.999908447265625
7592468263032931079,univsiberasia,Jangan nangis Kak🤗,0,0,45,Enggak Ribet Fh,0.7015121579170227,26,Adek Duluan Nurul,0.7390741109848022,113,Semangat Wah Berpikir,0.7199649214744568
7576172748625855240,jeruknipisc,😭,0,0,32,Merdeka Di ,0.99981689453125,13,  ,1.0,61,  ,1.0
7576172682615128840,jeruknipisc,😭,0,0,61,  ,1.0,13,  ,1.0,20,Yes  ,0.999908447265625
7576172713778905863,jeruknipisc,😭,0,0,29,Menyimak Nyimakkk Ut,0.9959731698036194,13,  ,1.0,61,  ,1.0
7576172754857673490,jeruknipisc,😭,0,0,20,Yes  ,0.999908447265625,13,  ,1.0,61,  ,1.0
7576172740975231762,jeruknipisc,🤣,0,0,61,  ,1.0,13,  ,1.0,20,Yes  ,0.999908447265625
7576172754572313351,jeruknipisc,😭,0,0,61,  ,1.0,13,  ,1.0,20,Yes  ,0.999908447265625
7576172706657272584,jeruknipisc,🔥,0,0,20,Yes  ,0.999908447265625,13,  ,1.0,61,  ,1.0
7576172772600103687,jeruknipisc,🤣,0,0,32,Merdeka Di ,0.99981689453125,13,  ,1.0,61,  ,1.0
7576172763762180871,jeruknipisc,🔥,0,0,13,  ,1.0,61,  ,1.0,20,Yes  ,0.999908447265625
7576172703120900871,jeruknipisc,🔥,0,0,13,  ,1.0,61,  ,1.0,20,Yes  ,0.999908447265625
7576172698310443794,jeruknipisc,😭,0,0,13,  ,1.0,61,  ,1.0,20,Yes  ,0.999908447265625
7576172675413345032,jeruknipisc,🤣,0,0,14,Fitriyani Andriani Udin69Can,0.9977331161499023,13,  ,1.0,61,  ,1.0
7576172668367569671,jeruknipisc,🔥,0,0,61,  ,1.0,13,  ,1.0,20,Yes  ,0.999908447265625
7576172756678492946,jeruknipisc,🤣,0,0,28,Asa Hum ,0.9997044801712036,13,  ,1.0,61,  ,1.0
7576172656799515410,jeruknipisc,🔥,0,0,32,Merdeka Di ,0.99981689453125,13,  ,1.0,61,  ,1.0
7576172642547761938,jeruknipisc,🤣,0,0,13,  ,1.0,61,  ,1.0,20,Yes  ,0.999908447265625
7576172642697970440,jeruknipisc,😭,0,0,61,  ,1.0,13,  ,1.0,20,Yes  ,0.999908447265625
7576172707534390024,jeruknipisc,🤣,0,0,32,Merdeka Di ,0.99981689453125,13,  ,1.0,61,  ,1.0
7571821134652752661,yolandzskyaptry_,🗿,0,0,13,  ,1.0,61,  ,1.0,20,Yes  ,0.999908447265625
7519489656498012936,aira.parfum,😁,0,0,13,  ,1.0,61,  ,1.0,20,Yes  ,0.999908447265625
7468150991196750613,ajiiellll,😅,0,0,40,One Yaallahh Day,0.9992661476135254,13,  ,1.0,61,  ,1.0
7398779038800937734,siapp019,memiliki jurusan apa saja ya ka,0,0,16,Apa Saja Jurusan,0.9104024767875671,84,Ngambil Ambil Apa,0.8207928538322449,119,Teman Syarat Magang,0.8191896677017212
7582508240434791189,muhasabah_istiqomah,jadwal kuliahnya jam berapa min,0,0,123,Jam Kelas Karyawan,0.8493111729621887,89,Tanggal Gelombang Bulan,0.8471746444702148,31,Kapan Pendaftarannya Gelombang,0.8280730247497559
7460811823124071175,ig.lucyanamanik26,emang belajar ny sampai jam berapa kk,1,0,123,Jam Kelas Karyawan,0.809920072555542,65,Angkatan Berapa Kira,0.7495138645172119,33,Bagaimana Wisudanya Tes,0.7406851649284363
7562129316483351317,anp_310,😂,0,0,32,Merdeka Di ,0.99981689453125,13,  ,1.0,61,  ,1.0
7361585779447415558,haechan21766,"min mau nanya, pembukaan pendaftaran yg reguler kapan dibuka lagi?",0,1,31,Kapan Pendaftarannya Gelombang,0.8257277607917786,78,Kapan Min Gel,0.8531284332275391,3,Buka Pendaftaran Masih,0.8393391966819763
7389533454058570504,univsiberasia,"Halo Kak, saat ini UNSIA sedang membuka pendaftaran mahasiswa baru gelombang V lho, yuk daftar langsung ke website UNSIA di pmb.unsia.ac.id 😊",0,0,2,Website Id Ac,0.9153149127960205,54,Membuka Lho Mahasiswa,0.8787697553634644,101,Favorit Pilih Fleksibel,0.8674997091293335
7465994675913687816,alamsjah214,loh pak Abduh dosen unsia?,1,0,9,Kip Unsia Diterima,0.7450195550918579,56,Universitas Siber Asia,0.7406343221664429,104,Aman Unas Ciber,0.7210797667503357
7352187034063160070,ambonestee,saya maba disini🙏,1,2,38,Ih Maba Grupnya,0.7228123545646667,56,Universitas Siber Asia,0.7060971260070801,26,Adek Duluan Nurul,0.6940630674362183
7369960235048141573,univsiberasia,Wah🤩 semangat terus kuliahnya ya Kak..,0,0,127,Caranya Kuliahnya Bagaimana,0.6701496839523315,25,Amin Selalu Semangat,0.8537694215774536,113,Semangat Wah Berpikir,0.8144663572311401
7352930565211390726,wanus27,semangat 🔥🔥🎓,0,0,113,Semangat Wah Berpikir,0.9007149338722229,131,Next Up Gass,0.7794851064682007,19,Com Nice Https,0.7653381824493408
7353127452930097925,kenjielvano25,halo kak pendaftaran 2024 sudah buka ?,0,2,10,Maret April Bulan,0.8351020812988281,3,Buka Pendaftaran Masih,0.8208267688751221,66,Dibuka Mahasiswa Baru,0.8032683730125427
7381809835458970373,zeanlindah,"hallo kaka ada jurusan apa.sja
apakah yg usia 31 tahn masi bisa",0,0,119,Teman Syarat Magang,0.8624311685562134,100,Umur Usia Irt,0.8261802196502686,16,Apa Saja Jurusan,0.8192751407623291
7369960086289416965,univsiberasia,"Halo Kak, saat ini UNSIA sedang membuka pendaftaran mahasiswa baru lho 🤩",0,0,54,Membuka Lho Mahasiswa,0.9722732305526733,66,Dibuka Mahasiswa Baru,0.9032515287399292,67,Program Belum Dibuka,0.8347142934799194
7351017870447100677,yaudaaa21,sukses UNSIA,0,2,55,Sukses Selalu Sehat,0.9067306518554688,113,Semangat Wah Berpikir,0.7290682196617126,129,Bismillah Bismillahirrahmanirrahim Sticker,0.7137719392776489
7360873205299118853,verennnnn28,kak udah buka pendaftaran baru?,0,0,3,Buka Pendaftaran Masih,0.883354663848877,79,Daftar Sudah Kamu,0.8371281623840332,47,Daftar Gelombang Januari,0.8117238283157349
7351284307782779653,univsiberasia,"Halo Kak, terima kasih. Semangat selalu untu Kakak🤩",1,0,25,Amin Selalu Semangat,0.8749253749847412,98,Terima Kasih Murid,0.8196836113929749,35,Infonya Terima Kasih,0.7769250869750977
7597036690645353223,mr19643,ka hasil seleksinya kapan ya keluar setelah test?,0,0,106,Hasil Seleksi Pengumuman,0.9166020154953003,31,Kapan Pendaftarannya Gelombang,0.829349160194397,78,Kapan Min Gel,0.7989178895950317
7407364677409620741,randomm1008,kak bisa sambil kerja ga si?,1,0,5,Kerja Negeri Kuliah,0.8353429436683655,39,Beasiswa Kkn Program,0.8071515560150146,128,Main Kampusnya Kekampus,0.8035699129104614
7573598110480712466,marlina6099,🥰,0,0,29,Menyimak Nyimakkk Ut,0.9959731698036194,13,  ,1.0,61,  ,1.0
7461204298061873921,anggierswntrda.s,😭,0,0,40,One Yaallahh Day,0.9992661476135254,13,  ,1.0,61,  ,1.0
7461204342068216577,anggierswntrda.s,😂,0,0,14,Fitriyani Andriani Udin69Can,0.9977331161499023,13,  ,1.0,61,  ,1.0
7381810337223508742,zeanlindah,"hallo pak klo kulia online apakah sampai wisuda??
lalu yg umur 31 tahn masi bisa",0,0,100,Umur Usia Irt,0.8539434671401978,49,Ijazahnya Lulus Kan,0.8025821447372437,22,Pindahan Menerima Ut,0.796660304069519
7445079386019169031,zrexfny,😁,0,0,13,  ,1.0,61,  ,1.0,20,Yes  ,0.999908447265625
7533287686192186128,subbhibbhi_12,kalau misalkan hari kuliah nya bisa di pilih gak ya kalau yg khusus kerja,0,0,5,Kerja Negeri Kuliah,0.8098055124282837,21,Malam Shift Begitu,0.8335126638412476,123,Jam Kelas Karyawan,0.815483808517456
7331949825866760966,naniekpudjiati,kak jurusan digital bisnis tahun 2024/2025 mahasiswa baru apa sdh ada?,1,0,0,Jurusan Teknik Inggris,0.798943281173706,119,Teman Syarat Magang,0.8028246164321899,30,Korea Degree Min,0.7993978261947632
7377773050193773317,liis_simanullang,Prodi apa aja kak?,0,0,16,Apa Saja Jurusan,0.8747434616088867,6,Dimana Daerah Mana,0.8086985349655151,84,Ngambil Ambil Apa,0.8037686347961426
7315454215944864517,bagussejati97,pak oktavian idolaaa,0,0,-1,Mantab Uk Belakang,0.0,97,Salam Mantap Kenal,0.7275919914245605,26,Adek Duluan Nurul,0.7009727954864502
7442513565523542839,pendengarterbaik199,😳,0,0,29,Menyimak Nyimakkk Ut,0.9959731698036194,13,  ,1.0,61,  ,1.0
7531690791359972104,lluana1910,Persyaratan daftar apa aja kak 🙏🏻 Mau bgt ambil jurusan informatika,0,0,16,Apa Saja Jurusan,0.8689340353012085,119,Teman Syarat Magang,0.8489514589309692,84,Ngambil Ambil Apa,0.8332916498184204
7315038022490473222,arief_maulana_n__06,prospek kerja pablic speking,0,0,68,Rpl Pengalaman Jalur,0.5082493424415588,102,100 Fully Bk,0.5725520849227905,42,Jurusan Ekonomi Hukum,0.564252495765686
7304224958284251910,winarni4090,salam kenal Bu OCA,0,0,97,Salam Mantap Kenal,0.8527051210403442,98,Terima Kasih Murid,0.721811056137085,35,Infonya Terima Kasih,0.7111045122146606
7304224687289828101,winarni4090,"assalamualaikum Bu, salam komunikasi bu",0,0,97,Salam Mantap Kenal,0.7942129373550415,98,Terima Kasih Murid,0.7035603523254395,35,Infonya Terima Kasih,0.6790575981140137
7455248770729952008,thequeennn.02,😁😁😁,0,0,14,Fitriyani Andriani Udin69Can,0.9977331161499023,13,  ,1.0,61,  ,1.0
7340480871126500102,yaudaaa21,semoga sukses UNSIA,1,1,55,Sukses Selalu Sehat,0.9241080284118652,25,Amin Selalu Semangat,0.7573485374450684,113,Semangat Wah Berpikir,0.7066538333892822
7343903846849495814,univsiberasia,"aamiin, terima kasih Kak. semangat terus ya😁",1,0,25,Amin Selalu Semangat,0.9508956670761108,98,Terima Kasih Murid,0.8358752727508545,113,Semangat Wah Berpikir,0.8289526104927063
7340808249760940806,marlishengar1998,semoga sukaes UNSIA,0,2,55,Sukses Selalu Sehat,0.8568463325500488,56,Universitas Siber Asia,0.7338393926620483,111,Alhamdulillah Keluarga Bagian,0.7326321601867676
7343911520906183430,marlishengar1998,ia kk🙏🙏,0,0,122,Kalbar Ia Kebingungan,0.8758114576339722,29,Menyimak Nyimakkk Ut,0.8070785999298096,14,Fitriyani Andriani Udin69Can,0.7983884811401367
7343903739957396230,univsiberasia,"Makasih Kak, semangat selalu ya 🤗",1,0,25,Amin Selalu Semangat,0.928260326385498,98,Terima Kasih Murid,0.8470348715782166,113,Semangat Wah Berpikir,0.828747034072876
7341697529127830278,mr.marbot,sukses slalu UNSIA,0,1,55,Sukses Selalu Sehat,0.9442458152770996,25,Amin Selalu Semangat,0.7887376546859741,113,Semangat Wah Berpikir,0.7277910709381104
7343903608570757893,univsiberasia,"Makasih Kak, semangat terus ya😁",2,0,25,Amin Selalu Semangat,0.9189329147338867,113,Semangat Wah Berpikir,0.8403071165084839,98,Terima Kasih Murid,0.8401497602462769
7381811017028272901,zeanlindah,ada jurusan apa sja kaka,0,0,16,Apa Saja Jurusan,0.9258583784103394,84,Ngambil Ambil Apa,0.8321805000305176,0,Jurusan Teknik Inggris,0.8203200697898865
7339123649976959750,kholifahsahad,spil bu dosen rosanah dong kak🥰,1,2,133,Spill Alisnya Spil,0.8313210606575012,9,Kip Unsia Diterima,0.7473124265670776,104,Aman Unas Ciber,0.7419235706329346
7343905316427760390,kholifahsahad,siyaapp kak. makasih bnyak kak,0,0,98,Terima Kasih Murid,0.874108612537384,35,Infonya Terima Kasih,0.8651202917098999,25,Amin Selalu Semangat,0.7858021259307861
7343904111668364037,univsiberasia,"wah🤩 rupanya ada mahasiswa Bu Ocha🤩,ditunggu konten bersama Bu Rosanah ya",2,0,94,Ditunggu Tunggu Wah,0.73234623670578,9,Kip Unsia Diterima,0.6960395574569702,111,Alhamdulillah Keluarga Bagian,0.694049060344696
7277210859033576197,bagussejati97,boleh spill cara konseling Kak,0,0,133,Spill Alisnya Spil,0.8625616431236267,8,Tanya Bertanya Chat,0.8061161637306213,52,Web Lewat Kemana,0.795493483543396
7281645057709818630,mall.jk,untuk lanjut s2 persyaratan umur berapa min,0,0,4,D3 S1 Lanjut,0.8422302007675171,50,S2 Pendidikan Hukum,0.8123334646224976,100,Umur Usia Irt,0.7917092442512512
7270355496853472005,barutadesu,salam untuk Pak Wahyu ya mimin😁,1,1,97,Salam Mantap Kenal,0.8148446679115295,25,Amin Selalu Semangat,0.7262932062149048,98,Terima Kasih Murid,0.716761589050293
7271109810082431750,univsiberasia,"Halo Kak, nanti mimin salamin ya ke Pak Wahyu 🤩",1,0,60,Admin Dm Boleh,0.8214890956878662,94,Ditunggu Tunggu Wah,0.8092389106750488,36,Dm Admin Detailnya,0.7729082107543945
7498323831091806992,thvjbangtan,astagaa introvert lagiii 😭😭,0,0,75,Iya Iyapp Introvert,0.7394891977310181,19,Com Nice Https,0.7062580585479736,122,Kalbar Ia Kebingungan,0.6874958872795105
7272376889637208837,retno194,Manajemen mantap👍,0,0,97,Salam Mantap Kenal,0.664520263671875,105,Swasta Oktober Situ,0.7663509845733643,90,Binus Adsfort Harga,0.7547222375869751
7595050130408653585,lukman_gansz,ya ampun gua introvert bjir,0,0,38,Ih Maba Grupnya,0.682878851890564,57,Nilai Sesi Sabar,0.6446011662483215,75,Iya Iyapp Introvert,0.6237301826477051
7611262808135041800,synee25,🥰,0,0,14,Fitriyani Andriani Udin69Can,0.9977331161499023,13,  ,1.0,61,  ,1.0
7274091288235868934,ikan_kerapu20,Minnnn..Untuk kelas magister ada gak kuliah full online.,0,1,30,Korea Degree Min,0.8862191438674927,7,Offline Ujiannya Online,0.8391995429992676,119,Teman Syarat Magang,0.836907684803009
7275642721435075334,univsiberasia,"Halo Kak, mohon maaf untuk program magister saat ini belum ada, pantengin sosial media UNSIA terus ya Kak, supaya gak ketinggalan berita terbarunya🤩",0,0,2,Website Id Ac,0.7891229391098022,67,Program Belum Dibuka,0.7635248899459839,73,Program Dibuka Saat,0.7595852613449097
7273725974176285446,bagussejati97,bu metha.. 🥰,0,0,97,Salam Mantap Kenal,0.6481951475143433,131,Next Up Gass,0.8110604882240295,82,Nrrjml Hbd Nz,0.7797298431396484
7268159467954635526,barutadesu,17 dong😁,0,0,90,Binus Adsfort Harga,0.8258364200592041,131,Next Up Gass,0.7921125292778015,105,Swasta Oktober Situ,0.7886499166488647
7273820660904166150,akuntansi.unsia,"iya yah seperti langsung dari blender, tp klo diamati sepertinya mas yg baju merah itu ga langsung dari blender krna tetlihat ada sendok seblm dicolek",1,0,81,Iya Oke Orang,0.5845386981964111,93,Jujur Review Kata,0.6446741819381714,21,Malam Shift Begitu,0.6166470050811768
7310118816527270661,missfitri150,jurusan nya apa aja kak,0,0,16,Apa Saja Jurusan,0.9592176079750061,84,Ngambil Ambil Apa,0.8693369626998901,0,Jurusan Teknik Inggris,0.8343518972396851
7602609973230813959,indahsoedirman999,apakah wajib menguasai Excel?,0,0,69,Apakah S1Hukum Perdagangan,0.7230701446533203,42,Jurusan Ekonomi Hukum,0.6411322951316833,134,Pjj Akre Industri,0.6085624098777771
7264946808785617669,cipiw255,"Izin bertanya, kuliah akuntansi apakah harus bisa bahasa Inggris?",0,0,0,Jurusan Teknik Inggris,0.7529965043067932,119,Teman Syarat Magang,0.7695256471633911,5,Kerja Negeri Kuliah,0.7652298212051392
7264614370364506886,lilaw1223,tips kuliah bagi pekerja pabrik yang kerjanya ada dua sif pagi dan siang. bismillah dengan bergabung dengan unsia saya bisa lebih baik lagi🥰,0,5,72,Tujuan Berkuliah Dimanapun,0.723548412322998,86,Darimana 100 Jadi,0.7362512946128845,5,Kerja Negeri Kuliah,0.7132710218429565
7264746199550296837,bagussejati97,"tipsnya semangat dan buat komitmen kakak buat bagi waktu karna unsia bisa kuliah kapanpun dan dimanapun kak, yuk DM ig di profil buat detailnya",0,0,2,Website Id Ac,0.7354696989059448,86,Darimana 100 Jadi,0.7492874264717102,62,Semoga Allah Doain,0.7446838617324829
7381812675910828806,zeanlindah,hallo kaka klo kulia online 1minggu berpa x pertemuan..smga dijawab🙏,1,0,100,Umur Usia Irt,0.6708680391311646,58,Tugas Akhir Skripsi,0.6990194320678711,123,Jam Kelas Karyawan,0.6942309141159058
7382559069742203653,bagussejati97,Hai kak sistem perkuliahan kita fleksibel ya yang penting selalu aktif buka LMS Perkuliahan baik setelah bekerja juga bisa,0,0,86,Darimana 100 Jadi,0.8190100789070129,72,Tujuan Berkuliah Dimanapun,0.7706944942474365,21,Malam Shift Begitu,0.7612550854682922
7382568169960162053,zeanlindah,jurusan peternakan ada gk ka,1,0,0,Jurusan Teknik Inggris,0.9179434776306152,16,Apa Saja Jurusan,0.8831731081008911,37,S2 Ada Doktoral,0.8686068058013916
7382603834956448517,bagussejati97,"belum kak ada manajemen, akuntansi, sistem informasi, informatika dan komunikasi, ada rencana sastra Korea",0,0,63,Informasi Informatika Akuntansi,0.8274362683296204,136,Yaitu Akuntansi Terdapat,0.7341283559799194,42,Jurusan Ekonomi Hukum,0.7247158885002136
7563949820999369492,zephyayn,😭😭😭,0,0,14,Fitriyani Andriani Udin69Can,0.9977331161499023,13,  ,1.0,61,  ,1.0
7412548721152541446,hoshi.hoshi25,s2 IT ada ?,0,0,114,S2 Lita Anis,0.8692989945411682,80,S2 S2Nya Nya,0.8025332689285278,42,Jurusan Ekonomi Hukum,0.7401716709136963
7258599652836066053,putrichikalsyairaam,doain ya insyaallah mau masuk unsia thn ini,0,1,62,Semoga Allah Doain,0.8537310361862183,111,Alhamdulillah Keluarga Bagian,0.7948020100593567,118,Desember Baca Depan,0.7869574427604675
7260322521114166022,univsiberasia,"Halo Kak, Aamiin. semangat terus ya Kak 😊",0,0,25,Amin Selalu Semangat,0.8908066749572754,113,Semangat Wah Berpikir,0.8088251352310181,15,Hi Halo Dong,0.7967371344566345
7258496122133070598,mharyo_s88,"masuk komunikasi dari basic sains 😂, dan udah bosen banget sama namanya hitungan. 🗿",0,2,63,Informasi Informatika Akuntansi,0.49716153740882874,57,Nilai Sesi Sabar,0.6275653839111328,59,Tugas Numpuk Tugasnya,0.5968911051750183
7260323354329301765,univsiberasia,"Halo Kak, kebetulan bgt ni prodi komunikasi jarang ada mata kuliah hitung-hitungannya ya ☺️",0,0,58,Tugas Akhir Skripsi,0.8252198696136475,136,Yaitu Akuntansi Terdapat,0.7808078527450562,46,Ut Pengin Bidang,0.7645201683044434
7258591704637506309,sfanwar_,2in si ini..😂😂,0,0,-1,Mantab Uk Belakang,0.0,45,Enggak Ribet Fh,0.7320926189422607,75,Iya Iyapp Introvert,0.7274935841560364
7258289122731885318,hahaa1311,Tapi rata-rata anak komunikasi super Duper ekstrovert semua bu 😁,4,0,97,Salam Mantap Kenal,0.4817325472831726,57,Nilai Sesi Sabar,0.6075984239578247,59,Tugas Numpuk Tugasnya,0.5866157412528992
7263448767444648709,fitrinndsr1,kalau maba UT bisa daftar di siber asia gak sih? soalnya pengen kuliah 2kampus. pliss di bls pke vt,1,0,74,Akreditasinya Asia Siber,0.8068878054618835,30,Korea Degree Min,0.8504025936126709,22,Pindahan Menerima Ut,0.8424874544143677
7587868455794688786,satu_toko0,aq bgt.. introvert nekat ngambil komunikasi 😀,0,0,84,Ngambil Ambil Apa,0.5899660587310791,57,Nilai Sesi Sabar,0.6574974656105042,38,Ih Maba Grupnya,0.6320374608039856
7260005340489466630,putrichikalsyairaam,@nrrjml♉,0,0,82,Nrrjml Hbd Nz,0.8803498148918152,131,Next Up Gass,0.6854398250579834,90,Binus Adsfort Harga,0.6436040997505188
7258301476056941317,bagussejati97,fakta dan mitos jurusan lain dong min... 🥰,0,1,16,Apa Saja Jurusan,0.5893604755401611,93,Jujur Review Kata,0.6521447896957397,133,Spill Alisnya Spil,0.6352019309997559
7260495973926028038,hagiamecca,"kak untuk informasinya dmna yah, mau tau lebih detail",0,0,8,Tanya Bertanya Chat,0.8408840894699097,52,Web Lewat Kemana,0.8258638978004456,120,Tanya Non S2Nya,0.8092728853225708
7254948401384653574,nadakotto,wih aku nih 🤭,0,2,38,Ih Maba Grupnya,0.8317726850509644,92,Samaaa Sama Konveksi,0.7540216445922852,43,Belum Huhu Nih,0.752578854560852
7584242823156892424,syifane_,"hi ka nada, boleh izin dm? mau tanya terkait kuliah ini kaa",0,0,60,Admin Dm Boleh,0.8582612872123718,8,Tanya Bertanya Chat,0.8361912369728088,120,Tanya Non S2Nya,0.8229882717132568
7255641648502227718,sanani_d,Hallo kak salam dari IT,0,0,97,Salam Mantap Kenal,0.8170696496963501,15,Hi Halo Dong,0.7867692708969116,35,Infonya Terima Kasih,0.7623960375785828
7263448866220884742,fitrinndsr1,kalau maba UT bisa daftar di siber asia gak sih? soalnya pengen kuliah 2kampus. pliss di bls pke vt,0,0,74,Akreditasinya Asia Siber,0.8068878054618835,30,Korea Degree Min,0.8504025936126709,22,Pindahan Menerima Ut,0.8424874544143677
7259919820089541382,juki_juan8,🥰,0,0,13,  ,1.0,61,  ,1.0,20,Yes  ,0.999908447265625
7517625555795624712,bissmillah_rest,"akuuuu semester 4 ut, semester 1 unsia 😂",6,9,9,Kip Unsia Diterima,0.7619531154632568,88,Pindah Semester Ngulang,0.746649980545044,132,Mending Ptnbh Alumni,0.7246496677398682
7558850512851043080,ndwndaf_,"kakk, gimana aman ga kak sampe sekarang??
aku juga ada niat double degree ke unsia juga, tp skrng baru semester 1 ut😭😭",1,0,88,Pindah Semester Ngulang,0.8125299215316772,46,Ut Pengin Bidang,0.852079451084137,49,Ijazahnya Lulus Kan,0.847077488899231
7570308155956642567,re.7ym,kak boleh tau di ut jurusan apa di unsia jurusan apa?? 🙏🏻,0,0,16,Apa Saja Jurusan,0.8398181200027466,119,Teman Syarat Magang,0.8380711078643799,30,Korea Degree Min,0.8349591493606567
7570558892015403792,bissmillah_rest,ut manajemen. unsia informatika kak.,0,0,63,Informasi Informatika Akuntansi,0.7952136993408203,56,Universitas Siber Asia,0.7746971249580383,9,Kip Unsia Diterima,0.7254905700683594
7553225550970749716,user0498567373,kak ini harus konfirmasi ke univ satunya apa gausah ya kal?,0,0,56,Universitas Siber Asia,0.5968121290206909,49,Ijazahnya Lulus Kan,0.8110286593437195,21,Malam Shift Begitu,0.7970722913742065
7553225869658194696,bissmillah_rest,kalo aku gak kak. cuma harus siap siap takut kalo ada yg jadwal uas nya bentrok. ut gak ada susulan soalnya.,0,0,21,Malam Shift Begitu,0.8191855549812317,59,Tugas Numpuk Tugasnya,0.7985855937004089,71,Wisuda Uts Uas,0.7950050830841064
7548817630124753672,racoennyasyifa,"Kak, serius tanya, enak dimana sistemnya?",0,0,8,Tanya Bertanya Chat,0.8009631633758545,6,Dimana Daerah Mana,0.8142595291137695,52,Web Lewat Kemana,0.7637505531311035
7549139042899493640,bissmillah_rest,unsiaa😁😁 tp lebih mahal. ada harga ada rasa,0,0,104,Aman Unas Ciber,0.6230353116989136,93,Jujur Review Kata,0.5981096029281616,103,Ilkom Ieu Balang,0.5796151161193848
7549141180005647122,racoennyasyifa,"Boleh tau gak Kak perbandingannya, apa yang buat Kakak ngerasa lebih nyaman di Unsia? Aku lagi galau antara UT dan Unsia",0,0,46,Ut Pengin Bidang,0.8364501595497131,49,Ijazahnya Lulus Kan,0.8185187578201294,86,Darimana 100 Jadi,0.7903039455413818
7518923169148666631,fsevaa,gmn kak di unsia bner enak?,0,0,8,Tanya Bertanya Chat,0.6773790717124939,9,Kip Unsia Diterima,0.7516776323318481,104,Aman Unas Ciber,0.749798059463501
7465197052328428306,waduhhhhhhhhh4,ada sidang skripsi nya gak ya?,0,1,11,Skripsi Sidang Tidak,0.8557564616203308,39,Beasiswa Kkn Program,0.8592252731323242,33,Bagaimana Wisudanya Tes,0.8262979984283447
7569927591467369224,einaafets,Ada,0,0,125,Gratis Tersedia Pesan,0.9084649085998535,29,Menyimak Nyimakkk Ut,0.8631143569946289,90,Binus Adsfort Harga,0.8621060848236084
7281683771802338054,mentaisushi_10,akhirnya nemu vt nya😂 soalnya mahasiswa ut juga dan ingin di unsia juga hehe,8,8,46,Ut Pengin Bidang,0.8220483064651489,9,Kip Unsia Diterima,0.7870061993598938,88,Pindah Semester Ngulang,0.7628493309020996
7490970217784443666,rsydstra_,sekarang udh Di unsia kak?,1,0,9,Kip Unsia Diterima,0.8464275598526001,79,Daftar Sudah Kamu,0.8048363924026489,10,Maret April Bulan,0.8008392453193665
7490970576724296453,mentaisushi_10,hehe engga kak😁 soalnya udh semester tua di ut + nyambi kerja😁,0,0,46,Ut Pengin Bidang,0.8692636489868164,88,Pindah Semester Ngulang,0.8543211221694946,57,Nilai Sesi Sabar,0.8371275663375854
7490970785479000839,rsydstra_,wahh aku baru maba ut,0,0,46,Ut Pengin Bidang,0.7502548694610596,9,Kip Unsia Diterima,0.7954045534133911,34,Daftar Tinggal Baru,0.7887579202651978
7490970913056391943,rsydstra_,udh di unsia sekarang ka?,0,0,9,Kip Unsia Diterima,0.8399518728256226,79,Daftar Sudah Kamu,0.823630690574646,10,Maret April Bulan,0.8046597838401794
7482442104120656646,widdgn,kaaa jadi ga masuk ke unsia? aku juga maba ut mau masuk ke unsia juga,0,0,46,Ut Pengin Bidang,0.8569610118865967,9,Kip Unsia Diterima,0.8449432849884033,49,Ijazahnya Lulus Kan,0.8339568376541138
7562649049116721938,nandechan_,kak dari diploma 3 ke S1 bisa gak akka,0,1,4,D3 S1 Lanjut,0.9373950958251953,50,S2 Pendidikan Hukum,0.8385007381439209,30,Korea Degree Min,0.8342803716659546
7569927689314960146,einaafets,Bisa kak,0,0,87,Hihi Jugakk Wakty,0.9871407151222229,53,Dong Kayaknya Banget,0.8916923999786377,135,Infoin Mau Lantang,0.8565638661384583
7265303538568790790,sfanwar_,saya keluar dari kampus lama buat masuk ke Unsia😁,13,4,9,Kip Unsia Diterima,0.7471001148223877,88,Pindah Semester Ngulang,0.7061991095542908,132,Mending Ptnbh Alumni,0.702288031578064
7518923051568841479,fsevaa,gmn udh kak?,0,0,43,Belum Huhu Nih,0.7611643075942993,135,Infoin Mau Lantang,0.7737590074539185,127,Caranya Kuliahnya Bagaimana,0.7538783550262451
7490970970041598738,rsydstra_,kampus lama nya mana?,0,0,6,Dimana Daerah Mana,0.8285596370697021,84,Ngambil Ambil Apa,0.7826109528541565,74,Akreditasinya Asia Siber,0.7644106149673462
7418794818665218821,cacah8735,😳😳 samaaa,0,0,92,Samaaa Sama Konveksi,0.8811146020889282,75,Iya Iyapp Introvert,0.8053134679794312,19,Com Nice Https,0.7957516312599182
7265507074029077254,michaelyxxx,knpa keluar bng?,1,0,52,Web Lewat Kemana,0.600531816482544,38,Ih Maba Grupnya,0.7534976005554199,45,Enggak Ribet Fh,0.7532638311386108
7353182552284922629,yonatama_skrillex,"min, apakah bisa konversi pindahan klau bisa maksimal semester berapa ya?",0,3,12,Konversi Jalur Melalui,0.7042886018753052,77,Per Berapa Semester,0.854177713394165,49,Ijazahnya Lulus Kan,0.8192867636680603
7353493590138077957,univsiberasia,"Halo Kak, bisa ya 😊 minimal sudah semester II dari perguruan tinggi sebelumnya",0,0,1,Dicicil 3Jt Hanya,0.7128223180770874,49,Ijazahnya Lulus Kan,0.8110868334770203,88,Pindah Semester Ngulang,0.7929024696350098
7353504789933490949,yonatama_skrillex,berarti tidak ada batas maksimal semester yaa kak?,0,0,77,Per Berapa Semester,0.7752432823181152,123,Jam Kelas Karyawan,0.7642229795455933,65,Angkatan Berapa Kira,0.7621233463287354
7265156068010803973,ghendis_k14,Alhamdulillah sudah satu semester di unsia,2,4,111,Alhamdulillah Keluarga Bagian,0.8440665602684021,9,Kip Unsia Diterima,0.727951169013977,62,Semoga Allah Doain,0.7009444236755371
7265250749252682502,univsiberasia,"Wahh tetap semangat ya Kak kuliahnya, semoga lulus tepat waktu🥳",0,0,113,Semangat Wah Berpikir,0.7942345142364502,25,Amin Selalu Semangat,0.8741346597671509,62,Semoga Allah Doain,0.8519303202629089
7518923334306906887,fsevaa,gmn kak di unsia?,0,0,54,Membuka Lho Mahasiswa,0.6864959001541138,9,Kip Unsia Diterima,0.8382484912872314,33,Bagaimana Wisudanya Tes,0.8070429563522339
7404428909490815752,arnicudz,Kuliah 1mggu full Day or gmn ka?,0,0,77,Per Berapa Semester,0.7977460622787476,30,Korea Degree Min,0.7718225121498108,5,Kerja Negeri Kuliah,0.7658699750900269
7543178532245062416,awexxxtrian,bagaimana dengan PDIKTI ?,1,0,69,Apakah S1Hukum Perdagangan,0.6124864220619202,56,Universitas Siber Asia,0.6043031811714172,90,Binus Adsfort Harga,0.5882532596588135
7522893693105472264,pakbar_46,untuk tugas akhir atau skripsi nya proses bagaimana ya?,0,1,58,Tugas Akhir Skripsi,0.8210526704788208,33,Bagaimana Wisudanya Tes,0.7878108620643616,77,Per Berapa Semester,0.7739405632019043
7523101474960884488,univsiberasia,"Halo Kak, betul sekali. Untuk tugas akhir ada skripsi ya Kak dI UNSIA",0,0,58,Tugas Akhir Skripsi,0.8992882370948792,67,Program Belum Dibuka,0.8097449541091919,9,Kip Unsia Diterima,0.7942928075790405
7506032020020134677,silviajuniarti2,Kk unsia ada dipakanbaru ga ya?,0,0,54,Membuka Lho Mahasiswa,0.6490318775177002,39,Beasiswa Kkn Program,0.8621387481689453,22,Pindahan Menerima Ut,0.8269120454788208
7577737276219474708,saycaaaa_,"aku bru daftar..prodi akuntansii,ada yg samaaa gaaaa",0,0,92,Samaaa Sama Konveksi,0.6296412348747253,46,Ut Pengin Bidang,0.808462381362915,9,Kip Unsia Diterima,0.7950244545936584
7548327734348301063,caramellatte_96,kak utk cara daftarnya gmna yaa,0,0,17,Cara Daftarnya Bagaimana,0.9398314356803894,52,Web Lewat Kemana,0.836903989315033,127,Caranya Kuliahnya Bagaimana,0.8330135345458984
7341647540041040646,second_accound22,Kalo wisuda nya onlline apa offline pak?,0,0,7,Offline Ujiannya Online,0.8078421950340271,33,Bagaimana Wisudanya Tes,0.8207505941390991,74,Akreditasinya Asia Siber,0.8009150624275208
7381812374480962309,zeanlindah,klo kulia online 1minggu berpa x pertemuan kaka,0,0,100,Umur Usia Irt,0.6482946872711182,64,Full Online Serba,0.6812765598297119,123,Jam Kelas Karyawan,0.6621592044830322
7317649225021620997,antrophophile,kak mmau tanya kalau daftar 2 kampus itu bagaiamna pendaftarannya? apa sama kyk pmb atau ad cara tersendiri? mohon dijawab terimakasih,3,0,49,Ijazahnya Lulus Kan,0.8626309037208557,120,Tanya Non S2Nya,0.8226271271705627,21,Malam Shift Begitu,0.7871418595314026
7469064870148113207,viiijee_494,bisa kuliah full daring nda min,0,0,30,Korea Degree Min,0.8167722821235657,100,Umur Usia Irt,0.7973568439483643,5,Kerja Negeri Kuliah,0.7848528623580933
7534359240057062165,kentukienak,pengen pindah juga ke unsia deh,0,0,9,Kip Unsia Diterima,0.8099179863929749,88,Pindah Semester Ngulang,0.766352653503418,132,Mending Ptnbh Alumni,0.7660691738128662
7449373758023172865,miringbanyak,🥰,1,0,61,  ,1.0,13,  ,1.0,20,Yes  ,0.999908447265625
7276838764482773765,the_scret_,"@bubbleblue kampus mu,dah daftar blom?",1,0,47,Daftar Gelombang Januari,0.6861407160758972,27,Join Grup Yuk,0.7673797607421875,34,Daftar Tinggal Baru,0.7121106386184692
7559089727539413778,zahraanakkecills,😁,0,0,14,Fitriyani Andriani Udin69Can,0.9977331161499023,13,  ,1.0,61,  ,1.0
7559089712907502343,zahraanakkecills,🥰,0,0,29,Menyimak Nyimakkk Ut,0.9959731698036194,13,  ,1.0,61,  ,1.0
7525575338589225746,nenengmeilani541,🥰,0,0,20,Yes  ,0.999908447265625,13,  ,1.0,61,  ,1.0
7265283297008239365,kakjo1717,"Min, kapan ni, unsia buka prodi bru, FISIP dong min",2,3,3,Buka Pendaftaran Masih,0.7397559285163879,30,Korea Degree Min,0.7988561391830444,67,Program Belum Dibuka,0.7849102020263672
7542107951331689233,kyoci03,Pengen jurusan sasing ka😅,0,0,0,Jurusan Teknik Inggris,0.7750868797302246,84,Ngambil Ambil Apa,0.794905960559845,104,Aman Unas Ciber,0.776773989200592
7413676280862655237,serba_tahu_tempe,spill biayanya donk,1,0,133,Spill Alisnya Spil,0.8536361455917358,99,Biayanya Biaya Berapa,0.7439417839050293,135,Infoin Mau Lantang,0.7373877763748169
7597036309970617106,mr19643,ka hasil seleksinya kapan ya keluar setelah test?,0,0,106,Hasil Seleksi Pengumuman,0.9166020154953003,31,Kapan Pendaftarannya Gelombang,0.829349160194397,78,Kapan Min Gel,0.7989178895950317
7243009051276215045,oktafiancahya,kerennn,1,0,126,Keren Mukanya Asing,0.9459885954856873,19,Com Nice Https,0.8235597610473633,75,Iya Iyapp Introvert,0.7993545532226562
7244843780288791302,ynianti,untuk s2 kebidanan ada gak,0,0,50,S2 Pendidikan Hukum,0.8975916504859924,37,S2 Ada Doktoral,0.8297845125198364,4,D3 S1 Lanjut,0.8167476654052734
7263448669944070918,fitrinndsr1,kalau maba UT bisa daftar di siber asia gak sih? soalnya pengen kuliah 2kampus. pliss di bls pke vt,0,0,74,Akreditasinya Asia Siber,0.8068878054618835,30,Korea Degree Min,0.8504025936126709,22,Pindahan Menerima Ut,0.8424874544143677
7247908898983035653,ghendis_k14,MJ205 hadir,0,0,126,Keren Mukanya Asing,0.6405909657478333,90,Binus Adsfort Harga,0.7673890590667725,105,Swasta Oktober Situ,0.7412528991699219
7460493203708756753,coutes_r,🥰,0,0,29,Menyimak Nyimakkk Ut,0.9959731698036194,13,  ,1.0,61,  ,1.0
7260007615374377733,putrichikalsyairaam,@nrrjml♉,0,0,82,Nrrjml Hbd Nz,0.8803498148918152,131,Next Up Gass,0.6854398250579834,90,Binus Adsfort Harga,0.6436040997505188
7263448899032531718,fitrinndsr1,kalau maba UT bisa daftar di siber asia gak sih? soalnya pengen kuliah 2kampus. pliss di bls pke vt,0,0,74,Akreditasinya Asia Siber,0.8068878054618835,30,Korea Degree Min,0.8504025936126709,22,Pindahan Menerima Ut,0.8424874544143677
7401022473054077701,xftyaa3,tes masuknya susah ngga ka,2,2,16,Apa Saja Jurusan,0.7441906929016113,112,Ujian Tes Online,0.8363125324249268,33,Bagaimana Wisudanya Tes,0.835526168346405
7498232036810818311,harqeel_222,Hanya tes biasa saja kok kak🥰,1,0,33,Bagaimana Wisudanya Tes,0.6902828216552734,112,Ujian Tes Online,0.7483139038085938,7,Offline Ujiannya Online,0.7103743553161621
7506675980623758087,harqeel_222,Nanti bisa ambil gelombang ke 2 ya kak boleh cek ig nya unsia ya,0,0,2,Website Id Ac,0.792070746421814,10,Maret April Bulan,0.7985297441482544,60,Admin Dm Boleh,0.7953799366950989
7501743842694038290,anputi12,"Kak, apakah pendaftaran untuk thn 2025 sdh dibuka?
Sy dr jambi soalnya",4,19,3,Buka Pendaftaran Masih,0.7862426042556763,49,Ijazahnya Lulus Kan,0.7987222671508789,120,Tanya Non S2Nya,0.7900415658950806
7515691351247061778,univsiberasia,"Halo Kak, saat ini UNSIA masih membuka pendaftaran mahasiswa baru lho🤗",0,0,54,Membuka Lho Mahasiswa,0.9835507869720459,66,Dibuka Mahasiswa Baru,0.9212213754653931,67,Program Belum Dibuka,0.8523415923118591
7502387535906620168,jeonkim_0901,"bantu jawab, sudah",1,0,43,Belum Huhu Nih,0.7477646470069885,24,Ayo Ikutt Ikut,0.76987624168396,26,Adek Duluan Nurul,0.7643952965736389
7511791449542722320,zarasee_,bisa full online ga si?😭,1,0,115,Full Fisik Diunsia,0.9002327919006348,64,Full Online Serba,0.8304674625396729,108,Offline Onsite Onnline,0.8264461159706116
7511868528347595521,jeonkim_0901,emang ini full online kak,0,0,64,Full Online Serba,0.8941892385482788,108,Offline Onsite Onnline,0.829522967338562,115,Full Fisik Diunsia,0.8132777214050293
7511918122773955329,zarasee_,mending ini apa ut? bingung bgt mau pilih mana😭,1,0,132,Mending Ptnbh Alumni,0.6523185968399048,57,Nilai Sesi Sabar,0.6816689968109131,59,Tugas Numpuk Tugasnya,0.6671366691589355
7511928011085923089,jeonkim_0901,"tergantung sih kak, aku milih ini soal ut katanya masuk mudah keluarnya yang susah jadi aku milih ini 😅",0,0,46,Ut Pengin Bidang,0.7815224528312683,59,Tugas Numpuk Tugasnya,0.7404776811599731,21,Malam Shift Begitu,0.7252482771873474
7511928716143428353,zarasee_,"btw kakanya prodi apa, udah semester brp?",1,0,65,Angkatan Berapa Kira,0.8290808796882629,84,Ngambil Ambil Apa,0.8415222764015198,74,Akreditasinya Asia Siber,0.8168861865997314
7511929432345461521,jeonkim_0901,aku baru daftar😅,0,0,47,Daftar Gelombang Januari,0.7122074961662292,38,Ih Maba Grupnya,0.7678289413452148,34,Daftar Tinggal Baru,0.7659682035446167
7502414281515713288,anputi12,Mksh kak🙏,0,0,98,Terima Kasih Murid,0.9618239998817444,35,Infonya Terima Kasih,0.8470162153244019,94,Ditunggu Tunggu Wah,0.7785623073577881
7503333375253299988,fitrianifachrunisa_,kak udh daftar? aku jg calon mahasiswi unsia nih tp blm dihubungi lg udh byr ukt malah😭,0,0,8,Tanya Bertanya Chat,0.6544584035873413,34,Daftar Tinggal Baru,0.8248552083969116,46,Ut Pengin Bidang,0.8185513615608215
7503405571661054738,anputi12,"Blm daftar kk, krn msh bingung gmn caranya.
Kok bisa gtu ya kak?",0,0,91,Ulang Bayar Isi,0.8471451997756958,17,Cara Daftarnya Bagaimana,0.7985712289810181,47,Daftar Gelombang Januari,0.7913864254951477
7503407630988329735,fitrianifachrunisa_,"gampang ka, buka ignya aja dibio ada webnya tinggal daftar",0,0,52,Web Lewat Kemana,0.7539794445037842,108,Offline Onsite Onnline,0.7495483160018921,116,Ig Akun Sering,0.7367876768112183
7503428790393111304,anputi12,Beneran kak? Wah mksh deh infonya kak🙏,0,0,35,Infonya Terima Kasih,0.9114947319030762,98,Terima Kasih Murid,0.8075445890426636,15,Hi Halo Dong,0.7973461747169495
7503506793679602453,fitrianifachrunisa_,betul kaa aku tinggal nunggu kelanjutannya,0,0,94,Ditunggu Tunggu Wah,0.7909719944000244,81,Iya Oke Orang,0.7540256977081299,135,Infoin Mau Lantang,0.7401869297027588
7503507261991928584,anputi12,Alhamdulillah deh kk semoga lancar2 selalu ya kak🙏ttp semangat,0,0,25,Amin Selalu Semangat,0.8941510319709778,62,Semoga Allah Doain,0.7818535566329956,113,Semangat Wah Berpikir,0.7743499279022217
7511394518043050773,aysiyu__,ka daftar prodi apa?,0,0,84,Ngambil Ambil Apa,0.887812614440918,16,Apa Saja Jurusan,0.8546281456947327,74,Akreditasinya Asia Siber,0.8401416540145874
7511530285612155665,fitrianifachrunisa_,manajemen ka,0,0,92,Samaaa Sama Konveksi,0.6719515919685364,105,Swasta Oktober Situ,0.8409441709518433,90,Binus Adsfort Harga,0.8136166334152222
7522319241500951312,iswa_ns,biya ukt brp kak,0,0,18,Berapa Biaya Bayar,0.8399455547332764,65,Angkatan Berapa Kira,0.8286395072937012,77,Per Berapa Semester,0.7816319465637207
7523101878848897799,univsiberasia,"Halo Kak, hanya 3jt/semester lho Kak🤩",0,0,1,Dicicil 3Jt Hanya,0.822106122970581,10,Maret April Bulan,0.7405338287353516,104,Aman Unas Ciber,0.73391193151474
7560737489960157959,rismaa_anaa,unsia apa binus yaa,0,4,90,Binus Adsfort Harga,0.6010465621948242,104,Aman Unas Ciber,0.8040206432342529,74,Akreditasinya Asia Siber,0.798753023147583
7561831043768419080,wanzzz_950,ya binus lah kak😭,7,0,81,Iya Oke Orang,0.8367066979408264,38,Ih Maba Grupnya,0.8217532634735107,45,Enggak Ribet Fh,0.7989856004714966
7561835324059190023,rismaa_anaa,lantang bgt kak😭😭,0,0,135,Infoin Mau Lantang,0.8338500261306763,48,Betul Banget Lucu,0.9055269956588745,53,Dong Kayaknya Banget,0.8208967447280884
7568653599758598919,cheezei0,"ukt nya aja jauh bgt bedanya kak, ya binus dongg😭",0,0,57,Nilai Sesi Sabar,0.767187237739563,104,Aman Unas Ciber,0.7708358764648438,133,Spill Alisnya Spil,0.7640703916549683
7570919299416032021,rrecloudly_30,mahal an binus? 😭,0,0,103,Ilkom Ieu Balang,0.757129967212677,90,Binus Adsfort Harga,0.6870793104171753,19,Com Nice Https,0.6795766353607178
7424513000805860101,bud_ay11,bener2 full online kah? aku di kaltim soalnya,0,16,7,Offline Ujiannya Online,0.7437468767166138,64,Full Online Serba,0.773613452911377,115,Full Fisik Diunsia,0.7730001211166382
7425828981993587461,harqeel_222,"Bnr full kak , udh daftar kah? Aku jg br mau daftar ini",0,0,34,Daftar Tinggal Baru,0.887870192527771,79,Daftar Sudah Kamu,0.8851227164268494,47,Daftar Gelombang Januari,0.7983453869819641
7425844647001473797,bud_ay11,aku udah daftar,0,0,79,Daftar Sudah Kamu,0.7969418168067932,24,Ayo Ikutt Ikut,0.7753614783287048,43,Belum Huhu Nih,0.7635664939880371
7425914668739560197,harqeel_222,Aku baru mau besok wkwk berkasnya blm siap soalnya,1,0,34,Daftar Tinggal Baru,0.8208450078964233,118,Desember Baca Depan,0.7562873363494873,57,Nilai Sesi Sabar,0.7488207817077637
7496731276745982740,univsiberasia,"Halo Ka, Bener banget dong😊",0,0,15,Hi Halo Dong,0.8472704291343689,48,Betul Banget Lucu,0.812198281288147,35,Infonya Terima Kasih,0.7908833622932434
7496731503633154833,bud_ay11,telat banget balasnya min. udah semester 2 aku hehehh,0,0,57,Nilai Sesi Sabar,0.8293939232826233,34,Daftar Tinggal Baru,0.7377610206604004,46,Ut Pengin Bidang,0.7196605801582336
7578713028457612040,terserahhdeh2,Kk gmn unsia? Ak dibatam soalny gmn si review jujur dong,0,0,93,Jujur Review Kata,0.7262907028198242,33,Bagaimana Wisudanya Tes,0.7562670707702637,8,Tanya Bertanya Chat,0.7562122344970703
7582571064967955216,bud_ay11,udah smester 3 ni.. wlpun online ttp ilmunya mntap.. sistem nya keren.. gass dahhh,0,0,57,Nilai Sesi Sabar,0.7100926637649536,93,Jujur Review Kata,0.6611555814743042,59,Tugas Numpuk Tugasnya,0.6418210864067078
7502161182410916626,m6048981,"hai kak, itu full online ya ga sesekali ke kampus kah?",0,0,64,Full Online Serba,0.7936612367630005,21,Malam Shift Begitu,0.841334342956543,71,Wisuda Uts Uas,0.8386445641517639
7502411317275116304,bud_ay11,fulllllllllllll,0,0,19,Com Nice Https,0.6462790966033936,48,Betul Banget Lucu,0.535473644733429,75,Iya Iyapp Introvert,0.5243865251541138
7477582000216458039,anggrtania,Kak maganya gimanaa? Boleh info ngga kak,0,0,41,Info Link Cara,0.7702807784080505,120,Tanya Non S2Nya,0.857011079788208,17,Cara Daftarnya Bagaimana,0.8523067235946655
7437051382349284114,pijelaaa,disambi kerja aman kah kak? btw aku jg sesama kaltim,0,0,39,Beasiswa Kkn Program,0.709398090839386,9,Kip Unsia Diterima,0.7504454851150513,104,Aman Unas Ciber,0.7442977428436279
7437051557231198983,bud_ay11,aman bgt.. aku udah sesi ke 4...,0,0,57,Nilai Sesi Sabar,0.7402160167694092,38,Ih Maba Grupnya,0.7029711604118347,34,Daftar Tinggal Baru,0.6934866905212402
7437056948992508690,pijelaaa,sistem kuliahnya gimana ya kak? satu semester berapa sesi?,0,0,77,Per Berapa Semester,0.8896276950836182,33,Bagaimana Wisudanya Tes,0.8061422109603882,123,Jam Kelas Karyawan,0.8011692762374878
7425914737613161222,harqeel_222,Masuk prodi apa kak,0,0,84,Ngambil Ambil Apa,0.9190845489501953,16,Apa Saja Jurusan,0.8764891624450684,0,Jurusan Teknik Inggris,0.8537871241569519
7425970542245675782,bud_ay11,mngment,0,0,131,Next Up Gass,0.8558484315872192,82,Nrrjml Hbd Nz,0.8368536233901978,90,Binus Adsfort Harga,0.8340369462966919
7425844726589113093,bud_ay11,BTW info2 yah,0,0,35,Infonya Terima Kasih,0.8030223846435547,94,Ditunggu Tunggu Wah,0.7560925483703613,97,Salam Mantap Kenal,0.7371076345443726
7424513348752114437,keyxin_04,min apakah kuliah di unsia full online?,0,32,30,Korea Degree Min,0.8826995491981506,22,Pindahan Menerima Ut,0.8168318271636963,100,Umur Usia Irt,0.813093900680542
7437061050929742610,univsiberasia,"Halo Kak, betul sekali😊UNSIA 100% full online learning",3,0,44,100 Learning Fully,0.9219794273376465,86,Darimana 100 Jadi,0.7489186525344849,58,Tugas Akhir Skripsi,0.7261092662811279
7498042502021284624,__mi.sha,@devinaa baru tau ada kuliah di unsia,0,0,9,Kip Unsia Diterima,0.7961608171463013,111,Alhamdulillah Keluarga Bagian,0.7523542642593384,132,Mending Ptnbh Alumni,0.7352299690246582
7498230465125073685,dvnshff,ihhhhhhh,0,0,19,Com Nice Https,0.794742226600647,75,Iya Iyapp Introvert,0.7131360769271851,26,Adek Duluan Nurul,0.685246467590332
7514711844863492884,daijobuzeen,daftarnya kemana,0,0,107,Daftarnya Cara Bagaimana,0.8012596368789673,99,Biayanya Biaya Berapa,0.7303284406661987,6,Dimana Daerah Mana,0.7298902273178101
7535456767569986305,useerr3523,Terus uas nya gimana ka?,0,0,33,Bagaimana Wisudanya Tes,0.9104461073875427,127,Caranya Kuliahnya Bagaimana,0.8462435007095337,17,Cara Daftarnya Bagaimana,0.8431534171104431
7426497908054164230,keyxin_04,bagus kampus ini apa UT kak?,0,0,74,Akreditasinya Asia Siber,0.8432466983795166,84,Ngambil Ambil Apa,0.8254229426383972,6,Dimana Daerah Mana,0.8099631071090698
7426561508199875334,harqeel_222,"Namun knp ak pilih ini krn kerjaku full dan gbsa memungkin kan untuk dateng , dan kampus ini jg punya relasi yg bnyk jg kok kak baguss di sediakan full online untuk yg gbsa izin",1,0,72,Tujuan Berkuliah Dimanapun,0.760819137096405,86,Darimana 100 Jadi,0.7758901119232178,21,Malam Shift Begitu,0.7359206080436707
7434118911564219191,shevahandini,Ka kmu udh daftar?,0,0,79,Daftar Sudah Kamu,0.9081437587738037,34,Daftar Tinggal Baru,0.8158092498779297,43,Belum Huhu Nih,0.7912609577178955
7434135359208391479,harqeel_222,Sudah baru bgt di bulan ini brp hari yg lalu,0,0,48,Betul Banget Lucu,0.4429105818271637,57,Nilai Sesi Sabar,0.5896502137184143,34,Daftar Tinggal Baru,0.5471035242080688
7434172227400172344,shevahandini,Jurusan apa ka,0,0,84,Ngambil Ambil Apa,0.9044473171234131,16,Apa Saja Jurusan,0.8741804361343384,6,Dimana Daerah Mana,0.8349772095680237
7434303196552020791,harqeel_222,Komunikasi aku,0,0,122,Kalbar Ia Kebingungan,0.8790054321289062,90,Binus Adsfort Harga,0.7800447940826416,105,Swasta Oktober Situ,0.7598104476928711
7434330077854270264,shevahandini,"Aku juga mau daftar nih kak, rekomen ga si menurut kk disini dri pd di ut?",0,0,34,Daftar Tinggal Baru,0.8301326036453247,46,Ut Pengin Bidang,0.8308072090148926,49,Ijazahnya Lulus Kan,0.8054001331329346
7434470400673497912,harqeel_222,Mau di dm aja ga kak cantik?,0,0,23,Dm Cek Izin,0.8216061592102051,116,Ig Akun Sering,0.773624062538147,60,Admin Dm Boleh,0.7612236738204956
7437472444740354834,keyxin_04,berapa biayanya,0,0,99,Biayanya Biaya Berapa,0.9198195934295654,107,Daftarnya Cara Bagaimana,0.7504013776779175,18,Berapa Biaya Bayar,0.7278786301612854
7504215841547715336,sweetlyn.05,kak dm boleh ?,0,0,23,Dm Cek Izin,0.8751576542854309,51,Open Otw Pkl,0.7990235686302185,117,Boleh Bolehhh Dong,0.7928632497787476
7504220023247962888,harqeel_222,Boleh cantik,0,0,23,Dm Cek Izin,0.6333074569702148,24,Ayo Ikutt Ikut,0.8105979561805725,117,Boleh Bolehhh Dong,0.8062732219696045
7509573083780760338,putrixplore,Kak izin dm mau nanya soal unsia,0,0,8,Tanya Bertanya Chat,0.8813892602920532,120,Tanya Non S2Nya,0.8506077527999878,60,Admin Dm Boleh,0.7942540645599365
7509573164737889042,putrixplore,Aku dah follow😭🙏,0,0,38,Ih Maba Grupnya,0.8323620557785034,24,Ayo Ikutt Ikut,0.7746735215187073,116,Ig Akun Sering,0.7422006130218506
7509634831102591752,harqeel_222,Gas kan dm,0,0,23,Dm Cek Izin,0.6324836015701294,26,Adek Duluan Nurul,0.7616240978240967,38,Ih Maba Grupnya,0.759954035282135
7496920426501980936,caprgio,kak boleh dm gak nanya nanya tentang unsia,0,0,8,Tanya Bertanya Chat,0.8139781355857849,120,Tanya Non S2Nya,0.7917436361312866,39,Beasiswa Kkn Program,0.7644728422164917
7497011240377123602,harqeel_222,Bolee silahkan barangkali mau masuk lewat aku nanti ada potongan harga diskon,0,0,90,Binus Adsfort Harga,0.4537966549396515,27,Join Grup Yuk,0.7156028747558594,118,Desember Baca Depan,0.6966793537139893
7510205747008881415,jenwf5,kak boleh dm?,0,0,23,Dm Cek Izin,0.9238604307174683,60,Admin Dm Boleh,0.8530510067939758,8,Tanya Bertanya Chat,0.8158721923828125
7497433074205033224,harqeel_222,Dah semester 1,0,0,88,Pindah Semester Ngulang,0.5957324504852295,105,Swasta Oktober Situ,0.7389953136444092,90,Binus Adsfort Harga,0.70810866355896
7426560527705555717,harqeel_222,"Sebetulnya kalo kamu bandingin dngn ut masing”ada kelebihannya mas, kl km mau yg kuliahnya bsa ktmu sm tmn” ut bisa bgt krn ulangannya mrka ada offline",0,0,111,Alhamdulillah Keluarga Bagian,0.539725124835968,21,Malam Shift Begitu,0.8059781789779663,59,Tugas Numpuk Tugasnya,0.7802425622940063
7437472366869594900,keyxin_04,kalo aku kerja di luar negeri kak jdi nyari kampus yg full online,0,0,5,Kerja Negeri Kuliah,0.8502228856086731,46,Ut Pengin Bidang,0.8191158771514893,22,Pindahan Menerima Ut,0.7820991277694702
7437488874874700552,harqeel_222,kalo cari yg full disni kalo ga salah nnti smpe wisuda pun ada 2 cara bisa online bisa offline,0,0,71,Wisuda Uts Uas,0.8151834011077881,7,Offline Ujiannya Online,0.7669070959091187,21,Malam Shift Begitu,0.76637202501297
7425828861198385925,harqeel_222,"Iyaa kak katanya full, aku jg baru mau daftar skrg nih",0,0,34,Daftar Tinggal Baru,0.9029920101165771,79,Daftar Sudah Kamu,0.8333872556686401,46,Ut Pengin Bidang,0.7880077958106995
7549082216236974868,theonlyana.12,biaya ukt brapa kak?,0,1,18,Berapa Biaya Bayar,0.9309018850326538,77,Per Berapa Semester,0.8660008907318115,99,Biayanya Biaya Berapa,0.809986412525177
7549978051373187847,kakjo1717,3 juta kak,0,0,124,Juta Serius 3Jt,0.9539287090301514,26,Adek Duluan Nurul,0.7286112904548645,135,Infoin Mau Lantang,0.7136058807373047
7517896648241562375,lova122114,mf k acaranya dftr ny gmna y,0,2,99,Biayanya Biaya Berapa,0.6554650068283081,52,Web Lewat Kemana,0.7893354296684265,8,Tanya Bertanya Chat,0.783242404460907
7517980750168425224,univsiberasia,"Halo Kak, gampang banget lho. Cukup melalui website unsia di pmb.unsia.ac.id😊",0,0,2,Website Id Ac,0.8999338746070862,101,Favorit Pilih Fleksibel,0.813684344291687,83,Pilih Favorit Mulai,0.7831684350967407
7518036709943493394,lova122114,ok k..mksh infonny,0,0,35,Infonya Terima Kasih,0.8152532577514648,98,Terima Kasih Murid,0.8061335682868958,97,Salam Mantap Kenal,0.7408850193023682
7495574397719151380,astikari,pengen,0,1,128,Main Kampusnya Kekampus,0.47257497906684875,29,Menyimak Nyimakkk Ut,0.9080930352210999,40,One Yaallahh Day,0.9014329314231873
7498231961195512584,harqeel_222,"Yuk jangan ragu untuk masuk Unsia, segera daftar dan dapatkan potongan UKT sebesar 300-500 dm ajaa tanya- tanya silahkan 🥰🥰",0,0,2,Website Id Ac,0.7419583797454834,101,Favorit Pilih Fleksibel,0.7083796858787537,83,Pilih Favorit Mulai,0.7065985798835754
7534058659539534609,irna_naee,Di unsia ada skripsi ga ya?,0,1,30,Korea Degree Min,0.9004409313201904,39,Beasiswa Kkn Program,0.8588698506355286,0,Jurusan Teknik Inggris,0.8498652577400208
7535687240819786514,univsiberasia,"Halo Kak, untuk tugas akhir ada skripsi ya Kak",0,0,58,Tugas Akhir Skripsi,0.8963044881820679,120,Tanya Non S2Nya,0.8059439659118652,15,Hi Halo Dong,0.786773145198822
7527173166352761608,.matchaa89,Kak kalau sudah semester 4 di univ lain mah lanjut pindah di unsia bisa ga?,0,10,88,Pindah Semester Ngulang,0.8871933221817017,49,Ijazahnya Lulus Kan,0.8791364431381226,30,Korea Degree Min,0.8569468259811401
7527174860105384712,univsiberasia,"Halo kak, bisa ya melalui jalur konversi",0,0,12,Konversi Jalur Melalui,0.9472084641456604,22,Pindahan Menerima Ut,0.8008259534835815,15,Hi Halo Dong,0.7726988792419434
7527556320501695239,univsiberasia,"Halo kak, untuk info lebih lanjut boleh DM Mimin ya😊",0,0,36,Dm Admin Detailnya,0.935099720954895,60,Admin Dm Boleh,0.9191454648971558,23,Dm Cek Izin,0.8036532998085022
7527649315672081159,.matchaa89,"Udah kak , bantu di acc kak dm nya",0,0,23,Dm Cek Izin,0.8518334627151489,60,Admin Dm Boleh,0.8150969743728638,116,Ig Akun Sering,0.79045569896698
7527433387830641426,sxcsalsaa,kak km mw pindah kah,0,0,88,Pindah Semester Ngulang,0.765766978263855,84,Ngambil Ambil Apa,0.7900538444519043,6,Dimana Daerah Mana,0.7876799702644348
7527547769712952071,.matchaa89,Iya kak rencana mau pindah ke unsia cma lagi cari cari tau prosedur nya gmana antar univ,0,0,46,Ut Pengin Bidang,0.8787158131599426,49,Ijazahnya Lulus Kan,0.8509397506713867,88,Pindah Semester Ngulang,0.8405777215957642
7527612652995216136,sxcsalsaa,kak acc biar bisa dm,0,0,23,Dm Cek Izin,0.8534905910491943,116,Ig Akun Sering,0.8184895515441895,60,Admin Dm Boleh,0.7668992280960083
7527649155839525650,.matchaa89,Udah kak,0,0,43,Belum Huhu Nih,0.8424925208091736,26,Adek Duluan Nurul,0.8221045732498169,81,Iya Oke Orang,0.8154678344726562
7527612340495221511,idyyyyysn,kak kalo d3 mau lanjut s1 bisa kah?,0,0,4,D3 S1 Lanjut,0.9345129728317261,119,Teman Syarat Magang,0.839202344417572,37,S2 Ada Doktoral,0.8357914686203003
7527589272497455880,sxcsalsaa,"kak dm mau tanya""",0,0,8,Tanya Bertanya Chat,0.9077608585357666,120,Tanya Non S2Nya,0.8236552476882935,23,Dm Cek Izin,0.7866824865341187
7527338062494450439,.matchaa89,"Baik kak, procedur detail seperti apa ya?",0,0,134,Pjj Akre Industri,0.7254575490951538,33,Bagaimana Wisudanya Tes,0.7639940977096558,60,Admin Dm Boleh,0.7603969573974609
7524848990317069074,g3bby__7,kaa batas usia diunsia berapa kakkk???,1,1,65,Angkatan Berapa Kira,0.8310948610305786,18,Berapa Biaya Bayar,0.8153940439224243,77,Per Berapa Semester,0.7734174132347107
7535687306528637714,univsiberasia,"Halo Kak, tidak ada batas usia ya Kak",0,0,65,Angkatan Berapa Kira,0.6528993844985962,15,Hi Halo Dong,0.7596595287322998,10,Maret April Bulan,0.7134084105491638
7515581968659596040,nvmelva_,jalur pendaftarannya pilih yg mana min,0,3,52,Web Lewat Kemana,0.8159183263778687,31,Kapan Pendaftarannya Gelombang,0.7903777360916138,17,Cara Daftarnya Bagaimana,0.7889109253883362
7515773364741407504,ririi_9304,Min boleh dm nggak mau tanya” soalnya,0,0,8,Tanya Bertanya Chat,0.896504282951355,120,Tanya Non S2Nya,0.8105412721633911,60,Admin Dm Boleh,0.7867944240570068
7515704449613447954,nvmelva_,pendaftaran tutupnya tgl 30 juni ya ka?,0,0,10,Maret April Bulan,0.8868578672409058,31,Kapan Pendaftarannya Gelombang,0.8275623321533203,89,Tanggal Gelombang Bulan,0.8162481784820557
7515691205238244104,univsiberasia,"Halo Kak, untuk pendaftaran di UNSIA ada 2 ya, melalui jalur reguler dan jalur konversi. Untuk jalur reguler diperuntukkan untuk Kakak yang lulusan SMA/MA/sederajat. Sedangkan jalur konversi diperuntukkan untuk Kakak yang lulusan D3 atau mahasiswa pindahan ya☺️",0,0,12,Konversi Jalur Melalui,0.7649943828582764,67,Program Belum Dibuka,0.7754193544387817,49,Ijazahnya Lulus Kan,0.764053463935852
7346468737212891909,nana_ajah11,kk aq mendaftar di unsia gelombang 9 tapi pembayaran ko gak valid,1,2,91,Ulang Bayar Isi,0.8073005676269531,9,Kip Unsia Diterima,0.7527667284011841,46,Ut Pengin Bidang,0.7381800413131714
7385526899983041286,user366363572,jurusan apa semua,0,0,84,Ngambil Ambil Apa,0.8470894694328308,16,Apa Saja Jurusan,0.8379639983177185,42,Jurusan Ekonomi Hukum,0.7919842004776001
7346586923790451462,univsiberasia,"Halo Kak, izin Mimin kirim alur pembayaran ya Kak melalui inbox😊",0,0,60,Admin Dm Boleh,0.8698024749755859,36,Dm Admin Detailnya,0.8492363691329956,23,Dm Cek Izin,0.7948250770568848
7353126548339573509,kenjielvano25,kak apakah pendaftaran untuk 2024 sudah di buka,0,2,3,Buka Pendaftaran Masih,0.8494622707366943,31,Kapan Pendaftarannya Gelombang,0.8180416822433472,89,Tanggal Gelombang Bulan,0.7964270114898682
7385527392234210054,user366363572,bisa sya dpt kan info yg lebih detail 🙏,0,0,8,Tanya Bertanya Chat,0.7266798615455627,52,Web Lewat Kemana,0.6962684392929077,41,Info Link Cara,0.667306125164032
7369961132831326981,univsiberasia,"Halo Kak, saat ini UNSIA sedang membuka pendaftaran mahasiswa baru lho 🤩",0,0,54,Membuka Lho Mahasiswa,0.9722732305526733,66,Dibuka Mahasiswa Baru,0.9032515287399292,67,Program Belum Dibuka,0.8347142934799194
7508740249179980551,natanugrha,"izin nanya kak,ambil ijazahnya dimana ya kira kira kalo udh lulus",0,1,49,Ijazahnya Lulus Kan,0.8468180298805237,120,Tanya Non S2Nya,0.8338431119918823,119,Teman Syarat Magang,0.8204734325408936
7511373711049442056,bar18528,"Di Universitasnya kak, Meskipun Online nanti wisudanya bisa online dan offline",1,0,7,Offline Ujiannya Online,0.8947750329971313,71,Wisuda Uts Uas,0.8963748216629028,112,Ujian Tes Online,0.8424715995788574
7579528296573190920,fhennxixi09,biaya pendaftaran nya brapa😭,0,1,18,Berapa Biaya Bayar,0.8918477296829224,99,Biayanya Biaya Berapa,0.8730064630508423,107,Daftarnya Cara Bagaimana,0.8368133306503296
7579533694836572936,univsiberasia,"Hi Kak, untuk UKT hanya 3jt lho persemester",0,0,1,Dicicil 3Jt Hanya,0.8816608190536499,18,Berapa Biaya Bayar,0.7414289712905884,77,Per Berapa Semester,0.7243000268936157
7344719281622500102,rifiaashfiyailulumiah,kak pas isi biodata disuruh isi kode referal itu di isi apa ya? kodenya aku gatau,1,1,91,Ulang Bayar Isi,0.816440761089325,49,Ijazahnya Lulus Kan,0.7440358996391296,17,Cara Daftarnya Bagaimana,0.7351691722869873
7345780153698697990,univsiberasia,"Halo Kak, Untuk kode referral apabila kakak mendaftar tidak mendapat rekomendasi siapapun, maka silakan isikan dengan angka 0 (nol) saja kak",1,0,2,Website Id Ac,0.6602789163589478,91,Ulang Bayar Isi,0.6754150390625,36,Dm Admin Detailnya,0.6394514441490173
7514902016423936775,calmeenikitaaa,Cara daftarnya gimana ya ini🥺,0,1,17,Cara Daftarnya Bagaimana,0.9150489568710327,107,Daftarnya Cara Bagaimana,0.9057536125183105,127,Caranya Kuliahnya Bagaimana,0.8204123377799988
7514919807500026642,univsiberasia,"Halo Kakak, gampang banget lho daftarnya. Bisa langsung ke website ya Kak di pmb.ac.id 😊",0,0,2,Website Id Ac,0.8670123219490051,101,Favorit Pilih Fleksibel,0.8061984777450562,83,Pilih Favorit Mulai,0.7568691968917847
7588547134262575893,plave.ina,ini akun official nya kan?,0,1,116,Ig Akun Sering,0.7762062549591064,43,Belum Huhu Nih,0.7002387046813965,133,Spill Alisnya Spil,0.6994680166244507
7588781376104825608,univsiberasia,Betul banget dong🤩,0,0,48,Betul Banget Lucu,0.9071930050849915,53,Dong Kayaknya Banget,0.746605634689331,75,Iya Iyapp Introvert,0.7325044870376587
7348305067432624902,yaudaaa21,"semangat UNSiA, semoga menciptakan lulusan yg terbaik",0,1,55,Sukses Selalu Sehat,0.8360641002655029,111,Alhamdulillah Keluarga Bagian,0.7274646759033203,62,Semoga Allah Doain,0.6937441825866699
7369960760075076358,univsiberasia,"Aamiin, terima kasih banyak Kak. Sukses selalu untuk Kakak🤩",1,0,25,Amin Selalu Semangat,0.9178372025489807,98,Terima Kasih Murid,0.8587119579315186,35,Infonya Terima Kasih,0.7683759927749634
7524509853786030865,adityamp.0_0,apakah bisa lulus D3 teknik informatika UNS terus lanjut S1 informatika secara online ny disini?,0,1,4,D3 S1 Lanjut,0.8295906782150269,50,S2 Pendidikan Hukum,0.7847967147827148,30,Korea Degree Min,0.7777979373931885
7524554388633010962,univsiberasia,"Halo Kak, bisa banget dong😊",0,0,15,Hi Halo Dong,0.937359094619751,53,Dong Kayaknya Banget,0.8190839886665344,35,Infonya Terima Kasih,0.7977511882781982
7526207333308875528,hiduphamp,tanggal pengumuman nya kpn,0,0,31,Kapan Pendaftarannya Gelombang,0.8484783172607422,89,Tanggal Gelombang Bulan,0.8371511101722717,78,Kapan Min Gel,0.8244556188583374
7519158987057922836,daradarojatun,kak gimana cara pendaftaran,0,0,17,Cara Daftarnya Bagaimana,0.9148305058479309,127,Caranya Kuliahnya Bagaimana,0.8538283109664917,107,Daftarnya Cara Bagaimana,0.850854754447937
7504293322656498440,im.kaiiiii,utk+almet nya brp min🗿,0,0,18,Berapa Biaya Bayar,0.8487368822097778,17,Cara Daftarnya Bagaimana,0.7615542411804199,52,Web Lewat Kemana,0.7473592758178711
7404268051803243282,arnicudz,Ka dr D3 ke S1 brp tahun?,1,0,4,D3 S1 Lanjut,0.8966900110244751,65,Angkatan Berapa Kira,0.7867724895477295,50,S2 Pendidikan Hukum,0.7845814228057861
7496457219572138770,haiinisiapa3,kak ada s2 ga?,0,0,37,S2 Ada Doktoral,0.9676434397697449,114,S2 Lita Anis,0.8987360000610352,50,S2 Pendidikan Hukum,0.8962020874023438
7511540770919351048,ziaaa_kezia,per semester brapa bulan klo disini?,0,0,77,Per Berapa Semester,0.8502049446105957,65,Angkatan Berapa Kira,0.7821384072303772,123,Jam Kelas Karyawan,0.7752299308776855
7426394371428041478,fanaticj14,Ada yang mau daftar yg ekstensi/rpl ga sih?,0,0,39,Beasiswa Kkn Program,0.8160326480865479,68,Rpl Pengalaman Jalur,0.8136780261993408,47,Daftar Gelombang Januari,0.7911462187767029
7347302351663825669,mharyo_s88,kita kuliah online? zoom sambil turu lah 🗿,0,0,83,Pilih Favorit Mulai,0.5712642073631287,64,Full Online Serba,0.7389125823974609,59,Tugas Numpuk Tugasnya,0.7383269667625427
7543433837461865223,rosellynlove12,"ga ada fakultas teknik ya, selain tek. informatika ?",0,0,0,Jurusan Teknik Inggris,0.8095914125442505,42,Jurusan Ekonomi Hukum,0.7791756391525269,132,Mending Ptnbh Alumni,0.7609848380088806
7352203449822413574,zaahhh_2,masih menerima kk,0,0,26,Adek Duluan Nurul,0.7581915855407715,122,Kalbar Ia Kebingungan,0.7462702989578247,90,Binus Adsfort Harga,0.6927893161773682
7518369041808327442,ngopiseteko,Kak jadual kuliah online nya gimana?,0,0,33,Bagaimana Wisudanya Tes,0.8597025871276855,120,Tanya Non S2Nya,0.8274590373039246,77,Per Berapa Semester,0.8251227736473083
7515421199007482642,fuckyouuutu,kalo online brati S1 gada KKN nya kak?,0,0,39,Beasiswa Kkn Program,0.7911518812179565,30,Korea Degree Min,0.8300496339797974,71,Wisuda Uts Uas,0.8275061249732971
7527433188282417938,sxcsalsaa,kak kalau pindahan dri kampus lain atau pernah berhenti di semst 3/4 mau lnjt di unsia ap bisa di konversi dan ap ad biaya tambahan brp ya,0,0,22,Pindahan Menerima Ut,0.8364819288253784,49,Ijazahnya Lulus Kan,0.8795744180679321,30,Korea Degree Min,0.8251088261604309
7568503970902147861,prem.sperm,bisa daftar dari jepang ga ?,0,0,22,Pindahan Menerima Ut,0.8080220222473145,47,Daftar Gelombang Januari,0.7849615812301636,76,Paket Ijazah Sih,0.7762812376022339
7526217058000012050,zawa_ai,ada program Pascasarjana ngk??,0,0,42,Jurusan Ekonomi Hukum,0.8597735166549683,0,Jurusan Teknik Inggris,0.8028236627578735,114,S2 Lita Anis,0.8020408153533936
7500603800794694408,winmopas,hukum ada ga ka?,0,0,11,Skripsi Sidang Tidak,0.85066819190979,51,Open Otw Pkl,0.7978779673576355,45,Enggak Ribet Fh,0.7948205471038818
7526748225819771668,baritasilaban03,gak ada diploma 3 manajemen kah,0,0,84,Ngambil Ambil Apa,0.6982182264328003,50,S2 Pendidikan Hukum,0.824051022529602,42,Jurusan Ekonomi Hukum,0.8220800757408142
7387070719002624773,mhmdfhmyy,Kak jam kuliahnya mulai jam berapa?,0,0,123,Jam Kelas Karyawan,0.8272152543067932,89,Tanggal Gelombang Bulan,0.7986240386962891,65,Angkatan Berapa Kira,0.7904437184333801
7494581624353358600,fyrdaurzula,"kak, biayanya berapa ya",0,0,18,Berapa Biaya Bayar,0.9309054017066956,77,Per Berapa Semester,0.8340404033660889,52,Web Lewat Kemana,0.831034779548645
7503505601239581448,cheeseka5,bisa diinfokan jadwal hari dan jam kuliahnya kak,0,0,123,Jam Kelas Karyawan,0.7949621677398682,60,Admin Dm Boleh,0.7330483198165894,31,Kapan Pendaftarannya Gelombang,0.7323645353317261
7569126740008092437,watuun_,💖,0,0,13,  ,1.0,61,  ,1.0,20,Yes  ,0.999908447265625
7526814563284435729,oneandonlyberr,😁,0,0,61,  ,1.0,13,  ,1.0,20,Yes  ,0.999908447265625
7521973774414938888,hahahaa_kasiannn,😂,0,0,13,  ,1.0,61,  ,1.0,20,Yes  ,0.999908447265625
7415030523754955525,masayufira,🔥,0,0,29,Menyimak Nyimakkk Ut,0.9959731698036194,13,  ,1.0,61,  ,1.0
7359903126114468613,kaniareykris,berapa total biaya S1 manajemen yg full online kak,7,3,77,Per Berapa Semester,0.8300819396972656,4,D3 S1 Lanjut,0.7884520292282104,18,Berapa Biaya Bayar,0.7807186841964722
7363604306098209541,dewikim20,nahh aku juga mau tau nih biaya nya brpa,2,0,99,Biayanya Biaya Berapa,0.7337103486061096,18,Berapa Biaya Bayar,0.7633560299873352,8,Tanya Bertanya Chat,0.7291327714920044
7408401401338020613,miegeprek001,3juta persemseter kalau 8semester jadi 24juta kak totalnya,3,0,1,Dicicil 3Jt Hanya,0.7705111503601074,77,Per Berapa Semester,0.6802719831466675,18,Berapa Biaya Bayar,0.6735722422599792
7568514568742470407,56leejn,ini include buku atau lainnya gitu kak?,0,0,8,Tanya Bertanya Chat,0.6584650278091431,115,Full Fisik Diunsia,0.7435612678527832,108,Offline Onsite Onnline,0.7383309602737427
7341018419674792710,nuraprilia529,"Kalau dari luar negeri bisa juga gak kak, tolong di jawab kak🙏🏻",5,17,5,Kerja Negeri Kuliah,0.7733011245727539,22,Pindahan Menerima Ut,0.8095366954803467,49,Ijazahnya Lulus Kan,0.8050806522369385
7421265703666729735,5hombing,"Sangat bisa kak, kebetulan juga saya di luar negeri kerja 😊",0,0,5,Kerja Negeri Kuliah,0.7899946570396423,22,Pindahan Menerima Ut,0.7306966781616211,46,Ut Pengin Bidang,0.7066524028778076
7421314004486980360,nuraprilia529,Allahamdulilah sekarang udah jadi bagian dari mahasiswa unsia kak 😊,0,0,111,Alhamdulillah Keluarga Bagian,0.7826571464538574,9,Kip Unsia Diterima,0.6760363578796387,62,Semoga Allah Doain,0.6570690870285034
7465065787427472136,oriokiran,kak boleh dm nanya2 gakkkk🙏🏻,0,0,8,Tanya Bertanya Chat,0.8523281812667847,60,Admin Dm Boleh,0.7974473237991333,23,Dm Cek Izin,0.7909483909606934
7465108806042616583,nuraprilia529,Boleh dong kak😊,0,0,117,Boleh Bolehhh Dong,0.9546998739242554,53,Dong Kayaknya Banget,0.8877163529396057,135,Infoin Mau Lantang,0.8863813877105713
7465510087718568712,youur_kittemnn,kak aku dm,1,0,23,Dm Cek Izin,0.9012874364852905,116,Ig Akun Sering,0.7946227788925171,51,Open Otw Pkl,0.7761697769165039
7465540305920574226,nuraprilia529,Oke kak😊,0,0,81,Iya Oke Orang,0.8250349760055542,26,Adek Duluan Nurul,0.8388516306877136,24,Ayo Ikutt Ikut,0.7904102802276611
7548347574573646610,i0.dna,biaya pendaftarannya brp ya ka,0,0,18,Berapa Biaya Bayar,0.931561291217804,31,Kapan Pendaftarannya Gelombang,0.8736549019813538,77,Per Berapa Semester,0.8617942333221436
7473892482100036360,gebyflorina21,Kaa full online tanpa harus ke kampusnya? Soalny saya kerja diluar negri,0,0,5,Kerja Negeri Kuliah,0.8348950147628784,21,Malam Shift Begitu,0.7874631881713867,49,Ijazahnya Lulus Kan,0.7851223945617676
7473895907186033415,nuraprilia529,Iya kak Full online 😊 kebetulan saya juga di luar kak.,0,0,81,Iya Oke Orang,0.7521696090698242,108,Offline Onsite Onnline,0.8004688024520874,64,Full Online Serba,0.786407470703125
7473896028477293320,gebyflorina21,Siap kakk saya mau mendaftar jugaa terima kasihh,0,0,35,Infonya Terima Kasih,0.8328847885131836,98,Terima Kasih Murid,0.8049090504646301,94,Ditunggu Tunggu Wah,0.7664804458618164
7473896388092101383,nuraprilia529,Sama-sama kak,0,0,92,Samaaa Sama Konveksi,0.8839293718338013,81,Iya Oke Orang,0.7950027585029602,26,Adek Duluan Nurul,0.7746739387512207
7480028582074614546,purweni.brahms,Biaya persemesternya berapa ya kak,0,0,18,Berapa Biaya Bayar,0.9320452213287354,77,Per Berapa Semester,0.8652999997138977,17,Cara Daftarnya Bagaimana,0.8092612028121948
7502161498748568327,m6048981,ke kampus pas apa doang kak?,0,0,108,Offline Onsite Onnline,0.6600351333618164,128,Main Kampusnya Kekampus,0.733022153377533,84,Ngambil Ambil Apa,0.7279918193817139
7502204677460329224,nuraprilia529,"di unsia full online kak, dari ujian sampai wisuda juga bisa online kak",0,0,71,Wisuda Uts Uas,0.8643969297409058,86,Darimana 100 Jadi,0.8349651098251343,112,Ujian Tes Online,0.8229553699493408
7452552748560646928,_._._._427,kak boleh tanya² gak kak🙏,0,0,117,Boleh Bolehhh Dong,0.8384193778038025,135,Infoin Mau Lantang,0.803127646446228,15,Hi Halo Dong,0.7833040952682495
7452559882681533202,nuraprilia529,Boleh dong kak🥰,0,0,117,Boleh Bolehhh Dong,0.9546998739242554,53,Dong Kayaknya Banget,0.8877163529396057,135,Infoin Mau Lantang,0.8863813877105713
7421315119088452360,5hombing,"Wah selamat ya mbak , selamat bergabung di Unsia , semangat jalani perkuliahan nya 😊",0,0,62,Semoga Allah Doain,0.7945651412010193,55,Sukses Selalu Sehat,0.8063411712646484,25,Amin Selalu Semangat,0.802571713924408
7328384941909689094,andresitumorang297,wisuda nya online atau offline kak?,2,7,7,Offline Ujiannya Online,0.9053056240081787,112,Ujian Tes Online,0.856328547000885,71,Wisuda Uts Uas,0.8454519510269165
7569034121797698311,5hombing,online,0,0,90,Binus Adsfort Harga,0.8789927959442139,14,Fitriyani Andriani Udin69Can,0.8875519633293152,40,One Yaallahh Day,0.8864132165908813
7569029226167894800,risa_davina,Ujiannya online apa offline?,0,0,7,Offline Ujiannya Online,0.8685147762298584,112,Ujian Tes Online,0.8350400924682617,33,Bagaimana Wisudanya Tes,0.7778656482696533
7488705700592993031,5hombing,"yang pasti masih sekitarnya Jaksel ya kak, tapi untuk gedung nya kurang tau , karena setiap wisudawan mungkin beda2 tempatnya nanti",0,0,21,Malam Shift Begitu,0.7732129096984863,71,Wisuda Uts Uas,0.7444809079170227,49,Ijazahnya Lulus Kan,0.7307927012443542
7488701758551638801,chesescakefluffy,"Untuk tempat,biasanya wisuda dimana kak",0,0,6,Dimana Daerah Mana,0.802338182926178,33,Bagaimana Wisudanya Tes,0.7888630032539368,18,Berapa Biaya Bayar,0.7788794040679932
7465662309752554247,5hombing,"tidak kak , cuman ada Pjj di tulis",0,0,93,Jujur Review Kata,0.8184908628463745,134,Pjj Akre Industri,0.7783322930335999,76,Paket Ijazah Sih,0.7740007042884827
7465509322652238599,youur_kittemnn,nanti di ijazahnya ada tulisan onlinenya ga kak?,0,0,76,Paket Ijazah Sih,0.851746141910553,7,Offline Ujiannya Online,0.8368403911590576,115,Full Fisik Diunsia,0.8278688192367554
7421265775124726536,5hombing,Offline ya kk😊,0,0,7,Offline Ujiannya Online,0.6063058972358704,26,Adek Duluan Nurul,0.8821213245391846,24,Ayo Ikutt Ikut,0.8245114684104919
7414052558920925957,nana_kiyowo0,s2 online ada ka?,1,1,37,S2 Ada Doktoral,0.8865289688110352,80,S2 S2Nya Nya,0.8577039837837219,95,S2 Belum Insyallah,0.8366943597793579
7421265270927393554,5hombing,Ada kak di BINUS 😊,1,0,51,Open Otw Pkl,0.839514970779419,27,Join Grup Yuk,0.7879365682601929,6,Dimana Daerah Mana,0.7824994325637817
7414716202331144965,xftyaa3,"tes nya apa aja ka , udah pasti lolos apa belum",1,2,33,Bagaimana Wisudanya Tes,0.8048754930496216,16,Apa Saja Jurusan,0.7870663404464722,49,Ijazahnya Lulus Kan,0.7750520706176758
7421265407355896584,5hombing,"Tesnya hanya saja, Tes akademik ya kak😊",0,0,120,Tanya Non S2Nya,0.6920459866523743,112,Ujian Tes Online,0.7793741226196289,7,Offline Ujiannya Online,0.7612676620483398
7421418587770127110,aaanaaandaa,"jalur raport ada ga ka, apa hanya tes cbt saja?",0,0,33,Bagaimana Wisudanya Tes,0.7678478956222534,120,Tanya Non S2Nya,0.7832646369934082,30,Korea Degree Min,0.7810709476470947
7336398569676587782,bumdes_harapan_jaya,kpn mulai kuliahnya buat Maba min,0,9,127,Caranya Kuliahnya Bagaimana,0.6959348917007446,78,Kapan Min Gel,0.8481825590133667,31,Kapan Pendaftarannya Gelombang,0.8111064434051514
7344974337667482373,leonnaa17,hrs registrasi dlu kak dpt nim,0,0,3,Buka Pendaftaran Masih,0.7669180631637573,47,Daftar Gelombang Januari,0.7862822413444519,79,Daftar Sudah Kamu,0.7813817262649536
7344982284248056582,handayan91,kak izin chat yah,1,0,23,Dm Cek Izin,0.8993934392929077,60,Admin Dm Boleh,0.8433031439781189,35,Infonya Terima Kasih,0.8272244930267334
7344982369718371078,leonnaa17,silahkan kqk,0,0,24,Ayo Ikutt Ikut,0.7724462747573853,26,Adek Duluan Nurul,0.7481717467308044,19,Com Nice Https,0.7339756488800049
7338309230175077126,bumdes_harapan_jaya,"kok nimnya blm keluar ya,semacam grup jg kok ngga ada ya?",0,0,91,Ulang Bayar Isi,0.7889370918273926,21,Malam Shift Begitu,0.7547743320465088,76,Paket Ijazah Sih,0.7448916435241699
7343496043491263237,handayan91,sama kak aku juga blm dapet nim dan nggak ada grupnya sampai sekarang,0,0,38,Ih Maba Grupnya,0.6385647058486938,34,Daftar Tinggal Baru,0.7905061841011047,91,Ulang Bayar Isi,0.7813847064971924
7344728742546653958,leonnaa17,dftr bln brp kak.. udh registrasi matkul blm,0,0,99,Biayanya Biaya Berapa,0.6489068269729614,89,Tanggal Gelombang Bulan,0.8054924011230469,65,Angkatan Berapa Kira,0.7995702028274536
7344964897568047877,handayan91,gelombang 4 kak,0,0,31,Kapan Pendaftarannya Gelombang,0.5280109643936157,26,Adek Duluan Nurul,0.7659581899642944,105,Swasta Oktober Situ,0.7603577375411987
7321195311707259654,babyangell66,Ada skripsi gak kak?? Ujian akhir semesternya online atau offline please butuh bat🥺,1,1,112,Ujian Tes Online,0.8208189010620117,7,Offline Ujiannya Online,0.8245348930358887,58,Tugas Akhir Skripsi,0.8241329789161682
7344728999888651013,leonnaa17,pke skripsi kak.. ujian boleh ofline,0,0,112,Ujian Tes Online,0.7603721618652344,104,Aman Unas Ciber,0.8050638437271118,93,Jujur Review Kata,0.7543514966964722
7415302856914404101,suli_sulton,"info biaya, kak?",0,1,41,Info Link Cara,0.8611315488815308,99,Biayanya Biaya Berapa,0.7432195544242859,18,Berapa Biaya Bayar,0.704086422920227
7421265574464684808,5hombing,"Di jamin terjangkau kak, ada juga beasiswa di kampus kita ini 😊",0,0,39,Beasiswa Kkn Program,0.7461287379264832,86,Darimana 100 Jadi,0.7378249168395996,104,Aman Unas Ciber,0.7206287980079651
7310207967021368070,saaa.0346,daerah mana kak?,0,4,6,Dimana Daerah Mana,0.917473554611206,52,Web Lewat Kemana,0.7738191485404968,135,Infoin Mau Lantang,0.7678414583206177
7311059071988663048,5hombing,"jakarta kak
kampus kita bisa kuliah 100% online kok kak
yang jauh berada di luar kota atau dimanasa saja bisa kuliah kok di unsia kak🥰",1,0,110,Jakarta Selatan Ragunan,0.6698394417762756,86,Darimana 100 Jadi,0.8331546783447266,72,Tujuan Berkuliah Dimanapun,0.8246581554412842
7421243729790894854,aaanaaandaa,"pkkmb wajib hadir ga kak, dan untuk skripsi apakah wajib offline?",0,0,11,Skripsi Sidang Tidak,0.6890909671783447,7,Offline Ujiannya Online,0.7823469042778015,21,Malam Shift Begitu,0.7760078310966492
7421265039925183239,5hombing,"Untuk skripsian tetap di laksanakan secara online ya kak , Offline hanya disaat wisuda saja kita hadir kak",0,0,71,Wisuda Uts Uas,0.8169373273849487,96,Secara Dilaksanakan Hybrid,0.8085746169090271,7,Offline Ujiannya Online,0.7674407958984375
7421308133413470982,aaanaaandaa,"oh begitu ya, baik terima kasih kak😻",0,0,35,Infonya Terima Kasih,0.8662149906158447,98,Terima Kasih Murid,0.832068681716919,81,Iya Oke Orang,0.7707207798957825
7423594960245785349,minnieowinniew,kak ada nomor kampus nya? mau tanya2 info,0,8,8,Tanya Bertanya Chat,0.8732268810272217,120,Tanya Non S2Nya,0.8680860996246338,52,Web Lewat Kemana,0.808557391166687
7424790405491524357,izzaa406,gtw Gw Chat no² gprnh bls,0,0,8,Tanya Bertanya Chat,0.6768677234649658,93,Jujur Review Kata,0.7352486848831177,38,Ih Maba Grupnya,0.6526753902435303
7424799760383001349,minnieowinniew,ha mksd ka,0,0,132,Mending Ptnbh Alumni,0.5436285734176636,75,Iya Iyapp Introvert,0.7493195533752441,26,Adek Duluan Nurul,0.7447394728660583
7424801758372872966,izzaa406,"rencana gw mau pindah sini ,gtw bisa atau gk",1,0,88,Pindah Semester Ngulang,0.7542787194252014,46,Ut Pengin Bidang,0.7269601821899414,128,Main Kampusnya Kekampus,0.7166571617126465
7480443647227495185,black_jack932,pindah dari univ mana?,0,0,84,Ngambil Ambil Apa,0.8099048137664795,88,Pindah Semester Ngulang,0.7506185173988342,42,Jurusan Ekonomi Hukum,0.735800564289093
7480444253513106184,izzaa406,Bekasi Bang,0,0,110,Jakarta Selatan Ragunan,0.598837673664093,105,Swasta Oktober Situ,0.6851919889450073,26,Adek Duluan Nurul,0.6674271821975708
7424799904751125254,izzaa406,no kampusnya Slow respon kak pas gw chat blm d bls2,0,0,8,Tanya Bertanya Chat,0.7019420266151428,91,Ulang Bayar Isi,0.7368937730789185,60,Admin Dm Boleh,0.7116793990135193
7424801114501317382,minnieowinniew,ih anjir ko gtu dah😭,0,0,38,Ih Maba Grupnya,0.7171045541763306,48,Betul Banget Lucu,0.6846102476119995,45,Enggak Ribet Fh,0.6799666881561279
7424801444005970694,izzaa406,sibuk mungkin,0,0,75,Iya Iyapp Introvert,0.7979344129562378,26,Adek Duluan Nurul,0.7273167371749878,122,Kalbar Ia Kebingungan,0.720355749130249
7419891340392039174,mrs_lhy,ada S2 gak,0,1,114,S2 Lita Anis,0.9697138667106628,80,S2 S2Nya Nya,0.8712927103042603,42,Jurusan Ekonomi Hukum,0.8448559045791626
7426222766184481541,user9499142835860,"blm ada kak , ini kampusnya masih baru 4 tahun bln 7 klu tdk salah kemarin baru melaksanakan wisuda pertamanya .. anakku mahasiswa baru tahun ini",0,0,71,Wisuda Uts Uas,0.7467513680458069,46,Ut Pengin Bidang,0.7655457258224487,34,Daftar Tinggal Baru,0.7601152658462524
7310072978380653317,arief_maulana_n__06,aku ips bisa masuk teknik informatika,0,1,0,Jurusan Teknik Inggris,0.7773610353469849,132,Mending Ptnbh Alumni,0.7651897668838501,9,Kip Unsia Diterima,0.7523362636566162
7310075489065108230,univsiberasia,"Halo Kak, bisa bangett lhoo🤩",0,0,15,Hi Halo Dong,0.9167156219482422,53,Dong Kayaknya Banget,0.808119535446167,87,Hihi Jugakk Wakty,0.7895386219024658
7353130860868764421,kenjielvano25,halo kak untuk pendaftaran 2024 kapan buka ya?,0,3,3,Buka Pendaftaran Masih,0.8626887798309326,31,Kapan Pendaftarannya Gelombang,0.879660964012146,10,Maret April Bulan,0.8690069913864136
7388987949777355525,dlsnaa21,udah dapat informasi lagi blm kak ?,0,0,63,Informasi Informatika Akuntansi,0.515926718711853,79,Daftar Sudah Kamu,0.8230503797531128,3,Buka Pendaftaran Masih,0.7872020602226257
7373308495032861445,uchynsaja3,kak saya sdh daftar ulang ulang tapi belum dapat informasi lebih lanjut LG🥺👏👏,0,0,91,Ulang Bayar Isi,0.8357879519462585,17,Cara Daftarnya Bagaimana,0.7710355520248413,8,Tanya Bertanya Chat,0.7645606994628906
7353493910314255110,univsiberasia,"Halo Kak, saat ini sedang dibuka pendaftaran untuk jalur reguler, yuk langsung daftar di website UNSIA di pmb.unsia.ac.id 😊",2,0,2,Website Id Ac,0.9329609274864197,101,Favorit Pilih Fleksibel,0.868462085723877,54,Membuka Lho Mahasiswa,0.8364696502685547
7356492688626565894,ayem558,kak ini bisa dari liar daerah ngk sih.,0,1,6,Dimana Daerah Mana,0.735120952129364,115,Full Fisik Diunsia,0.7581915855407715,76,Paket Ijazah Sih,0.7559503316879272
7426223308519523078,user9499142835860,"bs bangett kak , dari luar negri juga ada mahasiswa nya .. anakku dari merauke juga kuliah di situ tahun ini",0,0,135,Infoin Mau Lantang,0.6621551513671875,46,Ut Pengin Bidang,0.7898823022842407,5,Kerja Negeri Kuliah,0.789344072341919
7366300040291943174,reyna89059,gak ada batasan usia ya kalo buat kelas online kyk gini.. ada jurusan Hukum & Hubungan internasional gak,0,1,42,Jurusan Ekonomi Hukum,0.7428157329559326,119,Teman Syarat Magang,0.7736366391181946,5,Kerja Negeri Kuliah,0.7709403038024902
7491539981723271943,rsydstra_,ga ada kalau jurusan ini,0,0,0,Jurusan Teknik Inggris,0.6833350658416748,42,Jurusan Ekonomi Hukum,0.7479768991470337,45,Enggak Ribet Fh,0.6883932948112488
7314836532521698054,benni_tab,apa pendaftaran masih buka yh kak,0,1,3,Buka Pendaftaran Masih,0.919785737991333,31,Kapan Pendaftarannya Gelombang,0.8627808094024658,47,Daftar Gelombang Januari,0.8361406326293945
7326740776213250821,univsiberasia,"Halo Kak, ada kabar gembira lho. Saat ini UNSIA sedang membuka pendaftaran mahasiswa baru gel. V 🤩",0,0,54,Membuka Lho Mahasiswa,0.9078463315963745,66,Dibuka Mahasiswa Baru,0.8625774383544922,67,Program Belum Dibuka,0.7913638353347778
7428076662594126600,hpkentang2075,kak november masih bisa daftar,0,0,47,Daftar Gelombang Januari,0.9106591939926147,3,Buka Pendaftaran Masih,0.8689702749252319,79,Daftar Sudah Kamu,0.8613083362579346
7345098998103130886,ku.ayumi_fdja,"Terima mahasiswa pindahan gx sih ka?
mau yg full online",0,0,76,Paket Ijazah Sih,0.8481032848358154,71,Wisuda Uts Uas,0.8470237255096436,7,Offline Ujiannya Online,0.8466971516609192
7374409658864222982,fourstyle.official,dimna it kk,0,0,49,Ijazahnya Lulus Kan,0.4586693048477173,38,Ih Maba Grupnya,0.7954884767532349,26,Adek Duluan Nurul,0.7862387299537659
7495143869114483474,noliz.teruz,kak ko web nya ga bisa di akses ya?,0,0,91,Ulang Bayar Isi,0.790049135684967,17,Cara Daftarnya Bagaimana,0.7461398839950562,120,Tanya Non S2Nya,0.7346027493476868
7495245895270318849,mawar_merahaja,Unisa full online kek UT kah? dmna lokasi kampus?,0,0,6,Dimana Daerah Mana,0.7008656859397888,7,Offline Ujiannya Online,0.795646607875824,132,Mending Ptnbh Alumni,0.7915000319480896
7421418263538975493,aaanaaandaa,jurusan fav nya apa ini?,0,0,84,Ngambil Ambil Apa,0.8768781423568726,16,Apa Saja Jurusan,0.8518365621566772,74,Akreditasinya Asia Siber,0.8098598122596741
7323106347439588101,samsul_arifin12,jjujuuhh,0,0,19,Com Nice Https,0.796877920627594,75,Iya Iyapp Introvert,0.687852144241333,26,Adek Duluan Nurul,0.6796702146530151
7550870462969791240,yourmineeeeaaa,Huhu di bnjarbaru gk adaa,0,0,93,Jujur Review Kata,0.7951806783676147,104,Aman Unas Ciber,0.742498517036438,64,Full Online Serba,0.7273504734039307
7569250251769447186,khodijahidzaa,kalo kuliah 2 univ bisa ga?,0,0,5,Kerja Negeri Kuliah,0.8497385382652283,30,Korea Degree Min,0.8430306911468506,22,Pindahan Menerima Ut,0.8399046659469604
7497679340852560648,archieaner_,Hukum masi belom ada ya kak?,0,0,43,Belum Huhu Nih,0.8437346816062927,135,Infoin Mau Lantang,0.7568742036819458,45,Enggak Ribet Fh,0.7542321681976318
7431245875848528645,bulan_ricca,"kak cara pendaftaran gimana, ini full online kan?",0,0,64,Full Online Serba,0.7877203226089478,17,Cara Daftarnya Bagaimana,0.8827552199363708,7,Offline Ujiannya Online,0.8458117246627808
7371480128758874885,fdxsror,bisa terima mahasiswa pindahan juga kak??saya s1 informatika masih semester 4 di kampus PTS kak,0,0,88,Pindah Semester Ngulang,0.8387863636016846,49,Ijazahnya Lulus Kan,0.8388730883598328,46,Ut Pengin Bidang,0.8381875157356262
7495194386526864146,clairablee,ada kelas karyawan ga ka,0,0,39,Beasiswa Kkn Program,0.8845217227935791,37,S2 Ada Doktoral,0.8476437926292419,0,Jurusan Teknik Inggris,0.8372405767440796
7579653843366413074,xixilibraaa,"Ini jadwalnya ada Hybrd nya gk, biar gk online mulu biar ada ke kampus nya gtu",0,0,21,Malam Shift Begitu,0.8707386255264282,71,Wisuda Uts Uas,0.8346071243286133,49,Ijazahnya Lulus Kan,0.8038408756256104
7567612833602126600,panggilaku.vavaaa,pindahan dr politeknik negeri ke sini bisa?,0,0,22,Pindahan Menerima Ut,0.6815320253372192,132,Mending Ptnbh Alumni,0.6666653156280518,42,Jurusan Ekonomi Hukum,0.6597671508789062
7317253943918560006,yuraaaa73,"ka, kalau udh lulus S1 mau kuliah S1 lagi disini dengan jurusan apa ada transfer kredit matkul gitu?",0,0,4,D3 S1 Lanjut,0.8911033868789673,49,Ijazahnya Lulus Kan,0.8522199392318726,119,Teman Syarat Magang,0.8438707590103149
7559857082188104456,mbakyu_122,ka maaf untuk akredisasinya apa ka?,0,0,120,Tanya Non S2Nya,0.8620288372039795,8,Tanya Bertanya Chat,0.8000242710113525,18,Berapa Biaya Bayar,0.7972845435142517
7317652068993975045,antrophophile,kak mmau tanya kalau daftar 2 kampus itu bagaiamna pendaftarannya? apa sama kyk pmb atau ad cara tersendiri? mohon dijawab terimakasih,0,0,49,Ijazahnya Lulus Kan,0.8626309037208557,120,Tanya Non S2Nya,0.8226271271705627,21,Malam Shift Begitu,0.7871418595314026
7412765910958408453,darkchocolate6_,Mahasiswa online dpt almet ga ?,0,1,66,Dibuka Mahasiswa Baru,0.5763956904411316,102,100 Fully Bk,0.7312759160995483,68,Rpl Pengalaman Jalur,0.7216838598251343
7426223682408530694,user9499142835860,"dapat kak , cuma saat ini masih penutupan karena untuk kelancaran pengiriman yg sdh sebelum""nya",0,0,3,Buka Pendaftaran Masih,0.6830557584762573,10,Maret April Bulan,0.6539497971534729,91,Ulang Bayar Isi,0.6494014859199524
7410445815460168454,serotoninaction,Kk2 yg cari kuliah utk S1 S2 kelas full online bisa mampir ke akun aku y😁,0,0,4,D3 S1 Lanjut,0.7671510577201843,119,Teman Syarat Magang,0.7572358846664429,2,Website Id Ac,0.7453950643539429
7571790899806700304,_sasmith,💘,0,0,13,  ,1.0,61,  ,1.0,20,Yes  ,0.999908447265625
7533678902256091911,maulana.fazri7,😁,0,0,13,  ,1.0,61,  ,1.0,20,Yes  ,0.999908447265625
7533678914582119186,maulana.fazri7,🥰,0,0,28,Asa Hum ,0.9997044801712036,13,  ,1.0,61,  ,1.0
7525158981954880264,michaelll630,🥰,0,0,61,  ,1.0,13,  ,1.0,20,Yes  ,0.999908447265625
7495675562251174664,ravinsi20,😁,0,0,28,Asa Hum ,0.9997044801712036,13,  ,1.0,61,  ,1.0
7495376642408416008,nahsjsjhshs,😢,0,0,14,Fitriyani Andriani Udin69Can,0.9977331161499023,13,  ,1.0,61,  ,1.0
7495188820301972231,saltedcarame098,kalau lanjut dr d3 ke s1 bisa ga kaa,0,0,4,D3 S1 Lanjut,0.9497958421707153,37,S2 Ada Doktoral,0.8215917348861694,119,Teman Syarat Magang,0.8101837038993835
7324181440148194054,kelvin.liu19,bahasa inggris ga ada ya,0,0,0,Jurusan Teknik Inggris,0.7447671890258789,11,Skripsi Sidang Tidak,0.7584613561630249,45,Enggak Ribet Fh,0.7398138642311096
7239907160351736582,bolo97.97weeeeeeeee,KK disini ujian nya full online juga apa gimana,0,2,7,Offline Ujiannya Online,0.8813596963882446,112,Ujian Tes Online,0.8664474487304688,71,Wisuda Uts Uas,0.8390516042709351
7241421185395819270,bolo97.97weeeeeeeee,ada jurusan S2 nya jg ngak kk,0,0,95,S2 Belum Insyallah,0.8424508571624756,37,S2 Ada Doktoral,0.8750685453414917,0,Jurusan Teknik Inggris,0.8700804114341736
7241408770038661894,univsiberasia,"betul sekali Kak, kita 100% full online",0,0,102,100 Fully Bk,0.781072735786438,64,Full Online Serba,0.8027902841567993,44,100 Learning Fully,0.7767240405082703
7242039326635328282,lalonglabok01,Tapi kalau wisuda kak online atau?,0,0,7,Offline Ujiannya Online,0.8331472873687744,71,Wisuda Uts Uas,0.8146719336509705,64,Full Online Serba,0.7920891046524048
7456757959407469318,karlina.vanesca,Aku semuanya ka😂,0,0,38,Ih Maba Grupnya,0.8463017344474792,92,Samaaa Sama Konveksi,0.8367941379547119,26,Adek Duluan Nurul,0.8330920934677124
7237550588006482694,bintangtimur256,wisudanya gimana kak?,0,1,33,Bagaimana Wisudanya Tes,0.9308266639709473,127,Caranya Kuliahnya Bagaimana,0.8549233675003052,6,Dimana Daerah Mana,0.8358685970306396
7260324358828376837,univsiberasia,"Halo Kak, nanti akan diberi pilihan ingin online ataupun offline ya Kak ☺️",0,0,108,Offline Onsite Onnline,0.7737120389938354,60,Admin Dm Boleh,0.7836318016052246,36,Dm Admin Detailnya,0.7460596561431885
7238798372626662149,michaelyxxx,kak ada PJJ kelas malam nya gak? mohon jawab,0,4,120,Tanya Non S2Nya,0.8696914315223694,8,Tanya Bertanya Chat,0.8117690086364746,123,Jam Kelas Karyawan,0.7910853624343872
7238849464542151430,michaelyxxx,"Oalah gitu, tpi boleh gak kak kalo mau ikut metode 22nya kya sinkron/asinkron? soalnya aku kdang lembur kerja kdang jga pulang cpet",0,0,86,Darimana 100 Jadi,0.7533919811248779,21,Malam Shift Begitu,0.8354635834693909,49,Ijazahnya Lulus Kan,0.8064738512039185
7238819730609783558,univsiberasia,bisa di akses kapan saja yaitu 24 jam/hari☺.,0,0,123,Jam Kelas Karyawan,0.535150408744812,72,Tujuan Berkuliah Dimanapun,0.5325398445129395,108,Offline Onsite Onnline,0.5249098539352417
7238819593786049286,univsiberasia,Asinkron mode perkuliahan dengan menonton video dan download materi di dalam sistem kami yang disebut LMS (Learning Management System) dan bisa di aks,0,0,72,Tujuan Berkuliah Dimanapun,0.5983145236968994,63,Informasi Informatika Akuntansi,0.5576251149177551,86,Darimana 100 Jadi,0.5555728673934937
7238819367462454021,univsiberasia,"Halo Kak, Salah 1 metode pembelajaran di UNSIA yaitu asinkron",0,0,58,Tugas Akhir Skripsi,0.7549581527709961,136,Yaitu Akuntansi Terdapat,0.7345218658447266,44,100 Learning Fully,0.7298353910446167
7242266914440184582,retno194,Unsia is my campus now🥰,0,1,56,Universitas Siber Asia,0.6831650733947754,103,Ilkom Ieu Balang,0.6234884262084961,102,100 Fully Bk,0.6187469959259033
7242523376408052486,univsiberasia,wiii keren 🤩 semangat terus Kak Retno,1,0,25,Amin Selalu Semangat,0.8339468240737915,113,Semangat Wah Berpikir,0.7966756820678711,48,Betul Banget Lucu,0.7370632290840149
7257462875429896966,teriii_624,kak maaf mau tanya kalau kuliah di unsia bisa sambil kerja gak kak?,0,1,5,Kerja Negeri Kuliah,0.8773981928825378,49,Ijazahnya Lulus Kan,0.9018484354019165,120,Tanya Non S2Nya,0.8864682912826538
7260324622875837189,univsiberasia,"Halo Kak, bisa banget lho, UNSIA menerapkan kuliah 100% full online learning, jadi bisa kuliah dimana saja dan kapan saja 🥳",0,0,86,Darimana 100 Jadi,0.9112133979797363,72,Tujuan Berkuliah Dimanapun,0.8312350511550903,44,100 Learning Fully,0.8058807849884033
7238616453611537157,zamiatidadang,salken dr Nganjuk jatim,0,1,5,Kerja Negeri Kuliah,0.4292478561401367,97,Salam Mantap Kenal,0.6044114828109741,102,100 Fully Bk,0.5951185822486877
7238819951266579205,univsiberasia,"Terima kasih Kak, semangat terus 🙌🙌",0,0,25,Amin Selalu Semangat,0.9160393476486206,98,Terima Kasih Murid,0.8771195411682129,113,Semangat Wah Berpikir,0.86313796043396
7381809292788040454,zeanlindah,hallo klo yg sda umur 31 apakah masi bisa??,0,0,100,Umur Usia Irt,0.8085769414901733,47,Daftar Gelombang Januari,0.7483081817626953,17,Cara Daftarnya Bagaimana,0.7471866011619568
7404040442482017030,akusaja12,"umur sudah 40 an😢
dulu pengen kuliah..kendala biaya😭sekarang malah..pengen bgt kuliah 🤣🤣",0,0,46,Ut Pengin Bidang,0.7447448968887329,57,Nilai Sesi Sabar,0.7252197265625,59,Tugas Numpuk Tugasnya,0.7157724499702454
7538320278243279637,yozhann,"kak kalo kerja di jepang, sambil kuliah online bisa ga kak?",0,1,5,Kerja Negeri Kuliah,0.9114049077033997,22,Pindahan Menerima Ut,0.8528873920440674,49,Ijazahnya Lulus Kan,0.8475002646446228
7539716963846210311,nengnengsih9,Bisa ka aku juga masuk kuliah di sini aku di taiwan kan online,0,0,9,Kip Unsia Diterima,0.8039421439170837,5,Kerja Negeri Kuliah,0.8490305542945862,49,Ijazahnya Lulus Kan,0.838650107383728
7515424499521585927,syawaluddin._014,🔥,0,0,14,Fitriyani Andriani Udin69Can,0.9977331161499023,13,  ,1.0,61,  ,1.0
7511012504911414037,twins_azka_azfa,😍,0,0,29,Menyimak Nyimakkk Ut,0.9959731698036194,13,  ,1.0,61,  ,1.0
7493932811671061255,yeyong_nana,🙏,0,0,20,Yes  ,0.999908447265625,13,  ,1.0,61,  ,1.0
7238636389951931142,jes_minoz,ada beasiswa nya gk?,0,1,39,Beasiswa Kkn Program,0.8980617523193359,11,Skripsi Sidang Tidak,0.8958921432495117,37,S2 Ada Doktoral,0.841593861579895
7238816763009565446,univsiberasia,"Halo Kak, ada donh, cek instagram kita ya @univsiberasia dan @ppmb.unsia",0,0,2,Website Id Ac,0.8377829194068909,130,Pt Terakreditasi Ban,0.7482089400291443,9,Kip Unsia Diterima,0.7462778687477112
7233309424714466075,ayundruru23,daftar online bisa kak?,0,1,108,Offline Onsite Onnline,0.8566368818283081,41,Info Link Cara,0.8154358863830566,47,Daftar Gelombang Januari,0.7823374271392822
7234066599119241989,univsiberasia,"bisa dong Kak, langsung kunjungi website kita di pmb.unsia.ac.id",0,0,2,Website Id Ac,0.9120199680328369,101,Favorit Pilih Fleksibel,0.8063172101974487,83,Pilih Favorit Mulai,0.7917328476905823
7236289558751707909,hmmmmzzxxxx,kenyataannya tidak seperti itu😭,0,1,-1,Mantab Uk Belakang,0.0,125,Gratis Tersedia Pesan,0.7011612057685852,45,Enggak Ribet Fh,0.6680508255958557
7237415289485820678,univsiberasia,kenyataannya seperti apa kak kalau boleh tau? 🧐,1,0,135,Infoin Mau Lantang,0.7723791599273682,33,Bagaimana Wisudanya Tes,0.7671015858650208,6,Dimana Daerah Mana,0.7626992464065552
7281200550845580038,sabariah.sabri,waktu untuk kelas karyawan hari apa dan jam brp kak?,0,0,123,Jam Kelas Karyawan,0.8425257802009583,77,Per Berapa Semester,0.7792336940765381,89,Tanggal Gelombang Bulan,0.7699131965637207
7525419908089053959,abdilatataalapamasei,halo min sy ada pertanyaan sy kerja di pertambangan jam kerja sy jam 7 pagi sampai jam 7 malam is okey gak? 😭🙏🏻,0,0,123,Jam Kelas Karyawan,0.6782246232032776,21,Malam Shift Begitu,0.6914118528366089,49,Ijazahnya Lulus Kan,0.6912840008735657
7502019725888930578,rara_tiara1,kenyataanya sangat sulit banget apa lagi nyari kelompok tugas mana tugas ada waktu nya lagi,1,0,59,Tugas Numpuk Tugasnya,0.80235356092453,57,Nilai Sesi Sabar,0.7079637050628662,21,Malam Shift Begitu,0.6988800168037415
7593458656193315604,ptraalsmanaaa_,😭,0,0,28,Asa Hum ,0.9997044801712036,13,  ,1.0,61,  ,1.0
7469263856209969937,gema628,🥰,0,0,14,Fitriyani Andriani Udin69Can,0.9977331161499023,13,  ,1.0,61,  ,1.0
7231177462289007387,nurhasanah3207,aku sambil dengerin dangdut koplo min 😅,0,1,38,Ih Maba Grupnya,0.6261591911315918,122,Kalbar Ia Kebingungan,0.5603152513504028,93,Jujur Review Kata,0.5492376089096069
7231456449926005531,univsiberasia,Mimin juga suka dengerin koplo 😂,0,0,38,Ih Maba Grupnya,0.5871007442474365,126,Keren Mukanya Asing,0.5793807506561279,97,Salam Mantap Kenal,0.5516566634178162
7231194298145620762,meedas.english,"Kerjain tugas sambil dengerin musik, musiknya selesai, tugasnya gak selesai-selesaib😭😭",0,1,59,Tugas Numpuk Tugasnya,0.709496259689331,57,Nilai Sesi Sabar,0.6178560256958008,93,Jujur Review Kata,0.593525230884552
7231456327950795547,univsiberasia,jangan-jangan tugasnya sampe sekarang belum kelar ya Kak 😅,0,0,43,Belum Huhu Nih,0.72752845287323,34,Daftar Tinggal Baru,0.735039472579956,57,Nilai Sesi Sabar,0.7217849493026733
7231178662476186394,bagusikyy_1,inpo pendaratan,0,2,105,Swasta Oktober Situ,0.7930173277854919,82,Nrrjml Hbd Nz,0.8156450986862183,14,Fitriyani Andriani Udin69Can,0.7858056426048279
7231501497179177754,bagusikyy_1,kampus situ,0,0,105,Swasta Oktober Situ,0.8469188809394836,90,Binus Adsfort Harga,0.7780146598815918,29,Menyimak Nyimakkk Ut,0.7480618357658386
7231456559681831707,univsiberasia,pendaratan kemana nih Kak 😁,0,0,6,Dimana Daerah Mana,0.8552967309951782,51,Open Otw Pkl,0.811752438545227,135,Infoin Mau Lantang,0.8103734254837036
7244838131668468486,ramadnyy5,UT yang sejak 1984 nyimak🙏🏻,2,5,29,Menyimak Nyimakkk Ut,0.4409797787666321,105,Swasta Oktober Situ,0.5511380434036255,56,Universitas Siber Asia,0.5360376834869385
7244930279730217734,ramadnyy5,tapi dapat dipastikan kalau online yaa sudah mendahului univ ini toh sesuai dengan usianya,0,0,85,Umur Muda Batasan,0.689412534236908,132,Mending Ptnbh Alumni,0.6924877762794495,64,Full Online Serba,0.6915085315704346
7244930102063399685,ramadnyy5,"bukan online sii lebih tepatnya, tapi adanya keterpisahan dalam sistem pembelajarannya antara dosen dan mahasiswa",0,0,86,Darimana 100 Jadi,0.6762474179267883,59,Tugas Numpuk Tugasnya,0.671134352684021,71,Wisuda Uts Uas,0.6680812835693359
7244929867477156613,ramadnyy5,"dan sama pas reformasi ke jejaring internet, udah dimulai semenjak pertama adanya internet",0,0,64,Full Online Serba,0.5403151512145996,63,Informasi Informatika Akuntansi,0.5306999087333679,93,Jujur Review Kata,0.5247824192047119
7244929736529543942,ramadnyy5,"kalaupun memang belum ada, tapi setidaknya sistem pembelajaran dengan sistem keterpisahan mahasiswa dan dosen, UT paling pertama",0,0,86,Darimana 100 Jadi,0.6072753071784973,132,Mending Ptnbh Alumni,0.6558626890182495,63,Informasi Informatika Akuntansi,0.6231403350830078
7244911366534955782,hiddd20__,"ada ko, Org Ortu gua aja lulusan UT 90an .",0,0,62,Semoga Allah Doain,0.5956596732139587,132,Mending Ptnbh Alumni,0.7065016627311707,93,Jujur Review Kata,0.6583759784698486
7238798007163650822,michaelyxxx,kak ada PJJ buat kelas malam gak?? mohon dijawab,0,1,120,Tanya Non S2Nya,0.8820934295654297,8,Tanya Bertanya Chat,0.8094038367271423,22,Pindahan Menerima Ut,0.788713276386261
7260324961363952390,univsiberasia,"Halo Kak, bisa diakses 24 jam selama 7 hari lho 😊",0,0,123,Jam Kelas Karyawan,0.6325212121009827,108,Offline Onsite Onnline,0.6617302298545837,86,Darimana 100 Jadi,0.6353154182434082
7236944351716459269,wil.r123,ut jg ada full onlin,2,2,64,Full Online Serba,0.8083820939064026,93,Jujur Review Kata,0.7470865845680237,115,Full Fisik Diunsia,0.7460449934005737
7236999638347547398,wil.r123,brp itu biayanya,0,0,99,Biayanya Biaya Berapa,0.9006277322769165,18,Berapa Biaya Bayar,0.7377919554710388,107,Daftarnya Cara Bagaimana,0.7142643928527832
7236958830134756102,_brownsugarbboba0,"tp ut ujiannya offline kak, klo unsia bener"" online",1,0,7,Offline Ujiannya Online,0.8669106364250183,112,Ujian Tes Online,0.8465887308120728,71,Wisuda Uts Uas,0.8275073766708374
7239335701135885062,black_cobra7.i,apakah bisa buat mahasiswa yg udah kuliah di kampus lain tanpa ngelepas kampus itu?,1,1,5,Kerja Negeri Kuliah,0.764919102191925,22,Pindahan Menerima Ut,0.7332122325897217,88,Pindah Semester Ngulang,0.722063422203064
7241409077908488965,univsiberasia,"Bisa Kak, kecuali untuk jalur konversi ya",1,0,12,Konversi Jalur Melalui,0.8645594120025635,76,Paket Ijazah Sih,0.8152386546134949,22,Pindahan Menerima Ut,0.8118623495101929
7238596862578574085,alvarodmp,akreditasinya ???,1,2,105,Swasta Oktober Situ,0.8515840768814087,90,Binus Adsfort Harga,0.7621768116950989,125,Gratis Tersedia Pesan,0.7488274574279785
7238818073779077894,univsiberasia,"Halo kak, Saat ini UNSIA adalah kampus pertama dengan prodi yang telah TERAKREDITASI BAN PT🙏🏻",1,0,130,Pt Terakreditasi Ban,0.8530107736587524,54,Membuka Lho Mahasiswa,0.7959430813789368,136,Yaitu Akuntansi Terdapat,0.774131178855896
7244934240336003846,kokoppi07,ha? gmana gmana? hampir semua kampus terakreditasi ban pt 😂😂,0,0,132,Mending Ptnbh Alumni,0.7038770318031311,69,Apakah S1Hukum Perdagangan,0.6503736972808838,74,Akreditasinya Asia Siber,0.649791419506073
7237995940191306501,nels.valt,apakah bisa untuk yang sedang kerja / magang diluar negeri.?,4,1,5,Kerja Negeri Kuliah,0.8059319257736206,22,Pindahan Menerima Ut,0.7547867298126221,69,Apakah S1Hukum Perdagangan,0.7536607384681702
7238818759662863109,univsiberasia,"Kakak tidak perlu khawatir karena UNSIA menerapkan sistem perkuliahan secara online
maka kakak bisa berkuliah dimana saja dan kapan saja",0,0,72,Tujuan Berkuliah Dimanapun,0.887415885925293,86,Darimana 100 Jadi,0.7792166471481323,83,Pilih Favorit Mulai,0.7566814422607422
7236666253619282694,santria_id,kak gelombang 2 kapan dibuka lagi? soalnya aku telat daftar pas gelombang 1,0,1,47,Daftar Gelombang Januari,0.8053045868873596,10,Maret April Bulan,0.8257503509521484,31,Kapan Pendaftarannya Gelombang,0.8191177845001221
7237415015459865349,univsiberasia,"UNSIA saat ini sedang membuka pendaftaran gelombang II lho Kak, langsung daftar melalui website kita ya di pmb.unsia.ac.id",0,0,2,Website Id Ac,0.9310051798820496,101,Favorit Pilih Fleksibel,0.8574716448783875,54,Membuka Lho Mahasiswa,0.8391808867454529
7236919393774519046,motoran23,spil biaya persemester min,0,3,1,Dicicil 3Jt Hanya,0.6720127463340759,99,Biayanya Biaya Berapa,0.6583712100982666,18,Berapa Biaya Bayar,0.6132149696350098
7236994056671576838,trendyloftt,3jt,2,0,124,Juta Serius 3Jt,0.9137967824935913,90,Binus Adsfort Harga,0.7834233641624451,131,Next Up Gass,0.7556523084640503
7237419279086519046,motoran23,makasih min,0,0,98,Terima Kasih Murid,0.9160411953926086,35,Infonya Terima Kasih,0.7772408127784729,97,Salam Mantap Kenal,0.7686344981193542
7237415730412831494,univsiberasia,Sesuai dengan SK Rektor No. 3 Tahun 2020 Biaya kuliah di UNSIA adalah sebesar 3 juta rupiah / semester. Biaya tersebut dapat dicicil dalam 2 kali pemb,1,0,1,Dicicil 3Jt Hanya,0.6528084874153137,72,Tujuan Berkuliah Dimanapun,0.5628058910369873,86,Darimana 100 Jadi,0.5386373996734619
7241934355177456390,retno194,It's my Campus Now 🥰,0,0,56,Universitas Siber Asia,0.6624536514282227,75,Iya Iyapp Introvert,0.6703445911407471,38,Ih Maba Grupnya,0.6619824171066284
7244880298533602054,buhajipalingkaya,adiknya unas,1,0,26,Adek Duluan Nurul,0.7734014391899109,105,Swasta Oktober Situ,0.8159714341163635,122,Kalbar Ia Kebingungan,0.7834512591362
7236995710213243654,toc.project,bisa onsite dan online gtu ya,0,0,108,Offline Onsite Onnline,0.8254538774490356,115,Full Fisik Diunsia,0.8130406141281128,64,Full Online Serba,0.7796018123626709
7244938789884658438,kyyyyyyyyyyy020,Ut nyimak wkwk,1,0,29,Menyimak Nyimakkk Ut,0.5926063656806946,19,Com Nice Https,0.7935570478439331,75,Iya Iyapp Introvert,0.7859441041946411
7244887545087378181,cxnxjx3,UT nyimak,2,0,29,Menyimak Nyimakkk Ut,0.8318197727203369,131,Next Up Gass,0.807191014289856,14,Fitriyani Andriani Udin69Can,0.7997947931289673
7244884796760556294,harapansitompul_,UT nyimakkk,2,0,29,Menyimak Nyimakkk Ut,0.4925687909126282,97,Salam Mantap Kenal,0.7549933195114136,19,Com Nice Https,0.7196683287620544
7244941689433146118,tapaiypo,UT gak sih?,1,0,45,Enggak Ribet Fh,0.8456543684005737,75,Iya Iyapp Introvert,0.8108400106430054,26,Adek Duluan Nurul,0.7531766891479492
7244943127198417669,ruanginggris.id,ada S2 sastra Inggris nya?,1,0,50,S2 Pendidikan Hukum,0.8957377076148987,80,S2 S2Nya Nya,0.8434754610061646,0,Jurusan Teknik Inggris,0.8345088362693787
7244883169814774534,dhim.last,lah kampus gw ciber 😅,1,0,104,Aman Unas Ciber,0.766930341720581,132,Mending Ptnbh Alumni,0.7467277646064758,93,Jujur Review Kata,0.7326881289482117
7237863147406623494,investor...remaja,studi nya ada apa aja,1,0,16,Apa Saja Jurusan,0.8206886053085327,84,Ngambil Ambil Apa,0.7636181712150574,11,Skripsi Sidang Tidak,0.7573904991149902
7244537533396321029,iibenuuu,UT nyimak,0,0,29,Menyimak Nyimakkk Ut,0.8318197727203369,131,Next Up Gass,0.807191014289856,14,Fitriyani Andriani Udin69Can,0.7997947931289673
7239907364258235142,bolo97.97weeeeeeeee,"KK khusus ujian nya online juga apa gimana ,",0,0,7,Offline Ujiannya Online,0.9082363843917847,112,Ujian Tes Online,0.8861744403839111,33,Bagaimana Wisudanya Tes,0.8722203969955444
7244937938044879622,rifky.alif,UT lbh duluan,1,0,26,Adek Duluan Nurul,0.7849267721176147,75,Iya Iyapp Introvert,0.754058837890625,122,Kalbar Ia Kebingungan,0.7458682060241699
7238031490226422533,bangjeck.197,ada prodi psikologi gak kak?,0,0,0,Jurusan Teknik Inggris,0.9242861270904541,37,S2 Ada Doktoral,0.8930085301399231,39,Beasiswa Kkn Program,0.8816648721694946
7244345332669563653,cinderlx__,UT nyimak aje,1,0,29,Menyimak Nyimakkk Ut,0.6646225452423096,26,Adek Duluan Nurul,0.696108341217041,24,Ayo Ikutt Ikut,0.694805383682251
7244754618000966405,hermanfebrian26,UT GIMANA UT,1,0,33,Bagaimana Wisudanya Tes,0.695482611656189,11,Skripsi Sidang Tidak,0.7082427740097046,26,Adek Duluan Nurul,0.696297287940979
7244934465373274885,ad_1.2.3,"pertama? gk salah tu
dari semester 1 Sampai sekarang semester 4 masih online nih
dari tahun 2021 kayaknya sih 2020 udh online",2,0,88,Pindah Semester Ngulang,0.7439192533493042,57,Nilai Sesi Sabar,0.760208249092102,46,Ut Pengin Bidang,0.7590088248252869
7244883965717644037,ar___is,"Aku yg otaknya lemot, menolah kuliah online. Gak masuk woy pelajarannya 🤭",1,0,57,Nilai Sesi Sabar,0.8245453834533691,59,Tugas Numpuk Tugasnya,0.7916531562805176,46,Ut Pengin Bidang,0.7564738988876343
7239407168171475717,rossoneriid,Terus gedungnya buat apa ?,0,0,6,Dimana Daerah Mana,0.7321680784225464,84,Ngambil Ambil Apa,0.7236089706420898,74,Akreditasinya Asia Siber,0.7123044729232788
7238315839417418501,_mhddl,UNSIA??,0,0,56,Universitas Siber Asia,0.7690182328224182,105,Swasta Oktober Situ,0.803471565246582,82,Nrrjml Hbd Nz,0.7973501682281494
7239940758140076806,maryanaputri_,ada S2 nya ya?,2,0,80,S2 S2Nya Nya,0.9444684982299805,95,S2 Belum Insyallah,0.8965427875518799,37,S2 Ada Doktoral,0.8898695707321167
7238165565347873541,rizwan120201,ini kuliahnya di Universitas unas ya kak,0,0,104,Aman Unas Ciber,0.7888497114181519,9,Kip Unsia Diterima,0.8327035903930664,112,Ujian Tes Online,0.8073723316192627
7243991244262605574,pudilabi,biaya nya,1,0,99,Biayanya Biaya Berapa,0.8531458973884583,125,Gratis Tersedia Pesan,0.7153146266937256,90,Binus Adsfort Harga,0.7078522443771362
7242618475532878598,user8747482755975,kalo skripsi+bimbingan online juga?,2,0,7,Offline Ujiannya Online,0.7652990818023682,42,Jurusan Ekonomi Hukum,0.7699534893035889,64,Full Online Serba,0.7656257152557373
7238374757664686853,lpknikainternasional1,UT udah dari jaman penjajahan online nya 🥺,3,0,64,Full Online Serba,0.6846326589584351,93,Jujur Review Kata,0.6247137784957886,102,100 Fully Bk,0.61297607421875
7244837453890454277,andr3aan,"UT kampus online pertama di indonesia, berdiri sejak tahun 1984, bahkan hp pun blm ada waktu itu",1,0,64,Full Online Serba,0.5944401621818542,132,Mending Ptnbh Alumni,0.603131890296936,93,Jujur Review Kata,0.5743944048881531
7236706853018993414,acaaaally,@ravfx itu kmpusnya,1,0,-1,Mantab Uk Belakang,0.0,38,Ih Maba Grupnya,0.7191834449768066,133,Spill Alisnya Spil,0.7028984427452087
7244424789753742086,putriluthfia3,@Lita Anis: buka S2 GK?,0,0,114,S2 Lita Anis,0.7933629751205444,37,S2 Ada Doktoral,0.7608647346496582,80,S2 S2Nya Nya,0.7583097815513611
7242839101194945285,litaanis24,buka S2 GK?,0,0,114,S2 Lita Anis,0.8946793079376221,80,S2 S2Nya Nya,0.8018122911453247,42,Jurusan Ekonomi Hukum,0.7721527218818665
7244931612181005062,reza.nvian,Pertama di Indonesia ? Nggak salah tu kata-kata nya,1,0,93,Jujur Review Kata,0.7260035276412964,104,Aman Unas Ciber,0.6102781295776367,45,Enggak Ribet Fh,0.5931552052497864
7467113398124249857,yourname09906,berapa biaya per semester nya kak??,1,1,77,Per Berapa Semester,0.9371739625930786,18,Berapa Biaya Bayar,0.9060302972793579,99,Biayanya Biaya Berapa,0.8249702453613281
7533593519073297159,bebeelacc2,3 jt kak,0,0,124,Juta Serius 3Jt,0.9539287090301514,26,Adek Duluan Nurul,0.7286112904548645,135,Infoin Mau Lantang,0.7136058807373047
7267194677328626438,irfancaldaro,Apakah tersedia kelas full online ? Tanpa mahasiswa hadir ke kampus sama sekali ? termasuk ujian dan skripsi juga bimbingan ?,4,5,112,Ujian Tes Online,0.6674183011054993,7,Offline Ujiannya Online,0.7048580646514893,71,Wisuda Uts Uas,0.700096070766449
7271234935217472261,bebeelacc2,Iya bang full sistem online,0,0,64,Full Online Serba,0.8536468148231506,81,Iya Oke Orang,0.7750841379165649,108,Offline Onsite Onnline,0.7680226564407349
7374866599503643398,n0t.foound,ada uang pangkalnya ga si ka,0,0,39,Beasiswa Kkn Program,0.8409228324890137,76,Paket Ijazah Sih,0.8029569387435913,18,Berapa Biaya Bayar,0.7927875518798828
7374874603548050181,bebeelacc2,"Gak ada kk, terkecuali konversi transfer sks",0,0,42,Jurusan Ekonomi Hukum,0.6343706846237183,102,100 Fully Bk,0.6098767518997192,64,Full Online Serba,0.5826584100723267
7533429409698300688,seamixubiungu,konversi sks berapa bayarnya ka?,0,0,77,Per Berapa Semester,0.9024629592895508,18,Berapa Biaya Bayar,0.876781702041626,65,Angkatan Berapa Kira,0.8152942061424255
7533593423489794823,bebeelacc2,2 jt kak,0,0,124,Juta Serius 3Jt,0.9383761882781982,26,Adek Duluan Nurul,0.7188128232955933,135,Infoin Mau Lantang,0.703709602355957
7232692939426906907,nahozie100,Almamater kapan bisa dibeli min?,0,6,78,Kapan Min Gel,0.8070788383483887,6,Dimana Daerah Mana,0.7449320554733276,115,Full Fisik Diunsia,0.741479754447937
7234067274961093382,univsiberasia,"Halo Kak ozie, biaya almamater sebesar 200k ya Kak dan bisa di proses ketika sudah menjadi mahasiswa 😊",4,0,1,Dicicil 3Jt Hanya,0.7915017008781433,2,Website Id Ac,0.7719541788101196,86,Darimana 100 Jadi,0.7597100734710693
7234082658031911685,nahozie100,"Sudah min. Saya di semester 2 skrg, dan mau pesan namun di tokped belum tersedia",0,0,125,Gratis Tersedia Pesan,0.4000336229801178,91,Ulang Bayar Isi,0.7385450601577759,100,Umur Usia Irt,0.6963988542556763
7237415412110820101,univsiberasia,mohon ditunggu ya Kak 😊,1,0,94,Ditunggu Tunggu Wah,0.8722281455993652,98,Terima Kasih Murid,0.8060547709465027,35,Infonya Terima Kasih,0.8021032810211182
7233379617565639451,mharyo_s88,goib,0,0,14,Fitriyani Andriani Udin69Can,0.8206638097763062,82,Nrrjml Hbd Nz,0.8345744609832764,131,Next Up Gass,0.8221206068992615
7233438289901028123,nahozie100,Wkwk smt brp skrg bg,0,0,65,Angkatan Berapa Kira,0.7915290594100952,118,Desember Baca Depan,0.7330756187438965,43,Belum Huhu Nih,0.7177408933639526
7233830055792689946,mharyo_s88,5 bang😂,0,0,90,Binus Adsfort Harga,0.8358982801437378,105,Swasta Oktober Situ,0.7845934629440308,131,Next Up Gass,0.7810618877410889
7345101721591677702,ku.ayumi_fdja,apakah trima mahasiswa pindahan ?,1,1,22,Pindahan Menerima Ut,0.7031651735305786,69,Apakah S1Hukum Perdagangan,0.8102484941482544,42,Jurusan Ekonomi Hukum,0.7291724681854248
7533593573628756754,bebeelacc2,Terima kak,0,0,98,Terima Kasih Murid,0.9022547006607056,35,Infonya Terima Kasih,0.778101921081543,26,Adek Duluan Nurul,0.7663475871086121
7410466819339158278,by_sennja,"pengenn kuliah dari dulu,tapi umur udah 30 thn😭😁",2,4,100,Umur Usia Irt,0.7674347162246704,46,Ut Pengin Bidang,0.7224150896072388,57,Nilai Sesi Sabar,0.7080766558647156
7459442585016304402,colonel_cortez,why not?,1,0,-1,Mantab Uk Belakang,0.0,19,Com Nice Https,0.7152893543243408,131,Next Up Gass,0.7035844326019287
7411162773449097989,by_sennja,spill biayanya kak berapa ?,0,0,18,Berapa Biaya Bayar,0.891230583190918,99,Biayanya Biaya Berapa,0.7967811822891235,77,Per Berapa Semester,0.7966610193252563
7411162351526888198,by_sennja,"sudah 15 THN yg lalu aku lulus SMA 😭😂kaya nya kalau pengen kuliah,,jdi agak susah buat beradaptasi 😁",0,0,46,Ut Pengin Bidang,0.8018497824668884,57,Nilai Sesi Sabar,0.7681871652603149,59,Tugas Numpuk Tugasnya,0.7602932453155518
7411103410671878917,by_sennja,"gimana cara daftar nya ya,, pengen ngambil jurusan bahasa,, itu ngambilnya jurusan apa, komunikasi",0,0,0,Jurusan Teknik Inggris,0.7709701061248779,49,Ijazahnya Lulus Kan,0.8041387796401978,16,Apa Saja Jurusan,0.8008739948272705
7247739007324734214,odyaserachel0.0,apakah sudah terdaftar di dikti,0,1,69,Apakah S1Hukum Perdagangan,0.7916709184646606,100,Umur Usia Irt,0.6704539060592651,30,Korea Degree Min,0.6573879718780518
7249603970586592006,remind_daily,"sudah kak, 5 Prodi di UNSIA semua sudah terakreditasi Baik Sekali... Hayuu Kak Segera Mendaftar Kuliah di UNSIA",2,0,130,Pt Terakreditasi Ban,0.8740808963775635,2,Website Id Ac,0.7925869226455688,101,Favorit Pilih Fleksibel,0.7872455716133118
7547742928492528392,fddrfvvgb,bisa ke Taiwan ngga kak,0,1,22,Pindahan Menerima Ut,0.8635392785072327,128,Main Kampusnya Kekampus,0.8372418880462646,39,Beasiswa Kkn Program,0.8251814246177673
7548740980065796871,univsiberasia,"Halo Kak, banyak mahasiswa UNSIA yang berdomisili di Taiwan lho☺",0,0,66,Dibuka Mahasiswa Baru,0.7580163478851318,54,Membuka Lho Mahasiswa,0.797196090221405,9,Kip Unsia Diterima,0.7899727821350098
7596385158971376392,shellaasyah_,"kak mau tanya, bisa full online gak ya sampai akhir? soalnya lagi diluar negeri gitu🙏mohon infonya kak",0,0,5,Kerja Negeri Kuliah,0.8025281429290771,49,Ijazahnya Lulus Kan,0.8745693564414978,120,Tanya Non S2Nya,0.8491926789283752
7543905203478971137,splanas0,ada teknik nya,0,0,51,Open Otw Pkl,0.7537921071052551,11,Skripsi Sidang Tidak,0.7240351438522339,53,Dong Kayaknya Banget,0.7089481353759766
7414943236147790597,kiki96920,tesis nya gimna?,0,0,33,Bagaimana Wisudanya Tes,0.8172219395637512,99,Biayanya Biaya Berapa,0.8137160539627075,107,Daftarnya Cara Bagaimana,0.8007221221923828
7466224087867392774,dewi_liuu,bisa konversi ga ka jdi tnpa mengulang?,0,0,115,Full Fisik Diunsia,0.7238180637359619,93,Jujur Review Kata,0.6854284405708313,11,Skripsi Sidang Tidak,0.6651055216789246
7487302761152611080,caramboltremolo,KK saya kerja di kapal jarang ada waktu luang tapi saya pengen bgt kuliah 😭🙏,0,0,5,Kerja Negeri Kuliah,0.7758514881134033,46,Ut Pengin Bidang,0.7505010962486267,59,Tugas Numpuk Tugasnya,0.7244993448257446
7469364341277131541,rosalindayamormexico,kak sush ga si sidang itu aku smbl kerja kpkiran bngt sumpah apakah d persulit,0,0,46,Ut Pengin Bidang,0.7442247271537781,21,Malam Shift Begitu,0.7365005016326904,49,Ijazahnya Lulus Kan,0.7285583019256592
7459334635421614856,syahian,ada jurusan psikologi gak ka?,0,0,0,Jurusan Teknik Inggris,0.9334579706192017,37,S2 Ada Doktoral,0.8884618282318115,16,Apa Saja Jurusan,0.8823074102401733
7458897655557604101,merlynpattiruhu,S2 ada full online gk,0,0,37,S2 Ada Doktoral,0.8647908568382263,114,S2 Lita Anis,0.8549900650978088,50,S2 Pendidikan Hukum,0.8452627658843994
7434762622195221304,dilyudh_,bismillahirrahmanirrahim tahun depan 🥰,0,0,129,Bismillah Bismillahirrahmanirrahim Sticker,0.7327084541320801,55,Sukses Selalu Sehat,0.5404007434844971,111,Alhamdulillah Keluarga Bagian,0.5373444557189941
7398877417711190790,ownernya_cerry63,kak kalo kuliahnya online dafyarnya dimana,0,0,64,Full Online Serba,0.7312033772468567,7,Offline Ujiannya Online,0.8550997972488403,52,Web Lewat Kemana,0.8477649688720703
7456255260941009670,rvnnelf,"ini daftarnya lewat jalur snbp, snbt, atau mandirii?",1,0,12,Konversi Jalur Melalui,0.7483450174331665,68,Rpl Pengalaman Jalur,0.6647606492042542,22,Pindahan Menerima Ut,0.6629375219345093
7434010883230565127,alexander.firnand1,kak kalau kelas online wisudanya online apa offline nih???,1,0,7,Offline Ujiannya Online,0.8916342258453369,71,Wisuda Uts Uas,0.8488942384719849,21,Malam Shift Begitu,0.8365427851676941
7576140469094564616,_nanasdingin,ada jurusan hubungan masyarakat ga?,0,0,42,Jurusan Ekonomi Hukum,0.8189672827720642,11,Skripsi Sidang Tidak,0.6797106266021729,114,S2 Lita Anis,0.6743234992027283
7414943178770580229,kiki96920,jurusan s2 apa aja?,0,0,16,Apa Saja Jurusan,0.8752509951591492,50,S2 Pendidikan Hukum,0.8454880714416504,4,D3 S1 Lanjut,0.8096786737442017
7416019495074366213,seyyheyyy29,cara daftarnya gmna ka?,0,0,17,Cara Daftarnya Bagaimana,0.963144063949585,107,Daftarnya Cara Bagaimana,0.9049525260925293,127,Caranya Kuliahnya Bagaimana,0.8648891448974609
7583174886027526920,cliptocash.id,🥰,0,0,28,Asa Hum ,0.9997044801712036,13,  ,1.0,61,  ,1.0
7577429866527376148,afindaca6,🥰,0,0,20,Yes  ,0.999908447265625,13,  ,1.0,61,  ,1.0
7568039594836656917,caniiaaa3,🥰,0,0,14,Fitriyani Andriani Udin69Can,0.9977331161499023,13,  ,1.0,61,  ,1.0
7527117715812434706,cocoa.soiree,😍😍😍,0,0,40,One Yaallahh Day,0.9992661476135254,13,  ,1.0,61,  ,1.0
7496846814769201928,masall_761,😁,0,0,14,Fitriyani Andriani Udin69Can,0.9977331161499023,13,  ,1.0,61,  ,1.0
7480907770348372791,flowercrown_3,🥰,0,0,28,Asa Hum ,0.9997044801712036,13,  ,1.0,61,  ,1.0
7227251825466966811,nazilagroup1234,pendaftaran masih dibuka?,0,1,3,Buka Pendaftaran Masih,0.6834044456481934,66,Dibuka Mahasiswa Baru,0.6387755870819092,56,Universitas Siber Asia,0.627263069152832
7231002244089398042,univsiberasia,"Halo Kak, cek terus di Instagram kita ya @univsiberasia dan @ppmb.unsia dan jangan lupa follow juga 😊",0,0,2,Website Id Ac,0.7850797176361084,130,Pt Terakreditasi Ban,0.689764142036438,116,Ig Akun Sering,0.6837488412857056
7230071989913502491,mharyo_s88,"wahh almamater, salah satu benda tergoib 😳. btw min saya dah semester 5 mana almamater nya min? saya mau beli gak ada terus, sampe dah nyampe warek",0,1,78,Kapan Min Gel,0.6224818229675293,57,Nilai Sesi Sabar,0.7646289467811584,59,Tugas Numpuk Tugasnya,0.7392448782920837
7260325424348234502,univsiberasia,"Halo Kak, silahkan cek instagram kita di ppmb.unsia mengenai almamater, bisa menghubungi biro administrasi umum 😊",1,0,2,Website Id Ac,0.878241777420044,36,Dm Admin Detailnya,0.7781602740287781,101,Favorit Pilih Fleksibel,0.7564084529876709
7230052053404582682,rosalindayamormexico,Wktu ujian ga bljr wkwkw,0,1,112,Ujian Tes Online,0.7032865285873413,57,Nilai Sesi Sabar,0.7327086925506592,59,Tugas Numpuk Tugasnya,0.7152847051620483
7231002531484009243,univsiberasia,Hati-hati ngulang kak kl ga belajar 😂,0,0,34,Daftar Tinggal Baru,0.6281564235687256,57,Nilai Sesi Sabar,0.6895666718482971,93,Jujur Review Kata,0.6591494083404541
7226239800138105627,kocengkawin,Yg main tilik ya,0,0,128,Main Kampusnya Kekampus,0.6593664884567261,38,Ih Maba Grupnya,0.7365976572036743,45,Enggak Ribet Fh,0.7221832275390625
7227311827503596294,asrul_ql97,done follow,1,0,116,Ig Akun Sering,0.5671355128288269,19,Com Nice Https,0.699417233467102,24,Ayo Ikutt Ikut,0.6887106895446777
7243985494202385157,dikitaja0,gimana caranya kk,0,0,127,Caranya Kuliahnya Bagaimana,0.8290185928344727,107,Daftarnya Cara Bagaimana,0.7561007738113403,17,Cara Daftarnya Bagaimana,0.6947470903396606
7227071122801558277,amaramirul1,"🟠HAIZS HADIR JAP🟠
🟡LIKESS
❤️K0MWENS 😀
🔻COPYLINKS✔️5kalis
✅P0ll0WS JE TAU DAN JGN LUPA REPOST VTT SEKALI 🔺⬜️",0,0,19,Com Nice Https,0.488528847694397,116,Ig Akun Sering,0.5551137328147888,103,Ilkom Ieu Balang,0.5188296437263489
7224142884298441498,embugendishayu,lebaran di jkt aja min gk kmn mana,0,0,128,Main Kampusnya Kekampus,0.6903356313705444,57,Nilai Sesi Sabar,0.6497613191604614,118,Desember Baca Depan,0.6420537829399109
7328384426161013509,andresitumorang297,wisuda nya online atau ofline kak?,0,0,7,Offline Ujiannya Online,0.8677774667739868,108,Offline Onsite Onnline,0.8390670418739319,112,Ujian Tes Online,0.8228110671043396
7227268980714193669,dwinuk,Sukses Selalu 🥰,0,0,55,Sukses Selalu Sehat,0.8493058085441589,25,Amin Selalu Semangat,0.7846815586090088,113,Semangat Wah Berpikir,0.7696904540061951
7227205249441858330,user740309079,salken kk,0,0,53,Dong Kayaknya Banget,0.6884645223617554,26,Adek Duluan Nurul,0.8185749053955078,19,Com Nice Https,0.7894541621208191
7227341921403994907,zain_bachrowi5970,salam.kk.eee,0,0,97,Salam Mantap Kenal,0.8515256643295288,26,Adek Duluan Nurul,0.7561021447181702,19,Com Nice Https,0.7451289892196655
7227078164496581402,hazizahezel12,"semngat""",0,0,113,Semangat Wah Berpikir,0.9007149338722229,131,Next Up Gass,0.7794851064682007,19,Com Nice Https,0.7653381824493408
7592189833041429269,alif99052005,kpan pendaftarannya kak?,0,3,31,Kapan Pendaftarannya Gelombang,0.9478189945220947,78,Kapan Min Gel,0.8702565431594849,3,Buka Pendaftaran Masih,0.861421525478363
7592210836165362450,univsiberasia,"Hi Kak, saat ini sedang dibuka pendaftaran mahasiswa baru lho🤩",0,0,66,Dibuka Mahasiswa Baru,0.9331064224243164,54,Membuka Lho Mahasiswa,0.9257334470748901,67,Program Belum Dibuka,0.8116669654846191
7592245269476410133,alif99052005,ada full online gak kak atau kelas karyawan nya?,0,0,123,Jam Kelas Karyawan,0.8472180366516113,7,Offline Ujiannya Online,0.8481700420379639,115,Full Fisik Diunsia,0.822945237159729
7592270497418445586,univsiberasia,UNSIA 100% full online Kakak🤗,0,0,102,100 Fully Bk,0.91130530834198,56,Universitas Siber Asia,0.7359147667884827,44,100 Learning Fully,0.7015699744224548
7569981206654124818,zzara75,kak ini di palembang ada ga kak???,0,0,9,Kip Unsia Diterima,0.7082692384719849,39,Beasiswa Kkn Program,0.8348912596702576,120,Tanya Non S2Nya,0.81947261095047
7568822632159773456,firaaaa.22,untuk yg gap year bisa dpt beasiswa akademik?,0,0,30,Korea Degree Min,0.7557488679885864,119,Teman Syarat Magang,0.7182472944259644,1,Dicicil 3Jt Hanya,0.7175429463386536
7586801315663430421,ber_shop25,@one,0,0,40,One Yaallahh Day,0.9050717353820801,20,Yes  ,0.8963392972946167,28,Asa Hum ,0.8961288928985596
7220900115648152347,embugendishayu,😂😂😂,0,0,32,Merdeka Di ,0.99981689453125,13,  ,1.0,61,  ,1.0
7222263328243270427,wanus27,"Dosen terbaik ntuk Mahasiswa/I prodi Sistem informasi Unsia , Pak Noviandri 👌",0,0,9,Kip Unsia Diterima,0.6598696708679199,63,Informasi Informatika Akuntansi,0.7171533107757568,136,Yaitu Akuntansi Terdapat,0.688287079334259
7586850680607687445,agnes172,bisa bisa ke ausiie untuk kerja ngak k,0,0,5,Kerja Negeri Kuliah,0.7350277900695801,22,Pindahan Menerima Ut,0.7088531255722046,128,Main Kampusnya Kekampus,0.7077509164810181
7222705421718831899,strawberrykity._,"ijin bertanya kak kalau kita jauh dari Kalimantan pengen daftar bisa ngak kak, kuliah nya online semua termasuk ujiannya",0,0,79,Daftar Sudah Kamu,0.7644515037536621,49,Ijazahnya Lulus Kan,0.8998331427574158,21,Malam Shift Begitu,0.8566808700561523
7588170271276040980,karin.hislittleprincess_,ada batas tangga sama mabanya kak?,0,0,31,Kapan Pendaftarannya Gelombang,0.7029306292533875,104,Aman Unas Ciber,0.7636055946350098,27,Join Grup Yuk,0.7632371783256531
7262322906491060997,ruby___je,ka no wa kok gabisa ya?,0,0,91,Ulang Bayar Isi,0.7881584763526917,76,Paket Ijazah Sih,0.7702940106391907,115,Full Fisik Diunsia,0.7603196501731873
7217629673235350299,elasetia_,semangat berpuasa untuk semua temen-temen dan dosen UNSIA 🙌🏻,0,1,55,Sukses Selalu Sehat,0.7999764084815979,111,Alhamdulillah Keluarga Bagian,0.7387512922286987,25,Amin Selalu Semangat,0.6856729984283447
7218045638675776283,univsiberasia,Semangat Kak puasanya 🙌,0,0,113,Semangat Wah Berpikir,0.8854161500930786,25,Amin Selalu Semangat,0.8438778519630432,94,Ditunggu Tunggu Wah,0.7383018732070923
7528442102198649607,echa_0068,apakah ujiannya online juga kak?,0,1,7,Offline Ujiannya Online,0.8886616230010986,112,Ujian Tes Online,0.8939434289932251,33,Bagaimana Wisudanya Tes,0.8540289402008057
7533971234644722440,valentinostanleyy,iya kak online,0,0,81,Iya Oke Orang,0.8849210739135742,75,Iya Iyapp Introvert,0.807164192199707,92,Samaaa Sama Konveksi,0.8045737147331238
7251080252502590213,ratumustika1017,bisa menggunakan kip ga ka?,1,2,9,Kip Unsia Diterima,0.6239975094795227,115,Full Fisik Diunsia,0.7664827108383179,76,Paket Ijazah Sih,0.7558774948120117
7389531621160403730,univsiberasia,"Halo Kak, bisa ya😊",0,0,15,Hi Halo Dong,0.9495183229446411,87,Hihi Jugakk Wakty,0.8401532769203186,60,Admin Dm Boleh,0.8090170621871948
7564975194337313544,ayyrafah,caranya gimna ka?,0,0,127,Caranya Kuliahnya Bagaimana,0.9149540066719055,17,Cara Daftarnya Bagaimana,0.8542472124099731,107,Daftarnya Cara Bagaimana,0.8482202887535095
7223620689122886427,sealuxyid,100% dengan metode belajar yang fleksibel asyncron mantep sukses selalu unsia,2,1,55,Sukses Selalu Sehat,0.6969529986381531,86,Darimana 100 Jadi,0.6396173238754272,44,100 Learning Fully,0.6203708648681641
7228808664881365786,univsiberasia,terima kasih Kak 🤩semangat terus yaa,1,0,25,Amin Selalu Semangat,0.9189329147338867,113,Semangat Wah Berpikir,0.8403071165084839,98,Terima Kasih Murid,0.8401497602462769
7311674513171104518,sri_woles,biaya kk?,0,1,99,Biayanya Biaya Berapa,0.7662136554718018,105,Swasta Oktober Situ,0.7429372668266296,90,Binus Adsfort Harga,0.7426030039787292
7312049468781675269,univsiberasia,"Halo Kak, Sesuai dengan SK Rektor No. 3 Tahun 2020 Biaya kuliah di UNSIA adalah sebesar 3 juta rupiah / semester. Biaya tersebut dapat dicicil dalam 2 kali pembayaran.",1,0,1,Dicicil 3Jt Hanya,0.750147819519043,2,Website Id Ac,0.6761550903320312,130,Pt Terakreditasi Ban,0.6751028299331665
7330930926668514053,putrisaridw5,mau tanya akreditas ka,2,1,8,Tanya Bertanya Chat,0.807596743106842,120,Tanya Non S2Nya,0.8028918504714966,0,Jurusan Teknik Inggris,0.7420194745063782
7389531199012766471,univsiberasia,"Halo Kak, saat ini UNSIA sudah terakreditasi BAN-PT yaitu baik sekali dan terakreditasi internasional dari EAHEA😊",1,0,130,Pt Terakreditasi Ban,0.9408136010169983,67,Program Belum Dibuka,0.7314286828041077,86,Darimana 100 Jadi,0.7258620262145996
7365494771970622216,syi4610,jurusan nya apa kak,0,1,84,Ngambil Ambil Apa,0.9059332609176636,16,Apa Saja Jurusan,0.8919479846954346,0,Jurusan Teknik Inggris,0.8476629257202148
7389531394575975186,univsiberasia,"Halo Kak, UNSIA memiliki 5 prodi ya yaitu Komunikasi, manajemen, akuntansi, sistem informasi, dan informatika",0,0,63,Informasi Informatika Akuntansi,0.9271671772003174,136,Yaitu Akuntansi Terdapat,0.9584567546844482,130,Pt Terakreditasi Ban,0.7250775694847107
7318774279046234886,putrie_august,akreditasi kaak?,0,1,26,Adek Duluan Nurul,0.9148963093757629,105,Swasta Oktober Situ,0.8199103474617004,75,Iya Iyapp Introvert,0.8167843818664551
7389531569402954503,univsiberasia,"Halo Kak, saat ini UNSIA sudah terakreditasi BAN-PT yaitu baik sekali dan terakreditasi internasional dari EAHEA😊",0,0,130,Pt Terakreditasi Ban,0.9408136010169983,67,Program Belum Dibuka,0.7314286828041077,86,Darimana 100 Jadi,0.7258620262145996
7408034473344041734,rannn_1505,kak saya di luar kota trs kerja disistem shift bisa kuliah disini gk,0,0,5,Kerja Negeri Kuliah,0.8667812347412109,49,Ijazahnya Lulus Kan,0.8126462697982788,21,Malam Shift Begitu,0.8056774139404297
7293715928180441862,glowingjournal_,Gap yar pjj ad beasiswa jg?,0,0,134,Pjj Akre Industri,0.7807276248931885,30,Korea Degree Min,0.783475399017334,132,Mending Ptnbh Alumni,0.7753180861473083
7439675272158921479,insight.idd,ada beasiswa KIP kuliah nggak kak untuk S1 online nya??,0,0,65,Angkatan Berapa Kira,0.7578884363174438,39,Beasiswa Kkn Program,0.8853071928024292,30,Korea Degree Min,0.8731479644775391
7473113510587876117,mbakayou21,kak yg rpl S1 bisa online ga ? please jawab kak 🙏🙏🙏🙏,1,0,68,Rpl Pengalaman Jalur,0.825606107711792,120,Tanya Non S2Nya,0.8559262752532959,76,Paket Ijazah Sih,0.8293416500091553
7414711061981938437,titaajulianni,studi yg paling mudah studi apa ka? 😂,0,0,0,Jurusan Teknik Inggris,0.700675368309021,16,Apa Saja Jurusan,0.7906907796859741,84,Ngambil Ambil Apa,0.7890115976333618
7586857606539559698,warung.gnz2,Bisa akselerasi selain RPL ngga kak?,0,0,68,Rpl Pengalaman Jalur,0.8811947107315063,115,Full Fisik Diunsia,0.8200018405914307,76,Paket Ijazah Sih,0.8107687830924988
7370573669837718277,twofourfourthreefour,Ada jurusan bahasa inggrisnya gak kak??,0,0,0,Jurusan Teknik Inggris,0.9009609222412109,39,Beasiswa Kkn Program,0.8653308153152466,37,S2 Ada Doktoral,0.86103355884552
7408067923182535430,lyradumpiezzz,ini full online?,0,0,64,Full Online Serba,0.7341299653053284,90,Binus Adsfort Harga,0.7949301600456238,125,Gratis Tersedia Pesan,0.7905293703079224
7405624765606658821,ramadhan.qpr,kalo waktu kuliah nya gimn kak.terkadang kerja masuk pagi kadang malam.,1,0,21,Malam Shift Begitu,0.8216107487678528,123,Jam Kelas Karyawan,0.8154066801071167,5,Kerja Negeri Kuliah,0.7632309198379517
7390315051829166854,titinwahyu01,ada program 1tahun gak ya kak,0,0,39,Beasiswa Kkn Program,0.9004630446434021,120,Tanya Non S2Nya,0.8290791511535645,37,S2 Ada Doktoral,0.8250423073768616
7345099429299536645,ku.ayumi_fdja,"terima mahasiswa pindahan gx sih ka?
tersedia di negara apa aj ka?",0,0,22,Pindahan Menerima Ut,0.8578755259513855,76,Paket Ijazah Sih,0.8235571980476379,39,Beasiswa Kkn Program,0.8202977180480957
7392491489404142341,ginasania12,jurusan pendidikan ada gk,0,0,42,Jurusan Ekonomi Hukum,0.9105172157287598,0,Jurusan Teknik Inggris,0.8243151903152466,114,S2 Lita Anis,0.8101563453674316
7387801106698535685,pengusaha_eksport,akreditas C,0,0,8,Tanya Bertanya Chat,0.42726606130599976,105,Swasta Oktober Situ,0.7324851751327515,90,Binus Adsfort Harga,0.7123274803161621
7449014588824290053,user11337890247,ujian nya online juga kak?,0,0,112,Ujian Tes Online,0.9492762088775635,7,Offline Ujiannya Online,0.8876994848251343,71,Wisuda Uts Uas,0.8478320837020874
7414051577440879366,nana_kiyowo0,s2 online ada ka?,0,0,37,S2 Ada Doktoral,0.8865289688110352,80,S2 S2Nya Nya,0.8577039837837219,95,S2 Belum Insyallah,0.8366943597793579
7413055498872013574,darkchocolate6_,Dpt almet g?,0,0,11,Skripsi Sidang Tidak,0.749903678894043,125,Gratis Tersedia Pesan,0.7524465322494507,90,Binus Adsfort Harga,0.7276196479797363
7415612749164790533,ajabdezex21,info link pendaftaran nya kk,0,0,41,Info Link Cara,0.8869723081588745,31,Kapan Pendaftarannya Gelombang,0.7611335515975952,17,Cara Daftarnya Bagaimana,0.7490922212600708
7395983524291445510,iamhabibie7,ada beasiswA,0,0,39,Beasiswa Kkn Program,0.6402696371078491,125,Gratis Tersedia Pesan,0.8015411496162415,105,Swasta Oktober Situ,0.7913769483566284
7335605923052438277,fie.bet,jurusan bisnis internasional kg ada ya kak,1,0,0,Jurusan Teknik Inggris,0.9105324745178223,37,S2 Ada Doktoral,0.8488154411315918,50,S2 Pendidikan Hukum,0.8416086435317993
7389463674916799239,cyntiaaritonang27,Kak apakah sudah pendaftaran maha siswa baru？？,0,3,3,Buka Pendaftaran Masih,0.801763653755188,66,Dibuka Mahasiswa Baru,0.7777222394943237,31,Kapan Pendaftarannya Gelombang,0.7683497667312622
7389534596860789524,cyntiaaritonang27,"iya ,sistem belajar untuk jalur karyawan bagaimana kak,soalnya kami kerja ada shift malamnya",0,0,21,Malam Shift Begitu,0.842395007610321,123,Jam Kelas Karyawan,0.7972484827041626,49,Ijazahnya Lulus Kan,0.7972096800804138
7389531847753089800,univsiberasia,"Halo Kak, saat ini UNSIA sedang membuka pendaftaran mahasiswa baru lho, yuk intip informasi lebih lanjut di pmb.unsia.ac.id",0,0,2,Website Id Ac,0.8791087865829468,54,Membuka Lho Mahasiswa,0.8761833906173706,101,Favorit Pilih Fleksibel,0.8348245620727539
7389464148483310356,cyntiaaritonang27,jalur prndaftaran nya bagaimana kk,0,0,33,Bagaimana Wisudanya Tes,0.8470797538757324,17,Cara Daftarnya Bagaimana,0.8265764117240906,18,Berapa Biaya Bayar,0.7983047366142273
7603323155562545941,dndzhrnpt,dari awal kuliah sampai wisuda apakah bisa terus online?,0,4,100,Umur Usia Irt,0.7893064618110657,5,Kerja Negeri Kuliah,0.7317816615104675,88,Pindah Semester Ngulang,0.7255929708480835
7603340138747724552,univsiberasia,Bisa dong Kak🤩,0,0,53,Dong Kayaknya Banget,0.9349392652511597,87,Hihi Jugakk Wakty,0.935305655002594,117,Boleh Bolehhh Dong,0.8900431990623474
7603360839991378708,dndzhrnpt,kalau untuk wisuda nya min?,0,0,71,Wisuda Uts Uas,0.8016176223754883,33,Bagaimana Wisudanya Tes,0.8485034704208374,7,Offline Ujiannya Online,0.82894366979599
7632244428916179732,redvelvett033,mau daftar kah kak? aku pgn tapi masi ragu😭,0,0,79,Daftar Sudah Kamu,0.790044903755188,8,Tanya Bertanya Chat,0.8159010410308838,47,Daftar Gelombang Januari,0.7927208542823792
7632310111961383700,dndzhrnpt,masi mikir kak😞,0,0,43,Belum Huhu Nih,0.8175934553146362,45,Enggak Ribet Fh,0.7851272821426392,38,Ih Maba Grupnya,0.766947865486145
7227102600269169434,ahmadanaliga25,😄,1,0,14,Fitriyani Andriani Udin69Can,0.9977331161499023,13,  ,1.0,61,  ,1.0
7484088418251883281,ji_sunggie93,🥰,0,0,40,One Yaallahh Day,0.9992661476135254,13,  ,1.0,61,  ,1.0
7472395695618671367,heri.s42,🥰,0,0,20,Yes  ,0.999908447265625,13,  ,1.0,61,  ,1.0
7592061985333183249,daejonyounggg,💛,0,0,61,  ,1.0,13,  ,1.0,20,Yes  ,0.999908447265625
7260714266372915974,hi.mommmm,itu lulus nya bisa lebih cepat gak kak?,0,2,49,Ijazahnya Lulus Kan,0.833284854888916,76,Paket Ijazah Sih,0.8278265595436096,33,Bagaimana Wisudanya Tes,0.8276415467262268
7271235276369838853,bebeelacc2,"Bisa kak , 3,5 tahun",0,0,1,Dicicil 3Jt Hanya,0.7191680073738098,100,Umur Usia Irt,0.7197147011756897,65,Angkatan Berapa Kira,0.6881265640258789
7308923354823607046,cheesecuittttttt,"maaf ka, kalau untuk wisuda nya online juga kah?",0,0,71,Wisuda Uts Uas,0.8332310914993286,7,Offline Ujiannya Online,0.8708603382110596,21,Malam Shift Begitu,0.8220096826553345
7293310086532449030,haniayyafierly,ada jurusan apa aja kk,1,2,16,Apa Saja Jurusan,0.9258583784103394,84,Ngambil Ambil Apa,0.8321804404258728,0,Jurusan Teknik Inggris,0.8203201293945312
7574478145933263624,yuyun.herliana05_,"kak maaf mau tanya , rekomendasi prodi apa ya?",0,0,120,Tanya Non S2Nya,0.9018892049789429,8,Tanya Bertanya Chat,0.8355953693389893,49,Ijazahnya Lulus Kan,0.814379096031189
7574606086154879752,yuyun.herliana05_,kak boleh tanya2 di dm ga?,0,0,8,Tanya Bertanya Chat,0.8884101510047913,60,Admin Dm Boleh,0.8430833220481873,23,Dm Cek Izin,0.8193092346191406
7576582532129506049,senandungiu,apakah irt umur 35 THN bisa kuliah di sana,2,0,100,Umur Usia Irt,0.8191816210746765,69,Apakah S1Hukum Perdagangan,0.744694709777832,30,Korea Degree Min,0.7315772771835327
7260008118910485253,putrichikalsyairaam,@nrrjml♉,1,0,82,Nrrjml Hbd Nz,0.8803498148918152,131,Next Up Gass,0.6854398250579834,90,Binus Adsfort Harga,0.6436040997505188
7592941080117134081,_syhrnnsa04_,😂,0,0,14,Fitriyani Andriani Udin69Can,0.9977331161499023,13,  ,1.0,61,  ,1.0
7573617097924100882,anneseptiani25,😁,0,0,14,Fitriyani Andriani Udin69Can,0.9977331161499023,13,  ,1.0,61,  ,1.0
7545036206527988488,sintayyou17,😂,0,0,32,Merdeka Di ,0.99981689453125,13,  ,1.0,61,  ,1.0
7208683601914184475,arief_maulana_n__06,beaasiswa media sosia btw itu apa kak,0,2,134,Pjj Akre Industri,0.8398326635360718,74,Akreditasinya Asia Siber,0.7732892036437988,39,Beasiswa Kkn Program,0.7532432079315186
7210615677634855706,univsiberasia,"halo Kak, beasiswa media sosial adalah untuk mahasiswa aktif UNSIA ya Kak 😊",0,0,39,Beasiswa Kkn Program,0.6983165144920349,67,Program Belum Dibuka,0.8023078441619873,2,Website Id Ac,0.7937321066856384
7210671075666494235,arief_maulana_n__06,madsud nya mahasiswa aftif unsia apa kak,0,0,74,Akreditasinya Asia Siber,0.8246484994888306,9,Kip Unsia Diterima,0.816462516784668,30,Korea Degree Min,0.8071401119232178
7210404769490486042,dharmateak_furniture,"Hadir support kak, salam flks",0,1,97,Salam Mantap Kenal,0.8080079555511475,25,Amin Selalu Semangat,0.7797490358352661,98,Terima Kasih Murid,0.7596567273139954
7210614972530000666,univsiberasia,"Terima kasih Kak, semangat terus ya 🙌🏻🙌🏻",1,0,25,Amin Selalu Semangat,0.9189329147338867,113,Semangat Wah Berpikir,0.8403071165084839,98,Terima Kasih Murid,0.8401497602462769
7588302310134285077,iceroast.14,cara dapet beasiswa nya gimana kak,0,0,17,Cara Daftarnya Bagaimana,0.8929696679115295,127,Caranya Kuliahnya Bagaimana,0.8495079874992371,39,Beasiswa Kkn Program,0.8354771137237549
7597026617920209672,putryrisma_18,yang ke lima itu kip kan ka?,0,0,9,Kip Unsia Diterima,0.6500678062438965,135,Infoin Mau Lantang,0.7341979742050171,81,Iya Oke Orang,0.732683002948761
7239361987166388997,storyme_kia,kalo yang udah kerja masih bisa dapat beasiswa ka? maaf cuma tanya aja 😅😁,0,0,39,Beasiswa Kkn Program,0.8041503429412842,49,Ijazahnya Lulus Kan,0.8372067213058472,5,Kerja Negeri Kuliah,0.8340153694152832
7588302550882140949,iceroast.14,beasiswa nya berlaku untuk yang baru lulus sekolah aja atau yang udh lama juga bisa dapet kak,0,0,39,Beasiswa Kkn Program,0.7375898361206055,119,Teman Syarat Magang,0.748469352722168,67,Program Belum Dibuka,0.7470153570175171
7495686079006769927,ayufujiyanti,Kak kalo pindah dari ut bisa ga? Trs jurusan nya beda bisa?,0,2,88,Pindah Semester Ngulang,0.8568859100341797,49,Ijazahnya Lulus Kan,0.8884885311126709,22,Pindahan Menerima Ut,0.8631885051727295
7633823681622475528,erwansyah_saka.m,bisa tapi ya ngulanglah dari smster1,0,0,93,Jujur Review Kata,0.7776542901992798,104,Aman Unas Ciber,0.7013327479362488,133,Spill Alisnya Spil,0.6808481216430664
7632875280561865493,strawbbeerryx,upp,0,0,82,Nrrjml Hbd Nz,0.9211292266845703,131,Next Up Gass,0.8565848469734192,14,Fitriyani Andriani Udin69Can,0.8369349837303162
7495648216156832530,vhancraft_,kak mending ambil jurusan akuntasi atau manajemen ya?😭😭😭,3,7,0,Jurusan Teknik Inggris,0.8167368173599243,84,Ngambil Ambil Apa,0.7963927984237671,4,D3 S1 Lanjut,0.7884420156478882
7497656876916146952,m0odcc,"ka sama bgt aku lg bingung antara dua ini, btw aku sma nya ipa, dan kayanya mau ambil akuntansi 😩",5,0,46,Ut Pengin Bidang,0.8216509819030762,49,Ijazahnya Lulus Kan,0.7475426197052002,57,Nilai Sesi Sabar,0.7405495643615723
7495721631623660306,favgirlurr,manajeman,0,0,-1,Mantab Uk Belakang,0.0,14,Fitriyani Andriani Udin69Can,0.8093258142471313,40,One Yaallahh Day,0.8057997822761536
7569650495532745492,mikanitias,"Kak, kamu udh daftar kah ?",0,0,79,Daftar Sudah Kamu,0.9082598686218262,34,Daftar Tinggal Baru,0.8216209411621094,47,Daftar Gelombang Januari,0.7992790341377258
7516133082089554706,adeliaa_z,kamu uda daftar ka?,0,0,79,Daftar Sudah Kamu,0.8872724771499634,34,Daftar Tinggal Baru,0.7851327061653137,43,Belum Huhu Nih,0.7811802625656128
7498551366874153749,elisapriana,kak jadinya ambil jurusan apa?,0,0,84,Ngambil Ambil Apa,0.9295002222061157,16,Apa Saja Jurusan,0.8570143580436707,0,Jurusan Teknik Inggris,0.8210835456848145
7498562126455702280,vhancraft_,gatau nih masih bingung😭😭,0,0,43,Belum Huhu Nih,0.7553633451461792,57,Nilai Sesi Sabar,0.7137764692306519,45,Enggak Ribet Fh,0.7105743885040283
7495998517106934535,senjaa9100,Kirain ada umum sastra Indonesia😩 Sistem informasi buat aku puyeng minta amplop😩😩,0,0,63,Informasi Informatika Akuntansi,0.6186622381210327,132,Mending Ptnbh Alumni,0.6627299785614014,93,Jujur Review Kata,0.645999550819397
7624666582568846096,xhsnznakkzh,jurusan pendidikan jasmanai Dan olahraga ada ga kak S2 nya?,0,0,37,S2 Ada Doktoral,0.8207823038101196,50,S2 Pendidikan Hukum,0.8613154888153076,0,Jurusan Teknik Inggris,0.8442551493644714
7479820142290338577,malik_bawazki,ada jurusan psikologi ga?,0,0,42,Jurusan Ekonomi Hukum,0.9400531649589539,0,Jurusan Teknik Inggris,0.8875745534896851,114,S2 Lita Anis,0.8261773586273193
7563520808409465621,davin_alfarez,"bisa full onlain kah,?",0,0,115,Full Fisik Diunsia,0.8108799457550049,64,Full Online Serba,0.7458673119544983,108,Offline Onsite Onnline,0.7397316694259644
7585984846850458386,dhea_ayyu19,kk ada S2 apa aja ? aku S1 komunikasi,0,0,95,S2 Belum Insyallah,0.769479513168335,50,S2 Pendidikan Hukum,0.8441407680511475,4,D3 S1 Lanjut,0.8308619856834412
7495374416899179282,endess_homemade,fakultas hukum blm ada ya,2,0,0,Jurusan Teknik Inggris,0.8418289422988892,95,S2 Belum Insyallah,0.8212392926216125,132,Mending Ptnbh Alumni,0.8175721168518066
7576183508025770753,memeysiapa_,lokasi dimana kak?,0,0,6,Dimana Daerah Mana,0.9093878865242004,52,Web Lewat Kemana,0.7984164953231812,51,Open Otw Pkl,0.7746289968490601
7483719557111808786,racunglow1,PAi ada gak,0,0,11,Skripsi Sidang Tidak,0.8139923214912415,125,Gratis Tersedia Pesan,0.809501588344574,45,Enggak Ribet Fh,0.7850414514541626
7586515742125490964,andikakf61_,teknik elektro belum ada kah?,0,1,0,Jurusan Teknik Inggris,0.8025538921356201,42,Jurusan Ekonomi Hukum,0.8018490076065063,50,S2 Pendidikan Hukum,0.7795842289924622
7586529762588967698,univsiberasia,Belum ada nih Kakak,1,0,43,Belum Huhu Nih,0.9004823565483093,51,Open Otw Pkl,0.8150209188461304,117,Boleh Bolehhh Dong,0.7642408609390259
7210351570985599771,lincekristiani.hlw,cara daftarnya gimana kk?,0,0,17,Cara Daftarnya Bagaimana,0.925369143486023,107,Daftarnya Cara Bagaimana,0.9172000885009766,127,Caranya Kuliahnya Bagaimana,0.8439966440200806
7283432101302698758,remonchanada,nnti wisudanya bagaimana?,0,0,33,Bagaimana Wisudanya Tes,0.8503128886222839,99,Biayanya Biaya Berapa,0.7656526565551758,65,Angkatan Berapa Kira,0.765162467956543
7577073094348817172,optioncancell,s2 belum ada kk?,0,0,95,S2 Belum Insyallah,0.8964240550994873,114,S2 Lita Anis,0.8430864810943604,80,S2 S2Nya Nya,0.8369358777999878
7592045193802941202,iis.trisnaw,psikologi ada g?,1,0,11,Skripsi Sidang Tidak,0.7600396871566772,125,Gratis Tersedia Pesan,0.7821296453475952,114,S2 Lita Anis,0.742342472076416
7500815901979591442,p.h.y.t.a,kak ad S3nya nggak?,0,0,37,S2 Ada Doktoral,0.9461731910705566,39,Beasiswa Kkn Program,0.8879542946815491,120,Tanya Non S2Nya,0.8790056109428406
7334526028045419269,pianasar,wisudanya dimana,0,0,6,Dimana Daerah Mana,0.7884213924407959,51,Open Otw Pkl,0.7455006837844849,33,Bagaimana Wisudanya Tes,0.7398133873939514
7576608676292559633,zylds08,S2 ada ngak kk,0,0,37,S2 Ada Doktoral,0.9183940887451172,80,S2 S2Nya Nya,0.866191565990448,114,S2 Lita Anis,0.8570177555084229
7577594549980480257,profesionaljobless,😁,0,0,29,Menyimak Nyimakkk Ut,0.9959731698036194,13,  ,1.0,61,  ,1.0
7540645742526284552,lessrx0,🔥,0,0,14,Fitriyani Andriani Udin69Can,0.9977331161499023,13,  ,1.0,61,  ,1.0
7496557338033292039,iamsa198,😭,0,0,14,Fitriyani Andriani Udin69Can,0.9977331161499023,13,  ,1.0,61,  ,1.0
7459992939675157255,selaagustina,😁,0,0,14,Fitriyani Andriani Udin69Can,0.9977331161499023,13,  ,1.0,61,  ,1.0
7260008415090459397,putrichikalsyairaam,@nrrjml♉ HARUS LIAT,0,0,82,Nrrjml Hbd Nz,0.6482346057891846,56,Universitas Siber Asia,0.618461012840271,90,Binus Adsfort Harga,0.6171406507492065
7207026410446537499,embugendishayu,waah jd pengin kuliah online gk perlu kakmpus bs smbil kerja jg ha,0,0,5,Kerja Negeri Kuliah,0.7967792749404907,86,Darimana 100 Jadi,0.7829098105430603,59,Tugas Numpuk Tugasnya,0.7459458112716675
7324691247083029254,alwarda975,😂😂🤣,0,0,14,Fitriyani Andriani Udin69Can,0.9977331161499023,13,  ,1.0,61,  ,1.0
7210643918744142619,rudiazam01,HDR🥰,0,0,82,Nrrjml Hbd Nz,0.8905081748962402,14,Fitriyani Andriani Udin69Can,0.7923416495323181,131,Next Up Gass,0.789495050907135
7201143377118315290,hahaa1311,prustasi aku mengahdapi burnout 🥺,0,1,-1,Mantab Uk Belakang,0.0,102,100 Fully Bk,0.5731662511825562,122,Kalbar Ia Kebingungan,0.5592290163040161
7202089014656451354,univsiberasia,semangat Kak Halimah🙌🙌,0,0,113,Semangat Wah Berpikir,0.9105352163314819,25,Amin Selalu Semangat,0.8020164966583252,97,Salam Mantap Kenal,0.7575374841690063
7148254397268902683,mrs_rinh24,ini sistem kuliahnya full online ya?sama kek UT ya,0,3,71,Wisuda Uts Uas,0.8181828260421753,7,Offline Ujiannya Online,0.8103266954421997,64,Full Online Serba,0.7974862456321716
7271385833910518533,bebeelacc2,"Wah belum jodoh berarti kak hehe , semangat ya kaka cantik♥️",1,0,25,Amin Selalu Semangat,0.768183708190918,81,Iya Oke Orang,0.7679094076156616,94,Ditunggu Tunggu Wah,0.750827431678772
7271286101100593926,mrs_rinh24,thank you ya kak responnya hehe kk telat bales nya terlanjur masuk di UPH,0,0,35,Infonya Terima Kasih,0.8332518339157104,98,Terima Kasih Murid,0.7768862247467041,94,Ditunggu Tunggu Wah,0.7559775114059448
7271236974073152262,bebeelacc2,Betul kaka,0,0,48,Betul Banget Lucu,0.8665810823440552,75,Iya Iyapp Introvert,0.8099590539932251,26,Adek Duluan Nurul,0.7934703826904297
7238600796275000069,60movie,"jurusan apa saja yg ada di UNSIA?
Ada Arsitektur gak kak?",1,0,16,Apa Saja Jurusan,0.8737360835075378,0,Jurusan Teknik Inggris,0.840613603591919,30,Korea Degree Min,0.8192514181137085
7143250440137540379,fciep5,prodi nya ada apa aja?,0,1,16,Apa Saja Jurusan,0.8847599029541016,84,Ngambil Ambil Apa,0.8071786761283875,0,Jurusan Teknik Inggris,0.7867845296859741
7155455950538113819,umarajah34,"banyak kak...ada manajemen, akutansi, komunikasi, sistem informasi dan informatika",0,0,63,Informasi Informatika Akuntansi,0.8328468799591064,136,Yaitu Akuntansi Terdapat,0.7463353276252747,42,Jurusan Ekonomi Hukum,0.6499311923980713
7138624095755502363,oonqkepo91,❤❤❤,0,0,20,Yes  ,0.999908447265625,13,  ,1.0,61,  ,1.0
7145444043597398811,user00998827833847189,masih buka?,0,1,3,Buka Pendaftaran Masih,0.5927965044975281,90,Binus Adsfort Harga,0.7596375942230225,125,Gratis Tersedia Pesan,0.7566380500793457
7221775797731984133,nagahero42,masih ka,0,0,43,Belum Huhu Nih,0.8770515322685242,26,Adek Duluan Nurul,0.8762252926826477,51,Open Otw Pkl,0.8562190532684326
7130214541610222363,yeonae9961,ijin download videonya ya kak.🙏,1,0,88,Pindah Semester Ngulang,0.5785505771636963,35,Infonya Terima Kasih,0.7991178035736084,94,Ditunggu Tunggu Wah,0.7592795491218567
7134676268062688027,linimanoppo,🥰🥰🥰,1,0,20,Yes  ,0.999908447265625,13,  ,1.0,61,  ,1.0
7134287996370682651,rakhmawati675,Civitas Academica Universitas Bina Darma mengucapkan Selamat Ultah untuk Pak Rektor UNSIA.. Bahagia dan Sukses selalu.. Aamiin🙏🙏,1,1,55,Sukses Selalu Sehat,0.8109274506568909,111,Alhamdulillah Keluarga Bagian,0.7100766897201538,25,Amin Selalu Semangat,0.6858493089675903
7136107144772584218,univsiberasia,Terima kasih banyak kak🙏,1,0,98,Terima Kasih Murid,0.9568305611610413,35,Infonya Terima Kasih,0.8522955179214478,25,Amin Selalu Semangat,0.7936094403266907
7155061406273012506,daltontimika22,mantap 👍👍👍,0,0,97,Salam Mantap Kenal,0.7695177793502808,126,Keren Mukanya Asing,0.8737563490867615,19,Com Nice Https,0.8083141446113586
7124641997750895387,yeonae9961,Semangat Terus pak.🥰,0,0,113,Semangat Wah Berpikir,0.9022040367126465,25,Amin Selalu Semangat,0.8098648190498352,55,Sukses Selalu Sehat,0.7619524002075195
7114272191974163226,rakhmawati675,Universitas Siber Asia👍👍,1,0,56,Universitas Siber Asia,0.7484134435653687,105,Swasta Oktober Situ,0.7265511155128479,90,Binus Adsfort Harga,0.6709402799606323
7155026908835562266,daltontimika22,mantap👍👍👍,0,0,97,Salam Mantap Kenal,0.7695177793502808,126,Keren Mukanya Asing,0.8737563490867615,19,Com Nice Https,0.8083141446113586
7100098449294803739,bagussejati97,next pekalongan. 🥰😂,1,0,131,Next Up Gass,0.7883479595184326,90,Binus Adsfort Harga,0.7474846839904785,105,Swasta Oktober Situ,0.7329801321029663
7100097542347801371,elsateresia05,ke Medan datang ngk yaa Min? 🥺,0,0,128,Main Kampusnya Kekampus,0.8134638071060181,78,Kapan Min Gel,0.7580219507217407,22,Pindahan Menerima Ut,0.7465609312057495
7116830426182976282,say_hi_ndy,mau masuk cmn takut ssh dipahami klo online😳apalagi klo ada hitung2an tkut g ngerti tpi enaknya waktunya yg ok🥺,0,0,59,Tugas Numpuk Tugasnya,0.7807680368423462,21,Malam Shift Begitu,0.7192107439041138,57,Nilai Sesi Sabar,0.7003295421600342
7016841785146704666,kinantiiii1000,its so good,0,0,19,Com Nice Https,0.7755680084228516,75,Iya Iyapp Introvert,0.7212921380996704,126,Keren Mukanya Asing,0.6901012063026428
7155026481936270106,daltontimika22,mantap 👍👍🙏,0,0,97,Salam Mantap Kenal,0.7695177793502808,126,Keren Mukanya Asing,0.8737563490867615,19,Com Nice Https,0.8083141446113586
7016298302497456922,i_99rm,boleh minta linknya GK ?,0,0,11,Skripsi Sidang Tidak,0.7429554462432861,117,Boleh Bolehhh Dong,0.7151817679405212,125,Gratis Tersedia Pesan,0.7089380621910095
7019918156840190746,bangjoel168,selamat. happy anniversary. maju terus unsia ku,1,0,55,Sukses Selalu Sehat,0.8473910689353943,25,Amin Selalu Semangat,0.7141522169113159,111,Alhamdulillah Keluarga Bagian,0.7118221521377563
7506036292774282005,fitrianifachrunisa_,"guys aku calon mahasiswi unsia, siapa tau disini ada yg manajemen jg? ga nemu"" tmn plis😭🙏🏻",53,55,8,Tanya Bertanya Chat,0.671061635017395,9,Kip Unsia Diterima,0.7847177982330322,46,Ut Pengin Bidang,0.7779291868209839
7534145930824532744,vell.gasuka.matcha,"Hallo kak, aku rencananya mau daftar manajemen di unsia😁",7,0,9,Kip Unsia Diterima,0.8531540632247925,67,Program Belum Dibuka,0.8207220435142517,34,Daftar Tinggal Baru,0.8045974969863892
7535694417580835592,fryy_hd,udah daftar belum kak?,0,0,79,Daftar Sudah Kamu,0.9037807583808899,47,Daftar Gelombang Januari,0.8226999640464783,43,Belum Huhu Nih,0.8132174611091614
7535747234065269522,vell.gasuka.matcha,Udah kak,0,0,43,Belum Huhu Nih,0.8424925208091736,26,Adek Duluan Nurul,0.8221045732498169,81,Iya Oke Orang,0.8154678344726562
7536215581663740679,_berlindamh,kak mau tanya emang bener bisa dicicil 3 kali kah?,0,0,1,Dicicil 3Jt Hanya,0.7483258843421936,18,Berapa Biaya Bayar,0.7108449935913086,120,Tanya Non S2Nya,0.7101022601127625
7536228528729326344,vell.gasuka.matcha,Iya bisa kak,0,0,87,Hihi Jugakk Wakty,0.926770806312561,53,Dong Kayaknya Banget,0.908401370048523,81,Iya Oke Orang,0.8786696791648865
7536457282399355655,_berlindamh,jd 1 kali cicilan 1 jt kah ka?,0,0,1,Dicicil 3Jt Hanya,0.7741395235061646,77,Per Berapa Semester,0.6974745988845825,18,Berapa Biaya Bayar,0.6905504465103149
7536492549818352391,vell.gasuka.matcha,Iya kak,0,0,81,Iya Oke Orang,0.9248923659324646,75,Iya Iyapp Introvert,0.8682368397712708,92,Samaaa Sama Konveksi,0.8604846000671387
7536506614954853121,fitrianifachrunisa_,"bntu jwb, pas daftar ulg 1jt nnti klo mau uts 1jt dan mau uas 1jt",0,0,1,Dicicil 3Jt Hanya,0.7264372110366821,91,Ulang Bayar Isi,0.682295560836792,88,Pindah Semester Ngulang,0.6633287668228149
7540133334192014098,kisses_pooch,daftar ulang tgl brp?,0,0,91,Ulang Bayar Isi,0.622206449508667,89,Tanggal Gelombang Bulan,0.7650193572044373,65,Angkatan Berapa Kira,0.7209362983703613
7540140964108206865,fitrianifachrunisa_,sehabis berkas dan test lengkap cpt kok,0,0,106,Hasil Seleksi Pengumuman,0.6631250977516174,112,Ujian Tes Online,0.6599351167678833,64,Full Online Serba,0.6476513147354126
7540629761909261063,kisses_pooch,ini beneran kan kk,0,0,108,Offline Onsite Onnline,0.6074942350387573,38,Ih Maba Grupnya,0.7662903666496277,81,Iya Oke Orang,0.7413522005081177
7540813211580187393,fitrianifachrunisa_,iyaaa bener,0,0,81,Iya Oke Orang,0.7709558010101318,75,Iya Iyapp Introvert,0.8744155168533325,48,Betul Banget Lucu,0.7803559303283691
7570192780204344082,revaasihotang,kk batas bayar yh tu ada berapa bulan kk 🙏,0,0,18,Berapa Biaya Bayar,0.8131983280181885,77,Per Berapa Semester,0.7942653298377991,123,Jam Kelas Karyawan,0.7810314297676086
7570618124967510800,fitrianifachrunisa_,"2bln kak, jd ibarat sebulan 500k selama 6bln kn jd 3jt, bayarnya pas daftar ulg 1jt, mau uts 1jt sm mau uas 1jt tp klo pake referensi nnti di angsuran ke 3 dpt potongan 300-500k",0,0,1,Dicicil 3Jt Hanya,0.7900816202163696,91,Ulang Bayar Isi,0.6980708837509155,59,Tugas Numpuk Tugasnya,0.6652249097824097
7534208472466047760,fitrianifachrunisa_,yukk kak daftar,0,0,27,Join Grup Yuk,0.7982434034347534,41,Info Link Cara,0.7813321352005005,79,Daftar Sudah Kamu,0.7524054646492004
7511782005593621264,au.iyyy0,halo kaa aku rencana mau dftr manajemen th ini jugakk hihi,1,0,87,Hihi Jugakk Wakty,0.6345757842063904,34,Daftar Tinggal Baru,0.8018064498901367,27,Join Grup Yuk,0.760999321937561
7518772151919985426,fsevaa,kak udh daftar? aku rencana jg mau ambil management,2,0,34,Daftar Tinggal Baru,0.8601163625717163,79,Daftar Sudah Kamu,0.833885908126831,47,Daftar Gelombang Januari,0.802194356918335
7518820832832848657,au.iyyy0,"insyaallah bln depan kaa hihi, kaka sendiri udh daftar?",0,0,34,Daftar Tinggal Baru,0.8631776571273804,79,Daftar Sudah Kamu,0.824254035949707,118,Desember Baca Depan,0.8210845589637756
7518932555124441864,fsevaa,blm ni kk bingung mau daftar unsia apa ut ya😭,0,0,9,Kip Unsia Diterima,0.8546093106269836,88,Pindah Semester Ngulang,0.8395231366157532,79,Daftar Sudah Kamu,0.8344782590866089
7518939022036665104,fitrianifachrunisa_,ut pusing kaa susah dpt nilai jg😔🙏🏻,0,0,57,Nilai Sesi Sabar,0.8396061658859253,104,Aman Unas Ciber,0.7781533002853394,46,Ut Pengin Bidang,0.7607828378677368
7533157682782995207,manpeachyy,kak pendaftarannya kapaan yaa,0,0,31,Kapan Pendaftarannya Gelombang,0.9476804137229919,78,Kapan Min Gel,0.8707500100135803,3,Buka Pendaftaran Masih,0.8667130470275879
7528939100680160016,fitrianifachrunisa_,kak eftha,0,0,26,Adek Duluan Nurul,0.8023726344108582,122,Kalbar Ia Kebingungan,0.7526774406433105,131,Next Up Gass,0.7267602682113647
7528828485633393426,fsevaa,kaka pake kode referal siapa kak,0,0,91,Ulang Bayar Isi,0.7004555463790894,52,Web Lewat Kemana,0.7476786375045776,6,Dimana Daerah Mana,0.7232559323310852
7528793456086483728,fitrianifachrunisa_,baru umum kok ka,0,0,43,Belum Huhu Nih,0.8167769908905029,81,Iya Oke Orang,0.7918082475662231,135,Infoin Mau Lantang,0.7641302347183228
7528690374966854407,fsevaa,KAK IKUT GROUPNYA MANAJEMEN JG😭,0,0,27,Join Grup Yuk,0.8614295721054077,34,Daftar Tinggal Baru,0.8089231252670288,9,Kip Unsia Diterima,0.798129677772522
7528689995532747538,fsevaa,"kak akuuu, ada group wa kah",0,0,8,Tanya Bertanya Chat,0.7884409427642822,23,Dm Cek Izin,0.7459274530410767,52,Web Lewat Kemana,0.7303116321563721
7525474622524916498,choiisaanz,iyapp,0,0,75,Iya Iyapp Introvert,0.9065768718719482,19,Com Nice Https,0.8109329342842102,26,Adek Duluan Nurul,0.8019493818283081
7521611151013413649,fitrianifachrunisa_,asikk skuyy,0,0,-1,Mantab Uk Belakang,0.0,19,Com Nice Https,0.7951661348342896,126,Keren Mukanya Asing,0.7696430087089539
7521594649233310481,fitrianifachrunisa_,udh daftar ka gelombang 1,0,0,79,Daftar Sudah Kamu,0.8599157929420471,47,Daftar Gelombang Januari,0.811117947101593,34,Daftar Tinggal Baru,0.7995665669441223
7521587918630126353,_andhr,kakak mau ambil manajemen kah,0,0,84,Ngambil Ambil Apa,0.8407442569732666,6,Dimana Daerah Mana,0.7796772718429565,33,Bagaimana Wisudanya Tes,0.7649236917495728
7519466557307896583,im.kaiiiii,iya iya syg🗿,0,0,81,Iya Oke Orang,0.8154333829879761,75,Iya Iyapp Introvert,0.7936185598373413,92,Samaaa Sama Konveksi,0.7572751045227051
7519116292491592456,fsevaa,kenapa kk?🥺,0,0,53,Dong Kayaknya Banget,0.6944891810417175,122,Kalbar Ia Kebingungan,0.7878813743591309,26,Adek Duluan Nurul,0.7578070759773254
7519097478005949201,au.iyyy0,kurang cocok sama ut deh kyknya 😔,0,0,53,Dong Kayaknya Banget,0.6492154002189636,57,Nilai Sesi Sabar,0.707076370716095,93,Jujur Review Kata,0.6794171333312988
7519091230182277896,im.kaiiiii,iya sayang bntr lagi,0,0,81,Iya Oke Orang,0.7734566330909729,38,Ih Maba Grupnya,0.7405761480331421,92,Samaaa Sama Konveksi,0.735109806060791
7519091112888861441,fitrianifachrunisa_,heh pulang🤣,0,0,75,Iya Iyapp Introvert,0.7732489109039307,19,Com Nice Https,0.7570087313652039,26,Adek Duluan Nurul,0.728955090045929
7519090619558888199,im.kaiiiii,lom,0,0,19,Com Nice Https,0.8424491286277771,131,Next Up Gass,0.8417771458625793,29,Menyimak Nyimakkk Ut,0.8010356426239014
7518964826355680008,augustgurlllll,"Belum kak, aku masuknya wa grup untuk umum (bukan yg asli dari kampusnya)",0,0,27,Join Grup Yuk,0.7253249883651733,34,Daftar Tinggal Baru,0.7889634966850281,76,Paket Ijazah Sih,0.7806570529937744
7518964678040978194,fsevaa,udh masuk wa group blm kk,0,0,79,Daftar Sudah Kamu,0.8049691915512085,43,Belum Huhu Nih,0.7558609843254089,47,Daftar Gelombang Januari,0.7524422407150269
7518964008636990216,augustgurlllll,Aku udaa🙌🏻,0,0,38,Ih Maba Grupnya,0.8422544002532959,26,Adek Duluan Nurul,0.8249287605285645,122,Kalbar Ia Kebingungan,0.8166748285293579
7518960854391407378,fsevaa,nah iya aku denger dari org2 gini komennya:(,0,0,81,Iya Oke Orang,0.663902223110199,93,Jujur Review Kata,0.6713735461235046,38,Ih Maba Grupnya,0.6514832973480225
7566518543320515346,user8436803,"kakk Disana gmn pembelajarannya? aku butuh yg full online, trs diakui kan ya pas lulus ?",0,0,64,Full Online Serba,0.781770646572113,49,Ijazahnya Lulus Kan,0.839736819267273,21,Malam Shift Begitu,0.832257866859436
7566639456851526401,fitrianifachrunisa_,"full, diakui donggg",0,0,64,Full Online Serba,0.7317804098129272,45,Enggak Ribet Fh,0.8050127029418945,26,Adek Duluan Nurul,0.7883565425872803
7559856669061743378,mbakyu_122,"ka aku baru mau dftar unsia ,, aku boleh dm ga? biar bisa sharing , aku denger2 klo di ut susah nilainya ..",0,0,49,Ijazahnya Lulus Kan,0.887204647064209,22,Pindahan Menerima Ut,0.8354552984237671,46,Ut Pengin Bidang,0.8354073166847229
7559883727877276433,fitrianifachrunisa_,chat dm aku kak yuk daftar terakhir 17okt,0,0,116,Ig Akun Sering,0.8460949659347534,23,Dm Cek Izin,0.8032256364822388,27,Join Grup Yuk,0.7802154421806335
7559885454767014674,mbakyu_122,ga bs chat ka pertamann nya blm di acc,0,0,8,Tanya Bertanya Chat,0.6571816205978394,91,Ulang Bayar Isi,0.7492266893386841,76,Paket Ijazah Sih,0.6891303062438965
7559943948842058497,fitrianifachrunisa_,di ig ka,0,0,116,Ig Akun Sering,0.8384495377540588,51,Open Otw Pkl,0.803275465965271,23,Dm Cek Izin,0.7894116044044495
7559486898143937297,ccheellll,akuu,0,0,122,Kalbar Ia Kebingungan,0.9607616662979126,29,Menyimak Nyimakkk Ut,0.8692798018455505,40,One Yaallahh Day,0.8660860657691956
7544012079331787537,leogirl2976,aku juga manajemen kak,0,0,38,Ih Maba Grupnya,0.8885442614555359,135,Infoin Mau Lantang,0.8349426984786987,81,Iya Oke Orang,0.8279819488525391
7543878922799858450,zahraaaisyahhh,kak aku juga calon mahasiswi mau temenan ga🥺,0,0,8,Tanya Bertanya Chat,0.7602965235710144,34,Daftar Tinggal Baru,0.7839056253433228,9,Kip Unsia Diterima,0.7831076979637146
7543885799033733904,fitrianifachrunisa_,ayok kaa mutual ig @fchrnssaaa_,0,0,116,Ig Akun Sering,0.7927912473678589,27,Join Grup Yuk,0.7085072994232178,23,Dm Cek Izin,0.679036557674408
7543323683810640648,fny.poh_,Aku baru daftaaar🤣 mauu join kenalan kakk,0,0,27,Join Grup Yuk,0.8582452535629272,34,Daftar Tinggal Baru,0.7871984839439392,116,Ig Akun Sering,0.784565806388855
7543468945057284880,fitrianifachrunisa_,yukk sini kenalan lgsg ke ig ku aja wkwk,0,0,116,Ig Akun Sering,0.8183037042617798,27,Join Grup Yuk,0.7569470405578613,23,Dm Cek Izin,0.7268829345703125
7515632203147019016,ms.sung_,Akuuu kakk,0,0,38,Ih Maba Grupnya,0.8309694528579712,122,Kalbar Ia Kebingungan,0.9174260497093201,26,Adek Duluan Nurul,0.8851091861724854
7515687426883781393,fitrianifachrunisa_,yuk berteman kak,0,0,27,Join Grup Yuk,0.7380529642105103,24,Ayo Ikutt Ikut,0.7430145740509033,116,Ig Akun Sering,0.7132708430290222
7515720756963296007,ms.sung_,Kuy buat group🤭,0,0,27,Join Grup Yuk,0.727536678314209,24,Ayo Ikutt Ikut,0.7124998569488525,126,Keren Mukanya Asing,0.6552343368530273
7515767355315471105,fitrianifachrunisa_,AYOKKK YG MANAJEMEN KITA BUAT GRUP😭🙏🏻,0,0,27,Join Grup Yuk,0.7678653001785278,24,Ayo Ikutt Ikut,0.6541630625724792,118,Desember Baca Depan,0.6512919664382935
7515939741256237832,crakress,kak boleh ikut ga aku rencana daftar maba manajemen tahun ini😔😔,0,0,49,Ijazahnya Lulus Kan,0.8280484676361084,119,Teman Syarat Magang,0.8124881982803345,120,Tanya Non S2Nya,0.8111913204193115
7515978201623298832,fitrianifachrunisa_,ayookk,0,0,24,Ayo Ikutt Ikut,0.8669246435165405,19,Com Nice Https,0.7661765813827515,26,Adek Duluan Nurul,0.7484067678451538
7518933167039333127,fsevaa,kk maba thn ini kah,0,0,65,Angkatan Berapa Kira,0.7964690923690796,9,Kip Unsia Diterima,0.7408117055892944,118,Desember Baca Depan,0.7406196594238281
7585487706197852948,calon.jenazah1617,bismillah aku mau coba juga kuliah di unsia adakah disini yg mau daftar jga jurusan manajemen?,2,9,129,Bismillah Bismillahirrahmanirrahim Sticker,0.5704226493835449,46,Ut Pengin Bidang,0.8386118412017822,9,Kip Unsia Diterima,0.8350798487663269
7596314479971091216,theresi62,ka sama ka,0,0,92,Samaaa Sama Konveksi,0.903538703918457,38,Ih Maba Grupnya,0.7886256575584412,26,Adek Duluan Nurul,0.7824274301528931
7585502627049718548,sebutmecom,"aku kak, tapi masih bingung antara ut atau unsia",0,0,22,Pindahan Menerima Ut,0.7906743288040161,9,Kip Unsia Diterima,0.8272486925125122,46,Ut Pengin Bidang,0.823126494884491
7591033024478741249,slimontye,Unsia aja kha gampang lulusnya,0,0,104,Aman Unas Ciber,0.8016196489334106,132,Mending Ptnbh Alumni,0.7582818269729614,74,Akreditasinya Asia Siber,0.7558670043945312
7591004269907313424,slimontye,Bareng q khaa,0,0,117,Boleh Bolehhh Dong,0.673565149307251,103,Ilkom Ieu Balang,0.7849992513656616,38,Ih Maba Grupnya,0.7668042182922363
7591009432197432084,calon.jenazah1617,tapi aku blm daftar ka insya Allah tengah bln ini atau Febuari nya 😅,0,0,34,Daftar Tinggal Baru,0.8425120711326599,10,Maret April Bulan,0.8062941431999207,118,Desember Baca Depan,0.7963925004005432
7591032941724877569,slimontye,Siap kha,0,0,24,Ayo Ikutt Ikut,0.7211640477180481,26,Adek Duluan Nurul,0.6991266012191772,125,Gratis Tersedia Pesan,0.6739104390144348
7589955761134093057,lukman_gansz,"nah samaan kita jurusan manajemen,masih bingung tapi ni UT apa UNSIA",0,0,43,Belum Huhu Nih,0.5580459833145142,46,Ut Pengin Bidang,0.7982739210128784,132,Mending Ptnbh Alumni,0.7969557046890259
7589965534671373076,calon.jenazah1617,aku fix unsia si ka hehehe,0,0,118,Desember Baca Depan,0.7944549918174744,9,Kip Unsia Diterima,0.803443431854248,104,Aman Unas Ciber,0.7909552454948425
7585518356771357460,calon.jenazah1617,klu aku udh fix unsia aja ka ga tau knp tertarik aja,0,0,9,Kip Unsia Diterima,0.735754132270813,34,Daftar Tinggal Baru,0.7785671949386597,46,Ut Pengin Bidang,0.772652268409729
7582745649306026770,kafabihi04______0,ada yang ambil akuntansi unsia?,0,4,9,Kip Unsia Diterima,0.8513146638870239,30,Korea Degree Min,0.8377408385276794,132,Mending Ptnbh Alumni,0.8178767561912537
7653550598318883602,dnsgtch,"aku niatnya mau ambil kak ini,infonya dong",0,0,35,Infonya Terima Kasih,0.7431344985961914,34,Daftar Tinggal Baru,0.8027910590171814,27,Join Grup Yuk,0.7813276052474976
7584411895919788808,pcrnyakai,"aku niatnya mau ambil, boleh tnya ga kak?",0,0,8,Tanya Bertanya Chat,0.8550776839256287,128,Main Kampusnya Kekampus,0.8110873699188232,76,Paket Ijazah Sih,0.8104587197303772
7584425355407442706,kafabihi04______0,aku jga baru mau,0,0,-1,Mantab Uk Belakang,0.0,38,Ih Maba Grupnya,0.7971651554107666,43,Belum Huhu Nih,0.741226315498352
7584427332990534418,pcrnyakai,aku gabisa dm kaka,0,0,23,Dm Cek Izin,0.7943975925445557,38,Ih Maba Grupnya,0.7598254680633545,45,Enggak Ribet Fh,0.7422071695327759
7567179454531797780,bangskyy_football,"kalo yang kerja di Luar Negeri, bisa ngambil kelas onlinenya gak kak?, yang sama sekali gak ke kampus gitu",6,7,5,Kerja Negeri Kuliah,0.8373012542724609,21,Malam Shift Begitu,0.8050520420074463,22,Pindahan Menerima Ut,0.7831392288208008
7569481606366151431,ikutikutan,"Halo kak unsia sistem online 100% ya kak. Jd mulai perkuliahan, tugas, UAS, uts, sidang semua online😍",2,0,71,Wisuda Uts Uas,0.8384170532226562,58,Tugas Akhir Skripsi,0.8459482192993164,112,Ujian Tes Online,0.8071677684783936
7570344398200161044,agnesfy4,"kak saya tki di penang,ribet ga ya daftar sama kuliahnya? pengen kuliah nih",2,0,5,Kerja Negeri Kuliah,0.8834915161132812,49,Ijazahnya Lulus Kan,0.8702728748321533,22,Pindahan Menerima Ut,0.8426471948623657
7570366489666257672,ikutikutan,"Halo kak aman kak, bisa dm aku ya kak buat more info😍",0,0,60,Admin Dm Boleh,0.9161659479141235,36,Dm Admin Detailnya,0.8601736426353455,23,Dm Cek Izin,0.845306396484375
7570622764353749781,agnesfy4,privat ka,0,0,26,Adek Duluan Nurul,0.9328441619873047,24,Ayo Ikutt Ikut,0.8548134565353394,51,Open Otw Pkl,0.8531592488288879
7580888621394395921,terserah.uptoyou,privat ka,0,0,26,Adek Duluan Nurul,0.9328441619873047,24,Ayo Ikutt Ikut,0.8548134565353394,51,Open Otw Pkl,0.8531592488288879
7567399232898941716,sintiarifa5,nitip😭🙏,0,0,70,Nitip Nitipp Nitippp,0.9976069927215576,121,Nitip Kabarin Mencari,0.8166038990020752,131,Next Up Gass,0.7813614010810852
7574319621689082631,candi.naa,Ada anak akuntansi ga?,2,3,11,Skripsi Sidang Tidak,0.8169743418693542,45,Enggak Ribet Fh,0.7851453423500061,51,Open Otw Pkl,0.785037636756897
7633573629620126485,fayeyoko.babebies,aku baru mau daftar kak,0,0,34,Daftar Tinggal Baru,0.9061706066131592,79,Daftar Sudah Kamu,0.8765084147453308,27,Join Grup Yuk,0.8391348719596863
7594021241674711825,elsanindiaa,Udh daftar kk b,0,0,79,Daftar Sudah Kamu,0.8334734439849854,43,Belum Huhu Nih,0.8006011247634888,34,Daftar Tinggal Baru,0.7588438987731934
7582745557002240776,kafabihi04______0,aku akuntansi,0,0,122,Kalbar Ia Kebingungan,0.951416015625,90,Binus Adsfort Harga,0.821324348449707,75,Iya Iyapp Introvert,0.8129351139068604
7545371909555274504,akla_akla156,Ada program S2 nya ga ka??,0,1,37,S2 Ada Doktoral,0.9508843421936035,39,Beasiswa Kkn Program,0.9094302654266357,50,S2 Pendidikan Hukum,0.8881439566612244
7557033070730642183,bar18528,Baru mau buka kak,0,0,3,Buka Pendaftaran Masih,0.76719069480896,43,Belum Huhu Nih,0.8282113075256348,27,Join Grup Yuk,0.7801162600517273
7576132856351654676,nazmul.milal,"kalo daftar gelombang 2 tahun ini, mulai kuliah nya kapan ya.? saya mau masuk ilmu komunikasi",2,11,47,Daftar Gelombang Januari,0.7279416918754578,100,Umur Usia Irt,0.7952712774276733,119,Teman Syarat Magang,0.7902008891105652
7576563986196415240,univsiberasia,"Hi Kak, perkuliahan akan dimulai di bulan April 2026 ya🤩",0,0,10,Maret April Bulan,0.9018620848655701,109,Ditutup Khawatir Kembali,0.784066915512085,73,Program Dibuka Saat,0.7711580395698547
7576613938600870677,siff_15,"sama kak,mau daftar ilkom mau pindah dari uin",2,0,79,Daftar Sudah Kamu,0.7662671804428101,88,Pindah Semester Ngulang,0.8335152864456177,9,Kip Unsia Diterima,0.8192301988601685
7589472513911178001,fajarartstudio,"halo kak, salam maba ilkom😁",2,0,97,Salam Mantap Kenal,0.8039512634277344,94,Ditunggu Tunggu Wah,0.734942615032196,35,Infonya Terima Kasih,0.7254754900932312
7589475262644077332,nazmul.milal,salam kenal bang,0,0,97,Salam Mantap Kenal,0.8466657996177673,98,Terima Kasih Murid,0.7329621911048889,35,Infonya Terima Kasih,0.7312399744987488
7576614186399449876,nazmul.milal,"mantap ka, salam kenal",0,0,97,Salam Mantap Kenal,0.8997138738632202,35,Infonya Terima Kasih,0.8591188192367554,98,Terima Kasih Murid,0.8222451210021973
7589886077340828434,amiutami37,kaka ngulang dr semester 1 kh?,0,0,88,Pindah Semester Ngulang,0.7764413356781006,65,Angkatan Berapa Kira,0.7463492155075073,84,Ngambil Ambil Apa,0.7406688928604126
7589939529861137159,siff_15,"iyaa kak,niatnya gtu
tapi belum daftar sii",0,0,34,Daftar Tinggal Baru,0.8691446781158447,81,Iya Oke Orang,0.811016857624054,79,Daftar Sudah Kamu,0.8093920946121216
7576280776183186184,insanity.lf,nitip bg. ada niatan daftar juga,0,0,27,Join Grup Yuk,0.7881296873092651,121,Nitip Kabarin Mencari,0.7679826021194458,34,Daftar Tinggal Baru,0.7520225048065186
7576280961286341397,nazmul.milal,"wih mantep bang, jurusan apa nih",0,0,84,Ngambil Ambil Apa,0.7702517509460449,132,Mending Ptnbh Alumni,0.6986802220344543,16,Apa Saja Jurusan,0.6948840618133545
7576283365566661394,insanity.lf,"belum bg, masih niat haha
niatnya manajemen atau public administration
katanya sih banyak teori doang jadi bisa baca2 sambil kerja.
atau mungkin abgnya ada saran jurusan yg lain boleh share ke saya hehe",0,0,118,Desember Baca Depan,0.6621782779693604,46,Ut Pengin Bidang,0.7730013132095337,59,Tugas Numpuk Tugasnya,0.7618062496185303
7576293534882988820,nazmul.milal,"gatau saya juga, saya rencana mau ambil ilkom sih, soalnya biar bisa public speaking juga",0,0,34,Daftar Tinggal Baru,0.7180396318435669,46,Ut Pengin Bidang,0.7646499276161194,5,Kerja Negeri Kuliah,0.7315998077392578
7528447939384853255,me.varro,aku dari manajemen ka,3,8,38,Ih Maba Grupnya,0.7920706272125244,51,Open Otw Pkl,0.746961236000061,92,Samaaa Sama Konveksi,0.7423540949821472
7534145999679423250,vell.gasuka.matcha,Halo aku juga😁,1,0,15,Hi Halo Dong,0.7055811882019043,38,Ih Maba Grupnya,0.7870966792106628,92,Samaaa Sama Konveksi,0.780732274055481
7544012458000696081,leogirl2976,hallo kak aku juga manajemen,0,0,92,Samaaa Sama Konveksi,0.7106856107711792,15,Hi Halo Dong,0.8295589089393616,35,Infonya Terima Kasih,0.7388244867324829
7528690486429991698,fsevaa,kak aku jugaa.. udh ada group blm si kak😭,0,0,34,Daftar Tinggal Baru,0.8480449318885803,79,Daftar Sudah Kamu,0.8316069841384888,43,Belum Huhu Nih,0.7832341194152832
7531042833865671442,ptrifdhllh,"belum kak, nanti akan bnyak grup kalo sudah mulai kuliah🙏",1,0,34,Daftar Tinggal Baru,0.8268729448318481,79,Daftar Sudah Kamu,0.7800907492637634,128,Main Kampusnya Kekampus,0.7538542151451111
7531043032474125074,ptrifdhllh,kak boleh kenalan? aku dari prodi akuntansi,0,0,136,Yaitu Akuntansi Terdapat,0.6920673847198486,9,Kip Unsia Diterima,0.7818602323532104,8,Tanya Bertanya Chat,0.7758579850196838
7544153544804778770,vell.gasuka.matcha,Blh kak😁,0,0,135,Infoin Mau Lantang,0.8834652900695801,87,Hihi Jugakk Wakty,0.9336055517196655,117,Boleh Bolehhh Dong,0.9111732244491577
7536480975705228039,saputra.saputra740,satu prodi nih,0,0,51,Open Otw Pkl,0.7710450887680054,26,Adek Duluan Nurul,0.7551063299179077,92,Samaaa Sama Konveksi,0.7415004968643188
7530600980971520769,nama.12_0,kak mau nanya klu masuk sini ada tesnya jga atau tdk,0,0,46,Ut Pengin Bidang,0.76434725522995,120,Tanya Non S2Nya,0.8581559658050537,49,Ijazahnya Lulus Kan,0.8573077321052551
7540537926485312264,wean1991,temen2 real GK nih.... soalnya saya uda daftar nih kk semua...mohon konfirmasi..🙏🙏,0,2,119,Teman Syarat Magang,0.6803655624389648,79,Daftar Sudah Kamu,0.7814998626708984,34,Daftar Tinggal Baru,0.7502540349960327
7540559817933898514,univsiberasia,"Halo Kak, real dong no tipu-tipu🤗",1,0,15,Hi Halo Dong,0.7373753786087036,23,Dm Cek Izin,0.7180702686309814,116,Ig Akun Sering,0.7112034559249878
7540563540122977042,wean1991,mantap...👍,0,0,97,Salam Mantap Kenal,0.7695177793502808,126,Keren Mukanya Asing,0.8737563490867615,19,Com Nice Https,0.8083141446113586
7594505847054418695,mpokasih4,kak ini kan sistem online untuk wisuda apakah online juga,0,1,7,Offline Ujiannya Online,0.8909595012664795,71,Wisuda Uts Uas,0.8592580556869507,21,Malam Shift Begitu,0.8204286098480225
7594679766146827026,univsiberasia,"Halo Kak, untuk wisuda dilaksanakan secara hybrid ya",0,0,96,Secara Dilaksanakan Hybrid,0.9298543930053711,10,Maret April Bulan,0.839733362197876,66,Dibuka Mahasiswa Baru,0.7898489236831665
7210568176425616154,munawaroh8502,hadir keren,0,1,126,Keren Mukanya Asing,0.8885054588317871,24,Ayo Ikutt Ikut,0.7707709074020386,26,Adek Duluan Nurul,0.7687620520591736
7210615826927321882,univsiberasia,terima kasih Kak 😊,3,0,98,Terima Kasih Murid,0.9618239402770996,35,Infonya Terima Kasih,0.8470162153244019,94,Ditunggu Tunggu Wah,0.7785623073577881
7637219236780327700,tantanpoo,halo kak untuk mahasiswa baru bisa daftar kah?,0,1,66,Dibuka Mahasiswa Baru,0.8474793434143066,67,Program Belum Dibuka,0.8290973901748657,73,Program Dibuka Saat,0.8070996999740601
7637457626088342280,univsiberasia,"Hi Kak, saat ini masih dibuka ya pendaftaran mahasiswa baru di UNSIA🤗",0,0,66,Dibuka Mahasiswa Baru,0.9529751539230347,54,Membuka Lho Mahasiswa,0.9186137914657593,67,Program Belum Dibuka,0.8680669665336609
7210395634007786266,hen86985,Berkah selalu 🤲,0,1,55,Sukses Selalu Sehat,0.774307906627655,129,Bismillah Bismillahirrahmanirrahim Sticker,0.7526395320892334,113,Semangat Wah Berpikir,0.7352200746536255
7210615809818133274,univsiberasia,"aamiin, terima kasih Kak 😊",0,0,98,Terima Kasih Murid,0.9432241320610046,25,Amin Selalu Semangat,0.8676667213439941,35,Infonya Terima Kasih,0.8298923969268799
7572779584908247828,kirei_cf,"Suami q di UNSIA , Smester 2 🙏😌",0,0,9,Kip Unsia Diterima,0.7638849020004272,111,Alhamdulillah Keluarga Bagian,0.7416152954101562,56,Universitas Siber Asia,0.7086524963378906
7583008172849464071,_liyana94,"kak, di unsia ada prodi administrasi bisnis tidak ya?",0,0,30,Korea Degree Min,0.897223711013794,0,Jurusan Teknik Inggris,0.8866800665855408,120,Tanya Non S2Nya,0.8591146469116211
7577928964405953296,jualanembakdee,maksudnya universitas2 tersebut partner unsia itu gmana?,0,0,74,Akreditasinya Asia Siber,0.788246214389801,30,Korea Degree Min,0.7507115602493286,104,Aman Unas Ciber,0.7322771549224854
7583985583586050823,ayaaana_0,ada rpl ngga?,2,1,68,Rpl Pengalaman Jalur,0.7671872973442078,11,Skripsi Sidang Tidak,0.8186027407646179,51,Open Otw Pkl,0.7965534925460815
7583991627791008530,univsiberasia,Hi Kak. Ada ya RPL transkrip nilai,0,0,58,Tugas Akhir Skripsi,0.7715067267417908,120,Tanya Non S2Nya,0.7669544219970703,39,Beasiswa Kkn Program,0.7456532716751099
7573672176261628690,ziziii_zzn,infokan beasiswaa😭😭,0,0,41,Info Link Cara,0.6281758546829224,26,Adek Duluan Nurul,0.5957778692245483,105,Swasta Oktober Situ,0.5785477161407471
7213561681074045722,xsatyaf,kak ada pertukaran mahasiswa gak kak sama kampus yg jadi partner unsia😅,1,0,30,Korea Degree Min,0.8274396061897278,39,Beasiswa Kkn Program,0.8284410238265991,22,Pindahan Menerima Ut,0.8157830238342285
7596932612846486273,rosalindayamormexico,Bangganya jd mahasiswa disini,0,0,111,Alhamdulillah Keluarga Bagian,0.7900662422180176,9,Kip Unsia Diterima,0.6764736771583557,62,Semoga Allah Doain,0.6703847050666809
7586626350292353800,jeun.victiory,Kak ada ilmu pemerintahan?,0,0,42,Jurusan Ekonomi Hukum,0.8052781820297241,51,Open Otw Pkl,0.7907448410987854,0,Jurusan Teknik Inggris,0.7891501784324646
7578008829583049479,tiarazkla,jalur rpl kapan buka min?,0,0,68,Rpl Pengalaman Jalur,0.8244338035583496,78,Kapan Min Gel,0.8374056816101074,3,Buka Pendaftaran Masih,0.8052759766578674
7572108832265339669,bstpink3,ada program d3 ke s1 ga kak?,0,0,4,D3 S1 Lanjut,0.9294418096542358,37,S2 Ada Doktoral,0.8740012049674988,50,S2 Pendidikan Hukum,0.8481406569480896
7459694979011592967,arsy_ss,Kak PJJ itu bisa daftar cpns ga sih kk?,1,0,76,Paket Ijazah Sih,0.8526046276092529,39,Beasiswa Kkn Program,0.8344011306762695,22,Pindahan Menerima Ut,0.8297768831253052
7593550550798156564,sinay.kaf,"kak tolong balas ya kak, bisa ga kak double degree sama kampus yg kerja sama ini? terus harus daftar di unsia dulu atau gimana kak",2,0,49,Ijazahnya Lulus Kan,0.9170769453048706,21,Malam Shift Begitu,0.8338249921798706,22,Pindahan Menerima Ut,0.833210825920105
7577218448053355281,odeeunoia,min gimana cara daftar nya,0,0,17,Cara Daftarnya Bagaimana,0.906557559967041,107,Daftarnya Cara Bagaimana,0.847358226776123,127,Caranya Kuliahnya Bagaimana,0.8067960143089294
7230155502913766170,iakm000,kerja sama dalam bentuk apa nih ka? studi banndin apa pertukaran mahasiswa gitu kah?,5,0,39,Beasiswa Kkn Program,0.7565666437149048,74,Akreditasinya Asia Siber,0.7611921429634094,134,Pjj Akre Industri,0.7488112449645996
7545857519287616263,syalomyn,untk program s2 jurusan apa aja kak?,0,0,16,Apa Saja Jurusan,0.9035260677337646,4,D3 S1 Lanjut,0.8678183555603027,119,Teman Syarat Magang,0.8532694578170776
7548617719823139592,riantabrnainggo90,kira2 ad program pertukaran mahasiswa di hanyang kah kak?,0,0,39,Beasiswa Kkn Program,0.840876579284668,30,Korea Degree Min,0.7997218370437622,22,Pindahan Menerima Ut,0.7954072952270508
7577408322555740936,micstnjk,s2 apakah ada terbuka,0,0,69,Apakah S1Hukum Perdagangan,0.921737551689148,50,S2 Pendidikan Hukum,0.8330538272857666,37,S2 Ada Doktoral,0.8072296380996704
7575724693551661825,giaseotcyv3,UNPERTI bagus kak,0,0,81,Iya Oke Orang,0.8346275687217712,135,Infoin Mau Lantang,0.8163779973983765,43,Belum Huhu Nih,0.7898869514465332
7215853906067407621,mharyo_s88,"@gak tahun siapa: info pertukaran mahasiswa ke Korea min, dah semester 5 ini 🫠🫠🫠",1,0,30,Korea Degree Min,0.7750698328018188,46,Ut Pengin Bidang,0.7767233848571777,57,Nilai Sesi Sabar,0.7740286588668823
7593531525309432584,sysynat1,🥺,0,0,14,Fitriyani Andriani Udin69Can,0.9977331161499023,13,  ,1.0,61,  ,1.0
7590595699285459719,onejil0vz,😍,0,0,28,Asa Hum ,0.9997044801712036,13,  ,1.0,61,  ,1.0
7589300067610624775,lalycha_,😁,0,0,13,  ,1.0,61,  ,1.0,20,Yes  ,0.999908447265625
7576542367190057749,yusni_umaricu,😁,0,0,32,Merdeka Di ,0.99981689453125,13,  ,1.0,61,  ,1.0
7540714844694823698,user.00310109,😁,0,0,29,Menyimak Nyimakkk Ut,0.9959731698036194,13,  ,1.0,61,  ,1.0
7537858162901304072,miegoreng1236,😄,0,0,20,Yes  ,0.999908447265625,13,  ,1.0,61,  ,1.0
7528044975490810632,din.din__77,😂,0,0,29,Menyimak Nyimakkk Ut,0.9959731698036194,13,  ,1.0,61,  ,1.0
7502021848373805845,kayelenaraim,🥰,0,0,20,Yes  ,0.999908447265625,13,  ,1.0,61,  ,1.0
7580902814000694034,rulxaini,kaa unsia Bisa kipk gaa😭,0,1,104,Aman Unas Ciber,0.8504552841186523,9,Kip Unsia Diterima,0.8377931714057922,115,Full Fisik Diunsia,0.8286953568458557
7581380155180974855,univsiberasia,"Hi Kak, bisa yaaa🤩",0,0,15,Hi Halo Dong,0.9430932998657227,87,Hihi Jugakk Wakty,0.832848310470581,35,Infonya Terima Kasih,0.8035153150558472
7590595668567360274,onejil0vz,😘,0,0,40,One Yaallahh Day,0.9992661476135254,13,  ,1.0,61,  ,1.0
6997298641132126978,yeonae9961,🥰🥰🥰,0,0,20,Yes  ,0.999908447265625,13,  ,1.0,61,  ,1.0
6997303609184617242,nimawayae,merdeka,0,0,32,Merdeka Di ,0.8647071719169617,14,Fitriyani Andriani Udin69Can,0.8655074238777161,29,Menyimak Nyimakkk Ut,0.8643945455551147
7015120128623493914,mahakaryaisenmulang,Bingung Cari Konveksi Seragam Yang Aman Dan Terpercaya ? Isen Mulang Konveksi Solusinya.,0,0,92,Samaaa Sama Konveksi,0.37302061915397644,132,Mending Ptnbh Alumni,0.5008109211921692,59,Tugas Numpuk Tugasnya,0.4899941086769104
7100094568443593499,all_hid,maju terus UNSIA,0,1,55,Sukses Selalu Sehat,0.9016759991645813,113,Semangat Wah Berpikir,0.7348211407661438,25,Amin Selalu Semangat,0.7224537134170532
7100775581754606362,univsiberasia,🙏🙏,0,0,14,Fitriyani Andriani Udin69Can,0.9977331161499023,13,  ,1.0,61,  ,1.0
7100076373167440667,rakhmawati675,Banyak terima kasih Universitas Siber Asia. Semoga Unsia dan UBD semakin maju dan terdepan. Aamiin🙏🙏🥰🥰,1,1,55,Sukses Selalu Sehat,0.834915041923523,111,Alhamdulillah Keluarga Bagian,0.714166522026062,25,Amin Selalu Semangat,0.7128480672836304
7100090795658904346,univsiberasia,"aamiin terima kasih, sukses selalu🥰😊",1,0,25,Amin Selalu Semangat,0.8328573703765869,98,Terima Kasih Murid,0.813919186592102,55,Sukses Selalu Sehat,0.7979650497436523
7100098340419388186,elsateresia05,Yuk Unsia makin sukses,1,0,55,Sukses Selalu Sehat,0.8315001726150513,111,Alhamdulillah Keluarga Bagian,0.7350931763648987,25,Amin Selalu Semangat,0.7013452053070068
7062262696573682458,rioetarigan,Perkiraan brp tahun lg kira2 mendapat akreditasi b keatas kak?,0,1,65,Angkatan Berapa Kira,0.8214746713638306,77,Per Berapa Semester,0.7534193992614746,100,Umur Usia Irt,0.7443007826805115
7077155088065889050,fxxkituu,akreditasinya unsia saat ini apa?,0,0,74,Akreditasinya Asia Siber,0.7957068681716919,130,Pt Terakreditasi Ban,0.7184584736824036,132,Mending Ptnbh Alumni,0.7154241800308228
7038246126100939546,pinuser123,Hai kak apakah ujianya juga online ?,0,0,7,Offline Ujiannya Online,0.7966735363006592,112,Ujian Tes Online,0.8130364418029785,120,Tanya Non S2Nya,0.7875914573669434
7531059655713342215,whyy.1555,"min itu pas skripsian nya gimana? dapet relasi dari mana klo emang kuliahan nya full online?? aku pengen gabung di unsia tapi takut jika nanti pas skripsian nya lebih ribet dari pada univ lain, minn boleh shering² gk seputar kuliahan nya",0,0,21,Malam Shift Begitu,0.8500057458877563,46,Ut Pengin Bidang,0.8206439018249512,49,Ijazahnya Lulus Kan,0.8152942657470703
7502028084091175687,memoriesneverdie_14,😆,0,0,32,Merdeka Di ,0.99981689453125,13,  ,1.0,61,  ,1.0
7013207053049414426,caca.ryn,sudah ikutan🥰,0,0,79,Daftar Sudah Kamu,0.7366883158683777,24,Ayo Ikutt Ikut,0.821197509765625,43,Belum Huhu Nih,0.7738878130912781
7006889425947181825,bangjoel168,https://vt.tiktok.com/ZSJKXysyP/,1,0,19,Com Nice Https,0.6207619905471802,103,Ilkom Ieu Balang,0.6414903998374939,82,Nrrjml Hbd Nz,0.5952504873275757
7018843425323631386,xenaaprilia,https://vt.tiktok.com/ZSeLtc4T5/,0,0,19,Com Nice Https,0.5815677642822266,103,Ilkom Ieu Balang,0.596464991569519,82,Nrrjml Hbd Nz,0.5557528734207153
6990680905845113627,sushicibaduyut20,Pingin coba maen ke kampus tapi jauh 😂,2,0,128,Main Kampusnya Kekampus,0.7278372049331665,132,Mending Ptnbh Alumni,0.6650669574737549,57,Nilai Sesi Sabar,0.6631627082824707
7017195318718497563,elyne_bbh,kak almamater nya bukan itu yg kakak pakai,0,0,68,Rpl Pengalaman Jalur,0.624009370803833,104,Aman Unas Ciber,0.7382504940032959,93,Jujur Review Kata,0.72953861951828
7062262052282254107,rioetarigan,Perkiraan brp tahun lg kira2 mendapat akreditasi b keatas kak,0,0,65,Angkatan Berapa Kira,0.8214746713638306,77,Per Berapa Semester,0.7534193992614746,100,Umur Usia Irt,0.7443007826805115
7006889660929000194,bangjoel168,https://vt.tiktok.com/ZSJKXysyP/,1,0,19,Com Nice Https,0.6207619905471802,103,Ilkom Ieu Balang,0.6414903998374939,82,Nrrjml Hbd Nz,0.5952504873275757
7119326328146969371,iniakutapiboong,terakreditasi apa unsia kalo bole tau kak🙏🏻,0,5,130,Pt Terakreditasi Ban,0.7136853933334351,9,Kip Unsia Diterima,0.8138905763626099,84,Ngambil Ambil Apa,0.8115426301956177
7145119678691689243,agnessacintaofficial18,ga ada jawaban kan sangat d ragukan,0,0,93,Jujur Review Kata,0.6733285188674927,8,Tanya Bertanya Chat,0.5739568471908569,45,Enggak Ribet Fh,0.5716086626052856
7271235846350537477,bebeelacc2,Bisa di cek di pddikti,0,0,2,Website Id Ac,0.6587451696395874,41,Info Link Cara,0.6913355588912964,108,Offline Onsite Onnline,0.657721757888794
7271235819816534789,bebeelacc2,Terakreditasi B ya kaka,0,0,130,Pt Terakreditasi Ban,0.6485949158668518,26,Adek Duluan Nurul,0.8257865905761719,135,Infoin Mau Lantang,0.7989137768745422
7234148876248138502,batikfaaro,2023 nih kak udah daftar kuliah belom?,0,0,34,Daftar Tinggal Baru,0.8454766273498535,79,Daftar Sudah Kamu,0.8547931909561157,47,Daftar Gelombang Januari,0.8082801699638367
7160626313806480154,s.willz,Terakreditasi B oleh BAN-PT?? entahlah di brosur depan kelas sekolah saya sih gitu yak 🥲,0,0,132,Mending Ptnbh Alumni,0.7600425481796265,74,Akreditasinya Asia Siber,0.7153216600418091,88,Pindah Semester Ngulang,0.6875464916229248
7498925780861911826,call_me_nana313,btw udh buka?,0,15,3,Buka Pendaftaran Masih,0.7274674773216248,43,Belum Huhu Nih,0.790813148021698,79,Daftar Sudah Kamu,0.7372605800628662
7498979903275221778,nescape06,mau daftar jg ka?,0,0,27,Join Grup Yuk,0.8852373361587524,79,Daftar Sudah Kamu,0.8937343955039978,47,Daftar Gelombang Januari,0.8644107580184937
7500591004623061767,ananda_hildaaa,"iya ka mau daftar
kk nya mau daftar juga atau emang suda mahasiswa sana?",1,0,79,Daftar Sudah Kamu,0.849054217338562,34,Daftar Tinggal Baru,0.8477424383163452,49,Ijazahnya Lulus Kan,0.8371483087539673
7500591249872012039,nescape06,masih mau daftar ka niatnya cari berengan😁,0,0,27,Join Grup Yuk,0.831023633480072,34,Daftar Tinggal Baru,0.8179440498352051,79,Daftar Sudah Kamu,0.8143787980079651
7501320764320285461,milo000ow,daftarnya lewat mana ya kak,0,0,52,Web Lewat Kemana,0.9258113503456116,17,Cara Daftarnya Bagaimana,0.8524118065834045,31,Kapan Pendaftarannya Gelombang,0.8467024564743042
7502295920593093393,ujungan.a,lewat web kak,0,0,52,Web Lewat Kemana,0.6838341951370239,51,Open Otw Pkl,0.7643301486968994,26,Adek Duluan Nurul,0.7638792991638184
7503392572955542292,fitrianifachrunisa_,"ka aku udh daftar dan test alhamdulillah lolos, udh byr ukt, gatau ini blm dikabarin dr univnya😭",0,0,91,Ulang Bayar Isi,0.8182756304740906,46,Ut Pengin Bidang,0.8289662003517151,49,Ijazahnya Lulus Kan,0.8115155100822449
7501168178157880071,call_me_nana313,iyaa,0,0,75,Iya Iyapp Introvert,0.9693294763565063,26,Adek Duluan Nurul,0.8427709937095642,122,Kalbar Ia Kebingungan,0.8111603856086731
7585352450624701191,pppcik,ka aku mau tanya” boleh ga🥺,0,0,8,Tanya Bertanya Chat,0.9066957831382751,120,Tanya Non S2Nya,0.8239756226539612,15,Hi Halo Dong,0.796274721622467
7531611188213859088,fitrianifachrunisa_,itu aja ka,0,0,135,Infoin Mau Lantang,0.7709788680076599,26,Adek Duluan Nurul,0.778435230255127,81,Iya Oke Orang,0.778355062007904
7531324249722585873,mn6aaa,biayanya itu doang kak? atau ada biaya lain?,0,0,18,Berapa Biaya Bayar,0.7887190580368042,77,Per Berapa Semester,0.7477757930755615,76,Paket Ijazah Sih,0.7379935383796692
7531289134897382145,fitrianifachrunisa_,"3jt dicicil 3kali, pas daftar ulg, uts, dan pas mau uas",0,0,1,Dicicil 3Jt Hanya,0.7524223327636719,100,Umur Usia Irt,0.5964690446853638,91,Ulang Bayar Isi,0.5954303741455078
7531253590007939857,mn6aaa,kak biayanya apa aja dan berapa? aku juga mau daftar manajemen,0,0,18,Berapa Biaya Bayar,0.8496477603912354,77,Per Berapa Semester,0.8142063021659851,17,Cara Daftarnya Bagaimana,0.7818054556846619
7585776093434200839,univsiberasia,Bolehhh dong Kakak🤩,0,0,117,Boleh Bolehhh Dong,0.9393917322158813,53,Dong Kayaknya Banget,0.8550312519073486,135,Infoin Mau Lantang,0.828441858291626
7004738947377496858,kuroonekoow,kaka boleh konsul ga? aku rencana mau daftar di sini tp msh ga tau apa apa tentang perkuliahan 😭,3,4,49,Ijazahnya Lulus Kan,0.830708384513855,46,Ut Pengin Bidang,0.8090486526489258,119,Teman Syarat Magang,0.8047252893447876
7366091107321414405,mattchaayuuu,"halo aku juga dari 2024, apakah jadi daftar unsia kak? masih bingungg",0,0,9,Kip Unsia Diterima,0.8428940773010254,49,Ijazahnya Lulus Kan,0.8289756178855896,79,Daftar Sudah Kamu,0.8238505125045776
7580191717610472200,teajusapell99,"kk ak dari 2025 gmn ka, tolong kasih tau ak masih bingung🙏",0,0,8,Tanya Bertanya Chat,0.8003334403038025,49,Ijazahnya Lulus Kan,0.7394232153892517,120,Tanya Non S2Nya,0.7309472560882568
7580221115190379282,univsiberasia,"Hi Kakak, kalau masih bingung bisa dm Mimin ya🤗",0,0,36,Dm Admin Detailnya,0.9302983283996582,60,Admin Dm Boleh,0.909872829914093,23,Dm Cek Izin,0.8219000697135925
7336522704901915398,aadindaa_1,"halo aku dari 2024😃, gimana udh masuk unsia kak??",0,0,9,Kip Unsia Diterima,0.8609580993652344,79,Daftar Sudah Kamu,0.8207362294197083,67,Program Belum Dibuka,0.8148421049118042
7599611072571638529,firaaaa.22,kaaaa Kenapa aku baru daftar tapi malah ada tulisan nik sudah terdaftar 1 kali padahal aku mau bayar biaya pendaftaran mau lanjut tapi g bisa,0,0,91,Ulang Bayar Isi,0.8932706117630005,49,Ijazahnya Lulus Kan,0.7817462682723999,46,Ut Pengin Bidang,0.746343731880188
7589867319754113808,ferianggarzm,cara daftar ulang nya gimana minn ini udah bayar,0,0,17,Cara Daftarnya Bagaimana,0.8394827246665955,91,Ulang Bayar Isi,0.8171097040176392,107,Daftarnya Cara Bagaimana,0.7908904552459717
7502769845211136776,n.4in1,Mirip ka @iamegamei | Ig:@iamegamei 😳😳😳,2,0,116,Ig Akun Sering,0.682410478591919,27,Join Grup Yuk,0.5964379906654358,38,Ih Maba Grupnya,0.5522588491439819
7584248873955246856,4ndrekyz,😇,0,0,20,Yes  ,0.999908447265625,13,  ,1.0,61,  ,1.0
7536293389642416904,sollection1,Ini kamu bukan sih?? Kuliah disini?? @iamegamei,0,0,5,Kerja Negeri Kuliah,0.6302130222320557,9,Kip Unsia Diterima,0.6874368786811829,132,Mending Ptnbh Alumni,0.6787341833114624
7492806153480586002,caramelbutterbeer,😳,0,0,32,Merdeka Di ,0.99981689453125,13,  ,1.0,61,  ,1.0
7495045470978589448,sheissheiiii,@mbambatujeya ini kakak yaaa? kakak dulu unsia kakk?,2,0,26,Adek Duluan Nurul,0.6152657866477966,9,Kip Unsia Diterima,0.7537176609039307,104,Aman Unas Ciber,0.7374417781829834
7006888046662632193,bangjoel168,boleh. yang mau konsul silahkan akses. website resmi unsia. nanti para admin nya siap membantu anda,1,0,2,Website Id Ac,0.7049533128738403,8,Tanya Bertanya Chat,0.6887311935424805,86,Darimana 100 Jadi,0.6599100828170776
7501387496718074631,im_ceela,pmb.unsia.ac.id,0,0,56,Universitas Siber Asia,0.8258259296417236,2,Website Id Ac,0.6572279334068298,102,100 Fully Bk,0.650123119354248
7569457637671830280,putri3_momfakhrulazkaech,"unsia ini negeri atau swasta punya?lg cari bt nanti anak kuliah,tadinya mau UT tp liat ni bgs jg,soalnya anaknya pgn sambil kerja",18,4,5,Kerja Negeri Kuliah,0.7927793264389038,46,Ut Pengin Bidang,0.823689341545105,59,Tugas Numpuk Tugasnya,0.7832874655723572
7569482035800228626,ikutikutan,Halo kak bisa cek dm ya aku mau dm kakak hehe,2,0,23,Dm Cek Izin,0.8942714333534241,60,Admin Dm Boleh,0.9049445986747742,36,Dm Admin Detailnya,0.8667129874229431
7617907912137474836,hermantobarasa1,apakah ada jurusan bk kak,0,0,102,100 Fully Bk,0.5915599465370178,69,Apakah S1Hukum Perdagangan,0.8850418329238892,0,Jurusan Teknik Inggris,0.8625966310501099
7623590901880947474,abldwi,infoin dong kak swasta atau negeri,0,0,105,Swasta Oktober Situ,0.47882381081581116,52,Web Lewat Kemana,0.7505027651786804,22,Pindahan Menerima Ut,0.7492910623550415
7231392690315019035,septisucias,jurusan keperawatan ada kak?,0,5,0,Jurusan Teknik Inggris,0.8928967118263245,42,Jurusan Ekonomi Hukum,0.8507797122001648,37,S2 Ada Doktoral,0.8462861776351929
7540990030094762769,denis.santriana,unsia itu univ online kak ya kali keperawatan online😭😭,44,0,56,Universitas Siber Asia,0.7578813433647156,9,Kip Unsia Diterima,0.7946106791496277,104,Aman Unas Ciber,0.7845009565353394
7237416613761401605,univsiberasia,"UNSIA memiliki 5 program studi, yakni: Sistem Informasi, Informatika, Komunikasi, Akuntansi, Manajemen",4,0,63,Informasi Informatika Akuntansi,0.8392499685287476,136,Yaitu Akuntansi Terdapat,0.7939856052398682,42,Jurusan Ekonomi Hukum,0.5917040705680847
7386741413545739013,lehalaobaniang,wisudanya offline apa online kak?,1,0,7,Offline Ujiannya Online,0.9150441884994507,112,Ujian Tes Online,0.8587329387664795,71,Wisuda Uts Uas,0.8488070964813232
7415897084824437509,nimanglenius,daftar kk,0,0,79,Daftar Sudah Kamu,0.5563225746154785,90,Binus Adsfort Harga,0.777450680732727,105,Swasta Oktober Situ,0.771398663520813
7568835744552108807,cantiik_july0,Izin bertanya apakah bisa online di Jepang?,0,0,22,Pindahan Menerima Ut,0.771753191947937,69,Apakah S1Hukum Perdagangan,0.7769604921340942,8,Tanya Bertanya Chat,0.758131206035614
7569033898613883669,upppye,kak nerima mahasiswa transfer dari UT gak ya?,1,7,22,Pindahan Menerima Ut,0.9111020565032959,76,Paket Ijazah Sih,0.8483449220657349,39,Beasiswa Kkn Program,0.8438129425048828
7570931724978357010,univsiberasia,"Halo Kakak, bisa ya melalui jalur konversi",2,0,12,Konversi Jalur Melalui,0.9428244829177856,22,Pindahan Menerima Ut,0.792639970779419,76,Paket Ijazah Sih,0.7566622495651245
7571265174095987476,aanansya,mulai dari awal lagi atau lanjut ya kak?,0,0,47,Daftar Gelombang Januari,0.6752734184265137,135,Infoin Mau Lantang,0.699501097202301,79,Daftar Sudah Kamu,0.6933751702308655
7575740913323311892,konan.42,di unsia ada sastra korea gk ka?,0,0,30,Korea Degree Min,0.8833023905754089,0,Jurusan Teknik Inggris,0.861976146697998,39,Beasiswa Kkn Program,0.8395277857780457
7571674661407310609,shucidamaiyanti,sama ka 😅,0,0,92,Samaaa Sama Konveksi,0.9411191940307617,26,Adek Duluan Nurul,0.8705433011054993,81,Iya Oke Orang,0.8251484632492065
7570675968667288328,arkeshindies,wkwkwk kenapaa kaa di UT?,0,0,88,Pindah Semester Ngulang,0.7548955678939819,104,Aman Unas Ciber,0.7953687310218811,6,Dimana Daerah Mana,0.7844182848930359
7569042500376314642,ptimah_7,nitipp,0,0,70,Nitip Nitipp Nitippp,0.9445056915283203,19,Com Nice Https,0.811985194683075,26,Adek Duluan Nurul,0.7943490743637085
7570843073515029255,suri_goeltom,@udin69can,0,0,14,Fitriyani Andriani Udin69Can,0.7707484364509583,131,Next Up Gass,0.7899747490882874,90,Binus Adsfort Harga,0.7898241281509399
7575062512368370450,slzabill_x,unsia bisa kip kak?,3,4,9,Kip Unsia Diterima,0.8573510646820068,104,Aman Unas Ciber,0.8627937436103821,108,Offline Onsite Onnline,0.8286193609237671
7577324701749330706,univsiberasia,Bisa ya Kakak🤗,0,0,53,Dong Kayaknya Banget,0.9208241701126099,87,Hihi Jugakk Wakty,0.9117565751075745,117,Boleh Bolehhh Dong,0.8619542121887207
7591412839395705607,_teerserahhh_,itu full online kak?,0,0,64,Full Online Serba,0.9021064043045044,108,Offline Onsite Onnline,0.8537584543228149,115,Full Fisik Diunsia,0.8154885768890381
7577372669356573458,slzabill_x,pendaftarannya gmna kak kalo pakai pip?,0,0,17,Cara Daftarnya Bagaimana,0.8825992345809937,33,Bagaimana Wisudanya Tes,0.8241806626319885,22,Pindahan Menerima Ut,0.8183478116989136
7578780772581999378,tiaaaaaa139,daerah mana ka ini?,0,0,6,Dimana Daerah Mana,0.8977932333946228,84,Ngambil Ambil Apa,0.7322187423706055,52,Web Lewat Kemana,0.7314195036888123
7242145641768485637,lidya_6thv,Sistem belajar nya senin-jumat tidak?,9,1,21,Malam Shift Begitu,0.6955630779266357,123,Jam Kelas Karyawan,0.7611846923828125,112,Ujian Tes Online,0.7388694286346436
7242145718756475654,lidya_6thv,@Universitas Siber Asia,0,0,56,Universitas Siber Asia,0.7484134435653687,105,Swasta Oktober Situ,0.7265511155128479,90,Binus Adsfort Harga,0.6709402799606323
7577723549835772680,hadnisn_,belum ada S2 ya kak?,3,2,95,S2 Belum Insyallah,0.9641559720039368,37,S2 Ada Doktoral,0.8826127648353577,50,S2 Pendidikan Hukum,0.8453646302223206
7577753976742019858,matrikyasa,nitip,1,0,70,Nitip Nitipp Nitippp,0.9976069927215576,121,Nitip Kabarin Mencari,0.8166038990020752,131,Next Up Gass,0.7813614010810852
7579132057525011208,wulandari.alwani,nitip,0,0,70,Nitip Nitipp Nitippp,0.9976069927215576,121,Nitip Kabarin Mencari,0.8166038990020752,131,Next Up Gass,0.7813614010810852
7575962766584136469,vavareisma,kak kalau pindahan dari UT bisa ga ?,2,7,22,Pindahan Menerima Ut,0.9297021627426147,76,Paket Ijazah Sih,0.8672911524772644,88,Pindah Semester Ngulang,0.8484079837799072
7577324835933569810,univsiberasia,Bisa banget dong Kak☺️,1,0,53,Dong Kayaknya Banget,0.9342789649963379,87,Hihi Jugakk Wakty,0.8696147203445435,135,Infoin Mau Lantang,0.8578454256057739
7608088192650986248,univsiberasia,Kakak bisa cek lebih detailnya dengan DM Mimin ya🤗,0,0,36,Dm Admin Detailnya,0.9032498598098755,60,Admin Dm Boleh,0.8368722796440125,23,Dm Cek Izin,0.7620298266410828
7608085437009953544,khrismacahya,DM ke nomor yg mana kak,0,0,52,Web Lewat Kemana,0.8139745593070984,60,Admin Dm Boleh,0.7987472414970398,23,Dm Cek Izin,0.7958709001541138
7582393033502081813,171124n,"bisa enggak kak ,aku jg pengen pindah",0,0,88,Pindah Semester Ngulang,0.7758573889732361,53,Dong Kayaknya Banget,0.7839295864105225,135,Infoin Mau Lantang,0.7807706594467163
7577589278147068688,tifany_167_,gimana kak caranya?,0,0,127,Caranya Kuliahnya Bagaimana,0.9173688888549805,17,Cara Daftarnya Bagaimana,0.8356006145477295,107,Daftarnya Cara Bagaimana,0.7981164455413818
7577547384659329800,i.yyyou,kalo nglanjutin dari d3 ke s1 bisa ga,0,0,4,D3 S1 Lanjut,0.8985139727592468,50,S2 Pendidikan Hukum,0.7612284421920776,5,Kerja Negeri Kuliah,0.7596330046653748
7577343017775727381,vavareisma,gimna caranya kak,0,0,127,Caranya Kuliahnya Bagaimana,0.9210395812988281,17,Cara Daftarnya Bagaimana,0.819669246673584,107,Daftarnya Cara Bagaimana,0.813055694103241
7579615779089810184,ue_va1993,caranya gimana ya...,0,3,127,Caranya Kuliahnya Bagaimana,0.8667171001434326,107,Daftarnya Cara Bagaimana,0.8435400128364563,17,Cara Daftarnya Bagaimana,0.8032889366149902
7580221543981351698,univsiberasia,"Hari ini resmi pendaftaran Mahasiswa Baru UNSIA dimulai. Jadi Kakak bisa langsung daftar sekarang di pmb.unsia.ac.id, pilih jurusan favorit, dan mulai kuliah online fleksibel dari mana aja.🤩",1,0,83,Pilih Favorit Mulai,0.9516401290893555,101,Favorit Pilih Fleksibel,0.9572423696517944,2,Website Id Ac,0.8446807265281677
7580325634266743559,ue_va1993,tapi saya di LN kak,0,0,4,D3 S1 Lanjut,0.553041934967041,104,Aman Unas Ciber,0.7367180585861206,64,Full Online Serba,0.7313920855522156
7584300835841819413,baginda02_,kak apakah ada jurusan sastra jepang kak,0,0,0,Jurusan Teknik Inggris,0.877817690372467,120,Tanya Non S2Nya,0.8497434854507446,16,Apa Saja Jurusan,0.8256349563598633
7529900534607397650,jokoslamet82,biaya per semester brp yaa,5,1,77,Per Berapa Semester,0.924839973449707,18,Berapa Biaya Bayar,0.8946596384048462,99,Biayanya Biaya Berapa,0.8180124759674072
7571383169561608968,valentinostanleyy,3jt per semester bisa dicicil 3x kak,1,0,1,Dicicil 3Jt Hanya,0.8630959987640381,77,Per Berapa Semester,0.720189094543457,18,Berapa Biaya Bayar,0.6446155905723572
7578955435945722641,iam.nyz,Biaya daftarnya berapa kak?,0,4,18,Berapa Biaya Bayar,0.9403302669525146,17,Cara Daftarnya Bagaimana,0.8768235445022583,77,Per Berapa Semester,0.8644875288009644
7579112904612971265,acc.aff,"Tergantung gelombang kak, ada yang free ada yang 100rb. Kalo ukt 3jt/sem bisa dicicil. Trs ada kode refferal buat potongan ukt",3,0,1,Dicicil 3Jt Hanya,0.8189391493797302,76,Paket Ijazah Sih,0.7109413146972656,91,Ulang Bayar Isi,0.7092257738113403
7579905631965889288,pororoww7,"cumaa ituu aja kak, bayaranya?",0,0,135,Infoin Mau Lantang,0.7065255045890808,93,Jujur Review Kata,0.7385542392730713,81,Iya Oke Orang,0.7129177451133728
7579906355529679633,acc.aff,"Iya kak, untuk tambahannya cuma almet aja (optional)",1,0,81,Iya Oke Orang,0.7054352164268494,93,Jujur Review Kata,0.7224487066268921,91,Ulang Bayar Isi,0.7185450196266174
7583629593124684545,jamesalone15,"enak ya bisa di cicil, kalau di UT gak bisa, gak punya duit ya gak bisa lanjut",0,0,59,Tugas Numpuk Tugasnya,0.7472589612007141,5,Kerja Negeri Kuliah,0.7132779359817505,46,Ut Pengin Bidang,0.686654806137085
7299278607409562373,fachrara,apakah di unsia ada program ekstensi dari D3 ke S1 Jurusan Managemen,1,1,4,D3 S1 Lanjut,0.8960361480712891,50,S2 Pendidikan Hukum,0.815384566783905,30,Korea Degree Min,0.8064195513725281
7404271839017763592,arnicudz,"Nitip ka, sama brp tahun dr D3 ke S1",0,0,4,D3 S1 Lanjut,0.8464139699935913,65,Angkatan Berapa Kira,0.7678556442260742,119,Teman Syarat Magang,0.755441427230835
7263877897106522886,worktildie,ujiannya online jg y kk?,1,1,112,Ujian Tes Online,0.9190206527709961,7,Offline Ujiannya Online,0.8594930171966553,71,Wisuda Uts Uas,0.8137149810791016
7312648207959556869,univsiberasia,"Halo Kak, betul sekali🤩",3,0,15,Hi Halo Dong,0.8006956577301025,48,Betul Banget Lucu,0.815314531326294,35,Infonya Terima Kasih,0.7759592533111572
7237137745046897414,temennya_hujan77,Ada jurusan apa saja kak,0,3,16,Apa Saja Jurusan,0.970649003982544,84,Ngambil Ambil Apa,0.882923424243927,0,Jurusan Teknik Inggris,0.8741106390953064
7237416521231024901,univsiberasia,"UNSIA memiliki 5 program studi, yakni: Sistem Informasi, Informatika, Komunikasi, Akuntansi, Manajemen",4,0,63,Informasi Informatika Akuntansi,0.8392499685287476,136,Yaitu Akuntansi Terdapat,0.7939856052398682,42,Jurusan Ekonomi Hukum,0.5917040705680847
7253733046872277766,ceritaserenity,mau psikologi,2,0,24,Ayo Ikutt Ikut,0.8257685899734497,125,Gratis Tersedia Pesan,0.7768881320953369,26,Adek Duluan Nurul,0.7638890147209167
7569082206888166160,shsarl,kak ada prodi bimbingan dan konseling/b.jawa ga ya?,0,0,0,Jurusan Teknik Inggris,0.8445676565170288,120,Tanya Non S2Nya,0.8613247871398926,39,Beasiswa Kkn Program,0.8291871547698975
7569441032095433489,odeeunoia,cara nya gimana,0,2,107,Daftarnya Cara Bagaimana,0.8768084049224854,127,Caranya Kuliahnya Bagaimana,0.8159199953079224,17,Cara Daftarnya Bagaimana,0.7676655054092407
7577781253124424464,lulv_00,nitip 🙏🏻,1,0,70,Nitip Nitipp Nitippp,0.9976069927215576,121,Nitip Kabarin Mencari,0.8166038990020752,131,Next Up Gass,0.7813614010810852
7569482175311332103,ikutikutan,Halo kak cek dm ya aku dm kakak 🥰,0,0,23,Dm Cek Izin,0.9002677202224731,60,Admin Dm Boleh,0.8460169434547424,36,Dm Admin Detailnya,0.8078852295875549
7592130535830045458,lies.elizzaa_,ada prodi apa aja ka,0,2,16,Apa Saja Jurusan,0.9499067664146423,84,Ngambil Ambil Apa,0.8567413687705994,0,Jurusan Teknik Inggris,0.8467445373535156
7592147904476775176,lies.elizzaa_,ga ada prodi Keguruan ya,0,0,0,Jurusan Teknik Inggris,0.8423112034797668,42,Jurusan Ekonomi Hukum,0.8405158519744873,132,Mending Ptnbh Alumni,0.7995193004608154
7585211676987966229,rishvicha_,min mau info lengkap,0,1,8,Tanya Bertanya Chat,0.8508339524269104,41,Info Link Cara,0.81094890832901,120,Tanya Non S2Nya,0.7670029997825623
7585776215878484754,univsiberasia,"Hai Kakak, informasi lengkap bisa DM Mimin ya 🤩🤩",0,0,36,Dm Admin Detailnya,0.9482471942901611,60,Admin Dm Boleh,0.8969916701316833,23,Dm Cek Izin,0.8148967027664185
7542122623178818321,aziizahnrr,ini full online smpe sarjana ga?,0,1,64,Full Online Serba,0.8377052545547485,115,Full Fisik Diunsia,0.7362358570098877,102,100 Fully Bk,0.7335648536682129
7571383038371906311,valentinostanleyy,"iya kak full online sampai sarjana, wisuda jd bisa online bs offline",1,0,71,Wisuda Uts Uas,0.9058841466903687,7,Offline Ujiannya Online,0.8505916595458984,64,Full Online Serba,0.8224319815635681
7217668416677135131,luluk_maulidha,brp kak,0,3,65,Angkatan Berapa Kira,0.7769317626953125,51,Open Otw Pkl,0.7967135310173035,135,Infoin Mau Lantang,0.7900682687759399
7218043009248707354,univsiberasia,Sesuai dengan SK Rektor No. 3 Tahun 2020 Biaya kuliah di UNSIA adalah sebesar 3 juta rupiah / semester. Biaya tersebut dapat dicicil dalam 2 kali pemb,1,0,1,Dicicil 3Jt Hanya,0.6528084874153137,72,Tujuan Berkuliah Dimanapun,0.5628058910369873,86,Darimana 100 Jadi,0.5386373996734619
7571268816555459336,zakauha.ruqayyah,3 jt itu udah semua kak? per semester cuma bayar itu aja apa ada biaya lain ya?,0,0,1,Dicicil 3Jt Hanya,0.8324922919273376,77,Per Berapa Semester,0.8393165469169617,18,Berapa Biaya Bayar,0.7817478179931641
7577559237090378517,miftah_rizkia,ada biaya tambahan lagi tidak KA ?,0,0,39,Beasiswa Kkn Program,0.8297901153564453,18,Berapa Biaya Bayar,0.79840087890625,47,Daftar Gelombang Januari,0.7683045268058777
7556459997216867090,baksomiekuning_,masih buka ngga kak?,0,1,3,Buka Pendaftaran Masih,0.8430688381195068,43,Belum Huhu Nih,0.8087149858474731,47,Daftar Gelombang Januari,0.7827110290527344
7571382942866785031,valentinostanleyy,sudah buka nih kak,0,0,3,Buka Pendaftaran Masih,0.7881048917770386,43,Belum Huhu Nih,0.8239704370498657,79,Daftar Sudah Kamu,0.7963050603866577
7569763628510413575,hisymi19,akuntan ada g ka,0,1,11,Skripsi Sidang Tidak,0.8764174580574036,51,Open Otw Pkl,0.8777952194213867,135,Infoin Mau Lantang,0.8484362959861755
7571006258128405266,ikutikutan,Ada kak🥰,0,0,51,Open Otw Pkl,0.9537371397018433,43,Belum Huhu Nih,0.8670649528503418,135,Infoin Mau Lantang,0.8658812046051025
7263303125825127174,kopisusupanasenak,"universitas siber asia dimedan ada nggak kak?
lokasi kampus yang di Medan di mana ya kak",0,1,56,Universitas Siber Asia,0.614791214466095,39,Beasiswa Kkn Program,0.7805674076080322,120,Tanya Non S2Nya,0.7803429365158081
7567815554862875409,dddiiaanp,"belum ada, tapi itu bisa full online kak jadi bisa jarak jauh.",0,0,64,Full Online Serba,0.8070831298828125,108,Offline Onsite Onnline,0.8326866626739502,115,Full Fisik Diunsia,0.818225622177124
7578410401387135765,s.asyaaa,Hallo ka untuk tesnya bisa online semua ka?,0,3,112,Ujian Tes Online,0.8304800987243652,10,Maret April Bulan,0.8275688886642456,106,Hasil Seleksi Pengumuman,0.8191928863525391
7579168658750391058,univsiberasia,"Halo Kakak, betulll banget🤩",0,0,48,Betul Banget Lucu,0.820314884185791,15,Hi Halo Dong,0.7779171466827393,97,Salam Mantap Kenal,0.7659542560577393
7579179606197994260,s.asyaaa,Aku kalau mau daftar ke nomor mana ya ka?,0,0,52,Web Lewat Kemana,0.8969359993934631,17,Cara Daftarnya Bagaimana,0.8005614280700684,6,Dimana Daerah Mana,0.7950236797332764
7579256258654978834,univsiberasia,"Hari ini resmi pendaftaran Mahasiswa Baru UNSIA dimulai. Jadi Kakak bisa langsung daftar sekarang di pmb.unsia.ac.id, pilih jurusan favorit, dan mulai kuliah online fleksibel dari mana aja.🤗",0,0,101,Favorit Pilih Fleksibel,0.9572423696517944,83,Pilih Favorit Mulai,0.9516401290893555,2,Website Id Ac,0.8446807265281677
7233764323611820805,ummahasnahusain,cara daftar nya gimana kak?,0,2,17,Cara Daftarnya Bagaimana,0.962837815284729,107,Daftarnya Cara Bagaimana,0.8975978493690491,127,Caranya Kuliahnya Bagaimana,0.8591902852058411
7237415956938982149,univsiberasia,Langsung daftar melalui website kita ya Kak di pmb.unsia.ac.id,1,0,2,Website Id Ac,0.9239369630813599,101,Favorit Pilih Fleksibel,0.8275632858276367,83,Pilih Favorit Mulai,0.8118637800216675
7579140087641146119,ina_r26,halo kk ada S2 nga?,0,1,37,S2 Ada Doktoral,0.8702154755592346,50,S2 Pendidikan Hukum,0.8251017928123474,95,S2 Belum Insyallah,0.8058921694755554
7579167761785258760,univsiberasia,"Hi Kakak, saat ini untuk program S2 belum dibuka ya Kakak",0,0,73,Program Dibuka Saat,0.9756052494049072,67,Program Belum Dibuka,0.9252066612243652,66,Dibuka Mahasiswa Baru,0.8181401491165161
7232459276153291546,indahharyatisalamah,ada jurusan nersnya ga kak?,0,1,0,Jurusan Teknik Inggris,0.8883830308914185,39,Beasiswa Kkn Program,0.8948407769203186,37,S2 Ada Doktoral,0.8944656848907471
7237416624676356869,univsiberasia,"UNSIA memiliki 5 program studi, yakni: Sistem Informasi, Informatika, Komunikasi, Akuntansi, Manajemen",0,0,63,Informasi Informatika Akuntansi,0.8392499685287476,136,Yaitu Akuntansi Terdapat,0.7939856052398682,42,Jurusan Ekonomi Hukum,0.5917040705680847
7581348516975362823,mrslnaaln,untuk S2 ada ga kak?,0,1,37,S2 Ada Doktoral,0.9505212903022766,50,S2 Pendidikan Hukum,0.8948515057563782,120,Tanya Non S2Nya,0.8773795366287231
7581378392550834952,univsiberasia,"Hi Kak, saat ini untuk program S2 belum dibuka ya",0,0,73,Program Dibuka Saat,0.9803798794746399,67,Program Belum Dibuka,0.9317798614501953,66,Dibuka Mahasiswa Baru,0.834148108959198
7578751336033731349,octtaple,bisa lanjut dr D3 ke S1 ngga?,0,1,4,D3 S1 Lanjut,0.8963334560394287,50,S2 Pendidikan Hukum,0.7781084775924683,37,S2 Ada Doktoral,0.7218034863471985
7579167887909503751,univsiberasia,"Hi Kakak, bisa melalui jalur konversi ya",0,0,12,Konversi Jalur Melalui,0.9408554434776306,22,Pindahan Menerima Ut,0.7909150719642639,36,Dm Admin Detailnya,0.7661029100418091
7605538151280444181,ramdhanihasibuan123,Kak pendaftaran 2026 sampai kapan?,0,1,31,Kapan Pendaftarannya Gelombang,0.8746335506439209,89,Tanggal Gelombang Bulan,0.8583554029464722,78,Kapan Min Gel,0.8283659219741821
7605688953270895380,alisha_audiio,ikut tanya mimin🙏😁,0,0,8,Tanya Bertanya Chat,0.7345112562179565,24,Ayo Ikutt Ikut,0.7277219295501709,26,Adek Duluan Nurul,0.711540699005127
7533193840640066311,doen_doembye,apakah ada perdagangan internasional,0,1,69,Apakah S1Hukum Perdagangan,0.7656599283218384,42,Jurusan Ekonomi Hukum,0.6664581298828125,125,Gratis Tersedia Pesan,0.6570791006088257
7535017428154106632,univsiberasia,"Halo Kak, saat ini di UNSIA terdapat 5 prodi nih, yaitu komunikasi, akuntansi, sistem informasi, informatika, dan manajemen",0,0,136,Yaitu Akuntansi Terdapat,0.9744876027107239,63,Informasi Informatika Akuntansi,0.8990938663482666,67,Program Belum Dibuka,0.7459474802017212
7583354547667403541,bangogik2,bisa pindahan dari UT kesini ka?,0,1,22,Pindahan Menerima Ut,0.853023886680603,128,Main Kampusnya Kekampus,0.8166829347610474,88,Pindah Semester Ngulang,0.8095749616622925
7583397239223173896,univsiberasia,"Hi Kakak, bisa banget dong Kakak melalui jalur konversi🤩",0,0,12,Konversi Jalur Melalui,0.8819728493690491,15,Hi Halo Dong,0.7888275384902954,22,Pindahan Menerima Ut,0.7474971413612366
7578446691247375112,bbffxx_,terus wisuda nya nanti gimana?,0,1,33,Bagaimana Wisudanya Tes,0.881337583065033,84,Ngambil Ambil Apa,0.7887142896652222,65,Angkatan Berapa Kira,0.7876081466674805
7579168413911974674,univsiberasia,Wisuda dilaksanakan secara hybrid Kakak☺️,0,0,96,Secara Dilaksanakan Hybrid,0.7071210145950317,56,Universitas Siber Asia,0.5291270017623901,111,Alhamdulillah Keluarga Bagian,0.5248661637306213
7577553761989264144,fidi_girl,ujiannya online atau ofline kak?,0,1,7,Offline Ujiannya Online,0.8781332969665527,112,Ujian Tes Online,0.875975489616394,108,Offline Onsite Onnline,0.8312972187995911
7579168606085579528,univsiberasia,"Hi Kakak, 100% fully online",0,0,44,100 Learning Fully,0.7285066843032837,102,100 Fully Bk,0.8288657665252686,97,Salam Mantap Kenal,0.689702033996582
7630413941291205394,sendi_setiawan7,Hai ka info s2 nua,0,2,41,Info Link Cara,0.7773032188415527,37,S2 Ada Doktoral,0.7635468244552612,50,S2 Pendidikan Hukum,0.760330855846405
7630730851597271816,univsiberasia,"Hi Kakak, untuk program S2 saat ini belum dibuka ya di UNSIA😊",0,0,67,Program Belum Dibuka,0.9679625034332275,73,Program Dibuka Saat,0.948444128036499,66,Dibuka Mahasiswa Baru,0.8564096093177795
7630464991795200775,princess_zhr,"nitip kak, kabarin klo ada",0,0,121,Nitip Kabarin Mencari,0.8407806158065796,23,Dm Cek Izin,0.7785378098487854,116,Ig Akun Sering,0.755826473236084
7578342311421510420,mooooodd_,Mau daftar gimana caranyaa,0,1,17,Cara Daftarnya Bagaimana,0.8781840205192566,107,Daftarnya Cara Bagaimana,0.8585386872291565,127,Caranya Kuliahnya Bagaimana,0.820835292339325
7579168550209471239,univsiberasia,"Hi Kakak, untuk pendaftaran bisa langsung ke website resmi UNSIA ya di pmb.unsia.ac.id",0,0,2,Website Id Ac,0.9450623393058777,101,Favorit Pilih Fleksibel,0.8431485891342163,83,Pilih Favorit Mulai,0.8017385005950928
7569842562391933716,azuraoktiani23,S2 ada gak ?,0,1,114,S2 Lita Anis,0.9775372743606567,80,S2 S2Nya Nya,0.8758745789527893,11,Skripsi Sidang Tidak,0.8458407521247864
7570931838166090514,univsiberasia,"Halo Kakak, saat ini untuk program pascasarjana belum dibuka ya di UNSIA",0,0,67,Program Belum Dibuka,0.9498355388641357,73,Program Dibuka Saat,0.9317545294761658,66,Dibuka Mahasiswa Baru,0.8692424297332764
7556143101199500039,sefaragic16,S3 adakah ?,0,3,67,Program Belum Dibuka,0.47187480330467224,105,Swasta Oktober Situ,0.7748492360115051,82,Nrrjml Hbd Nz,0.7652175426483154
7556154407764280082,univsiberasia,"Halo Kakak, saat ini UNSIA belum membuka program S3😊",1,0,67,Program Belum Dibuka,0.9010735750198364,73,Program Dibuka Saat,0.8721644878387451,54,Membuka Lho Mahasiswa,0.8427330255508423
7576429004514083585,titikay1608,kak..dm dong,0,0,23,Dm Cek Izin,0.934868335723877,116,Ig Akun Sering,0.8327962160110474,60,Admin Dm Boleh,0.827369749546051
7569081607476757269,skyyde__,anjir 😩,0,0,19,Com Nice Https,0.7635027766227722,75,Iya Iyapp Introvert,0.7281548976898193,126,Keren Mukanya Asing,0.6782530546188354
7329722517894120197,yuspinpator11,"bisa gak ya kak,nyambung begitu,soalnya sy jurusan sistim informasi tapi cuma diploma 2 aja",2,2,5,Kerja Negeri Kuliah,0.8315373659133911,49,Ijazahnya Lulus Kan,0.8605202436447144,119,Teman Syarat Magang,0.8428270816802979
7393443858972033797,teuku.mal,udah ada info blom kak ?,0,0,41,Info Link Cara,0.7592893838882446,79,Daftar Sudah Kamu,0.811130940914154,60,Admin Dm Boleh,0.800879716873169
7338346206429299462,syantiekkkkk,Kak sistem informasi susah gaa,0,0,127,Caranya Kuliahnya Bagaimana,0.6829882860183716,104,Aman Unas Ciber,0.7382684946060181,11,Skripsi Sidang Tidak,0.7349129915237427
7571760535600022279,muhammadragil189,apakah masih buka online?,1,1,69,Apakah S1Hukum Perdagangan,0.7749900817871094,64,Full Online Serba,0.7270098924636841,11,Skripsi Sidang Tidak,0.7069634199142456
7590940091741422354,astraletheia.nyx,iya,1,0,75,Iya Iyapp Introvert,0.9693294763565063,26,Adek Duluan Nurul,0.8427709937095642,122,Kalbar Ia Kebingungan,0.8111603856086731
7534881729175585556,_dhinimaharani_,ada jurusan psikologi ta,1,2,42,Jurusan Ekonomi Hukum,0.906753420829773,0,Jurusan Teknik Inggris,0.8716520071029663,50,S2 Pendidikan Hukum,0.8235254287719727
7535017172524270343,univsiberasia,"Halo Kak, saat ini di UNSIA terdapat 5 prodi nih, yaitu komunikasi, akuntansi, sistem informasi, informatika, dan manajemen",2,0,136,Yaitu Akuntansi Terdapat,0.9744876027107239,63,Informasi Informatika Akuntansi,0.8990938663482666,67,Program Belum Dibuka,0.7459474802017212
7583526425215517456,sptt109,fleksibel ga kak?,0,1,45,Enggak Ribet Fh,0.8803636431694031,135,Infoin Mau Lantang,0.8593686819076538,51,Open Otw Pkl,0.8514333963394165
7583534366602117895,univsiberasia,100% fleksibel Kakak di UNSIA🥳,0,0,102,100 Fully Bk,0.7699898481369019,56,Universitas Siber Asia,0.7116297483444214,111,Alhamdulillah Keluarga Bagian,0.6487891674041748
7557625173053178642,ali.alghazali451,apakah masih ada pendaftaran,0,1,69,Apakah S1Hukum Perdagangan,0.8577365875244141,3,Buka Pendaftaran Masih,0.7419874668121338,39,Beasiswa Kkn Program,0.728299081325531
7577324887091643144,univsiberasia,Masih dibuka nih Kakak pendaftaran mahasiswa baru 🤗,0,0,66,Dibuka Mahasiswa Baru,0.8843351006507874,54,Membuka Lho Mahasiswa,0.797714352607727,3,Buka Pendaftaran Masih,0.7502954006195068
7584762364379431688,nya_shop88,dmn tempatnya unsia?,0,1,6,Dimana Daerah Mana,0.7741233110427856,56,Universitas Siber Asia,0.7981138229370117,104,Aman Unas Ciber,0.7161932587623596
7608088302072234759,univsiberasia,"Kampus UNSIA terletak di Jl. Harsono RM No.1, RT.5/RW.7, Ragunan, Kec. Ps. Minggu, Kota Jakarta Selatan, Daerah Khusus Ibukota Jakarta. Buka di hari kerja Senin-Jumat ya☺️",0,0,110,Jakarta Selatan Ragunan,0.8597476482391357,109,Ditutup Khawatir Kembali,0.5103865265846252,72,Tujuan Berkuliah Dimanapun,0.4942726194858551
7572018877199205121,tukiyem_244,"Kak aku sekarang di Taiwan, nanti misal wisuda di Taiwan apa indo??",0,1,22,Pindahan Menerima Ut,0.7856695652008057,5,Kerja Negeri Kuliah,0.8196969628334045,49,Ijazahnya Lulus Kan,0.8174895644187927
7577324787954762514,univsiberasia,"Hi Kak, di Indonesia ya Wisudanya🤗",0,0,96,Secara Dilaksanakan Hybrid,0.8236162662506104,10,Maret April Bulan,0.7652870416641235,9,Kip Unsia Diterima,0.7281724810600281
7465280459054138120,waduhhhhhhhhh4,ada program ekstensi nya gak ya?,0,1,39,Beasiswa Kkn Program,0.8580645322799683,120,Tanya Non S2Nya,0.8091689348220825,11,Skripsi Sidang Tidak,0.8027451038360596
7524934052672439058,univsiberasia,"Halo Kak, ada ya😊",0,0,15,Hi Halo Dong,0.9099395871162415,51,Open Otw Pkl,0.8069092631340027,23,Dm Cek Izin,0.8018021583557129
7234135555490333445,kyoemiiii,hallo ka cara daftarnya gimana???,0,1,17,Cara Daftarnya Bagaimana,0.9148796796798706,107,Daftarnya Cara Bagaimana,0.8230690956115723,127,Caranya Kuliahnya Bagaimana,0.8182574510574341
7237416134583550725,univsiberasia,Langsung daftar melalui website kita ya Kak di pmb.unsia.ac.id,0,0,2,Website Id Ac,0.9239369630813599,101,Favorit Pilih Fleksibel,0.8275632858276367,83,Pilih Favorit Mulai,0.8118637800216675
7537495196553806593,ichaatrg,kak unsia Nerima mahasiswa transferan ga kak?,0,1,22,Pindahan Menerima Ut,0.8460860848426819,30,Korea Degree Min,0.8087137341499329,39,Beasiswa Kkn Program,0.8002595901489258
7537927984452666119,univsiberasia,"Halo Kakak, bisa ya melalui jalur konversi🤗",0,0,12,Konversi Jalur Melalui,0.9428244829177856,22,Pindahan Menerima Ut,0.792639970779419,76,Paket Ijazah Sih,0.7566622495651245
7312461698249294597,uhuyyyyyyyyyy221,kk ini di daerah mana ya,0,1,6,Dimana Daerah Mana,0.8643121123313904,52,Web Lewat Kemana,0.7818138599395752,84,Ngambil Ambil Apa,0.7144166827201843
7350417906204852998,citato244,Jakarta,1,0,110,Jakarta Selatan Ragunan,0.5464785099029541,14,Fitriyani Andriani Udin69Can,0.7907596826553345,32,Merdeka Di ,0.7866789102554321
7594168609712390929,syadilhsb,Utk thn 2026 sudah bs daftar kah?,0,1,79,Daftar Sudah Kamu,0.6687161922454834,47,Daftar Gelombang Januari,0.7305450439453125,100,Umur Usia Irt,0.6795523166656494
7594380807142589202,univsiberasia,UNSIA saat ini masih membuka pendaftaran mahasiswa baru lhooo Kak🤩,0,0,54,Membuka Lho Mahasiswa,0.9531171321868896,66,Dibuka Mahasiswa Baru,0.8874408006668091,67,Program Belum Dibuka,0.8070105910301208
7524928926506976008,luxetha,teknik informatika ada ka?,1,5,0,Jurusan Teknik Inggris,0.867038369178772,42,Jurusan Ekonomi Hukum,0.824065625667572,37,S2 Ada Doktoral,0.8114527463912964
7524933657002984200,univsiberasia,"Halo Kak, di UNSIA ada prodi informatika lho kak😊",0,0,58,Tugas Akhir Skripsi,0.808635950088501,54,Membuka Lho Mahasiswa,0.8206978440284729,67,Program Belum Dibuka,0.819942831993103
7551968395890115335,cxyzraa11,administrasi gada ka,0,0,45,Enggak Ribet Fh,0.8619427680969238,43,Belum Huhu Nih,0.8347024917602539,51,Open Otw Pkl,0.8125652074813843
7524933828989879047,luxetha,masuk ke teknik informatika atau engga ya kak itu?,0,0,0,Jurusan Teknik Inggris,0.8404711484909058,84,Ngambil Ambil Apa,0.8089534640312195,74,Akreditasinya Asia Siber,0.804298460483551
7524934431237931794,univsiberasia,Teknik informatika dan prodi informatika itu sama ya Kak😊,0,0,0,Jurusan Teknik Inggris,0.8165037631988525,63,Informasi Informatika Akuntansi,0.7768235206604004,136,Yaitu Akuntansi Terdapat,0.7567393779754639
7524941156069737234,luxetha,"oh iya baik kakak, berarti ada ya kakak teknik informatika",0,0,0,Jurusan Teknik Inggris,0.7748935222625732,119,Teman Syarat Magang,0.7445687055587769,9,Kip Unsia Diterima,0.7362809777259827
7576430342380749585,leoguurrllss,Ada program Dari D3 mau lanjut ke S1 ga ka?,0,1,4,D3 S1 Lanjut,0.9423735737800598,37,S2 Ada Doktoral,0.8571692109107971,50,S2 Pendidikan Hukum,0.8358134031295776
7576549465717834514,univsiberasia,"Halo Kakak, ada ya melalui jalur konversi🤗",0,0,12,Konversi Jalur Melalui,0.9141403436660767,39,Beasiswa Kkn Program,0.7634807229042053,22,Pindahan Menerima Ut,0.761968731880188
7585157591786455829,ikamusyarofah6,Halo kak pengen pindah dari UT bisa ngga ya semester 4 ?,0,0,88,Pindah Semester Ngulang,0.8676822185516357,22,Pindahan Menerima Ut,0.8606845736503601,49,Ijazahnya Lulus Kan,0.8592284917831421
7585158909272605461,wndsra25,😭,0,0,14,Fitriyani Andriani Udin69Can,0.9977331161499023,13,  ,1.0,61,  ,1.0
7585211676987966229,rishvicha_,min mau info lengkap,0,1,8,Tanya Bertanya Chat,0.8508339524269104,41,Info Link Cara,0.81094890832901,120,Tanya Non S2Nya,0.7670029997825623
7585776215878484754,univsiberasia,"Hai Kakak, informasi lengkap bisa DM Mimin ya 🤩🤩",0,0,36,Dm Admin Detailnya,0.9482471942901611,60,Admin Dm Boleh,0.8969916701316833,23,Dm Cek Izin,0.8148967027664185
7574335840105693960,ciol_oyong,Kalau D3 Lanjut ke s1 bs nggak kak?,0,0,4,D3 S1 Lanjut,0.9536222219467163,37,S2 Ada Doktoral,0.8512629270553589,50,S2 Pendidikan Hukum,0.8369885683059692
7585521137028596487,nonganahasanah01234,ada loker buat dosen tidak kakak?,0,0,55,Sukses Selalu Sehat,0.46424728631973267,39,Beasiswa Kkn Program,0.8501423597335815,37,S2 Ada Doktoral,0.824122965335846
7585942793555788552,jeun.victiory,Ada prodi ilmu pemerintahan?,0,0,42,Jurusan Ekonomi Hukum,0.8881888389587402,63,Informasi Informatika Akuntansi,0.7692435383796692,0,Jurusan Teknik Inggris,0.7650245428085327
7586697437152133906,nurandinititin,😁,0,0,13,  ,1.0,61,  ,1.0,20,Yes  ,0.999908447265625
7587232185210684168,ekaliasss_,Kalo domisili d bandung tapi mau kuliah d sini gmna ka,0,0,5,Kerja Negeri Kuliah,0.8619440793991089,22,Pindahan Menerima Ut,0.8283726572990417,49,Ijazahnya Lulus Kan,0.8202506899833679
7587282003764314900,catslover738,di Kalbar ada ngk kk,0,0,122,Kalbar Ia Kebingungan,0.4458334743976593,39,Beasiswa Kkn Program,0.7399463653564453,6,Dimana Daerah Mana,0.7386332154273987
7587512167046693639,one.riga,ada s2 nya gk kak?,0,0,37,S2 Ada Doktoral,0.9685466885566711,39,Beasiswa Kkn Program,0.9056268930435181,120,Tanya Non S2Nya,0.8888412117958069
7587758000199500560,callsiho_,@Dede Nurul Yakin,0,0,26,Adek Duluan Nurul,0.7907595634460449,38,Ih Maba Grupnya,0.7198629975318909,122,Kalbar Ia Kebingungan,0.7193393707275391
7587822279104463623,cutieteddy_,s2 biologi murni ada ya?,0,0,50,S2 Pendidikan Hukum,0.9015868902206421,37,S2 Ada Doktoral,0.857251763343811,0,Jurusan Teknik Inggris,0.8512973189353943
7584300602294092565,baginda02_,kak apakah ada jurusan sastra jepang kak,0,0,0,Jurusan Teknik Inggris,0.877817690372467,120,Tanya Non S2Nya,0.8497434854507446,16,Apa Saja Jurusan,0.8256349563598633
7589608840918139656,uziiuzex,apakah Ada prodi cyber security,0,0,69,Apakah S1Hukum Perdagangan,0.8411931991577148,42,Jurusan Ekonomi Hukum,0.7003791332244873,134,Pjj Akre Industri,0.678936243057251
7590493223635141397,komaruzaman0,😁,0,0,29,Menyimak Nyimakkk Ut,0.9959731698036194,13,  ,1.0,61,  ,1.0
7591335745399767815,racunduniamaya100,💪,0,0,14,Fitriyani Andriani Udin69Can,0.9977331161499023,13,  ,1.0,61,  ,1.0
7591422957734429460,jkkofficial,Akreditasi ny apa ?,0,0,74,Akreditasinya Asia Siber,0.8449051976203918,134,Pjj Akre Industri,0.7838448286056519,84,Ngambil Ambil Apa,0.7807748317718506
7591749353581478672,tikarahmawat,😊,0,0,32,Merdeka Di ,0.99981689453125,13,  ,1.0,61,  ,1.0
7591749350796591873,tikarahmawat,🥰,0,0,29,Menyimak Nyimakkk Ut,0.9959731698036194,13,  ,1.0,61,  ,1.0
7591749350167397137,tikarahmawat,😁,0,0,29,Menyimak Nyimakkk Ut,0.9959731698036194,13,  ,1.0,61,  ,1.0
7591819458974876437,neupi05,apakah ada s1hukum,0,0,69,Apakah S1Hukum Perdagangan,0.9152345657348633,50,S2 Pendidikan Hukum,0.8490798473358154,37,S2 Ada Doktoral,0.7939239740371704
7592130535830045458,lies.elizzaa_,ada prodi apa aja ka,0,2,16,Apa Saja Jurusan,0.9499067664146423,84,Ngambil Ambil Apa,0.8567413687705994,0,Jurusan Teknik Inggris,0.8467445373535156
7592147904476775176,lies.elizzaa_,ga ada prodi Keguruan ya,0,0,0,Jurusan Teknik Inggris,0.8423112034797668,42,Jurusan Ekonomi Hukum,0.8405158519744873,132,Mending Ptnbh Alumni,0.7995193004608154
7593378120674444050,kristina28066,S2 nya ada kka,0,0,80,S2 S2Nya Nya,0.9206621646881104,95,S2 Belum Insyallah,0.8511785268783569,114,S2 Lita Anis,0.8464041948318481
7594168609712390929,syadilhsb,Utk thn 2026 sudah bs daftar kah?,0,1,79,Daftar Sudah Kamu,0.668716311454773,47,Daftar Gelombang Januari,0.7305452227592468,100,Umur Usia Irt,0.6795523166656494
7594380807142589202,univsiberasia,UNSIA saat ini masih membuka pendaftaran mahasiswa baru lhooo Kak🤩,0,0,54,Membuka Lho Mahasiswa,0.9531171321868896,66,Dibuka Mahasiswa Baru,0.8874408006668091,67,Program Belum Dibuka,0.8070105910301208
7594442339512435463,umma.bilal26,ga tersedia ftk?,0,0,125,Gratis Tersedia Pesan,0.729939877986908,90,Binus Adsfort Harga,0.6721587777137756,105,Swasta Oktober Situ,0.6395279169082642
7594860879205155592,trully_na,kak kalo mau dtng wisuda dikampusnya langsung ada syarat kusus ga?misal ipk brp gtu atau apa?,0,0,49,Ijazahnya Lulus Kan,0.8542777299880981,119,Teman Syarat Magang,0.8224712610244751,21,Malam Shift Begitu,0.8049765825271606
7533683869435347730,.kitakasihtahu_,😁,0,0,20,Yes  ,0.999908447265625,13,  ,1.0,61,  ,1.0
7470172646680855313,kagura92_,Kalau wisudanya gimn KK?,0,0,33,Bagaimana Wisudanya Tes,0.9121183156967163,127,Caranya Kuliahnya Bagaimana,0.8036010265350342,77,Per Berapa Semester,0.792102575302124
7471298995286065975,dedeh.khaira,😁,0,0,20,Yes  ,0.999908447265625,13,  ,1.0,61,  ,1.0
7478142556678636304,virgotaktik,"ada S2 akuntansi gak, tolong dong kl ada tmn tmn yg tau kampus mana yg ada program ini🙏",0,1,119,Teman Syarat Magang,0.8803445100784302,30,Korea Degree Min,0.7922608256340027,5,Kerja Negeri Kuliah,0.7882241010665894
7526096457750741761,makanterus961,Disini prodinya S1 semua kk,0,0,4,D3 S1 Lanjut,0.8000448346138,50,S2 Pendidikan Hukum,0.8080258965492249,95,S2 Belum Insyallah,0.8050973415374756
7484952325850415879,julparijki,ini gratis,0,0,125,Gratis Tersedia Pesan,0.8634661436080933,90,Binus Adsfort Harga,0.7886671423912048,126,Keren Mukanya Asing,0.7710514068603516
7501464721884250888,khsnhskma,😳,0,0,28,Asa Hum ,0.9997044801712036,13,  ,1.0,61,  ,1.0
7525946102928540424,tiarohaeni,biaya uktnya berapa kak,0,0,18,Berapa Biaya Bayar,0.9401492476463318,77,Per Berapa Semester,0.8726940155029297,31,Kapan Pendaftarannya Gelombang,0.8075765371322632
7526746573343376136,lanzzdly,min unsia swasta ya?,0,0,9,Kip Unsia Diterima,0.8476830124855042,30,Korea Degree Min,0.8113698363304138,56,Universitas Siber Asia,0.8032023906707764
7526846511960490760,indahchffh,😔,0,0,13,  ,1.0,61,  ,1.0,20,Yes  ,0.999908447265625
7527562536267350792,dayhoedwie2,😂,0,3,20,Yes  ,0.999908447265625,13,  ,1.0,61,  ,1.0
7584368668398666517,teresiahemelka,"mumpung ada yg online nih, tau²nya udah sarjana kan",0,0,64,Full Online Serba,0.7221881151199341,132,Mending Ptnbh Alumni,0.7238681316375732,34,Daftar Tinggal Baru,0.7091410160064697
7584351013198217992,dayhoedwie2,kepencet wkwkw,0,0,19,Com Nice Https,0.7410613298416138,38,Ih Maba Grupnya,0.6698161959648132,75,Iya Iyapp Introvert,0.6591038703918457
7584291751248233236,teresiahemelka,ngapa kak? gasss yuk,0,0,27,Join Grup Yuk,0.7747225761413574,121,Nitip Kabarin Mencari,0.7485392093658447,117,Boleh Bolehhh Dong,0.7368800640106201
7531187396248519425,ahriansyah911,🥰,0,0,29,Menyimak Nyimakkk Ut,0.9959731698036194,13,  ,1.0,61,  ,1.0
7531753508854268679,otyimd,😁,0,0,32,Merdeka Di ,0.99981689453125,13,  ,1.0,61,  ,1.0
7531872459969053456,jarzspay,🗿,0,0,29,Menyimak Nyimakkk Ut,0.9959731698036194,13,  ,1.0,61,  ,1.0
7533193840640066311,doen_doembye,apakah ada perdagangan internasional,0,1,69,Apakah S1Hukum Perdagangan,0.7656599283218384,42,Jurusan Ekonomi Hukum,0.6664580702781677,125,Gratis Tersedia Pesan,0.6570790410041809
7535017428154106632,univsiberasia,"Halo Kak, saat ini di UNSIA terdapat 5 prodi nih, yaitu komunikasi, akuntansi, sistem informasi, informatika, dan manajemen",0,0,136,Yaitu Akuntansi Terdapat,0.9744876027107239,63,Informasi Informatika Akuntansi,0.8990938663482666,67,Program Belum Dibuka,0.7459474802017212
7465280459054138120,waduhhhhhhhhh4,ada program ekstensi nya gak ya?,0,1,39,Beasiswa Kkn Program,0.8580645322799683,120,Tanya Non S2Nya,0.8091689348220825,11,Skripsi Sidang Tidak,0.8027451038360596
7524934052672439058,univsiberasia,"Halo Kak, ada ya😊",0,0,15,Hi Halo Dong,0.9099395275115967,51,Open Otw Pkl,0.8069092035293579,23,Dm Cek Izin,0.8018021583557129
7535131825929519890,nana_024.0,Ga ada jurusan bahasa Inggris atau sastra Inggris ya,0,0,0,Jurusan Teknik Inggris,0.8351007699966431,30,Korea Degree Min,0.7630274295806885,42,Jurusan Ekonomi Hukum,0.7472782135009766
7537495196553806593,ichaatrg,kak unsia Nerima mahasiswa transferan ga kak?,0,1,22,Pindahan Menerima Ut,0.8460860848426819,30,Korea Degree Min,0.8087137341499329,39,Beasiswa Kkn Program,0.8002595901489258
7537927984452666119,univsiberasia,"Halo Kakak, bisa ya melalui jalur konversi🤗",0,0,12,Konversi Jalur Melalui,0.9428244829177856,22,Pindahan Menerima Ut,0.7926399111747742,76,Paket Ijazah Sih,0.7566622495651245
7538046404174840594,dhania.brt,Apakah ada untuk s2 ?,0,0,69,Apakah S1Hukum Perdagangan,0.927739143371582,50,S2 Pendidikan Hukum,0.8459030985832214,37,S2 Ada Doktoral,0.8164105415344238
7538654450384225031,ramadhan18106,🥰,0,0,28,Asa Hum ,0.9997044801712036,13,  ,1.0,61,  ,1.0
7540439469280658194,aprilyanii230,bisa non TTM gk kak,0,0,120,Tanya Non S2Nya,0.8347651958465576,22,Pindahan Menerima Ut,0.8246918320655823,76,Paket Ijazah Sih,0.8193060159683228
7540959689434661633,pehngueri,pkl nya gimana kak,0,0,33,Bagaimana Wisudanya Tes,0.8987632393836975,127,Caranya Kuliahnya Bagaimana,0.8604555130004883,17,Cara Daftarnya Bagaimana,0.8446330428123474
7542122623178818321,aziizahnrr,ini full online smpe sarjana ga?,0,1,64,Full Online Serba,0.8377052545547485,115,Full Fisik Diunsia,0.7362358570098877,102,100 Fully Bk,0.7335648536682129
7571383038371906311,valentinostanleyy,"iya kak full online sampai sarjana, wisuda jd bisa online bs offline",1,0,71,Wisuda Uts Uas,0.9058841466903687,7,Offline Ujiannya Online,0.8505916595458984,64,Full Online Serba,0.8224319815635681
7543211524933763858,lengkara_25,😁,0,0,28,Asa Hum ,0.9997044801712036,13,  ,1.0,61,  ,1.0
7544374778221200145,aliakbar08075,"akreditasinya apa kak? a, b, atau c?",0,0,74,Akreditasinya Asia Siber,0.8579520583152771,84,Ngambil Ambil Apa,0.7629174590110779,132,Mending Ptnbh Alumni,0.7451487183570862
7581723666506367765,haiyahoke,"sistem kuliah nya gimana ? tolong jelasin.
dah muak sekali dengan ut 😭😭😭
hidup kayak dikejar kejar truss",10,6,57,Nilai Sesi Sabar,0.7983282804489136,59,Tugas Numpuk Tugasnya,0.7746889591217041,46,Ut Pengin Bidang,0.7557783126831055
7581762044187034376,univsiberasia,"Hi Kak, boleh DM Mimin aja ya untuk informasi lengkapnya🤩",1,0,36,Dm Admin Detailnya,0.9304453134536743,60,Admin Dm Boleh,0.9311568737030029,23,Dm Cek Izin,0.8121474981307983
7582392928850477845,171124n,luar pulau bisa gasi kk? aku dri bngkulu soalnya,1,0,76,Paket Ijazah Sih,0.7234567403793335,128,Main Kampusnya Kekampus,0.7540401220321655,104,Aman Unas Ciber,0.7329084873199463
7582493555508953872,bunnymoon.0,upp,0,0,82,Nrrjml Hbd Nz,0.9211292266845703,131,Next Up Gass,0.8565848469734192,14,Fitriyani Andriani Udin69Can,0.8369349837303162
7582677863658111745,hisouletter,"bisa kak, soalnya full online",0,0,108,Offline Onsite Onnline,0.8994778394699097,115,Full Fisik Diunsia,0.8756853342056274,112,Ujian Tes Online,0.8571288585662842
7585151670423798549,a.nmw0,"DM aku juga kak, aku pengen tau detail nya",0,0,23,Dm Cek Izin,0.8696718215942383,60,Admin Dm Boleh,0.8494290709495544,116,Ig Akun Sering,0.8403855562210083
7595039292763538183,alinpoetrya,Betul aku niatnya mau pindah 😌,0,0,88,Pindah Semester Ngulang,0.7081798315048218,38,Ih Maba Grupnya,0.7435247898101807,93,Jujur Review Kata,0.7002887725830078
7565489437905617671,apakauliat._____,kak saya dri kampus swasta semester 2 prodi manajemen akreditas BAIK terus mau pindah ke unsia jalur RPL prodi manajemen juga apakah mata kuliah saya bakal di akui oleh kampus untuk mata kuliah yang sama?,1,0,68,Rpl Pengalaman Jalur,0.6838560104370117,49,Ijazahnya Lulus Kan,0.8065299987792969,4,D3 S1 Lanjut,0.802019476890564
7616215593898214152,marzukialmahmudi,@ilham dawar:rekomendasi kuliah bk full online,0,0,102,100 Fully Bk,0.7601533532142639,42,Jurusan Ekonomi Hukum,0.642066240310669,64,Full Online Serba,0.6259151697158813
7585369957811192584,ta_urus96,Ka pangen Pindah dari pendidikan jasmani dan rekreasi bisa nggk ?,0,0,0,Jurusan Teknik Inggris,0.7371086478233337,88,Pindah Semester Ngulang,0.7546068429946899,132,Mending Ptnbh Alumni,0.7371999025344849
7585157591786455829,ikamusyarofah6,Halo kak pengen pindah dari UT bisa ngga ya semester 4 ?,0,0,88,Pindah Semester Ngulang,0.8676822185516357,22,Pindahan Menerima Ut,0.8606845736503601,49,Ijazahnya Lulus Kan,0.8592284917831421
7584300602294092565,baginda02_,kak apakah ada jurusan sastra jepang kak,0,0,0,Jurusan Teknik Inggris,0.877817690372467,120,Tanya Non S2Nya,0.8497434854507446,16,Apa Saja Jurusan,0.8256349563598633
7583670081248690951,_cappuccino12,"ini onlinenya harus tatap muka min? (zoom, dsj)
atau bisa juga gak?",0,0,7,Offline Ujiannya Online,0.7531131505966187,115,Full Fisik Diunsia,0.7623986005783081,64,Full Online Serba,0.7297595739364624
7583719993613271815,yuga_baex,kak kalo nerusin d3 ke s1 apakah bisa,0,0,4,D3 S1 Lanjut,0.9311307668685913,50,S2 Pendidikan Hukum,0.8047016859054565,119,Teman Syarat Magang,0.800004243850708
7582936136318911248,silviyati89,batas umur brapak ak,0,0,65,Angkatan Berapa Kira,0.7789620161056519,100,Umur Usia Irt,0.6944032907485962,38,Ih Maba Grupnya,0.6844092011451721
7582863699607454471,gxsahkpo,ini sistem ny gimana k,0,0,107,Daftarnya Cara Bagaimana,0.7962900400161743,127,Caranya Kuliahnya Bagaimana,0.7549363970756531,33,Bagaimana Wisudanya Tes,0.7527744770050049
7579839614505419541,anggiyuzu,Ini bayarnya bisa dana ga?,0,0,77,Per Berapa Semester,0.6096674203872681,115,Full Fisik Diunsia,0.7097734212875366,93,Jujur Review Kata,0.7028903961181641
7579526805146452743,fhennxixi09,itu dimana sih😭,0,0,6,Dimana Daerah Mana,0.8544920682907104,51,Open Otw Pkl,0.7419590950012207,134,Pjj Akre Industri,0.7305985689163208
7579320218398491400,heheh99999,"full online apa gimana kak, soalnya aku di Kalimantan Barat",0,0,64,Full Online Serba,0.7859479188919067,7,Offline Ujiannya Online,0.800710916519165,108,Offline Onsite Onnline,0.7913122177124023
7579082370838823700,ardaaxuxi_,kenapa aku baru tau setelah udh menjalankan 4 smt di UT😭,0,0,22,Pindahan Menerima Ut,0.6439162492752075,57,Nilai Sesi Sabar,0.710564911365509,132,Mending Ptnbh Alumni,0.7059121131896973
7578428713780577041,estiprasasti2,kak ada jurusan PG Paud?,0,0,0,Jurusan Teknik Inggris,0.8527268171310425,84,Ngambil Ambil Apa,0.8188007473945618,37,S2 Ada Doktoral,0.8074526786804199
7578172818640388872,amsorrrrriiii,gk ada jurusan teknik mesin ya,0,0,0,Jurusan Teknik Inggris,0.8683054447174072,42,Jurusan Ekonomi Hukum,0.8351588249206543,132,Mending Ptnbh Alumni,0.7869002819061279
7578012995915268884,otheryser,cara mau pindah dari ut ke sini gmna min?btw baru sem 1 di ut😭,0,0,88,Pindah Semester Ngulang,0.8237166404724121,22,Pindahan Menerima Ut,0.8138376474380493,5,Kerja Negeri Kuliah,0.7837926149368286
7577831711154930449,depuspits,khusus s1 ya? bisa buat daftar d3?,0,0,4,D3 S1 Lanjut,0.8732429146766663,50,S2 Pendidikan Hukum,0.8181524276733398,95,S2 Belum Insyallah,0.788860559463501
7577833239190291217,itsmechiichan,ada S2 ga?,0,0,114,S2 Lita Anis,0.9697138667106628,80,S2 S2Nya Nya,0.8712927103042603,42,Jurusan Ekonomi Hukum,0.8448559045791626
7577780055801217793,lulv_00,ada jurusan apa aja kak? aku dari d3 tekim mau lanjut s1,0,0,4,D3 S1 Lanjut,0.8979272842407227,119,Teman Syarat Magang,0.8649389147758484,16,Apa Saja Jurusan,0.8406037092208862
7577773950081139464,deepbreath_0,ada s2 nya?,0,0,80,S2 S2Nya Nya,0.9501487016677856,114,S2 Lita Anis,0.9012786149978638,95,S2 Belum Insyallah,0.841782808303833
7577730404020060946,abangkuat59,"UNSIA ini dimana ya?
saya umur 25 tahun masih bisa daftar?",0,0,100,Umur Usia Irt,0.84051513671875,30,Korea Degree Min,0.7777491807937622,9,Kip Unsia Diterima,0.7700263261795044
7577558792293237522,user6594297055815,Jurusan sastra Inggris ada gak kak?,0,0,0,Jurusan Teknik Inggris,0.9138953685760498,16,Apa Saja Jurusan,0.8558791279792786,37,S2 Ada Doktoral,0.8489917516708374
7577302942203806484,asciiayuningsih,hallo kak. untuk kode reffreal masukkinnya gmn ya kak,0,0,17,Cara Daftarnya Bagaimana,0.833775520324707,91,Ulang Bayar Isi,0.7801263332366943,120,Tanya Non S2Nya,0.7687517404556274
7577238364647129857,akakcica,akreditasinya apa kak yg prodi manajemen?,0,0,74,Akreditasinya Asia Siber,0.8896257877349854,16,Apa Saja Jurusan,0.832957923412323,0,Jurusan Teknik Inggris,0.829686164855957
7576648027709670152,robbi.dulfitriana,ada S2nya?,0,0,80,S2 S2Nya Nya,0.92503821849823,114,S2 Lita Anis,0.8823205232620239,95,S2 Belum Insyallah,0.8237476348876953
7576594430195974932,lostcontrol612,KA S2 ada enggak ???,0,0,37,S2 Ada Doktoral,0.9136296510696411,80,S2 S2Nya Nya,0.8606256246566772,114,S2 Lita Anis,0.8488449454307556
7576519349148041991,chandz5,min mau tanya kalo dari D3 ke S1 biaya nya berapa ya ? smaa jurusannya ada apa aja di unsia ?,0,0,4,D3 S1 Lanjut,0.8759316802024841,49,Ijazahnya Lulus Kan,0.844383716583252,119,Teman Syarat Magang,0.8389361500740051
7575913589430256402,eeefff211,s2 ada belum,0,0,114,S2 Lita Anis,0.9382748603820801,80,S2 S2Nya Nya,0.8837172389030457,95,S2 Belum Insyallah,0.8496822118759155
7575888129355514641,ayuandhin_,sudah kelewat daftar nya😭,0,0,79,Daftar Sudah Kamu,0.7126168012619019,43,Belum Huhu Nih,0.7290929555892944,57,Nilai Sesi Sabar,0.7068345546722412
7575808252844999442,yowes0405,S1 manajemen bisnis biaya brp kk,0,0,99,Biayanya Biaya Berapa,0.6502336263656616,50,S2 Pendidikan Hukum,0.7709639668464661,4,D3 S1 Lanjut,0.7440911531448364
7574335840105693960,ciol_oyong,Kalau D3 Lanjut ke s1 bs nggak kak?,0,0,4,D3 S1 Lanjut,0.9536223411560059,37,S2 Ada Doktoral,0.8512629866600037,50,S2 Pendidikan Hukum,0.836988627910614
7573595444728726279,oliveberlayar,ada jurusan apa aja ya,0,0,16,Apa Saja Jurusan,0.9399773478507996,84,Ngambil Ambil Apa,0.8493638634681702,0,Jurusan Teknik Inggris,0.8410986661911011
7573061088619610888,nurlenni6,ada jurusan pendidikan ips ga?,0,0,42,Jurusan Ekonomi Hukum,0.9142767190933228,0,Jurusan Teknik Inggris,0.8630302548408508,50,S2 Pendidikan Hukum,0.8219999074935913
7572550977094746898,ffafiniiiii,biayanya gimana?,0,0,99,Biayanya Biaya Berapa,0.8847827911376953,107,Daftarnya Cara Bagaimana,0.7669389843940735,125,Gratis Tersedia Pesan,0.7557411193847656
7570926541753107218,berlyanfawnia,rekam medis ada kk,0,0,51,Open Otw Pkl,0.7655800580978394,26,Adek Duluan Nurul,0.6968979835510254,11,Skripsi Sidang Tidak,0.6949223875999451
7570231814653149973,kakashienta,Untuk S1 Kebidanan ada gk kk Trimahkasih,0,0,50,S2 Pendidikan Hukum,0.8228812217712402,120,Tanya Non S2Nya,0.7982878088951111,4,D3 S1 Lanjut,0.7874878644943237
7569293679355069205,gy_dy_,S2 keperawatan ada g ?,0,0,50,S2 Pendidikan Hukum,0.9010887145996094,42,Jurusan Ekonomi Hukum,0.8306357860565186,114,S2 Lita Anis,0.8130265474319458
7569279684878549761,jejak_kata,ada jurusan Hukum Ekonomi Syari’ah,0,0,42,Jurusan Ekonomi Hukum,0.852304220199585,50,S2 Pendidikan Hukum,0.7415117025375366,0,Jurusan Teknik Inggris,0.7387152910232544
7569209287517455125,oliviactr,Pgsd ada gk kk,0,0,0,Jurusan Teknik Inggris,0.8337274789810181,37,S2 Ada Doktoral,0.8445473313331604,11,Skripsi Sidang Tidak,0.8063986301422119
7568510859916559124,iyyoooeh,S2 Manajemen ada ga kak?,0,0,50,S2 Pendidikan Hukum,0.9441342353820801,37,S2 Ada Doktoral,0.9370126128196716,0,Jurusan Teknik Inggris,0.9015517234802246
7566226004588806932,mulyana4988,pingin jurusan psikologi,0,0,42,Jurusan Ekonomi Hukum,0.8174394369125366,105,Swasta Oktober Situ,0.7425231337547302,56,Universitas Siber Asia,0.731270432472229
7562584159157338901,vidyasaput,S1 keperawatan ada gk kak?,0,0,50,S2 Pendidikan Hukum,0.9286696910858154,37,S2 Ada Doktoral,0.8940321207046509,0,Jurusan Teknik Inggris,0.8729258179664612
7560920454636208903,yeni.ad125,konversi prodi pgmi ada,0,0,42,Jurusan Ekonomi Hukum,0.8145112991333008,50,S2 Pendidikan Hukum,0.7006680965423584,114,S2 Lita Anis,0.6920000910758972
7559752760263066388,rahmat_rifki,S2 manajemen Dakwah ada GK KK ?,0,0,50,S2 Pendidikan Hukum,0.8861548900604248,37,S2 Ada Doktoral,0.8316372036933899,0,Jurusan Teknik Inggris,0.8155127763748169
7557625285399544594,ali.alghazali451,saya ingin kuliah tapi kendala biaya,0,0,46,Ut Pengin Bidang,0.6588640213012695,100,Umur Usia Irt,0.6977144479751587,5,Kerja Negeri Kuliah,0.6890644431114197
7555271606677259016,bulbulz_,s2 informatika ada?,0,0,80,S2 S2Nya Nya,0.8115177750587463,114,S2 Lita Anis,0.8515130281448364,42,Jurusan Ekonomi Hukum,0.8409180045127869
7554638062774043409,imwhydrt,ada S2 Cyber security ga kak ?,0,0,37,S2 Ada Doktoral,0.8819888830184937,39,Beasiswa Kkn Program,0.8353874087333679,0,Jurusan Teknik Inggris,0.8255835771560669
7554380202157146887,audyf.n,manajemen pendidikan ada bu?,0,0,42,Jurusan Ekonomi Hukum,0.7825357913970947,114,S2 Lita Anis,0.7019667625427246,11,Skripsi Sidang Tidak,0.6919415593147278
7554324943245411089,na_ikna8,ada jurusan perpustakaan ga kk,0,0,0,Jurusan Teknik Inggris,0.8875635266304016,42,Jurusan Ekonomi Hukum,0.8363361954689026,37,S2 Ada Doktoral,0.8356261253356934
7553630103516660488,hallomuyassar,UT solusi nya mbak,0,0,35,Infonya Terima Kasih,0.7526852488517761,127,Caranya Kuliahnya Bagaimana,0.7303299903869629,41,Info Link Cara,0.7041687965393066
7553450752954729233,bahrimuhammad77,ka ada jurusan agama islam kah untuk S2 nya,0,0,114,S2 Lita Anis,0.6683369874954224,50,S2 Pendidikan Hukum,0.8717986941337585,119,Teman Syarat Magang,0.8497709035873413
7552864097860240135,nhovy11242,pariwisata ada ngga ka?,0,0,11,Skripsi Sidang Tidak,0.8708420991897583,51,Open Otw Pkl,0.8511708974838257,39,Beasiswa Kkn Program,0.8409789800643921
7551751008667468545,llnsp14,ada nomor wa yg BSA dihubungin ka🥰,0,0,52,Web Lewat Kemana,0.783507764339447,60,Admin Dm Boleh,0.7798210382461548,36,Dm Admin Detailnya,0.7672010660171509
7550936917186216705,gracedankaksofi,perbankan dan keuangan ada kak?,0,0,42,Jurusan Ekonomi Hukum,0.7691332101821899,63,Informasi Informatika Akuntansi,0.6899027824401855,0,Jurusan Teknik Inggris,0.6898162364959717
7550650250941252360,echadt,program doktor ada kak?,0,0,67,Program Belum Dibuka,0.6556673049926758,51,Open Otw Pkl,0.805060863494873,114,S2 Lita Anis,0.7810710072517395
7548443351801627410,frans6077,di Jogja ada kah campus nya,0,0,56,Universitas Siber Asia,0.6356130838394165,39,Beasiswa Kkn Program,0.7209045886993408,6,Dimana Daerah Mana,0.7050973176956177
7548398482170266386,cicicaalia_,kak ada jurusan desain visual ?,0,0,0,Jurusan Teknik Inggris,0.880927562713623,42,Jurusan Ekonomi Hukum,0.8162878751754761,84,Ngambil Ambil Apa,0.8111306428909302
7547643381369307912,nimro.hayati,kak kalo komputer kaj ada,0,0,0,Jurusan Teknik Inggris,0.7654697895050049,51,Open Otw Pkl,0.7910731434822083,108,Offline Onsite Onnline,0.7879663705825806
7545804180884046610,astrea_licik,ada jurusan elektro yang online,0,0,42,Jurusan Ekonomi Hukum,0.8524412512779236,0,Jurusan Teknik Inggris,0.7900327444076538,132,Mending Ptnbh Alumni,0.7742955684661865
7544374778221200145,aliakbar08075,"akreditasinya apa kak? a, b, atau c?",0,0,74,Akreditasinya Asia Siber,0.8579521179199219,84,Ngambil Ambil Apa,0.7629175782203674,132,Mending Ptnbh Alumni,0.745148777961731
7540959689434661633,pehngueri,pkl nya gimana kak,0,0,33,Bagaimana Wisudanya Tes,0.8987634181976318,127,Caranya Kuliahnya Bagaimana,0.8604556918144226,17,Cara Daftarnya Bagaimana,0.8446332216262817
7540439469280658194,aprilyanii230,bisa non TTM gk kak,0,0,120,Tanya Non S2Nya,0.8347651958465576,22,Pindahan Menerima Ut,0.8246918320655823,76,Paket Ijazah Sih,0.8193060159683228
7538046404174840594,dhania.brt,Apakah ada untuk s2 ?,0,0,69,Apakah S1Hukum Perdagangan,0.927739143371582,50,S2 Pendidikan Hukum,0.8459030985832214,37,S2 Ada Doktoral,0.8164105415344238
7535131825929519890,nana_024.0,Ga ada jurusan bahasa Inggris atau sastra Inggris ya,0,0,0,Jurusan Teknik Inggris,0.8351007699966431,30,Korea Degree Min,0.7630274295806885,42,Jurusan Ekonomi Hukum,0.7472782135009766
7526746573343376136,lanzzdly,min unsia swasta ya?,0,0,9,Kip Unsia Diterima,0.8476830720901489,30,Korea Degree Min,0.8113698959350586,56,Universitas Siber Asia,0.8032023906707764
7525946102928540424,tiarohaeni,biaya uktnya berapa kak,0,0,18,Berapa Biaya Bayar,0.9401493072509766,77,Per Berapa Semester,0.8726940155029297,31,Kapan Pendaftarannya Gelombang,0.8075765371322632
7484952325850415879,julparijki,ini gratis,0,0,125,Gratis Tersedia Pesan,0.8634661436080933,90,Binus Adsfort Harga,0.7886671423912048,126,Keren Mukanya Asing,0.7710514068603516
7470172646680855313,kagura92_,Kalau wisudanya gimn KK?,0,0,33,Bagaimana Wisudanya Tes,0.9121183156967163,127,Caranya Kuliahnya Bagaimana,0.8036010265350342,77,Per Berapa Semester,0.792102575302124
7456254383279670022,rvnnelf,ka bisa apply kipk/kjmu juga ga kalo daftar kampus ini?,0,0,22,Pindahan Menerima Ut,0.8736752867698669,30,Korea Degree Min,0.8567512035369873,39,Beasiswa Kkn Program,0.8539295196533203
7449656061299360519,kabita5426,ka jurusan teknik mesin ada ga?,0,0,0,Jurusan Teknik Inggris,0.9090539216995239,16,Apa Saja Jurusan,0.8576967716217041,50,S2 Pendidikan Hukum,0.8530776500701904
7434011594600563463,alexander.firnand1,Wisudanya offline atau online kak?,0,0,7,Offline Ujiannya Online,0.904757022857666,112,Ujian Tes Online,0.8609354496002197,108,Offline Onsite Onnline,0.8466326594352722
7417459939424600837,gigy_atyka,Kalau di UNSIA bisa pakai KIP tidak?,0,0,74,Akreditasinya Asia Siber,0.7820284962654114,22,Pindahan Menerima Ut,0.8326414227485657,76,Paket Ijazah Sih,0.8222360610961914
7417285903667200773,ariyatiiiiiii,akreditasi nya apa kak,0,0,74,Akreditasinya Asia Siber,0.8979136347770691,84,Ngambil Ambil Apa,0.851547122001648,33,Bagaimana Wisudanya Tes,0.8483496904373169
7402996020701954822,feytatinggulu7,ada jurusan hukum gk?,0,0,42,Jurusan Ekonomi Hukum,0.9428431987762451,0,Jurusan Teknik Inggris,0.8472424745559692,114,S2 Lita Anis,0.8363746404647827
7346060744067482373,sweetlymy04,kak apa bisa daftar klo dari luar kota?,0,0,22,Pindahan Menerima Ut,0.8790535926818848,120,Tanya Non S2Nya,0.8434348702430725,52,Web Lewat Kemana,0.8384942412376404
7344744864187908869,duyungdarat0623,kak kalo misalnya kita nya kerja diluar negeri tapi kuliah online Disni bisa gak?,0,0,5,Kerja Negeri Kuliah,0.8947266340255737,49,Ijazahnya Lulus Kan,0.8634635210037231,21,Malam Shift Begitu,0.8484086394309998
7343496253844685573,handayan91,min ada grupnya buat maba nggak,0,0,38,Ih Maba Grupnya,0.6135514974594116,39,Beasiswa Kkn Program,0.8326800465583801,120,Tanya Non S2Nya,0.8118175864219666
7320612967446364934,ldrhm48,kapan buka pendaftaran kk?,0,0,3,Buka Pendaftaran Masih,0.8662391304969788,31,Kapan Pendaftarannya Gelombang,0.8833425045013428,78,Kapan Min Gel,0.8637400269508362
7313422370784494342,sandrabarbarrrr,mau kakk,0,0,135,Infoin Mau Lantang,0.9015587568283081,87,Hihi Jugakk Wakty,0.8620047569274902,117,Boleh Bolehhh Dong,0.8505421280860901
7291346150290948869,4qu4riu5_,jurusan apa aja,0,0,16,Apa Saja Jurusan,0.8640934228897095,42,Jurusan Ekonomi Hukum,0.7793951034545898,84,Ngambil Ambil Apa,0.774081826210022
7274387698893472517,imnotyyoours,min ada program pasca sarjana ga min,0,0,37,S2 Ada Doktoral,0.8333681225776672,50,S2 Pendidikan Hukum,0.8576138615608215,30,Korea Degree Min,0.8477073907852173
7256828668860302085,sweatimes,Berapa tahun kak?,0,0,65,Angkatan Berapa Kira,0.8492599725723267,135,Infoin Mau Lantang,0.7862753868103027,6,Dimana Daerah Mana,0.7579344511032104
7250582162377769733,aldosiregar_24,ada linknya tidak,0,0,11,Skripsi Sidang Tidak,0.8505978584289551,51,Open Otw Pkl,0.8005497455596924,45,Enggak Ribet Fh,0.7550395727157593
7274387708818031365,imnotyyoours,ad program s2 ga min,0,0,73,Program Dibuka Saat,0.7140631079673767,50,S2 Pendidikan Hukum,0.9096152782440186,37,S2 Ada Doktoral,0.8894227743148804
7527562536267350792,dayhoedwie2,😂,0,3,32,Merdeka Di ,0.99981689453125,13,  ,1.0,61,  ,1.0
7584368668398666517,teresiahemelka,"mumpung ada yg online nih, tau²nya udah sarjana kan",0,0,64,Full Online Serba,0.7221881151199341,132,Mending Ptnbh Alumni,0.7238681316375732,34,Daftar Tinggal Baru,0.7091410160064697
7584351013198217992,dayhoedwie2,kepencet wkwkw,0,0,19,Com Nice Https,0.7410613298416138,38,Ih Maba Grupnya,0.6698161959648132,75,Iya Iyapp Introvert,0.6591037511825562
7584291751248233236,teresiahemelka,ngapa kak? gasss yuk,0,0,27,Join Grup Yuk,0.774722695350647,121,Nitip Kabarin Mencari,0.7485393285751343,117,Boleh Bolehhh Dong,0.7368800640106201
7561982678083502855,shintaaandinii,@Yaaaa,0,1,75,Iya Iyapp Introvert,0.8644800186157227,29,Menyimak Nyimakkk Ut,0.8554319739341736,40,One Yaallahh Day,0.8527374267578125
7562208433442308882,ristia038,LAMPU KAKA,0,0,26,Adek Duluan Nurul,0.8008054494857788,122,Kalbar Ia Kebingungan,0.7553614377975464,90,Binus Adsfort Harga,0.742753267288208
7577675980815860481,lian_2738,@Andriani @Kelsa caine,2,0,14,Fitriyani Andriani Udin69Can,0.5863615274429321,103,Ilkom Ieu Balang,0.6270121335983276,90,Binus Adsfort Harga,0.6104891300201416
7632505100217467665,arifve_09,😁,0,0,29,Menyimak Nyimakkk Ut,0.9959731698036194,13,  ,1.0,61,  ,1.0
7596183819611702036,meypcrnyajay,👈,0,0,61,  ,1.0,13,  ,1.0,20,Yes  ,0.999908447265625
7595242963660440327,oikiboyyyyy,🗿,0,0,20,Yes  ,0.999908447265625,13,  ,1.0,61,  ,1.0
7591749350796591873,tikarahmawat,🥰,0,0,28,Asa Hum ,0.9997044801712036,13,  ,1.0,61,  ,1.0
7591749353581478672,tikarahmawat,😊,0,0,14,Fitriyani Andriani Udin69Can,0.9977331161499023,13,  ,1.0,61,  ,1.0
7591749350167397137,tikarahmawat,😁,0,0,14,Fitriyani Andriani Udin69Can,0.9977331161499023,13,  ,1.0,61,  ,1.0
7591335745399767815,racunduniamaya100,💪,0,0,61,  ,1.0,13,  ,1.0,20,Yes  ,0.999908447265625
7590493223635141397,komaruzaman0,😁,0,0,40,One Yaallahh Day,0.9992661476135254,13,  ,1.0,61,  ,1.0
7587758000199500560,callsiho_,@Dede Nurul Yakin,0,0,26,Adek Duluan Nurul,0.7907595634460449,38,Ih Maba Grupnya,0.7198629379272461,122,Kalbar Ia Kebingungan,0.7193394303321838
7586697437152133906,nurandinititin,😁,0,0,14,Fitriyani Andriani Udin69Can,0.9977331161499023,13,  ,1.0,61,  ,1.0
7585158909272605461,wndsra25,😭,0,0,32,Merdeka Di ,0.99981689453125,13,  ,1.0,61,  ,1.0
7581119904729187093,lesta_tika,😅,0,0,20,Yes  ,0.999908447265625,13,  ,1.0,61,  ,1.0
7580718291669500673,fikri_maulana21,😁,0,0,13,  ,1.0,61,  ,1.0,20,Yes  ,0.999908447265625
7580405415482737415,ardnrm4,😂,0,0,28,Asa Hum ,0.9997044801712036,13,  ,1.0,61,  ,1.0
7578469854010442503,sriagustina406,😳,0,0,13,  ,1.0,61,  ,1.0,20,Yes  ,0.999908447265625
7575109890789573397,faisalgucci,😁,0,0,32,Merdeka Di ,0.99981689453125,13,  ,1.0,61,  ,1.0
7573990502233473799,stnrhyn210795,😆,0,0,40,One Yaallahh Day,0.9992661476135254,13,  ,1.0,61,  ,1.0
7573258030650196744,yuliyu0232,😂,0,0,29,Menyimak Nyimakkk Ut,0.9959731698036194,13,  ,1.0,61,  ,1.0
7571525550134231816,tukang_halu91,😅,0,0,13,  ,1.0,61,  ,1.0,20,Yes  ,0.999908447265625
7569043655224460049,vequellezy,@kinaraaaa @moyawror,0,0,103,Ilkom Ieu Balang,0.7829781770706177,19,Com Nice Https,0.628632128238678,26,Adek Duluan Nurul,0.5643723011016846
7569022599096304405,foell__,🥰🥰🥰,0,0,40,One Yaallahh Day,0.9992661476135254,13,  ,1.0,61,  ,1.0
7568791641907462919,sweetzuul,🥰🥰🥰,0,0,20,Yes  ,0.999908447265625,13,  ,1.0,61,  ,1.0
7568749118635787016,ahjenayy,😭,0,0,13,  ,1.0,61,  ,1.0,20,Yes  ,0.999908447265625
7568512772029776647,jerukkur,🥰,0,0,13,  ,1.0,61,  ,1.0,20,Yes  ,0.999908447265625
7568496999504134930,elevena.6,🌷,0,0,32,Merdeka Di ,0.99981689453125,13,  ,1.0,61,  ,1.0
7564098953052062482,usern0tf0undl0,😂,0,0,29,Menyimak Nyimakkk Ut,0.9959731698036194,13,  ,1.0,61,  ,1.0
7564091675813184277,neli9812,😂,0,0,40,One Yaallahh Day,0.9992661476135254,13,  ,1.0,61,  ,1.0
7560849450982998802,itsme.tiiaaraa,😭,0,0,20,Yes  ,0.999908447265625,13,  ,1.0,61,  ,1.0
7560221092490167058,yogapratama22340,🥰,0,0,40,One Yaallahh Day,0.9992661476135254,13,  ,1.0,61,  ,1.0
7558888279124755207,mhmdzidan017,😂,0,0,28,Asa Hum ,0.9997044801712036,13,  ,1.0,61,  ,1.0
7558851937640530689,user67453830180656,🗿,0,0,14,Fitriyani Andriani Udin69Can,0.9977331161499023,13,  ,1.0,61,  ,1.0
7550139952966763272,250106privates,😁,0,0,20,Yes  ,0.999908447265625,13,  ,1.0,61,  ,1.0
7543211524933763858,lengkara_25,😁,0,0,13,  ,1.0,61,  ,1.0,20,Yes  ,0.999908447265625
7538654450384225031,ramadhan18106,🥰,0,0,28,Asa Hum ,0.9997044801712036,13,  ,1.0,61,  ,1.0
7533683869435347730,.kitakasihtahu_,😁,0,0,13,  ,1.0,61,  ,1.0,20,Yes  ,0.999908447265625
7531872459969053456,jarzspay,🗿,0,0,29,Menyimak Nyimakkk Ut,0.9959731698036194,13,  ,1.0,61,  ,1.0
7531753508854268679,otyimd,😁,0,0,28,Asa Hum ,0.9997044801712036,13,  ,1.0,61,  ,1.0
7531187396248519425,ahriansyah911,🥰,0,0,20,Yes  ,0.999908447265625,13,  ,1.0,61,  ,1.0
7526846511960490760,indahchffh,😔,0,0,20,Yes  ,0.999908447265625,13,  ,1.0,61,  ,1.0
7501464721884250888,khsnhskma,😳,0,0,29,Menyimak Nyimakkk Ut,0.9959731698036194,13,  ,1.0,61,  ,1.0
7471298995286065975,dedeh.khaira,😁,0,0,13,  ,1.0,61,  ,1.0,20,Yes  ,0.999908447265625
7445435484299641618,dhoni.ajja,🔥,0,0,20,Yes  ,0.999908447265625,13,  ,1.0,61,  ,1.0
7210850517811462939,mharyo_s88,😳😳😳,0,0,28,Asa Hum ,0.9997044801712036,13,  ,1.0,61,  ,1.0
7478142556678636304,virgotaktik,"ada S2 akuntansi gak, tolong dong kl ada tmn tmn yg tau kampus mana yg ada program ini🙏",0,1,119,Teman Syarat Magang,0.8803445100784302,30,Korea Degree Min,0.7922608256340027,5,Kerja Negeri Kuliah,0.7882241010665894
7526096457750741761,makanterus961,Disini prodinya S1 semua kk,0,0,4,D3 S1 Lanjut,0.8000450134277344,50,S2 Pendidikan Hukum,0.8080260157585144,95,S2 Belum Insyallah,0.8050974607467651
7579583520517014288,papajex5,tambahin jurusan dong min,0,0,16,Apa Saja Jurusan,0.7378679513931274,133,Spill Alisnya Spil,0.7739609479904175,84,Ngambil Ambil Apa,0.7729800343513489
7577972606402298642,noprirezaaa,Mau dong,0,0,135,Infoin Mau Lantang,0.8317313194274902,24,Ayo Ikutt Ikut,0.8373007774353027,117,Boleh Bolehhh Dong,0.8342795372009277
7591819458974876437,neupi05,apakah ada s1hukum,0,0,69,Apakah S1Hukum Perdagangan,0.9152345061302185,50,S2 Pendidikan Hukum,0.8490797281265259,37,S2 Ada Doktoral,0.7939239740371704
7567390846871323399,ri.ia,dri ut ke unsia bsa ga ya,97,50,22,Pindahan Menerima Ut,0.9016699194908142,30,Korea Degree Min,0.8335879445075989,76,Paket Ijazah Sih,0.807615339756012
7568450609259971348,violetv.m___,infoin jugaa kak😭😭,4,0,135,Infoin Mau Lantang,0.77144855260849,41,Info Link Cara,0.8114883899688721,23,Dm Cek Izin,0.8055776357650757
7568452490111681298,apasajalah_7,"Okee kak, aku dh cape bngt di ut😭😭",41,0,57,Nilai Sesi Sabar,0.8359214067459106,34,Daftar Tinggal Baru,0.787156879901886,46,Ut Pengin Bidang,0.7488710880279541
7568480690036196103,lalaorangecounty,boleh spill ga kak kenapa capenya bangett?,0,0,133,Spill Alisnya Spil,0.8281415700912476,115,Full Fisik Diunsia,0.7624469995498657,123,Jam Kelas Karyawan,0.7593747973442078
7568484840069710600,apasajalah_7,"Aku irt + busui kak, dulu walaupun di kejar” sama tugas aku ttp nyanggupin, tpi karna sekarang kurba jdi ga fleksibel bagi aku, karna adanya tuweb (tutorial webinar) + ada tugas bikin video trs di up di sosmed gitu",17,0,59,Tugas Numpuk Tugasnya,0.818980872631073,46,Ut Pengin Bidang,0.7632750868797302,21,Malam Shift Begitu,0.7619019150733948
7569188253007594258,lalaorangecounty,"ohh gitu, makasii kak",0,0,35,Infonya Terima Kasih,0.8867656588554382,98,Terima Kasih Murid,0.8202553391456604,81,Iya Oke Orang,0.8127224445343018
7584785972535264016,twlgh9,knapa kak? pusing kah kuliah di UT?🙏 aku lgi cari² kuliah untk online,0,0,57,Nilai Sesi Sabar,0.7333099842071533,5,Kerja Negeri Kuliah,0.7785930633544922,46,Ut Pengin Bidang,0.7747666835784912
7584793007510881032,apasajalah_7,"Bngtt kak, karna kurba",1,0,135,Infoin Mau Lantang,0.7862019538879395,38,Ih Maba Grupnya,0.8040796518325806,81,Iya Oke Orang,0.7541226148605347
7584795435040424705,twlgh9,udh daftar unsia kak?,0,0,9,Kip Unsia Diterima,0.839866042137146,79,Daftar Sudah Kamu,0.8820207118988037,34,Daftar Tinggal Baru,0.8219472169876099
7592114821810963220,user17v4,😭,0,0,32,Merdeka Di ,0.99981689453125,13,  ,1.0,61,  ,1.0
7568469612409438996,violetv.m___,kakk aku dm bolehh gaa??😭😭,0,0,23,Dm Cek Izin,0.8693054914474487,117,Boleh Bolehhh Dong,0.8153295516967773,135,Infoin Mau Lantang,0.7979925274848938
7568469764067590920,apasajalah_7,Boleh ka aman aja,0,0,104,Aman Unas Ciber,0.7473469972610474,117,Boleh Bolehhh Dong,0.8285841941833496,135,Infoin Mau Lantang,0.8080958127975464
7570696517209981703,raazarsy,kaaa baless dm akuuu,0,0,23,Dm Cek Izin,0.8893740177154541,116,Ig Akun Sering,0.7755900621414185,60,Admin Dm Boleh,0.7653125524520874
7591920567939318535,herinamutiasarii,gmn caranya kak,0,0,127,Caranya Kuliahnya Bagaimana,0.9210395812988281,17,Cara Daftarnya Bagaimana,0.819669246673584,107,Daftarnya Cara Bagaimana,0.813055694103241
7569268637996647186,whokyy332,udah stress bgt kayany ka di ut😭😂,1,0,57,Nilai Sesi Sabar,0.8549411296844482,59,Tugas Numpuk Tugasnya,0.7529964447021484,46,Ut Pengin Bidang,0.7311693429946899
7569345898481943314,apasajalah_7,"Awalnya biasa aja, tpi karna kurba jdi stress😭",3,0,57,Nilai Sesi Sabar,0.6278523206710815,93,Jujur Review Kata,0.5947587490081787,59,Tugas Numpuk Tugasnya,0.5914955139160156
7639738718366139144,nuqia77,"kak maaf mau nanya, bedanya kurikulum lama sama yang baru apa kak? saya maba UT baru semester 1 ini, makasih 🙏🏼",0,0,98,Terima Kasih Murid,0.5980503559112549,49,Ijazahnya Lulus Kan,0.8240116834640503,120,Tanya Non S2Nya,0.8177226781845093
7635820250155762453,morningpersonz,sama Lagi aku udh di smster 10 malah blm lulus2🤣.udh capek maksimal,0,0,57,Nilai Sesi Sabar,0.8446370959281921,59,Tugas Numpuk Tugasnya,0.8105042576789856,46,Ut Pengin Bidang,0.7789738178253174
7635820670450058005,apasajalah_7,Ko bisa sampai semester segitu😭😭,0,0,88,Pindah Semester Ngulang,0.7568851709365845,100,Umur Usia Irt,0.7474954128265381,57,Nilai Sesi Sabar,0.7474483251571655
7635849216007799573,morningpersonz,suka ke skip klo ada UAS trs ngulang next semester😂,0,0,131,Next Up Gass,0.4237408936023712,59,Tugas Numpuk Tugasnya,0.7935518026351929,57,Nilai Sesi Sabar,0.7717194557189941
7634073850004062997,ana141501,Ikuttt,0,0,24,Ayo Ikutt Ikut,0.8948429822921753,26,Adek Duluan Nurul,0.8076707124710083,19,Com Nice Https,0.8071225881576538
7572447954922619655,wh0ps1e00,"aku mau ngulang kak ke unsia dari ut, siapa mau pindah juga😭",1,0,88,Pindah Semester Ngulang,0.8655878901481628,9,Kip Unsia Diterima,0.852522611618042,46,Ut Pengin Bidang,0.8443152904510498
7592115132256404245,user17v4,aku 😭. gimana kak sekarang ?,0,0,135,Infoin Mau Lantang,0.7590988874435425,38,Ih Maba Grupnya,0.7392930388450623,127,Caranya Kuliahnya Bagaimana,0.7041857242584229
7569932979020464904,maya.siska13,"Kakk emangnya ut ga bagus yaa??? Aku bingung mau ut atau unsia ,aku mau kuliah sambil kerjaaa",1,0,22,Pindahan Menerima Ut,0.782658576965332,46,Ut Pengin Bidang,0.857995867729187,49,Ijazahnya Lulus Kan,0.853350043296814
7569081908422050578,bossl3r,info ka,1,0,41,Info Link Cara,0.8548358082771301,26,Adek Duluan Nurul,0.7716410160064697,51,Open Otw Pkl,0.7455497980117798
7609421361362797328,apaansihwee2,info in mau pindah jugaa,0,0,41,Info Link Cara,0.7066202759742737,93,Jujur Review Kata,0.7434278726577759,64,Full Online Serba,0.7235599756240845
7602823669841625874,hanss054,info juga,0,0,41,Info Link Cara,0.7431192398071289,90,Binus Adsfort Harga,0.7485576868057251,125,Gratis Tersedia Pesan,0.7380543351173401
7593921524731036436,milanounow,SAMAAAAAAA KITA KA,0,0,92,Samaaa Sama Konveksi,0.8532325625419617,38,Ih Maba Grupnya,0.777922511100769,81,Iya Oke Orang,0.7223310470581055
7592739654081446657,yuliany_,titip kak infoin jugaa😭,0,0,135,Infoin Mau Lantang,0.7583900094032288,23,Dm Cek Izin,0.8043332099914551,94,Ditunggu Tunggu Wah,0.7878085374832153
7592211835768701716,rinnn4_4,katanya sih bisa minimal semester 2,0,0,88,Pindah Semester Ngulang,0.7917632460594177,100,Umur Usia Irt,0.7664555311203003,46,Ut Pengin Bidang,0.7551677227020264
7592114762441507605,user17v4,gimana kak bisa ?,0,0,127,Caranya Kuliahnya Bagaimana,0.8713147044181824,33,Bagaimana Wisudanya Tes,0.7695698142051697,135,Infoin Mau Lantang,0.7655686140060425
7589177275049427732,gdaaaaak,info kaa,0,0,41,Info Link Cara,0.8548358082771301,26,Adek Duluan Nurul,0.7716410160064697,51,Open Otw Pkl,0.7455497980117798
7574630338032567056,fitrianifachrunisa_,bisa kakk btw aku diunsia,0,0,115,Full Fisik Diunsia,0.7928124666213989,9,Kip Unsia Diterima,0.8313758969306946,116,Ig Akun Sering,0.8310904502868652
7574640004807639826,apasajalah_7,Sekrng udh semester brp di unisa?,0,0,88,Pindah Semester Ngulang,0.7889279127120972,9,Kip Unsia Diterima,0.7672990560531616,65,Angkatan Berapa Kira,0.7621222138404846
7577183495418036993,fitrianifachrunisa_,masih 1 mingdep UTS,0,0,71,Wisuda Uts Uas,0.6511805057525635,57,Nilai Sesi Sabar,0.708673357963562,93,Jujur Review Kata,0.7047655582427979
7576981891350364936,nothingcf,plis kalo bisa infoin kak😭,0,0,50,S2 Pendidikan Hukum,0.5665679574012756,60,Admin Dm Boleh,0.8131706714630127,23,Dm Cek Izin,0.7916232943534851
7575706054211207952,arjunasyny24,nitip sendal k,0,0,121,Nitip Kabarin Mencari,0.8112545013427734,70,Nitip Nitipp Nitippp,0.7027696371078491,24,Ayo Ikutt Ikut,0.6423967480659485
7575366508932629266,keyyliiiannnnnn,infoin dong,0,0,-1,Mantab Uk Belakang,0.0,41,Info Link Cara,0.7941060066223145,121,Nitip Kabarin Mencari,0.7878545522689819
7572630006925525781,shaciiiiii,bisa ka,0,0,87,Hihi Jugakk Wakty,0.9871407151222229,53,Dong Kayaknya Banget,0.8916923999786377,135,Infoin Mau Lantang,0.8565638661384583
7572514614983295751,ywoarbii,mau nitip kak😔,0,0,121,Nitip Kabarin Mencari,0.9117131233215332,27,Join Grup Yuk,0.8182557821273804,135,Infoin Mau Lantang,0.8126909136772156
7570923376711205653,rrecloudly_30,kenapa mau pindah kak?,0,0,88,Pindah Semester Ngulang,0.746026873588562,135,Infoin Mau Lantang,0.7858835458755493,38,Ih Maba Grupnya,0.7777738571166992
7569968466288952085,oneanddoonlyy,Infoo,0,0,82,Nrrjml Hbd Nz,0.8279699087142944,131,Next Up Gass,0.8000397682189941,90,Binus Adsfort Harga,0.7830433249473572
7569178759997702930,sukakamu_1312,Nitip,0,0,70,Nitip Nitipp Nitippp,0.9976069927215576,121,Nitip Kabarin Mencari,0.8166038990020752,131,Next Up Gass,0.7813614010810852
7569042132969112327,ptimah_7,nitippp,0,0,70,Nitip Nitipp Nitippp,0.9276139736175537,121,Nitip Kabarin Mencari,0.847445547580719,24,Ayo Ikutt Ikut,0.7905728816986084
7568651016893268756,asamadyaa,informasi nya kak,0,0,41,Info Link Cara,0.8597108125686646,135,Infoin Mau Lantang,0.7691406607627869,35,Infonya Terima Kasih,0.7572910189628601
7568503370957406997,hatcyuuu_,nitip,0,0,70,Nitip Nitipp Nitippp,0.9976069927215576,121,Nitip Kabarin Mencari,0.8166038990020752,131,Next Up Gass,0.7813614010810852
7568491517934813969,xian3411,nitip dong,0,0,121,Nitip Kabarin Mencari,0.9484372138977051,70,Nitip Nitipp Nitippp,0.85310298204422,24,Ayo Ikutt Ikut,0.794750988483429
7568479411663831824,_yaww19,Ehhh info jg 😭 aku setres bgt di ut,0,0,57,Nilai Sesi Sabar,0.811708927154541,46,Ut Pengin Bidang,0.765030026435852,132,Mending Ptnbh Alumni,0.7508604526519775
7597044225369588481,aksv0.0,"pliss info juga woyy, rasanya ut tuton berasa amat sgt mandiri bgt😔😭",0,0,41,Info Link Cara,0.5686630010604858,57,Nilai Sesi Sabar,0.7244877219200134,48,Betul Banget Lucu,0.6971864700317383
7572018160556426000,tukiyem_244,Kak sharing dong km kenapa mau pindah dari UT ke usia?,0,0,46,Ut Pengin Bidang,0.8076028823852539,88,Pindah Semester Ngulang,0.8109999895095825,5,Kerja Negeri Kuliah,0.7685018181800842
7568552042772480786,einaafets,"Bisa bgt kak. Asal sudah 2 smt di ut, dan nilai minimal c ya",0,0,135,Infoin Mau Lantang,0.6421784162521362,46,Ut Pengin Bidang,0.7820780277252197,49,Ijazahnya Lulus Kan,0.7745959758758545
7588900836400366357,mayden555,Kuliahnya berapa tahun kak?,33,11,65,Angkatan Berapa Kira,0.9129680395126343,77,Per Berapa Semester,0.8151990175247192,6,Dimana Daerah Mana,0.8117256164550781
7612511673022923528,univsiberasia,"Hi Kakak, bisa banget dong🤩",0,0,15,Hi Halo Dong,0.9030654430389404,53,Dong Kayaknya Banget,0.8623455762863159,117,Boleh Bolehhh Dong,0.8183315992355347
7581190538906567431,widowidiastuti,mending UT apa Unsia ya? yg online bisa sambil kerja😭,7,24,132,Mending Ptnbh Alumni,0.8113935589790344,5,Kerja Negeri Kuliah,0.8087148070335388,30,Korea Degree Min,0.7784606218338013
7581378760164000519,univsiberasia,"Menurut Mimin UNSIA si Kak, 100% full online, biaya terjangkau, dan sudah terakreditasi nasional dan internasional. Dijamin gaakan nyesel jadi mahasiswa UNSIA🤩",46,0,86,Darimana 100 Jadi,0.8247231841087341,130,Pt Terakreditasi Ban,0.753201961517334,85,Umur Muda Batasan,0.7436097860336304
7583284793183732501,piscesgirl710,"Min, UAS nya juga online kah? Trs bimbingan skripsinya online juga semua?",0,0,7,Offline Ujiannya Online,0.8524231314659119,21,Malam Shift Begitu,0.837470293045044,71,Wisuda Uts Uas,0.8372172713279724
7583288726357754642,univsiberasia,Betul banget dong Kakak🤩,0,0,48,Betul Banget Lucu,0.9456655979156494,53,Dong Kayaknya Banget,0.7949035167694092,81,Iya Oke Orang,0.7697573304176331
7633989927885570817,zo.zoo06,"Minn,di jogja ada ga cabngny?",0,0,117,Boleh Bolehhh Dong,0.617874026298523,39,Beasiswa Kkn Program,0.7586294412612915,115,Full Fisik Diunsia,0.752811074256897
7604530817445282561,arvelyy_,@Mayessssbersama,0,0,19,Com Nice Https,0.7140028476715088,131,Next Up Gass,0.6672142744064331,26,Adek Duluan Nurul,0.6479770541191101
7602976732140831505,_aasy44,Semisal ambil kelas sbtu minggu bisa ga ya ka,0,0,84,Ngambil Ambil Apa,0.7491917610168457,123,Jam Kelas Karyawan,0.8547889590263367,49,Ijazahnya Lulus Kan,0.834977388381958
7589147586394063634,syaaaaaaa_2a,kalo wisuda bisa online ga ka,0,0,128,Main Kampusnya Kekampus,0.8458659052848816,7,Offline Ujiannya Online,0.8790093660354614,115,Full Fisik Diunsia,0.8768258094787598
7588441201470030609,widabasca,Min dari UT pindah ke unsia bisa ngga min? Tanpa ngulang semester,1,0,88,Pindah Semester Ngulang,0.8457001447677612,30,Korea Degree Min,0.8628216981887817,22,Pindahan Menerima Ut,0.855744481086731
7591412295772406536,_teerserahhh_,kak spil prodi apa aja yg D3,0,0,16,Apa Saja Jurusan,0.8865739107131958,119,Teman Syarat Magang,0.8263564109802246,0,Jurusan Teknik Inggris,0.8016987442970276
7604017776105194260,nunanaa__,Min kalau pindahan bisa ga?,0,0,22,Pindahan Menerima Ut,0.8464425802230835,76,Paket Ijazah Sih,0.8343928456306458,115,Full Fisik Diunsia,0.814724326133728
7597453402238944021,qurrotulaini161,ada S2 ga min?,0,0,50,S2 Pendidikan Hukum,0.923769474029541,37,S2 Ada Doktoral,0.9255637526512146,4,D3 S1 Lanjut,0.8539599180221558
7598047620631954184,lavanyaur,UAS nya gimana kak?,0,0,33,Bagaimana Wisudanya Tes,0.9190618395805359,127,Caranya Kuliahnya Bagaimana,0.857903242111206,17,Cara Daftarnya Bagaimana,0.8377465009689331
7618782734135558920,chenxinaa,berarti gaada acara kuliah ofline kan kak?? karna rumahku terpaut jauh bgt dri UNSIA,1,0,7,Offline Ujiannya Online,0.7224762439727783,46,Ut Pengin Bidang,0.7968190908432007,128,Main Kampusnya Kekampus,0.7807417511940002
7618854630495781650,univsiberasia,"Tidak akan Kakak, jadi aman banget koo😊",1,0,53,Dong Kayaknya Banget,0.702612042427063,45,Enggak Ribet Fh,0.7280054092407227,93,Jujur Review Kata,0.6880927085876465
7591690407726301973,yysmnnn_,@Kageno • 影野 @melyia,0,0,103,Ilkom Ieu Balang,0.7058990597724915,90,Binus Adsfort Harga,0.5028811693191528,122,Kalbar Ia Kebingungan,0.49129652976989746
7623317779006243602,rawwusaid,Kalo posisi di luar negeri apakah bisa?,0,0,5,Kerja Negeri Kuliah,0.777741551399231,69,Apakah S1Hukum Perdagangan,0.7641370892524719,22,Pindahan Menerima Ut,0.7502177953720093
7623687251433046792,univsiberasia,"Bisa banget dong, karena UNSIA menerapkan 100% fully online learning🤩",0,0,44,100 Learning Fully,0.8474620580673218,86,Darimana 100 Jadi,0.766018271446228,71,Wisuda Uts Uas,0.6909063458442688
7623922124125717256,rawwusaid,Untuk ngurus berkas berkas semuanya di apply online semua kan min ? misal kalau daftar,0,0,7,Offline Ujiannya Online,0.7757582664489746,71,Wisuda Uts Uas,0.773101270198822,76,Paket Ijazah Sih,0.761233925819397
7588369959983170324,leberryyyyy,@iqballll_,0,0,-1,Mantab Uk Belakang,0.0,19,Com Nice Https,0.6846324801445007,26,Adek Duluan Nurul,0.6568887829780579
7588370609089282824,ridhoiqballl,hum,0,0,28,Asa Hum ,0.8617496490478516,29,Menyimak Nyimakkk Ut,0.8592114448547363,14,Fitriyani Andriani Udin69Can,0.8586531281471252
7583289050393314066,univsiberasia,Yapps yapss betul lagi nih Kakak,0,0,48,Betul Banget Lucu,0.8028016090393066,97,Salam Mantap Kenal,0.6707445383071899,81,Iya Oke Orang,0.6603001356124878
7583521520758162196,syaharasofa,jd untuk skripsi ny tetep online atau tatap muka ka?,0,0,7,Offline Ujiannya Online,0.826388955116272,71,Wisuda Uts Uas,0.8061746954917908,112,Ujian Tes Online,0.7789666652679443
7581344613404017426,matchasuki_1,nitip dong,1,0,121,Nitip Kabarin Mencari,0.9484372138977051,70,Nitip Nitipp Nitippp,0.85310298204422,24,Ayo Ikutt Ikut,0.794750988483429
7549662581754708754,papoimacarena,Tes nya gimna kak klo daftar,5,13,33,Bagaimana Wisudanya Tes,0.9089365601539612,17,Cara Daftarnya Bagaimana,0.9031195640563965,127,Caranya Kuliahnya Bagaimana,0.8506200909614563
7552561588113654546,aslana856,kak masi buka gk kak kalo untuk kelas karyawan,0,0,3,Buka Pendaftaran Masih,0.8405578136444092,123,Jam Kelas Karyawan,0.8196874856948853,39,Beasiswa Kkn Program,0.8015369772911072
7575905306144834312,pusptaa_4,apa perbedaan kuliah ut sm unsia plis jwab ga ngerti,6,12,22,Pindahan Menerima Ut,0.7469887733459473,30,Korea Degree Min,0.7839993238449097,132,Mending Ptnbh Alumni,0.7795583605766296
7646321956715561735,annamuarofah03,Ada Jurusan DkV gak ?,0,0,42,Jurusan Ekonomi Hukum,0.8874625563621521,0,Jurusan Teknik Inggris,0.8613787293434143,84,Ngambil Ambil Apa,0.8113930821418762
7635930345524675336,nurulhanifah_02,kalo mau aktif hima di Unsia tuhh gimana yah ka,0,0,22,Pindahan Menerima Ut,0.850347638130188,30,Korea Degree Min,0.8485461473464966,49,Ijazahnya Lulus Kan,0.8397643566131592
7633990111487329025,zo.zoo06,Klau ujiannya bagimana kk?,0,0,33,Bagaimana Wisudanya Tes,0.812731921672821,112,Ujian Tes Online,0.7582672834396362,127,Caranya Kuliahnya Bagaimana,0.745082676410675
7611376961940144916,supranadiary,kakak ambil jurusan apa? di unsia skripsi an nya susah ga si kak?,0,0,84,Ngambil Ambil Apa,0.8511208295822144,49,Ijazahnya Lulus Kan,0.8533333539962769,119,Teman Syarat Magang,0.8468455076217651
7610539500112773895,xyzadnth,kak kalau kelas nya sistem nya gimana ya? Harus hadir dengan video conference kah?,0,0,21,Malam Shift Begitu,0.8299273252487183,49,Ijazahnya Lulus Kan,0.797595202922821,123,Jam Kelas Karyawan,0.7965555191040039
7606610426663846657,urlaadyy,kak biaya per sks berapa?,0,0,77,Per Berapa Semester,0.90545254945755,18,Berapa Biaya Bayar,0.8789586424827576,99,Biayanya Biaya Berapa,0.8011289834976196
7605842946138702599,rznov_80,dpt buku paket jg g kak,0,0,76,Paket Ijazah Sih,0.8513734936714172,115,Full Fisik Diunsia,0.8100364208221436,39,Beasiswa Kkn Program,0.8057308197021484
7605201019710325512,rznov_80,kuliah pakai hp saja bisa atau harus dgn laptop,0,0,64,Full Online Serba,0.6319665908813477,5,Kerja Negeri Kuliah,0.6558780670166016,115,Full Fisik Diunsia,0.6516990661621094
7605200838215795463,rznov_80,di unsia apa dapat buku paket jg ka,0,0,30,Korea Degree Min,0.8569241762161255,22,Pindahan Menerima Ut,0.8485545516014099,39,Beasiswa Kkn Program,0.8407511115074158
7604032696574853896,vnaalviani,"kak kalo kelas karyawan full online ka bnr bnr online, ada skripsi nya ngga?",0,0,123,Jam Kelas Karyawan,0.8282092809677124,21,Malam Shift Begitu,0.8784565925598145,49,Ijazahnya Lulus Kan,0.8460837602615356
7598350356485079816,febi_725,Kak jurusan pgsd ada ga kak,1,0,0,Jurusan Teknik Inggris,0.8922359943389893,37,S2 Ada Doktoral,0.8533165454864502,120,Tanya Non S2Nya,0.850049614906311
7595624990981915410,ferdiansyahputra15,bisa kip-k ga kak,1,0,9,Kip Unsia Diterima,0.6864680051803589,115,Full Fisik Diunsia,0.8107865452766418,76,Paket Ijazah Sih,0.8076860308647156
7544671595802149640,koala_uwwu1,"kalo full online kira"" ada kkn nya ngga?",4,12,39,Beasiswa Kkn Program,0.806429386138916,115,Full Fisik Diunsia,0.8733674883842468,7,Offline Ujiannya Online,0.860673189163208
7545685052576744200,einaafets,Ngga ada,2,0,125,Gratis Tersedia Pesan,0.8649927377700806,90,Binus Adsfort Harga,0.7821016311645508,122,Kalbar Ia Kebingungan,0.7801117897033691
7587252350864524050,miawhug,ini ga ada internship kah kak,0,0,39,Beasiswa Kkn Program,0.824791431427002,115,Full Fisik Diunsia,0.8098095655441284,11,Skripsi Sidang Tidak,0.7929394245147705
7561988466990514951,einaafets,Betuul,0,0,19,Com Nice Https,0.8251034021377563,75,Iya Iyapp Introvert,0.7159442901611328,131,Next Up Gass,0.6991583704948425
7561978054245925653,libra8102,sistem ujiannya nanti gmna kak? apa online jg?,0,0,7,Offline Ujiannya Online,0.8914291858673096,112,Ujian Tes Online,0.8686543107032776,33,Bagaimana Wisudanya Tes,0.8538786768913269
7558455026927010581,dlsshnt,Belum kak,0,0,43,Belum Huhu Nih,0.8921345472335815,26,Adek Duluan Nurul,0.8369502425193787,51,Open Otw Pkl,0.8166982531547546
7558406353824793360,_awcaaa,udah daftar belum kak??,0,0,79,Daftar Sudah Kamu,0.9037807583808899,47,Daftar Gelombang Januari,0.8226999640464783,43,Belum Huhu Nih,0.8132174611091614
7559709195667669768,aquariusssgirl2,ada yg baru mau daftar juga ga? prodi komunikasi,21,14,47,Daftar Gelombang Januari,0.791022539138794,76,Paket Ijazah Sih,0.7705559134483337,132,Mending Ptnbh Alumni,0.7488642334938049
7565767712707658497,sahilaayesha,kaa masih keburu g dftr skg,1,0,47,Daftar Gelombang Januari,0.8115690350532532,34,Daftar Tinggal Baru,0.801247239112854,79,Daftar Sudah Kamu,0.7924090623855591
7598723881058878226,xbz85,"hallo kak, aku baru kemarin daftar prodi komunikasi, sekarang masi isi biodata, ayo kak bareng biar ada teman hihii",0,0,34,Daftar Tinggal Baru,0.8340229392051697,79,Daftar Sudah Kamu,0.796736478805542,27,Join Grup Yuk,0.7838485836982727
7577548595127223060,saezza.fr,udah daftar kak?,0,0,79,Daftar Sudah Kamu,0.8874462246894836,43,Belum Huhu Nih,0.8140805959701538,27,Join Grup Yuk,0.7774327993392944
7559988961550336789,vanesanvia_,ini aku juga mau daftar kakk,0,0,34,Daftar Tinggal Baru,0.8987146615982056,27,Join Grup Yuk,0.8639591336250305,79,Daftar Sudah Kamu,0.8622639179229736
7576717109410890514,another.via_,udh daftar kak ?,0,0,79,Daftar Sudah Kamu,0.8874462246894836,43,Belum Huhu Nih,0.8140805959701538,27,Join Grup Yuk,0.7774327993392944
7561104421418320648,bloopbungle,"ih ikut, diskusi yuk. buat grup mauu g",0,0,27,Join Grup Yuk,0.8302333354949951,117,Boleh Bolehhh Dong,0.7224172949790955,38,Ih Maba Grupnya,0.7133690118789673
7575934965407580946,novira_1613,ikut grup nya dong kak🙏,0,0,27,Join Grup Yuk,0.8984635472297668,116,Ig Akun Sering,0.8365685939788818,117,Boleh Bolehhh Dong,0.8264260292053223
7568500642998829825,keulbra,ikutt,0,0,24,Ayo Ikutt Ikut,0.8611915707588196,19,Com Nice Https,0.8205109238624573,26,Adek Duluan Nurul,0.7988211512565613
7561426515743163143,aquariusssgirl2,"gass ka, buka dm ku ya",0,0,23,Dm Cek Izin,0.8849707841873169,60,Admin Dm Boleh,0.8186452388763428,116,Ig Akun Sering,0.7937244176864624
7561126557738844946,oneofninaa,ih ikuttt grupnya,0,0,38,Ih Maba Grupnya,0.8241937160491943,27,Join Grup Yuk,0.7699262499809265,133,Spill Alisnya Spil,0.7370404601097107
7560537870555104018,aquariusssgirl2,mau ambil jurusan apa ka,0,0,84,Ngambil Ambil Apa,0.9321775436401367,16,Apa Saja Jurusan,0.8893513679504395,0,Jurusan Teknik Inggris,0.8410037159919739
7560672218829931285,vanesanvia_,ilkom nih,0,0,34,Daftar Tinggal Baru,0.597014307975769,26,Adek Duluan Nurul,0.8038402795791626,75,Iya Iyapp Introvert,0.7899661064147949
7560741461605876488,aquariusssgirl2,"ihh sama, bls dm ka",0,0,23,Dm Cek Izin,0.8327131271362305,116,Ig Akun Sering,0.7705448865890503,92,Samaaa Sama Konveksi,0.7648608088493347
7562193255690912532,shaaxyra,ikut juga dong,0,0,24,Ayo Ikutt Ikut,0.8474397659301758,117,Boleh Bolehhh Dong,0.8207754492759705,135,Infoin Mau Lantang,0.7896639108657837
7552161672099939090,mountaingoat514,Kelas karyawan ka?,2,8,123,Jam Kelas Karyawan,0.6147331595420837,26,Adek Duluan Nurul,0.7726843953132629,51,Open Otw Pkl,0.7704885005950928
7568440105683550993,diaan0009,"nitip, mo tau juga,😔🤏🏻",0,0,121,Nitip Kabarin Mencari,0.8860148191452026,27,Join Grup Yuk,0.7538036704063416,117,Boleh Bolehhh Dong,0.7383323311805725
7536058946353218321,dwii.jyntii,hallo kak 3jt udah incld biaya apa aja itu kak?,2,19,1,Dicicil 3Jt Hanya,0.8149925470352173,18,Berapa Biaya Bayar,0.7634309530258179,77,Per Berapa Semester,0.734107255935669
7536133066814178056,einaafets,3jt ukt kak per smt,0,0,1,Dicicil 3Jt Hanya,0.7941171526908875,124,Juta Serius 3Jt,0.6717225313186646,77,Per Berapa Semester,0.6521458625793457
7528416158661640967,dvny.yay,total biaya per semester berapa kak,2,1,77,Per Berapa Semester,0.9297785758972168,18,Berapa Biaya Bayar,0.8915896415710449,65,Angkatan Berapa Kira,0.7864758968353271
7529159109607637776,nhonamhutii,3 JT/ semester,0,0,124,Juta Serius 3Jt,0.8786071538925171,90,Binus Adsfort Harga,0.7436501979827881,105,Swasta Oktober Situ,0.7355733513832092
7567360362506617608,watermelon5s,apakah ini full online kak? kalau nanti buat tugas akhir bimbingannya bisa online juga kah?,110,42,58,Tugas Akhir Skripsi,0.8074496388435364,21,Malam Shift Begitu,0.8579775094985962,7,Offline Ujiannya Online,0.8532030582427979
7579601765974672146,univsiberasia,"Hi Kakak, tentu online juga ya untuk bimbingannya🤩",14,0,15,Hi Halo Dong,0.81640625,35,Infonya Terima Kasih,0.8128429055213928,94,Ditunggu Tunggu Wah,0.8093335032463074
7568415667746734855,cel1na_0,buat grup dongg aku juga mau ikutan tau informasi nya🥺❤,21,0,27,Join Grup Yuk,0.8474063277244568,116,Ig Akun Sering,0.7773317694664001,8,Tanya Bertanya Chat,0.7679328322410583
7568535568571106066,rista_115,kak ikut,1,0,24,Ayo Ikutt Ikut,0.8988591432571411,26,Adek Duluan Nurul,0.8590918779373169,51,Open Otw Pkl,0.8065290451049805
7568417810474435349,sl270601,Nah betul buat grub mau join,2,0,27,Join Grup Yuk,0.7411143183708191,8,Tanya Bertanya Chat,0.7039483785629272,93,Jujur Review Kata,0.7015607953071594
7568445925887542024,rfnyrsyd_,ikut,0,0,24,Ayo Ikutt Ikut,0.845035195350647,29,Menyimak Nyimakkk Ut,0.8664137125015259,40,One Yaallahh Day,0.8590463995933533
7568421116156035847,0dypsie,ikut,0,0,24,Ayo Ikutt Ikut,0.845035195350647,29,Menyimak Nyimakkk Ut,0.8664137125015259,40,One Yaallahh Day,0.8590463995933533
7568419769638241032,cel1na_0,ayo ihh aku ikut ajh☺❤,0,0,24,Ayo Ikutt Ikut,0.7456177473068237,38,Ih Maba Grupnya,0.7310295701026917,117,Boleh Bolehhh Dong,0.6821865439414978
7568427158109160213,sl270601,Kmu buat aku join ka,1,0,27,Join Grup Yuk,0.790415346622467,38,Ih Maba Grupnya,0.802297830581665,135,Infoin Mau Lantang,0.7554545402526855
7568435632613622535,cel1na_0,"kalok aku yang buat, masalahnya aku gak tau informasi apa apa, malah berujung 'diarahkan oleh orang yang tak tau arah'😭😭",2,0,59,Tugas Numpuk Tugasnya,0.6345486640930176,93,Jujur Review Kata,0.5702512860298157,46,Ut Pengin Bidang,0.56700599193573
7568436391316685576,moochycozi,😭😭,1,0,61,  ,1.0,13,  ,1.0,20,Yes  ,0.999908447265625
7568439393691157255,cel1na_0,bener kan😭,0,0,-1,Mantab Uk Belakang,0.0,75,Iya Iyapp Introvert,0.7870233654975891,48,Betul Banget Lucu,0.7549585103988647
7568466348092998421,sl270601,Gpp buat grub aja dlu ka ntr jg pda gabung,1,0,27,Join Grup Yuk,0.7335306406021118,34,Daftar Tinggal Baru,0.729412317276001,118,Desember Baca Depan,0.6969106197357178
7568478899159024392,cel1na_0,"Kamu ajh dulu yang buat, ntarr aku join, mau buat dimana?? WA, IG, TT, Ap di X😭😅",0,0,27,Join Grup Yuk,0.7161325812339783,116,Ig Akun Sering,0.7267836332321167,59,Tugas Numpuk Tugasnya,0.684999942779541
7568481763758326529,lveemiamor,mau ikut grupnyaa kakkkkkk,1,0,27,Join Grup Yuk,0.8631582260131836,117,Boleh Bolehhh Dong,0.8066562414169312,135,Infoin Mau Lantang,0.7841295003890991
7568670484130644752,_abcdefghijklmno.pqrstu,aku juga mau ikut join dunh kak,0,0,27,Join Grup Yuk,0.8843177556991577,34,Daftar Tinggal Baru,0.8093260526657104,116,Ig Akun Sering,0.7939037084579468
7570567506222433045,tupiittup,kak mau ikuttt,0,0,27,Join Grup Yuk,0.8649854063987732,135,Infoin Mau Lantang,0.8376815915107727,117,Boleh Bolehhh Dong,0.8296016454696655
7574064394516611861,shelta.vin,ikuttt,0,0,24,Ayo Ikutt Ikut,0.8948429822921753,26,Adek Duluan Nurul,0.8076707124710083,19,Com Nice Https,0.8071225881576538
7572018047281251089,tukiyem_244,Kak udh ada group nya blm?? Gabung dong,1,0,27,Join Grup Yuk,0.8428136706352234,79,Daftar Sudah Kamu,0.8384712338447571,47,Daftar Gelombang Januari,0.7966610193252563
7572117947913650962,cel1na_0,"Belumm😭😭, soalnya ya gitu, aku juga butuh arah, bukan yang di mengarahkan 😭",0,0,38,Ih Maba Grupnya,0.701201856136322,93,Jujur Review Kata,0.7159085273742676,59,Tugas Numpuk Tugasnya,0.6990659832954407
7579134853879776018,ue_va1993,nitip,0,0,70,Nitip Nitipp Nitippp,0.9976069927215576,121,Nitip Kabarin Mencari,0.8166038990020752,131,Next Up Gass,0.7813614010810852
7568509430066217748,bellaaulliaa,ikutt plisss,2,0,24,Ayo Ikutt Ikut,0.7914038896560669,19,Com Nice Https,0.7813705205917358,26,Adek Duluan Nurul,0.7276827692985535
7573887109817254672,anollss_,ikutt ikutt,1,0,24,Ayo Ikutt Ikut,0.7750329971313477,19,Com Nice Https,0.6731038689613342,38,Ih Maba Grupnya,0.6721912622451782
7568471934808195847,sigulaarenn__,"iyaa kakk setuju, plss info2 in dong",1,0,35,Infonya Terima Kasih,0.8263452053070068,81,Iya Oke Orang,0.7565441131591797,94,Ditunggu Tunggu Wah,0.7291203141212463
7570917358438826772,rrecloudly_30,mau ikut,0,0,24,Ayo Ikutt Ikut,0.8876022696495056,135,Infoin Mau Lantang,0.7645208239555359,26,Adek Duluan Nurul,0.7566409111022949
7568524842004415240,seawugirl,nitip,1,0,70,Nitip Nitipp Nitippp,0.9976069927215576,121,Nitip Kabarin Mencari,0.8166038990020752,131,Next Up Gass,0.7813614010810852
7568448898865365768,confidential.abill,kaa kalau udah adaa grup nya invite aku kaa,1,0,116,Ig Akun Sering,0.8482341766357422,60,Admin Dm Boleh,0.8115479350090027,23,Dm Cek Izin,0.8081548810005188
7568463249249174280,cel1na_0,"kalok kamu dulu yang nemu, invite aku kak😭🥺❤",1,0,116,Ig Akun Sering,0.8181149959564209,23,Dm Cek Izin,0.7646350264549255,27,Join Grup Yuk,0.7561815977096558
7568463731773915911,confidential.abill,"aku baruu Nemu info2 nya aja kaa belum nemu grup nyaa, mau ga kaa 😭🙏",1,0,27,Join Grup Yuk,0.7802334427833557,34,Daftar Tinggal Baru,0.8108406066894531,46,Ut Pengin Bidang,0.773232102394104
7568466099638141714,cel1na_0,"mau, tapi aku malu sama kakaknya😭😂❤, nunggu grup ajh deh, jangan lupa ajak aku join ya kak🥺❤",0,0,27,Join Grup Yuk,0.7914541959762573,34,Daftar Tinggal Baru,0.7804086804389954,116,Ig Akun Sering,0.7614138126373291
7568466696055522056,confidential.abill,"ih maluu kenapa initeh, kalem kaa aku ga gigit 😭🤣, aku kirim DM dehh wkwk",1,0,23,Dm Cek Izin,0.7280274629592896,38,Ih Maba Grupnya,0.7441074848175049,81,Iya Oke Orang,0.7162126302719116
7568478599596262162,cel1na_0,Introvert 🥺😭😅,0,0,75,Iya Iyapp Introvert,0.6763397455215454,90,Binus Adsfort Harga,0.7251120805740356,29,Menyimak Nyimakkk Ut,0.7143189311027527
7569026083195601684,inikanriyaa,kak bikin grup aja aku ikut,0,0,27,Join Grup Yuk,0.8498302698135376,34,Daftar Tinggal Baru,0.8033385276794434,135,Infoin Mau Lantang,0.7807309627532959
7579628641010336520,bitter0623,ikut kk🥰,0,0,24,Ayo Ikutt Ikut,0.8772520422935486,26,Adek Duluan Nurul,0.8233794569969177,122,Kalbar Ia Kebingungan,0.7618770003318787
7573568708587012882,armelaaaa_12,mau ikutt juga,1,0,24,Ayo Ikutt Ikut,0.8467884063720703,27,Join Grup Yuk,0.8123345375061035,135,Infoin Mau Lantang,0.8050212264060974
7568432032398000903,teccaawca,akuu juga mau ikut pls tapi pindahan dari pt sebelum nyaa huhu,2,0,130,Pt Terakreditasi Ban,0.6384347677230835,46,Ut Pengin Bidang,0.817566990852356,88,Pindah Semester Ngulang,0.7927627563476562
7567631265592935188,scddnnn_,hallo kak kamu mau daftar yaa? barengan ayo huhu,0,0,27,Join Grup Yuk,0.84339439868927,79,Daftar Sudah Kamu,0.8156216144561768,34,Daftar Tinggal Baru,0.8101474046707153
7568346666764354312,6497kmg,"hii kak, kamu udah daftaar?",0,0,79,Daftar Sudah Kamu,0.7430254220962524,38,Ih Maba Grupnya,0.7706665992736816,15,Hi Halo Dong,0.7558282613754272
7568392459497456391,.anothervideo,ka ayo cari info bareng,1,0,27,Join Grup Yuk,0.8332036733627319,116,Ig Akun Sering,0.7787603139877319,23,Dm Cek Izin,0.7484143972396851
7568001774487307026,watermelon5s,"iyaa kak mau daftar, tapi msh nyari info bisa full online ngga ya, soalnya domisiliku diluar jateng",1,0,49,Ijazahnya Lulus Kan,0.8561764359474182,91,Ulang Bayar Isi,0.8206504583358765,120,Tanya Non S2Nya,0.8170861005783081
7568002999069754132,scddnnn_,"kali kamu mau tanya """,0,0,8,Tanya Bertanya Chat,0.7233927249908447,38,Ih Maba Grupnya,0.7084870338439941,135,Infoin Mau Lantang,0.7080321907997131
7568004966863651592,watermelon5s,bolehhh,0,0,117,Boleh Bolehhh Dong,0.7990111708641052,24,Ayo Ikutt Ikut,0.8127844333648682,19,Com Nice Https,0.7854673862457275
7568002962066572052,scddnnn_,aku ada kenalan yang uda semeser ahir,0,0,27,Join Grup Yuk,0.6849800944328308,38,Ih Maba Grupnya,0.7395545840263367,34,Daftar Tinggal Baru,0.7020646333694458
7568412052806828821,agneshura_,Ka bagi infonya dong gimana kuliah disini,0,0,35,Infonya Terima Kasih,0.7459807395935059,119,Teman Syarat Magang,0.7947357296943665,120,Tanya Non S2Nya,0.7893807888031006
7568439819128210192,diaan0009,info biayanya dong kka🥺,0,0,99,Biayanya Biaya Berapa,0.6996195316314697,41,Info Link Cara,0.8683716058731079,8,Tanya Bertanya Chat,0.7970455884933472
7579601294642414356,fahfihfuh2,ikut ka,0,0,24,Ayo Ikutt Ikut,0.907248318195343,26,Adek Duluan Nurul,0.8528910875320435,135,Infoin Mau Lantang,0.8263928890228271
7570176339321602824,zen_wstr,"Info grupnya dong, kali belum ada. Aku bikinin",0,0,27,Join Grup Yuk,0.796345591545105,34,Daftar Tinggal Baru,0.7645650506019592,116,Ig Akun Sering,0.7633246183395386
7568551918432617224,einaafets,"Betul full online sampe lulus, bimbingan? Tentu online jg",0,0,7,Offline Ujiannya Online,0.7587203979492188,64,Full Online Serba,0.7918432950973511,71,Wisuda Uts Uas,0.7678438425064087
7586707579423294228,capckw,ada skripsian ga kak?,2,4,11,Skripsi Sidang Tidak,0.877227783203125,39,Beasiswa Kkn Program,0.8551826477050781,37,S2 Ada Doktoral,0.8364344835281372
7593326753923465992,urknowhdd_,worth it gaa si ka? buat kerja sambil kuliah dan biarr dilirik sama perusahaan² gede,0,0,5,Kerja Negeri Kuliah,0.732392430305481,59,Tugas Numpuk Tugasnya,0.7381600141525269,46,Ut Pengin Bidang,0.7229493260383606
7590791384794596103,amiutami37,tapi harus ujian dulu ga ka disini baru lanjut semester disana?,0,0,112,Ujian Tes Online,0.799691915512085,88,Pindah Semester Ngulang,0.8109540939331055,46,Ut Pengin Bidang,0.8107362985610962
7589687555638166290,amiutami37,ka klo dr institut daerah saya trs pindah ke sana bisa ga ya ka? 🙏 tolong dong ka🙏,0,0,6,Dimana Daerah Mana,0.691650390625,49,Ijazahnya Lulus Kan,0.8787692785263062,120,Tanya Non S2Nya,0.8309773206710815
7588993536989840136,xyzahrabc,Persemester biaya nya brp ka,0,0,18,Berapa Biaya Bayar,0.9180678129196167,77,Per Berapa Semester,0.8399512767791748,33,Bagaimana Wisudanya Tes,0.8029567003250122
7635819997315662612,morningpersonz,dari UT ke Unsia bs nda? udh semester 10 gk lulus2🤣.,11,4,88,Pindah Semester Ngulang,0.8278676271438599,30,Korea Degree Min,0.802135169506073,22,Pindahan Menerima Ut,0.7954325079917908
7636221281402372885,yoliaaaa_,langsung aja kak,1,0,81,Iya Oke Orang,0.6962484121322632,24,Ayo Ikutt Ikut,0.7379189133644104,87,Hihi Jugakk Wakty,0.7271162271499634
7638285042867913492,dukunbaikhati,@Titiiii 🌻,0,0,19,Com Nice Https,0.8319852948188782,131,Next Up Gass,0.8224266767501831,26,Adek Duluan Nurul,0.8095390796661377
7638423451502330645,fitrirahma2612_,wkwk pindah?,0,0,75,Iya Iyapp Introvert,0.8542928695678711,19,Com Nice Https,0.806503176689148,26,Adek Duluan Nurul,0.7766474485397339
7635952932781622036,dinaaaa865,😭 Samaaaa,0,0,-1,Mantab Uk Belakang,0.0,29,Menyimak Nyimakkk Ut,0.8363601565361023,40,One Yaallahh Day,0.831733226776123
7632268938529784583,go0ober1,Pelit nilai ga ya? Soalnya sebelah pelit nilai huhu,5,8,57,Nilai Sesi Sabar,0.7637985944747925,133,Spill Alisnya Spil,0.710118293762207,59,Tugas Numpuk Tugasnya,0.7087143659591675
7655781478055510792,jsyllk,ini di siber kak?,0,0,56,Universitas Siber Asia,0.6932641267776489,51,Open Otw Pkl,0.8175439834594727,43,Belum Huhu Nih,0.783618688583374
7656051026451071745,arinnnnn11_,"bukan kak, univ lainn",0,0,104,Aman Unas Ciber,0.8215680122375488,38,Ih Maba Grupnya,0.7740837335586548,51,Open Otw Pkl,0.7603334784507751
7655992293695456020,prettybess_,"jangan asal komen plisss, sebutin maksudnyaa?!?!",0,0,9,Kip Unsia Diterima,0.5826618671417236,117,Boleh Bolehhh Dong,0.7026318907737732,133,Spill Alisnya Spil,0.7024441957473755
7635947511902946056,aries_girl3104,di siber kk??,0,0,26,Adek Duluan Nurul,0.8264327049255371,122,Kalbar Ia Kebingungan,0.8181030750274658,90,Binus Adsfort Harga,0.7681001424789429
7632996404299285249,udinidin30,sebelah yang mana kak,0,0,6,Dimana Daerah Mana,0.8457009196281433,135,Infoin Mau Lantang,0.7491342425346375,51,Open Otw Pkl,0.7484763860702515
7632999416231985927,go0ober1,"Univnya pelit nilai ga, soalnya kalau UT itu persentasinya gedenya di nilai UAS",0,0,57,Nilai Sesi Sabar,0.7451306581497192,59,Tugas Numpuk Tugasnya,0.7580050230026245,21,Malam Shift Begitu,0.7554038763046265
7633969391152284432,myname.app,"nah fokusnya di UAS aja bang
Orang-orang mah dari tuton udah di bawa stress😂",0,0,71,Wisuda Uts Uas,0.6944206357002258,59,Tugas Numpuk Tugasnya,0.7395471334457397,57,Nilai Sesi Sabar,0.698492705821991
7528696284480783122,deputtt8,nanti dapet almet ga sih min?,2,3,18,Berapa Biaya Bayar,0.7210195064544678,115,Full Fisik Diunsia,0.800383448600769,39,Beasiswa Kkn Program,0.7886396646499634
7609440212754154248,aleraa8_,"ka aku mau tanya, dari awal sampe wisuda total biaya brpa ya? sama bayar ujian,buku,almamater dll?",1,0,77,Per Berapa Semester,0.8367985486984253,49,Ijazahnya Lulus Kan,0.824434757232666,18,Berapa Biaya Bayar,0.8241347670555115
7575380873689613063,akbar062811_,PENSAMAKU nya udah pasti pas weekend kakk?,0,0,96,Secara Dilaksanakan Hybrid,0.6679250001907349,108,Offline Onsite Onnline,0.6988370418548584,118,Desember Baca Depan,0.6984550356864929
7575203709283336968,akbar062811_,gada ospek ka? klo ada itu ga pake almet dong klo harus nunggu kuliah dlu,0,0,21,Malam Shift Begitu,0.837958812713623,71,Wisuda Uts Uas,0.8108962178230286,49,Ijazahnya Lulus Kan,0.778430700302124
7571288946240914197,lemmebeurmud,wisuda online juga kah?,2,2,7,Offline Ujiannya Online,0.8038971424102783,64,Full Online Serba,0.7960742712020874,112,Ujian Tes Online,0.7914063930511475
7571382453177795336,valentinostanleyy,bisa online bisa offline kak,0,0,108,Offline Onsite Onnline,0.9223604202270508,115,Full Fisik Diunsia,0.8208252787590027,7,Offline Ujiannya Online,0.8031004667282104
7571308470671934216,ikutikutan,Online ada offline ada kak,0,0,108,Offline Onsite Onnline,0.8236514329910278,51,Open Otw Pkl,0.7585729360580444,64,Full Online Serba,0.7507076263427734
7585800094407967508,tehsusubobaa,layanan luar negeri bisa gak,1,4,5,Kerja Negeri Kuliah,0.5912630558013916,68,Rpl Pengalaman Jalur,0.632848858833313,22,Pindahan Menerima Ut,0.6303604245185852
7585930108668084999,lolo41509,biaya 1 smt ny brpa kak?,0,0,18,Berapa Biaya Bayar,0.91346275806427,77,Per Berapa Semester,0.8451704978942871,1,Dicicil 3Jt Hanya,0.7803184390068054
7585824773092655893,ilysxy5,Ak dftr di unsia jg skr posisi jpg kak,0,0,9,Kip Unsia Diterima,0.853013277053833,88,Pindah Semester Ngulang,0.8199621438980103,46,Ut Pengin Bidang,0.8191854953765869
7585832752743121685,tehsusubobaa,tutor daftar nya kak,0,0,41,Info Link Cara,0.8910238742828369,17,Cara Daftarnya Bagaimana,0.800155520439148,79,Daftar Sudah Kamu,0.7944738864898682
7585840150178087700,ilysxy5,"Tinggal ke pmb unsia kak nnt ada caranya disitu lgsg pendaftaran kak,",0,0,2,Website Id Ac,0.8611860275268555,101,Favorit Pilih Fleksibel,0.8192211985588074,83,Pilih Favorit Mulai,0.7989248037338257
7568395843318399761,kyaqlby,"ini online nya zoom apa nonton youtube gitu kakkk, sama bisa buat yang mau pindah gaa",1,8,88,Pindah Semester Ngulang,0.7206307649612427,115,Full Fisik Diunsia,0.7829132080078125,21,Malam Shift Begitu,0.7683512568473816
7568552571234108167,einaafets,"22nya kak. Zoom iya, video materi dari youtube iya di lms namanya edlink ya.. Bisa pindahan",3,0,81,Iya Oke Orang,0.6822373867034912,71,Wisuda Uts Uas,0.7163085341453552,115,Full Fisik Diunsia,0.7153025269508362
7631598192363258645,saalmaasc,kalau zoom wajib atau yang mau² aja Kak?,0,0,7,Offline Ujiannya Online,0.6666678190231323,76,Paket Ijazah Sih,0.6901593208312988,93,Jujur Review Kata,0.6854135990142822
7631602554178437909,einaafets,"Gak wajib ka sih kalo zoom video conference gitu.. tp yaa bukan berarti yg mau2 aja jg sih.. Kl misal lg ambil nilai presentasi / FGD gt ya sebenernya harus hadir atau ya mungkin alpa atau konsekuensi lain (?) tergantung kebijakan dosennya.. Tp di unsia so far vicon ga wajib hadir ""kecuali"" kondisi tertentu🙏",0,0,21,Malam Shift Begitu,0.7947123050689697,59,Tugas Numpuk Tugasnya,0.73703932762146,71,Wisuda Uts Uas,0.7252538204193115
7632611938740552469,saalmaasc,"Oke Kak, kuliahnya gak wajib pake laptop kan Kak, i mean bisa di akses walau hanya pake HP? soalnya aku kerja dilaut dan gak memungkinkan bawa laptop.",0,0,81,Iya Oke Orang,0.6950120329856873,59,Tugas Numpuk Tugasnya,0.7442463040351868,86,Darimana 100 Jadi,0.7354575395584106
7632854176087163668,einaafets,Kalo buat akses materi tiap minggu aja rasanya bisa2 aja ka tanpa laptop.. Cm kl udh ada tugas/ujian yg fiturnya butuh laptop kan brti harus pke laptop..,0,0,30,Korea Degree Min,0.643775999546051,59,Tugas Numpuk Tugasnya,0.7935070991516113,21,Malam Shift Begitu,0.778998613357544
7569502327745954576,kyaqlby,ka sorry buat mau pindah di siber bayar uang gedung nya berapa ya dan bayaran lainnya apa aja,0,0,18,Berapa Biaya Bayar,0.850379228591919,49,Ijazahnya Lulus Kan,0.8114286661148071,77,Per Berapa Semester,0.8073805570602417
7569528730835616520,einaafets,"Biaya pendaftaran itu kan 100k ka, ukt 3jt. Kl pindahan ada biaya konversi 2jt di luar ukt td. Dan gada biaya gedung kok",0,0,1,Dicicil 3Jt Hanya,0.8079833984375,71,Wisuda Uts Uas,0.7314651012420654,21,Malam Shift Begitu,0.7189559936523438
7569502683331609351,einaafets,"Tidak ada biaya gedung ka hanya biaya pendaftaran 104k, ukt 3jt. Kalo pindahan itu ada biaya konversi kak 2jt. Dan syaratnya harus sudah 2 smt di kampus asal, dan ngurus surat keluar dll yaa. Minimal nilai c utk pindah. Kalo mau info lebih lanjut bisa dm yaaa😉",2,0,1,Dicicil 3Jt Hanya,0.8122564554214478,49,Ijazahnya Lulus Kan,0.8278720378875732,21,Malam Shift Begitu,0.7841131091117859
7568515875813671698,56leejn,ospeknya offline kak?,0,10,112,Ujian Tes Online,0.860885739326477,7,Offline Ujiannya Online,0.8195918798446655,108,Offline Onsite Onnline,0.807083010673523
7568552308431848199,einaafets,"Engga kak, full online. Di unsia PENSAMAKU pengenalan kampus saja",12,0,64,Full Online Serba,0.792411744594574,71,Wisuda Uts Uas,0.8126755952835083,9,Kip Unsia Diterima,0.7893248796463013
7572158255767028487,anaakhiri,cara daftarnya gmn,0,0,107,Daftarnya Cara Bagaimana,0.9627654552459717,17,Cara Daftarnya Bagaimana,0.8775678873062134,127,Caranya Kuliahnya Bagaimana,0.8027759790420532
7572448684731417362,wh0ps1e00,"berapa lama kak ini? dan di jam berapa ya, aku mau join tp takut gabisa ikut ospek nya",0,0,21,Malam Shift Begitu,0.8446948528289795,123,Jam Kelas Karyawan,0.8342922925949097,49,Ijazahnya Lulus Kan,0.8092713952064514
7572451132493611797,einaafets,@fani:Lumayan lama si ka 2-3 jam kayaknya.. 😅Tp disambi aja kl emg mendesak. Pagi smpe siangg,0,0,21,Malam Shift Begitu,0.7038577795028687,123,Jam Kelas Karyawan,0.7167167663574219,59,Tugas Numpuk Tugasnya,0.7035388946533203
7569650300945302290,56leejn,"yahhh, susah dapet temen ngga ya kak",1,0,115,Full Fisik Diunsia,0.752004861831665,135,Infoin Mau Lantang,0.7572460770606995,76,Paket Ijazah Sih,0.749086320400238
7569650920016266002,einaafets,Aktif ikut HIMA aja ka kl mau banyak kenalan😆😉,0,0,27,Join Grup Yuk,0.7901812195777893,116,Ig Akun Sering,0.7395532131195068,128,Main Kampusnya Kekampus,0.7207102179527283
7572018240320406289,tukiyem_244,Kak km domisili mana Taiwan nya??,0,0,6,Dimana Daerah Mana,0.8619981408119202,52,Web Lewat Kemana,0.8379477858543396,84,Ngambil Ambil Apa,0.7890220284461975
7572020242562761492,einaafets,"Bukan, jabodetabek aku",0,0,122,Kalbar Ia Kebingungan,0.853242039680481,75,Iya Iyapp Introvert,0.7789019346237183,38,Ih Maba Grupnya,0.7655743360519409
7593326931413074706,urknowhdd_,buat kerja sambil kuliah dan ningkatin ksrir worth it gaa ka,0,0,5,Kerja Negeri Kuliah,0.7442858219146729,59,Tugas Numpuk Tugasnya,0.7317663431167603,46,Ut Pengin Bidang,0.7031782865524292
7593351680973685524,einaafets,Worth it ka🙂‍↕️😉,0,0,5,Kerja Negeri Kuliah,0.5013754963874817,26,Adek Duluan Nurul,0.7908662557601929,45,Enggak Ribet Fh,0.7486350536346436
7569053017145590546,netaa496,kakak osmb online gaa?,0,4,64,Full Online Serba,0.7950233221054077,51,Open Otw Pkl,0.7619978189468384,108,Offline Onsite Onnline,0.7570009231567383
7571517070224311057,earlycai,bisa pake kip ga ya?,0,0,68,Rpl Pengalaman Jalur,0.7732961773872375,115,Full Fisik Diunsia,0.8086211681365967,76,Paket Ijazah Sih,0.7953681945800781
7571516991820317441,earlycai,untuk biaya nya berapa ka,0,0,18,Berapa Biaya Bayar,0.9319289922714233,77,Per Berapa Semester,0.8404018878936768,17,Cara Daftarnya Bagaimana,0.822709321975708
7570504381537239809,taliasukabakso,ka apakah unsia menerima llusan paket c???,0,0,22,Pindahan Menerima Ut,0.8091207146644592,30,Korea Degree Min,0.7896840572357178,39,Beasiswa Kkn Program,0.77864670753479
7569125542834799381,cmilaslm_,gaa ada jurusan pendidikan yah :(,0,0,0,Jurusan Teknik Inggris,0.789393424987793,45,Enggak Ribet Fh,0.7887518405914307,132,Mending Ptnbh Alumni,0.7824675440788269
7572018362176930577,tukiyem_244,Kalo wisuda gimana kak???? Di Taiwan apa indo??,0,4,33,Bagaimana Wisudanya Tes,0.8501121401786804,22,Pindahan Menerima Ut,0.8282190561294556,5,Kerja Negeri Kuliah,0.8281267881393433
7572031191139386119,valentinostanleyy,bisa online bs offline kak,5,0,108,Offline Onsite Onnline,0.922360360622406,115,Full Fisik Diunsia,0.8208252191543579,7,Offline Ujiannya Online,0.8031004071235657
7605777673378415368,sskryuu,kalo milih offline ada syarat khusus misal yg boleh ipk 3+ gitu ga kak?,0,0,119,Teman Syarat Magang,0.8091651201248169,76,Paket Ijazah Sih,0.7854033708572388,49,Ijazahnya Lulus Kan,0.7800480127334595
7605789659025031954,valentinostanleyy,"engga kak, semuanya boleh",0,0,45,Enggak Ribet Fh,0.8561230301856995,135,Infoin Mau Lantang,0.8132437467575073,117,Boleh Bolehhh Dong,0.8106012940406799
7572052215595729672,univsiberasia,"Hi Kakak, untuk wisuda dilaksanakan secara onsite ya",0,0,96,Secara Dilaksanakan Hybrid,0.9293335676193237,10,Maret April Bulan,0.819368839263916,2,Website Id Ac,0.7779134511947632
7590512298595992338,nadhifazalfabella,Ada RPL ga kaa,1,2,68,Rpl Pengalaman Jalur,0.8245728015899658,39,Beasiswa Kkn Program,0.8211226463317871,51,Open Otw Pkl,0.8104660511016846
7591016308868678408,nadhifazalfabella,Owh okayy. Kaka ada timeline pendaftarannya kah?,0,0,3,Buka Pendaftaran Masih,0.7707808017730713,79,Daftar Sudah Kamu,0.7661042213439941,34,Daftar Tinggal Baru,0.7601107358932495
7590792580871602952,nadhifazalfabella,"Aku kebetulan dari d3 bahasa inggris, kira2 jurisan apa aja ya yang bisa aku enroll",0,0,119,Teman Syarat Magang,0.8081420660018921,16,Apa Saja Jurusan,0.7478146553039551,4,D3 S1 Lanjut,0.7471022605895996
7536059856912024328,assyhhh,berarti ga usah ke kampus sama sekali gapapa kan kak?,9,9,53,Dong Kayaknya Banget,0.705998420715332,128,Main Kampusnya Kekampus,0.7575101852416992,81,Iya Oke Orang,0.7251129150390625
7538282971519697671,univsiberasia,"Halo Kak, Betul banget Kakak, karena UNSIA 100% full online learning😊",9,0,44,100 Learning Fully,0.943170428276062,86,Darimana 100 Jadi,0.8119342923164368,130,Pt Terakreditasi Ban,0.7602920532226562
7542536014352220936,alvinaaaaaaa_,Ujian juga online ka?,0,0,112,Ujian Tes Online,0.9139691591262817,7,Offline Ujiannya Online,0.8180492520332336,108,Offline Onsite Onnline,0.8065274953842163
7545797255883637512,mellstore_5,gapapa dong,0,0,53,Dong Kayaknya Banget,0.7656899094581604,45,Enggak Ribet Fh,0.7764421701431274,75,Iya Iyapp Introvert,0.7586865425109863
7536133014524756754,einaafets,"Iya betull kakk, nti saat sdh wisuda juga bisa pilih yg online",0,0,71,Wisuda Uts Uas,0.861469030380249,34,Daftar Tinggal Baru,0.815794825553894,7,Offline Ujiannya Online,0.8088394403457642
7538058410136371986,duhsiecaa,kalo pilih kelas ofline seminggu sekali bisa?,0,0,123,Jam Kelas Karyawan,0.7128130197525024,64,Full Online Serba,0.6738855838775635,115,Full Fisik Diunsia,0.664610743522644
7538090156717998866,einaafets,Engga ada kls offline ka,0,0,108,Offline Onsite Onnline,0.8215711712837219,112,Ujian Tes Online,0.8108938932418823,64,Full Online Serba,0.8072234392166138
7540564621841974023,bulannbiruu_,ada skripsi ngga kak?tugas banyak tidak?,0,0,11,Skripsi Sidang Tidak,0.7624987363815308,59,Tugas Numpuk Tugasnya,0.7204187512397766,58,Tugas Akhir Skripsi,0.6937244534492493
7540569441098515218,einaafets,"Ada TA, tugasnya 1 doang sih perMK",0,0,93,Jujur Review Kata,0.8150519132614136,57,Nilai Sesi Sabar,0.7388156652450562,104,Aman Unas Ciber,0.726184606552124
7527631066661438225,_heeyouuu,daerah mna ni kak,0,2,6,Dimana Daerah Mana,0.9098228216171265,52,Web Lewat Kemana,0.7882552146911621,84,Ngambil Ambil Apa,0.7488237619400024
7527870877608149778,univsiberasia,"Halo Kak, Kampus UNSIA terletak di Jl. Harsono RM No.1, RT.5/RW.7, Ragunan, Kec. Ps. Minggu, Kota Jakarta Selatan.",3,0,110,Jakarta Selatan Ragunan,0.8816063404083252,2,Website Id Ac,0.5416545867919922,136,Yaitu Akuntansi Terdapat,0.5322885513305664
7581038814098359041,fhrraac,eh ada yg mau daftar ga tahun depan?,42,20,47,Daftar Gelombang Januari,0.8465800881385803,3,Buka Pendaftaran Masih,0.7769485712051392,34,Daftar Tinggal Baru,0.7743043899536133
7581379657570222866,univsiberasia,Yuk yuk yuk🤗🤩🤗,6,0,24,Ayo Ikutt Ikut,0.79044508934021,26,Adek Duluan Nurul,0.686543881893158,27,Join Grup Yuk,0.6587704420089722
7585391802066404114,dekanaaaa12,tahun besok buka pendaftarannya di bulan apa ya kak?,1,0,31,Kapan Pendaftarannya Gelombang,0.88419508934021,89,Tanggal Gelombang Bulan,0.8941231369972229,3,Buka Pendaftaran Masih,0.8501474857330322
7589485320227177234,mrgarttt,ikutt,0,0,24,Ayo Ikutt Ikut,0.8611915707588196,19,Com Nice Https,0.8205109238624573,26,Adek Duluan Nurul,0.7988211512565613
7623274207028282120,shesyfaaa,kak kamu udah daftar?,0,0,79,Daftar Sudah Kamu,0.9081437587738037,34,Daftar Tinggal Baru,0.8158092498779297,43,Belum Huhu Nih,0.7912609577178955
7590246442268640020,.bjeautiful,ak,0,0,122,Kalbar Ia Kebingungan,0.9607616662979126,29,Menyimak Nyimakkk Ut,0.8692798018455505,40,One Yaallahh Day,0.8660860657691956
7582460963095724817,whiteebaby__,bkin grup dong,1,0,27,Join Grup Yuk,0.8098962306976318,117,Boleh Bolehhh Dong,0.7715663909912109,121,Nitip Kabarin Mencari,0.7525796890258789
7587102431499895570,ismifazh19,ikuuuut,0,0,19,Com Nice Https,0.8557529449462891,26,Adek Duluan Nurul,0.7496844530105591,75,Iya Iyapp Introvert,0.7420426607131958
7583005214237426453,ga_but84,Hai kak ak udh daftar kmu udh?,0,0,79,Daftar Sudah Kamu,0.8483801484107971,34,Daftar Tinggal Baru,0.7893654704093933,15,Hi Halo Dong,0.7826672792434692
7583184271611904784,fhrraac,belum ka🥺,0,0,43,Belum Huhu Nih,0.8921345472335815,26,Adek Duluan Nurul,0.8369502425193787,51,Open Otw Pkl,0.8166982531547546
7583188713057665813,ga_but84,Iya aku udh tes ka tinggal nunggu hasil,0,0,34,Daftar Tinggal Baru,0.8274250030517578,79,Daftar Sudah Kamu,0.7773120999336243,81,Iya Oke Orang,0.7753295302391052
7584761751335846663,nooneoneo_,kak cra dpet info daftrnya dimna,0,0,41,Info Link Cara,0.7485630512237549,8,Tanya Bertanya Chat,0.7521737813949585,52,Web Lewat Kemana,0.7464905381202698
7584797409172407058,univsiberasia,Dari Mimin juga bisa kak🤩,0,0,108,Offline Onsite Onnline,0.8564643859863281,87,Hihi Jugakk Wakty,0.8208881616592407,76,Paket Ijazah Sih,0.7865181565284729
7584296475975353105,hellowleo19,Aku msh bingunggg mau ke sini atau UT😭,0,0,38,Ih Maba Grupnya,0.6780776381492615,128,Main Kampusnya Kekampus,0.7136053442955017,88,Pindah Semester Ngulang,0.708909809589386
7584023446108554004,nicaandri,ikut kak,0,0,24,Ayo Ikutt Ikut,0.907248318195343,26,Adek Duluan Nurul,0.8528910875320435,135,Infoin Mau Lantang,0.8263928890228271
7584090717494346514,univsiberasia,Mimin ikutttt kaa,0,0,24,Ayo Ikutt Ikut,0.8438979387283325,135,Infoin Mau Lantang,0.8113219141960144,27,Join Grup Yuk,0.8064882159233093
7583934149527946004,qaxaxa,yukk,0,0,24,Ayo Ikutt Ikut,0.8298172354698181,131,Next Up Gass,0.7863191962242126,90,Binus Adsfort Harga,0.7813057899475098
7582535892486767367,novalia3006,Aku kk,0,0,122,Kalbar Ia Kebingungan,0.9144048690795898,26,Adek Duluan Nurul,0.8270790576934814,75,Iya Iyapp Introvert,0.7905466556549072
7582466169827820305,fhrraac,gass,0,0,131,Next Up Gass,0.9220093488693237,82,Nrrjml Hbd Nz,0.8606452941894531,29,Menyimak Nyimakkk Ut,0.8448100090026855
7581049327700099841,knceh13,kak mau masuk unsia jugaa?,0,0,9,Kip Unsia Diterima,0.9030687808990479,30,Korea Degree Min,0.8468596935272217,88,Pindah Semester Ngulang,0.8195099830627441
7581679201083032327,mieko_o6,"kak, bikin grub wa yu pliss",0,0,27,Join Grup Yuk,0.8101447820663452,116,Ig Akun Sering,0.8042788505554199,23,Dm Cek Izin,0.7612162828445435
7568508246794126088,scorpiooww12_,untuk tugas akhir/skripsi ad ka? dan cara ngumpulin tugas akhir ny gimana ktmu dosen ny apa ngga apa via online?,9,9,21,Malam Shift Begitu,0.8362771272659302,58,Tugas Akhir Skripsi,0.8288245797157288,49,Ijazahnya Lulus Kan,0.7733814120292664
7569296586062496530,ikutikutan,"Halo kak semua full online yaa, jd kuliah, tugas, uas, uts, sidang semua online🥰 wisuda jg online tapi klo mau offline bisaa",5,0,71,Wisuda Uts Uas,0.8913403749465942,21,Malam Shift Begitu,0.83815598487854,7,Offline Ujiannya Online,0.8164032697677612
7569933261733397266,maya.siska13,"Aku mauuu semua online , wisuda doang yang mau offline 😭😭biar bisa foto foto wkwk😂",36,0,7,Offline Ujiannya Online,0.6848445534706116,71,Wisuda Uts Uas,0.7624140381813049,59,Tugas Numpuk Tugasnya,0.7340705990791321
7569933804997165832,ikutikutan,Cek dm ya kak🥰,0,0,23,Dm Cek Izin,0.8763836622238159,60,Admin Dm Boleh,0.8333784341812134,36,Dm Admin Detailnya,0.8141508102416992
7569934299697496840,maya.siska13,Tapi kalau wisuda offline nya di jkt ya kak?? Aku aja tinggal di Pekanbaru Riau,1,0,7,Offline Ujiannya Online,0.8077269196510315,71,Wisuda Uts Uas,0.8104385733604431,21,Malam Shift Begitu,0.7940075397491455
7569937459305530130,ikutikutan,Iya kak benar☺️,0,0,81,Iya Oke Orang,0.8834905624389648,48,Betul Banget Lucu,0.8422528505325317,75,Iya Iyapp Introvert,0.8191785216331482
7605639564082250512,jupe_juleha,iya sama lagi,0,0,92,Samaaa Sama Konveksi,0.8793008327484131,75,Iya Iyapp Introvert,0.8067986965179443,81,Iya Oke Orang,0.7890329360961914
7575368059772568340,ayavlyyy,ad skripsi ka?,0,0,51,Open Otw Pkl,0.929558277130127,11,Skripsi Sidang Tidak,0.8498768210411072,43,Belum Huhu Nih,0.8388166427612305
7592861841840538388,lunaluvyy_,"kak, wajib kkn atau magang gitu ngga kak?",0,0,39,Beasiswa Kkn Program,0.7972719073295593,5,Kerja Negeri Kuliah,0.7943133115768433,119,Teman Syarat Magang,0.771746039390564
7568552389372887816,einaafets,Ada tugas akhir ka. Semua online ya,0,0,58,Tugas Akhir Skripsi,0.8439955711364746,112,Ujian Tes Online,0.8562734127044678,71,Wisuda Uts Uas,0.8421382904052734
7568418853891900167,cesil_000,"kk cara daftarnya gmna?
bisa gak saya dari Kalimantan ngedaftar?",0,11,17,Cara Daftarnya Bagaimana,0.8622515201568604,22,Pindahan Menerima Ut,0.8197001218795776,91,Ulang Bayar Isi,0.8102263808250427
7568552680462205714,einaafets,"Di sini pmb.unsia.ac.id blm buka lg.. Bisa bgt ka, sluruh indo dan LN pun banyak mhs unsia",0,0,2,Website Id Ac,0.7806410193443298,9,Kip Unsia Diterima,0.7608731389045715,30,Korea Degree Min,0.7573866844177246
7568722051537240840,cesil_000,takut ttb” banyak tugas🥲,0,0,58,Tugas Akhir Skripsi,0.5890843868255615,57,Nilai Sesi Sabar,0.7028942704200745,59,Tugas Numpuk Tugasnya,0.6904395818710327
7657005986611233557,melllio7,"bimbang antara ut dma unsia, tpi di unsia gda parodi yg ak mau😭",0,0,30,Korea Degree Min,0.6646244525909424,46,Ut Pengin Bidang,0.7107023000717163,9,Kip Unsia Diterima,0.7064346671104431
7568723279570502418,einaafets,"Ngga kak, tenang aja. Tugas di unsia cuma 1 per mk per smt. Paling adanya kuis aja di lms edlink😁",0,0,58,Tugas Akhir Skripsi,0.8035181760787964,71,Wisuda Uts Uas,0.7738473415374756,21,Malam Shift Begitu,0.7718212008476257
7586688239151661831,atlehileee,kalau s1 di UT s2 di unsia boleh ga?,2,1,30,Korea Degree Min,0.869560718536377,4,D3 S1 Lanjut,0.88433837890625,50,S2 Pendidikan Hukum,0.8357185125350952
7593922081721844501,milanounow,"ka, aku diut skrg semeter 2 mau naik ke 3. apa bisa pindah ke unsia tanpa ngulang? 🙏",0,0,88,Pindah Semester Ngulang,0.8689737319946289,49,Ijazahnya Lulus Kan,0.8320613503456116,46,Ut Pengin Bidang,0.8296145796775818
7542849122605744914,fifetee,pertama masuk brp biayanya kak?,1,5,18,Berapa Biaya Bayar,0.8882113099098206,77,Per Berapa Semester,0.8399996757507324,99,Biayanya Biaya Berapa,0.8086991310119629
7543529467856978696,einaafets,Biaya pendaftaran 100k. Tp skrg lg promo bebas biaya pendaftaran loh ka. Cm smpe hri ini yaa😁. Dan minimal bayar ukt cicilan 1 yaitu 1jt,0,0,1,Dicicil 3Jt Hanya,0.8111491203308105,91,Ulang Bayar Isi,0.7344352006912231,10,Maret April Bulan,0.7247849702835083
7543978731153703698,mentariiiptr,ada program pjj untuk s2 ga kak?,0,0,37,S2 Ada Doktoral,0.8925517797470093,4,D3 S1 Lanjut,0.8617957830429077,50,S2 Pendidikan Hukum,0.8571704030036926
7543980344509547282,einaafets,"Kabarnya nanti ada, cm blm tau kapan terealisasikan😁",2,0,47,Daftar Gelombang Januari,0.6548537611961365,118,Desember Baca Depan,0.6503759622573853,93,Jujur Review Kata,0.6340725421905518
7562193783908746005,shaaxyra,kak untuk ukt nya berapa sama per semester berapa kak?,0,0,77,Per Berapa Semester,0.88737952709198,18,Berapa Biaya Bayar,0.8676140308380127,65,Angkatan Berapa Kira,0.8099793195724487
7562194695804437255,einaafets,3jt per semester bisa dicicil 3x,0,0,1,Dicicil 3Jt Hanya,0.7896170020103455,77,Per Berapa Semester,0.6305086612701416,124,Juta Serius 3Jt,0.6036374568939209
7606228429156139777,ginulnie,"untuk bisa jadi s1 habisin brp ya kira"" ka",2,1,65,Angkatan Berapa Kira,0.8387492895126343,18,Berapa Biaya Bayar,0.842638373374939,77,Per Berapa Semester,0.842232882976532
7606254070244164370,ritaaaaaaaaaaaa1,24jutaan kak,0,0,124,Juta Serius 3Jt,0.8592641353607178,26,Adek Duluan Nurul,0.6873095631599426,135,Infoin Mau Lantang,0.6845664381980896
7653309123093807890,ynoww231,adain untuk non rpl plss,0,1,68,Rpl Pengalaman Jalur,0.7349509000778198,42,Jurusan Ekonomi Hukum,0.6682807207107544,102,100 Fully Bk,0.6637173891067505
7653309138169004818,ynoww231,tapi tetep full online belum dpt kerja nih,0,0,64,Full Online Serba,0.7907979488372803,57,Nilai Sesi Sabar,0.747306764125824,71,Wisuda Uts Uas,0.7409766912460327
7597347230500143879,mtnshop31,Klo sudah kuliah diut tp pngn kuliah diunsia tp beda jurusan bisa ga ka,0,1,5,Kerja Negeri Kuliah,0.8535774946212769,49,Ijazahnya Lulus Kan,0.8432661294937134,22,Pindahan Menerima Ut,0.8300788998603821
7609417953826177800,xyzzz488,Kak kira kira biaya sampe lulus berapa ya perkiraan saja kak hee,0,0,77,Per Berapa Semester,0.8429145812988281,18,Berapa Biaya Bayar,0.8517447710037231,49,Ijazahnya Lulus Kan,0.7892080545425415
7528903282351538965,zhack35a,iya tau kuliah tidak ribet tapi biayanya yang ribet orang tua tidak sanggup,27,2,99,Biayanya Biaya Berapa,0.5850793123245239,59,Tugas Numpuk Tugasnya,0.7481412291526794,46,Ut Pengin Bidang,0.7306256294250488
7597220299532567316,onyourvra,disini bisa pake kip ka?,0,0,9,Kip Unsia Diterima,0.6661351323127747,108,Offline Onsite Onnline,0.7663947939872742,104,Aman Unas Ciber,0.7320003509521484
7593848245127349012,chocolavaa_2,daftar beasiswa gmn kak caranya,0,0,17,Cara Daftarnya Bagaimana,0.8882907629013062,127,Caranya Kuliahnya Bagaimana,0.845521092414856,39,Beasiswa Kkn Program,0.8126977682113647
7591438326759490312,cassava698,di UNSIA ada program S2 ga ka?,0,1,30,Korea Degree Min,0.9156323075294495,37,S2 Ada Doktoral,0.8957170248031616,67,Program Belum Dibuka,0.8828426003456116
7606942092003312402,risnamwrdh15,bisa fashtrak ngga ka?,0,0,135,Infoin Mau Lantang,0.7730369567871094,115,Full Fisik Diunsia,0.8242506980895996,108,Offline Onsite Onnline,0.7983529567718506
7624346958229439252,ooonieeeee,min mau daftar,1,2,27,Join Grup Yuk,0.7857521176338196,8,Tanya Bertanya Chat,0.804425835609436,78,Kapan Min Gel,0.7998757362365723
7624348416831095560,univsiberasia,"Hi hi Kak, yuu daftar sekarang karena hari ini terakhir pendaftaran lhoo🤩",0,0,10,Maret April Bulan,0.79254549741745,2,Website Id Ac,0.7522175908088684,79,Daftar Sudah Kamu,0.7396104335784912
7624757118419190549,theonlyme_48,hah beneran udah di tutup kak pendaftaran nya???,0,0,3,Buka Pendaftaran Masih,0.8136699199676514,91,Ulang Bayar Isi,0.7871215343475342,79,Daftar Sudah Kamu,0.7725957036018372
7527947294685397778,novira_1613,pgn bgt tp blm ada rezekinya,1,1,46,Ut Pengin Bidang,0.6306067705154419,57,Nilai Sesi Sabar,0.7026959657669067,43,Belum Huhu Nih,0.665550708770752
7575934257466983175,novira_1613,"Yaa Allah pgn kak, semoga bisa tahun depan daftar kuliah di unsia Aamiin 🤲🏻",0,0,62,Semoga Allah Doain,0.9030137658119202,111,Alhamdulillah Keluarga Bagian,0.8110341429710388,25,Amin Selalu Semangat,0.7738756537437439
7527570824086242055,raymondswag,berarti universitas lain ribut kak?,8,3,104,Aman Unas Ciber,0.8060711026191711,84,Ngambil Ambil Apa,0.7641764879226685,132,Mending Ptnbh Alumni,0.7627702355384827
7527650224220029703,cc.vronicca,"bkn gt maksudnya, mksd kaka ini tu bisa kuliah jarak jauh gitu",0,0,5,Kerja Negeri Kuliah,0.7497703433036804,46,Ut Pengin Bidang,0.7222069501876831,88,Pindah Semester Ngulang,0.7006495594978333
7527670820987896596,raymondswag,"just kidding, sis😊",0,0,19,Com Nice Https,0.7534835338592529,26,Adek Duluan Nurul,0.6719246506690979,131,Next Up Gass,0.6704237461090088
7527671134108664584,cc.vronicca,"just fyi, sist☺️",1,0,19,Com Nice Https,0.7546278238296509,26,Adek Duluan Nurul,0.6745927929878235,131,Next Up Gass,0.6578959226608276
7588949983857607444,ciaorpia,biaya terjangkau ga min???,0,7,86,Darimana 100 Jadi,0.53334641456604,99,Biayanya Biaya Berapa,0.6984089612960815,41,Info Link Cara,0.6479893326759338
7588959851733861128,univsiberasia,"Pastinya dong Kak, karena UKTnya cuma 3jt persemester dan kamu harus tau Kak, bisa dicicil sebanyak 3x🤩",6,0,1,Dicicil 3Jt Hanya,0.8789421319961548,49,Ijazahnya Lulus Kan,0.7681034803390503,18,Berapa Biaya Bayar,0.7553005218505859
7591788287687394064,ketuagengsterriyall,gass,0,0,131,Next Up Gass,0.9220093488693237,82,Nrrjml Hbd Nz,0.8606452941894531,29,Menyimak Nyimakkk Ut,0.8448100090026855
7591113150885774088,miigacoan,Ini bayar 3x dicicil dlm wktu semester brp 6 bulan ya?,0,0,1,Dicicil 3Jt Hanya,0.8239034414291382,77,Per Berapa Semester,0.7825404405593872,18,Berapa Biaya Bayar,0.7393881678581238
7588993374942872327,xyzahrabc,Ka ini smua jurusan sama?,0,0,0,Jurusan Teknik Inggris,0.7940376400947571,84,Ngambil Ambil Apa,0.7929405570030212,104,Aman Unas Ciber,0.7743033766746521
7589183012899046152,univsiberasia,Samaa Kakak🤗,0,0,92,Samaaa Sama Konveksi,0.8920808434486389,26,Adek Duluan Nurul,0.8642469644546509,24,Ayo Ikutt Ikut,0.82895827293396
7589456179652576017,riniwijaya41,min g ada jurusan hukum..???,0,0,0,Jurusan Teknik Inggris,0.8535318374633789,42,Jurusan Ekonomi Hukum,0.8360238075256348,50,S2 Pendidikan Hukum,0.8348280191421509
7528561216994951957,rahmatefendi591,kek ga asing mukanya,6,1,126,Keren Mukanya Asing,0.7557594180107117,45,Enggak Ribet Fh,0.7106596231460571,75,Iya Iyapp Introvert,0.6827871799468994
7528716429278249735,fdaafry,sama,1,0,-1,Mantab Uk Belakang,0.0,29,Menyimak Nyimakkk Ut,0.8363601565361023,40,One Yaallahh Day,0.831733226776123
7527653541570904839,lpknikainternasional1,mba mba adfor 😳,54,1,35,Infonya Terima Kasih,0.6727489233016968,97,Salam Mantap Kenal,0.7286328077316284,26,Adek Duluan Nurul,0.7118366360664368
7527653979753644801,zefanya_54,pantes ga asing mukanya😭,6,0,126,Keren Mukanya Asing,0.7102711200714111,125,Gratis Tersedia Pesan,0.6058552861213684,75,Iya Iyapp Introvert,0.5876443386077881
7528084626779243272,giman9601,ini serba online ka kak,0,4,64,Full Online Serba,0.8420945405960083,108,Offline Onsite Onnline,0.8215486407279968,81,Iya Oke Orang,0.7961116433143616
7559935504885711634,strawberycakee66,Ada jurusan apa aja ini?,0,0,16,Apa Saja Jurusan,0.8885695934295654,42,Jurusan Ekonomi Hukum,0.7993746399879456,84,Ngambil Ambil Apa,0.7940706014633179
7545801249578664711,mellstore_5,100% online,0,0,90,Binus Adsfort Harga,0.8580688834190369,14,Fitriyani Andriani Udin69Can,0.8094005584716797,40,One Yaallahh Day,0.8080956935882568
7549037874181800722,giman9601,link ya kak,0,0,41,Info Link Cara,0.8064156770706177,23,Dm Cek Izin,0.8250246047973633,135,Infoin Mau Lantang,0.7981950640678406
7549038021145707272,mellstore_5,dm aja kak🤗,0,0,23,Dm Cek Izin,0.8671099543571472,60,Admin Dm Boleh,0.8051056861877441,36,Dm Admin Detailnya,0.7792683839797974
7549857325391135506,uselelew,Wisudah nya itu gmn kak?,0,2,33,Bagaimana Wisudanya Tes,0.9024057984352112,18,Berapa Biaya Bayar,0.8144255876541138,127,Caranya Kuliahnya Bagaimana,0.8129669427871704
7552772827503018760,einaafets,Onsite atau bisa online jg ka,1,0,108,Offline Onsite Onnline,0.8496774435043335,115,Full Fisik Diunsia,0.7516999244689941,116,Ig Akun Sering,0.7501343488693237
7568096895459312391,teccaawca,bisa pindahan dari kampuss lain ga?? niat nyaa nanti semester depan mau pindah,0,3,88,Pindah Semester Ngulang,0.835832417011261,46,Ut Pengin Bidang,0.8075385093688965,5,Kerja Negeri Kuliah,0.7953126430511475
7568749219084698386,teccaawca,apakah kemungkinan besar akan keterima kalau jalur alih jenjang ka?,0,0,12,Konversi Jalur Melalui,0.7213026285171509,4,D3 S1 Lanjut,0.7261574864387512,22,Pindahan Menerima Ut,0.7193922996520996
7568732247564010248,teccaawca,kalau untuk alih jenjang apa tetap ada tes ujian masuk nya kak?,0,0,12,Konversi Jalur Melalui,0.7816914319992065,49,Ijazahnya Lulus Kan,0.8452747464179993,33,Bagaimana Wisudanya Tes,0.8275429010391235
7568426726406750984,windaycute_,ini full online ga ya kak?,0,0,115,Full Fisik Diunsia,0.9094854593276978,108,Offline Onsite Onnline,0.8718056678771973,64,Full Online Serba,0.8541839122772217
7611382165608465168,_inisialmps,"kak kalau sebelumnya kuliah di UT pindah ke unsia itu gimana. kan status nya mahasiswa disana, perlu di non aktifkan dlu gak",1,1,49,Ijazahnya Lulus Kan,0.8788596391677856,21,Malam Shift Begitu,0.8443341255187988,22,Pindahan Menerima Ut,0.80892413854599
7611469541603853074,ppmbunsia,"Halo Kak, bisa Kak",0,0,15,Hi Halo Dong,0.9313586950302124,87,Hihi Jugakk Wakty,0.8447631597518921,135,Infoin Mau Lantang,0.8006415963172913
7551968066130215687,cxyzraa11,jurusan administrasi gada kh,0,3,0,Jurusan Teknik Inggris,0.8925864100456238,42,Jurusan Ekonomi Hukum,0.8603981137275696,132,Mending Ptnbh Alumni,0.8300086259841919
7558137233166287624,frzywlkrr,komunikasi akre apa?,0,0,134,Pjj Akre Industri,0.7621408104896545,11,Skripsi Sidang Tidak,0.6908871531486511,114,S2 Lita Anis,0.6811046600341797
7567066562981856007,dezhrostova,hukum ga ada ka?,0,0,45,Enggak Ribet Fh,0.7641483545303345,11,Skripsi Sidang Tidak,0.6552591323852539,51,Open Otw Pkl,0.6215795278549194
7528792094867178248,tatan427,na nya dulu biaya nya berapa ini,0,5,18,Berapa Biaya Bayar,0.8147499561309814,99,Biayanya Biaya Berapa,0.7708939909934998,77,Per Berapa Semester,0.762968897819519
7545798205872718612,mellstore_5,3 JT persemester kak,0,0,1,Dicicil 3Jt Hanya,0.758037269115448,124,Juta Serius 3Jt,0.8354660272598267,99,Biayanya Biaya Berapa,0.6966546177864075
7555474408006877969,greentea2345,"sudah full biaya ama uas, uts, modul kak?",0,0,71,Wisuda Uts Uas,0.806073784828186,112,Ujian Tes Online,0.782577395439148,7,Offline Ujiannya Online,0.7485907077789307
7555474688534037264,mellstore_5,"iya dong gaada biaya UAS,UTS dll itu udah include Ama SKS dll jadi misal ambil 24 SKS pun gaada tambahan biaya",0,0,71,Wisuda Uts Uas,0.7650026679039001,59,Tugas Numpuk Tugasnya,0.7696200609207153,21,Malam Shift Begitu,0.7597101926803589
7555478385222009616,greentea2345,makasi ya kk infonya,0,0,35,Infonya Terima Kasih,0.9063757658004761,98,Terima Kasih Murid,0.8938860893249512,25,Amin Selalu Semangat,0.7874795198440552
7555555336398258965,mellstore_5,masama🤗,0,0,19,Com Nice Https,0.760361909866333,131,Next Up Gass,0.7400006055831909,29,Menyimak Nyimakkk Ut,0.7106260657310486
7544595629789594376,keke_nknik,Kak aku tki di sgp bisa full online kah ?,0,2,7,Offline Ujiannya Online,0.8094595074653625,22,Pindahan Menerima Ut,0.8341360092163086,115,Full Fisik Diunsia,0.8292149305343628
7545797231795045140,mellstore_5,bisa kak,0,0,87,Hihi Jugakk Wakty,0.9871407151222229,53,Dong Kayaknya Banget,0.8916923999786377,135,Infoin Mau Lantang,0.8565638661384583
7545685053049848594,einaafets,Bisa kak..,0,0,87,Hihi Jugakk Wakty,0.9871407151222229,53,Dong Kayaknya Banget,0.8916923999786377,135,Infoin Mau Lantang,0.8565638661384583
7527913988366942984,pett3749,"nggak akan datang kekampus sampai kapan pun kan kk?
maksudnya misal selama 1 minggu itu nggak akan ke kampus gitu kan",1,3,128,Main Kampusnya Kekampus,0.7356455326080322,21,Malam Shift Begitu,0.7800888419151306,123,Jam Kelas Karyawan,0.738662600517273
7527981668239246087,univsiberasia,"Halo Kak, betul sekali karena UNSIA 100% full online learning 😊",4,0,44,100 Learning Fully,0.9300216436386108,86,Darimana 100 Jadi,0.7845898866653442,58,Tugas Akhir Skripsi,0.7359007596969604
7527945106981896968,einaafets,Iya gk perlu ke kampus kak. Wisuda jg bisa pilih online,1,0,71,Wisuda Uts Uas,0.844501256942749,108,Offline Onsite Onnline,0.7996023893356323,7,Offline Ujiannya Online,0.7853611707687378
7527919443578667792,jitsia_haha,itu kuliahnya full online kk,1,0,64,Full Online Serba,0.9039402008056641,7,Offline Ujiannya Online,0.8086925745010376,115,Full Fisik Diunsia,0.8061184883117676
7568004857295569671,m4tchaaalattee,kak kalo pjj semua ada kkn gaa ya??,0,1,76,Paket Ijazah Sih,0.8344336748123169,39,Beasiswa Kkn Program,0.8362108469009399,120,Tanya Non S2Nya,0.819957971572876
7568438259837567764,wannabeyourbaeee_,Ada batas usainya tidak?,0,0,11,Skripsi Sidang Tidak,0.6426988840103149,125,Gratis Tersedia Pesan,0.641916036605835,45,Enggak Ribet Fh,0.639137864112854
7528255937086309136,djdnvgahf,kalau akunya di jepang bisa nga kak??,0,3,76,Paket Ijazah Sih,0.8451750874519348,22,Pindahan Menerima Ut,0.8262922167778015,115,Full Fisik Diunsia,0.8128758072853088
7528320740333847314,univsiberasia,"Halo kak, bisa banget lho kak, karena UNSIA 100% full online learning😊",0,0,44,100 Learning Fully,0.9458025693893433,86,Darimana 100 Jadi,0.842917799949646,2,Website Id Ac,0.7741315960884094
7528321998579614480,djdnvgahf,tapi aku full kerja kak libut cuman akhir pekan😔,0,0,5,Kerja Negeri Kuliah,0.7305189371109009,57,Nilai Sesi Sabar,0.7991458177566528,59,Tugas Numpuk Tugasnya,0.7929269075393677
7534371656590148370,zhiezha08,ada jurusan S1 Pendidikan ngak kak?,0,4,0,Jurusan Teknik Inggris,0.920149564743042,37,S2 Ada Doktoral,0.8996714353561401,50,S2 Pendidikan Hukum,0.8808901906013489
7535686646227059464,univsiberasia,"Halo Kak, saat ini di UNSIA terdapat 5 prodi yaitu manajemen, akuntansi, komunikasi, sistem informasi, dan informatika",0,0,136,Yaitu Akuntansi Terdapat,0.9686625003814697,63,Informasi Informatika Akuntansi,0.9017521142959595,67,Program Belum Dibuka,0.7397634387016296
7536169968024552208,safitrirokhayati7,kalau pas wisuda nya gimana kak,0,0,33,Bagaimana Wisudanya Tes,0.9162282347679138,127,Caranya Kuliahnya Bagaimana,0.8328579664230347,17,Cara Daftarnya Bagaimana,0.8274567723274231
7537016664286757650,yushob94,"cek aja di yt nya UNSIA TV, wisuda baru aja bulan lalu😁",0,0,56,Universitas Siber Asia,0.6759729385375977,132,Mending Ptnbh Alumni,0.675999641418457,104,Aman Unas Ciber,0.6742174625396729
7535047150905606920,einaafets,Blm ada ka,0,0,43,Belum Huhu Nih,0.927807092666626,51,Open Otw Pkl,0.8568768501281738,135,Infoin Mau Lantang,0.8093319535255432
7590216521621340944,kagatau812,"ka cara daftarnya kaya gimanaa, jujur aku kurang ngertiii, mauu minta arahannya 😔",1,1,17,Cara Daftarnya Bagaimana,0.8263930678367615,8,Tanya Bertanya Chat,0.8129943609237671,91,Ulang Bayar Isi,0.7994707226753235
7609904172121998088,univsiberasia,"Hi Kakak. Kakak bisa langsung daftar sekarang di pmb.unsia.ac.id, pilih jurusan favorit, dan mulai kuliah online fleksibel dari mana aja..",0,0,83,Pilih Favorit Mulai,0.969654381275177,101,Favorit Pilih Fleksibel,0.9810663461685181,2,Website Id Ac,0.86341392993927
7597796485987730183,onlydubuland,min mau tanya semisal mau pindah dari ut prodi adbis ke unsia di semester 3 ini bisa ga yaa?,1,1,88,Pindah Semester Ngulang,0.8059221506118774,49,Ijazahnya Lulus Kan,0.8423589468002319,120,Tanya Non S2Nya,0.8272407054901123
7597990644553302805,yayaa.264,sm ka aku adbis pgn pndh unsia tp gmn cr ny y,0,0,128,Main Kampusnya Kekampus,0.7237553000450134,17,Cara Daftarnya Bagaimana,0.825391411781311,8,Tanya Bertanya Chat,0.8150256872177124
7563968523245847303,evaastuti35,kak kalo online dari luar negeri bisa,0,3,22,Pindahan Menerima Ut,0.8309979438781738,108,Offline Onsite Onnline,0.8072187900543213,76,Paket Ijazah Sih,0.8049208521842957
7565801171275219730,univsiberasia,"Halo Kakak, bisa banget dong😊",0,0,15,Hi Halo Dong,0.9171836376190186,53,Dong Kayaknya Banget,0.8533893823623657,117,Boleh Bolehhh Dong,0.8212219476699829
7569440810187424528,odeeunoia,cara daftar gimana,0,0,107,Daftarnya Cara Bagaimana,0.8628968596458435,17,Cara Daftarnya Bagaimana,0.7368381023406982,41,Info Link Cara,0.7172722816467285
7567304208257811207,evaastuti35,Kak sistem perkuliahan gimana apa full online terus biaya per semester berapa ya,0,0,77,Per Berapa Semester,0.9036203026771545,18,Berapa Biaya Bayar,0.8527386784553528,49,Ijazahnya Lulus Kan,0.8367459774017334
7527665261898564359,fauzanhilmi155,akreditasi,0,1,105,Swasta Oktober Situ,0.9095852375030518,29,Menyimak Nyimakkk Ut,0.8798933029174805,14,Fitriyani Andriani Udin69Can,0.8795238137245178
7527870764268503826,univsiberasia,"Halo Kak, UNSIA sudah mendapatkan akreditasi nasional oleh BAN-PT dengan nilai Baik Sekali, dan akreditasi internasional oleh EAHEA ya Kak",1,0,130,Pt Terakreditasi Ban,0.9339888095855713,2,Website Id Ac,0.7160260081291199,86,Darimana 100 Jadi,0.7052258253097534
7528223092369261313,vlinderkupu,ujiannya online apa offline,6,1,7,Offline Ujiannya Online,0.8685146570205688,112,Ujian Tes Online,0.8350400328636169,33,Bagaimana Wisudanya Tes,0.7778655290603638
7528321180765373202,univsiberasia,"Halo Kak, untuk ujiannya juga online ya😊",0,0,7,Offline Ujiannya Online,0.8179506659507751,112,Ujian Tes Online,0.8633694052696228,10,Maret April Bulan,0.8447543382644653
7529147042729558802,waterfallyah,ada beasiswa ga kak,0,4,39,Beasiswa Kkn Program,0.9211923480033875,37,S2 Ada Doktoral,0.8716537952423096,11,Skripsi Sidang Tidak,0.851079523563385
7529193702910378770,sipuputi,ada ka,0,0,51,Open Otw Pkl,0.9537371397018433,43,Belum Huhu Nih,0.8670649528503418,135,Infoin Mau Lantang,0.8658812046051025
7529310366741136146,waterfallyah,apa tuh kak,0,0,6,Dimana Daerah Mana,0.7948288917541504,135,Infoin Mau Lantang,0.8329696655273438,51,Open Otw Pkl,0.8306200504302979
7527707751897514760,mdjugs,ada jurusan teknik ngga kk??,0,2,0,Jurusan Teknik Inggris,0.8974171876907349,16,Apa Saja Jurusan,0.8442217707633972,42,Jurusan Ekonomi Hukum,0.8424170017242432
7527944716655592210,einaafets,"Teknik informatika, kak palingan",0,0,0,Jurusan Teknik Inggris,0.7406448125839233,63,Informasi Informatika Akuntansi,0.7526960372924805,42,Jurusan Ekonomi Hukum,0.7513445615768433
7527715255164093192,hiduphamp,ngj,0,0,82,Nrrjml Hbd Nz,0.9289776086807251,131,Next Up Gass,0.8294087648391724,14,Fitriyani Andriani Udin69Can,0.7944691181182861
7591228967743423250,akhmadakhrori127,ini masih di buka ngga sih?bulan januari,0,2,3,Buka Pendaftaran Masih,0.8181618452072144,89,Tanggal Gelombang Bulan,0.7903316020965576,47,Daftar Gelombang Januari,0.7598363161087036
7591485277001286418,univsiberasia,Saat ini UNSIA sedang membuka pendaftaran mahasiswa baru lho Kak🤩,1,0,54,Membuka Lho Mahasiswa,0.956863522529602,66,Dibuka Mahasiswa Baru,0.8678719401359558,67,Program Belum Dibuka,0.7968447208404541
7591339076298605330,spideruare,kak infoin pendaftaran,0,0,3,Buka Pendaftaran Masih,0.7963855266571045,41,Info Link Cara,0.8520861864089966,31,Kapan Pendaftarannya Gelombang,0.8083450198173523
7529101660057633543,sns5560,ka bayar spp berapa y ka,0,1,18,Berapa Biaya Bayar,0.905346155166626,77,Per Berapa Semester,0.8661249279975891,52,Web Lewat Kemana,0.8098757266998291
7529153042132255495,syaban130,3 jt,0,0,124,Juta Serius 3Jt,0.9189279079437256,90,Binus Adsfort Harga,0.7768853306770325,105,Swasta Oktober Situ,0.74657142162323
7547952909020201735,cakeann__,"Halo kak, kalau mau daftar, di mana yaa? Ada yang bisa dihubungi?",0,1,52,Web Lewat Kemana,0.8670054078102112,60,Admin Dm Boleh,0.791176438331604,17,Cara Daftarnya Bagaimana,0.777552604675293
7550164374230024968,univsiberasia,"Halo Kakak, untuk pendaftaran bisa langsung ke website UNSIA lho di pmb.unsia.ac.id",0,0,2,Website Id Ac,0.9343687295913696,101,Favorit Pilih Fleksibel,0.8388445973396301,83,Pilih Favorit Mulai,0.8122085928916931
7548052260795728658,teejusbatugula,ini bisa alih jenjang gasi kak dri d3 ke s1 ??,0,1,4,D3 S1 Lanjut,0.8524289131164551,50,S2 Pendidikan Hukum,0.7472184896469116,95,S2 Belum Insyallah,0.7204128503799438
7549051437448987399,einaafets,Bisa kakk.. Coba dm biar ku bantu info,0,0,60,Admin Dm Boleh,0.8704571723937988,23,Dm Cek Izin,0.8462591171264648,36,Dm Admin Detailnya,0.8217945098876953
7559447583531565842,cch0c0late._,Masih buka pendaftaran ga kak?,0,2,3,Buka Pendaftaran Masih,0.9189884066581726,47,Daftar Gelombang Januari,0.8467243313789368,31,Kapan Pendaftarannya Gelombang,0.8408684134483337
7565802376758690578,univsiberasia,"Halo Kakak, untuk pendaftaran bisa melalui website UNSIA ya di pmb.unsia.ac.id, untuk penerimaan mahasiswa baru akan dibuka dibulan November ya😊",0,0,2,Website Id Ac,0.9366726279258728,101,Favorit Pilih Fleksibel,0.8520260453224182,54,Membuka Lho Mahasiswa,0.8397966027259827
7530996363314184961,hadikbs1,kak kalau untuk D3 manajemen lanjut ke S1 bagaimana kak,0,2,4,D3 S1 Lanjut,0.9233860373497009,119,Teman Syarat Magang,0.8183495402336121,50,S2 Pendidikan Hukum,0.8080171942710876
7547624105740469000,univsiberasia,"Halo Kakak, bisa ya melalui jalur konversi/ahli jenjang😊",0,0,12,Konversi Jalur Melalui,0.9276807904243469,22,Pindahan Menerima Ut,0.7647539973258972,76,Paket Ijazah Sih,0.7394809722900391
7545798016030376725,mellstore_5,bisa melalui jalur konversi kak,0,0,12,Konversi Jalur Melalui,0.819003701210022,22,Pindahan Menerima Ut,0.6966814398765564,68,Rpl Pengalaman Jalur,0.6912264823913574
7528802229348778760,ini_4stri,pendaftaran masih dibuka ga?,0,2,3,Buka Pendaftaran Masih,0.7395209074020386,47,Daftar Gelombang Januari,0.6800349950790405,78,Kapan Min Gel,0.6744213104248047
7547624236208440071,univsiberasia,"Halo Kaka, UNSIA saat ini masih membuka pendaftaran mahasiswa baru lhoo",0,0,54,Membuka Lho Mahasiswa,0.975265383720398,66,Dibuka Mahasiswa Baru,0.9164692163467407,67,Program Belum Dibuka,0.8315752744674683
7545801169639359240,mellstore_5,masih,0,0,90,Binus Adsfort Harga,0.8632017374038696,29,Menyimak Nyimakkk Ut,0.8870146870613098,14,Fitriyani Andriani Udin69Can,0.8813830018043518
7579242111565005575,americanogvrl_,ka di Unsia ada S1 Bahasa Korea ga ka?,0,2,30,Korea Degree Min,0.8913896083831787,0,Jurusan Teknik Inggris,0.8698643445968628,67,Program Belum Dibuka,0.8612100481987
7579255943565853458,univsiberasia,"Hi Kakak, saat ini untuk prodi bahasa belum dibuka ya☺️",0,0,73,Program Dibuka Saat,0.9291863441467285,67,Program Belum Dibuka,0.8978061079978943,66,Dibuka Mahasiswa Baru,0.8464304804801941
7579257579931976456,americanogvrl_,kira2 kapan ya ka di buka nya klo boleh tau??,0,0,3,Buka Pendaftaran Masih,0.7752368450164795,31,Kapan Pendaftarannya Gelombang,0.8067256212234497,52,Web Lewat Kemana,0.7981371879577637
7540193796626793234,salsabila_2013169,kaka saya kelas 12 SMA jurusan ips anggota osis saya lulus SMA 2026 apakah bisa kuliah sambil keria gak kaka,0,2,42,Jurusan Ekonomi Hukum,0.6550063490867615,49,Ijazahnya Lulus Kan,0.8012821674346924,119,Teman Syarat Magang,0.7927818298339844
7540560584170947346,univsiberasia,Kak? UNSIA cocok banget untuk Kakaknya🤩,0,0,86,Darimana 100 Jadi,0.695789098739624,9,Kip Unsia Diterima,0.7332758903503418,135,Infoin Mau Lantang,0.7149977684020996
7540242993325638408,einaafets,Bisa dong~,0,0,53,Dong Kayaknya Banget,0.9060344696044922,87,Hihi Jugakk Wakty,0.874318540096283,117,Boleh Bolehhh Dong,0.8273763656616211
7562629034556375825,dddiiaanp,"saya pengen kuliah, usia 32 tahun bisa ngga ya?",0,2,100,Umur Usia Irt,0.8670488595962524,5,Kerja Negeri Kuliah,0.8200030326843262,119,Teman Syarat Magang,0.7983973026275635
7565801830330286866,univsiberasia,"Halo Kakak, di UNSIA tidak ada batasan umur ya😊",0,0,85,Umur Muda Batasan,0.7652261257171631,67,Program Belum Dibuka,0.7900650501251221,54,Membuka Lho Mahasiswa,0.7783836126327515
7565809458413404944,dddiiaanp,"kak kalo SKHU hilang, gk bisa dftar ya? Tapi di belakang ijazah ada kok nilai ujiannya. isinya sama seperti SKHU yg hilang.",0,0,76,Paket Ijazah Sih,0.7793945074081421,91,Ulang Bayar Isi,0.7987034320831299,49,Ijazahnya Lulus Kan,0.7981119155883789
7528985453778666247,alya42896,Msh buka pendaftaran gk kk?,0,2,3,Buka Pendaftaran Masih,0.8778674006462097,47,Daftar Gelombang Januari,0.8151437640190125,31,Kapan Pendaftarannya Gelombang,0.7875204086303711
7532821316022600464,alya42896,Kini ny kk,0,0,26,Adek Duluan Nurul,0.8147921562194824,122,Kalbar Ia Kebingungan,0.745514988899231,90,Binus Adsfort Harga,0.7160060405731201
7532793737527165703,univsiberasia,"Halo Kak, UNSIA masih membuka pendaftaran mahasiswa baru lho, yuk dafar sekarang di pmb.unsia.ac.id",1,0,2,Website Id Ac,0.9073504209518433,54,Membuka Lho Mahasiswa,0.8823384642601013,101,Favorit Pilih Fleksibel,0.8507038354873657
7577542933013103380,zxyeaa2,kalo pindah dri ut ke unsia apakah lanjut semester atau ngulang dari semester awal?,1,4,88,Pindah Semester Ngulang,0.8488092422485352,22,Pindahan Menerima Ut,0.7808143496513367,30,Korea Degree Min,0.7736371755599976
7577546076309701383,iyytinna,nah aku jg mau nanya bisa gak yah,0,0,8,Tanya Bertanya Chat,0.8040708303451538,135,Infoin Mau Lantang,0.7364932298660278,53,Dong Kayaknya Banget,0.7356975078582764
7587268543423496980,ghinnaaaaa_,kak gimana bisa gaa?,0,0,135,Infoin Mau Lantang,0.7665669918060303,127,Caranya Kuliahnya Bagaimana,0.7884849309921265,53,Dong Kayaknya Banget,0.761365532875061
7577590125933511425,tifany_167_,harusnya sih kalo jurusan nya sama lanjut semester kak.,0,0,46,Ut Pengin Bidang,0.8178589940071106,88,Pindah Semester Ngulang,0.7982549667358398,71,Wisuda Uts Uas,0.7799407243728638
7577724220193555218,mjwahh,tapi ak liat di google katanya ngulang kak😭,0,0,88,Pindah Semester Ngulang,0.6930251121520996,93,Jujur Review Kata,0.7670791149139404,57,Nilai Sesi Sabar,0.7189242839813232
7528004955580760839,ogitureiz,umur 28 lulusan smk apa masih bs kuliah ya 🤔,0,2,100,Umur Usia Irt,0.8711616396903992,5,Kerja Negeri Kuliah,0.7692579030990601,119,Teman Syarat Magang,0.7610692977905273
7528321242774356754,univsiberasia,"Halo Kak, bisa banget dongg😊",0,0,15,Hi Halo Dong,0.937359094619751,53,Dong Kayaknya Banget,0.8190839886665344,35,Infonya Terima Kasih,0.7977511882781982
7528055171038954247,juneee001,kuliah tidak mandang umur kak,0,0,100,Umur Usia Irt,0.7113746404647827,104,Aman Unas Ciber,0.7538844347000122,45,Enggak Ribet Fh,0.74484783411026
7546109388055413525,ibura111,Tahun ini masih buka gak ya pendaftarannya,0,4,3,Buka Pendaftaran Masih,0.8901108503341675,31,Kapan Pendaftarannya Gelombang,0.8367749452590942,78,Kapan Min Gel,0.8147083520889282
7547587077001478919,einaafets,"Msh buka kak, jalur reguler smpe 1 okt. Konversi smpe15 sept. Kuliah 13okt",1,0,12,Konversi Jalur Melalui,0.6313366889953613,89,Tanggal Gelombang Bulan,0.717545747756958,3,Buka Pendaftaran Masih,0.7142304182052612
7547623401063596807,univsiberasia,"Halo Kakak, UNSIA masih membuka pendaftaran mahasiswa baru lho😊",1,0,54,Membuka Lho Mahasiswa,0.9599010944366455,66,Dibuka Mahasiswa Baru,0.907914936542511,67,Program Belum Dibuka,0.8202446699142456
7550001665866662663,syiflann,boleh bagi link nya kak?,0,0,41,Info Link Cara,0.7517038583755493,8,Tanya Bertanya Chat,0.8014328479766846,117,Boleh Bolehhh Dong,0.7870423793792725
7547598170264879892,ibura111,Web nya apa ya kak kalo mau daftar,0,0,52,Web Lewat Kemana,0.9127635955810547,17,Cara Daftarnya Bagaimana,0.8765449523925781,120,Tanya Non S2Nya,0.8399819135665894
7528844185556058887,abdulfath56,mirip temen gw lagih,0,2,119,Teman Syarat Magang,0.5450038909912109,38,Ih Maba Grupnya,0.7848175764083862,92,Samaaa Sama Konveksi,0.7180616855621338
7578854699811390216,univsiberasia,Spill dong temennya Kakak🤩,0,0,133,Spill Alisnya Spil,0.8691321611404419,117,Boleh Bolehhh Dong,0.7945605516433716,53,Dong Kayaknya Banget,0.7754796743392944
7578937363260572424,abdulfath56,harus izin dulu udah ada yang punya meski belum sah sii huft gamon lagi w akhh🙃,0,0,23,Dm Cek Izin,0.5290437340736389,57,Nilai Sesi Sabar,0.7165557146072388,93,Jujur Review Kata,0.6802600026130676
7537488474681869072,ichaatrg,hallo kak unsia bisa Nerima mahasiswa transferan semester tua GK kak? kalau bisa aku pengen masuk sini kak 😭,0,3,22,Pindahan Menerima Ut,0.8341919183731079,49,Ijazahnya Lulus Kan,0.8813596963882446,119,Teman Syarat Magang,0.8204142451286316
7538283095474471687,univsiberasia,"Halo Kakak, bisa ya melalui jalur konversi/ahli jenjang",0,0,12,Konversi Jalur Melalui,0.9276807904243469,22,Pindahan Menerima Ut,0.7647539973258972,76,Paket Ijazah Sih,0.7394809722900391
7537639119033139975,einaafets,"Bisa kak, smt tua itu smt brp kah😁",0,0,22,Pindahan Menerima Ut,0.6876088380813599,65,Angkatan Berapa Kira,0.7773717045783997,18,Berapa Biaya Bayar,0.7418665885925293
7537642354159043345,ichaatrg,ini semester 6 kak masuk 7 bisa kak?,0,0,77,Per Berapa Semester,0.7808300256729126,88,Pindah Semester Ngulang,0.8259103894233704,34,Daftar Tinggal Baru,0.8170563578605652
7527579660609520402,resismarlita01,berapa biaya per semester kak?,0,2,77,Per Berapa Semester,0.9313699007034302,18,Berapa Biaya Bayar,0.87239670753479,99,Biayanya Biaya Berapa,0.8261750936508179
7527871204432053000,univsiberasia,"Halo Kak, hanya 3jt lho Kak persemester",1,0,1,Dicicil 3Jt Hanya,0.8212975859642029,104,Aman Unas Ciber,0.7035831212997437,15,Hi Halo Dong,0.7027378082275391
7527955435312513799,resismarlita01,udah ada berapa angkatan kak?,0,0,65,Angkatan Berapa Kira,0.8730190396308899,79,Daftar Sudah Kamu,0.7793868780136108,31,Kapan Pendaftarannya Gelombang,0.7487949728965759
7532902837556364049,ikan_kerapu20,Min kelas magister ada juga gak?,0,2,30,Korea Degree Min,0.8635391592979431,37,S2 Ada Doktoral,0.8676513433456421,0,Jurusan Teknik Inggris,0.8546950817108154
7547624278322971410,univsiberasia,"Halo Kakak, saat ini untuk program S2 belum dibuka ya Kak😊",0,0,73,Program Dibuka Saat,0.9917389154434204,67,Program Belum Dibuka,0.9294924736022949,10,Maret April Bulan,0.8283814191818237
7545797692677702418,mellstore_5,otw ada sih kak,0,0,51,Open Otw Pkl,0.8455982208251953,43,Belum Huhu Nih,0.8075324296951294,135,Infoin Mau Lantang,0.7933822870254517
7568446642719900423,rfnyrsyd_,kapan di buka pendaftarannya min??,0,1,78,Kapan Min Gel,0.9285570383071899,31,Kapan Pendaftarannya Gelombang,0.863593578338623,3,Buka Pendaftaran Masih,0.8550859689712524
7568552844719342343,einaafets,"Bulan ini kak, cek sosmed nya aja terus atau akun ig pmbunsiaofficial",1,0,116,Ig Akun Sering,0.8203760385513306,60,Admin Dm Boleh,0.713265597820282,2,Website Id Ac,0.6982465982437134
7595090093271008018,bdhmn,"siapaa yang sistem informasi, yukk berteman yyyk😭",3,2,63,Informasi Informatika Akuntansi,0.5592889785766602,27,Join Grup Yuk,0.6679123640060425,116,Ig Akun Sering,0.62862229347229
7630127028059538184,inceslyy7,ihh mauu,0,0,38,Ih Maba Grupnya,0.7715208530426025,24,Ayo Ikutt Ikut,0.7812504172325134,75,Iya Iyapp Introvert,0.7754531502723694
7630199786930750215,bdhmn,"ayoo kaa, akuu udah masukk 🥰",0,0,79,Daftar Sudah Kamu,0.7847702503204346,34,Daftar Tinggal Baru,0.772254467010498,27,Join Grup Yuk,0.7602269053459167
7565712034270003975,yayangnoviana,bisa nggak sih umur udah 35 daftar kuliah di unsia?,3,1,100,Umur Usia Irt,0.8611078858375549,30,Korea Degree Min,0.8273687362670898,88,Pindah Semester Ngulang,0.8087359666824341
7565800790502441746,univsiberasia,"Halo Kak, bisa banget Kakak, di UNSIA tidak ada batasan umur 😊",0,0,85,Umur Muda Batasan,0.7683632969856262,86,Darimana 100 Jadi,0.8164265751838684,67,Program Belum Dibuka,0.8075295686721802
7534962211735978770,urnamejie_,kaa disini bisa pindahan dan lanjut semeester ga ya,0,5,22,Pindahan Menerima Ut,0.8595874309539795,115,Full Fisik Diunsia,0.8287683129310608,76,Paket Ijazah Sih,0.8285274505615234
7542461919409177351,hisindya,kak bisa transkrip dari universitas lain ga ya?,0,0,22,Pindahan Menerima Ut,0.8710272312164307,120,Tanya Non S2Nya,0.8578814268112183,49,Ijazahnya Lulus Kan,0.8350983262062073
7537487958632727313,ichaatrg,ihh kak samaan aku juga mau gitu,0,0,38,Ih Maba Grupnya,0.7933619022369385,81,Iya Oke Orang,0.7534223794937134,92,Samaaa Sama Konveksi,0.730941653251648
7535317417758212872,urnamejie_,ibu apa boleh saya konsultasi,0,0,8,Tanya Bertanya Chat,0.6874079704284668,69,Apakah S1Hukum Perdagangan,0.6716972589492798,100,Umur Usia Irt,0.6254234313964844
7535315861680063240,urnamejie_,alamatnya dmn ya kaaa,0,0,6,Dimana Daerah Mana,0.855472207069397,52,Web Lewat Kemana,0.8609397411346436,31,Kapan Pendaftarannya Gelombang,0.7869203090667725
7535018695854228232,univsiberasia,"Halo Kak, bisa banget lho, melalu jalur konversi",0,0,12,Konversi Jalur Melalui,0.8940579891204834,22,Pindahan Menerima Ut,0.7702018022537231,15,Hi Halo Dong,0.7572596669197083
7593500602236388114,davinurazima_,Online bisa gk kak,0,2,112,Ujian Tes Online,0.8154952526092529,108,Offline Onsite Onnline,0.8866040706634521,115,Full Fisik Diunsia,0.8607579469680786
7609904002050360082,univsiberasia,UNSIA 100% fully online learning🤗,0,0,102,100 Fully Bk,0.8489648103713989,56,Universitas Siber Asia,0.7504340410232544,44,100 Learning Fully,0.7069631814956665
7610773655039361813,taurorie_,ada jalur RPL ga kak,1,1,68,Rpl Pengalaman Jalur,0.8962375521659851,39,Beasiswa Kkn Program,0.8838154077529907,37,S2 Ada Doktoral,0.82795250415802
7611471647627494162,ppmbunsia,"Halo Kak, ada Kak gelombang terakhir diperpanjang hingga 12 maret 2026 Kak",1,0,10,Maret April Bulan,0.8343794345855713,73,Program Dibuka Saat,0.7379368543624878,31,Kapan Pendaftarannya Gelombang,0.7207159996032715
7591022114762539797,butterflyblue_24,"bisa pake kip-k?
kalo ijasah rata-rata 83,80 bisa ga ya daftar beasiswa akademik?",1,1,30,Korea Degree Min,0.7933511734008789,76,Paket Ijazah Sih,0.8127136826515198,22,Pindahan Menerima Ut,0.7946997284889221
7609903075412181778,univsiberasia,Bisa ya Kak🤗,0,0,87,Hihi Jugakk Wakty,0.9495917558670044,53,Dong Kayaknya Banget,0.9051258563995361,135,Infoin Mau Lantang,0.8598647117614746
7530717511278723848,_double_m4,"Kak maaf izin bertanya,untuk yang sudah kuliah di kampus lain pengin pindah dengan jurusan yang sama apakah bisa? Dan kalau bisa itu lanjut semester apa ngulang dari awal ya kak?",0,2,88,Pindah Semester Ngulang,0.8178658485412598,49,Ijazahnya Lulus Kan,0.8900731801986694,21,Malam Shift Begitu,0.8271856307983398
7530866048067175186,univsiberasia,"Halo Kak, Bisa ya Kak. Untuk informasi lebih detailnya izin menyampaikan melalui DM ya😊",0,0,36,Dm Admin Detailnya,0.9062667489051819,60,Admin Dm Boleh,0.8858951330184937,23,Dm Cek Izin,0.7717207670211792
7533157400448107282,manpeachyy,kak aku mau dong informasi,0,0,63,Informasi Informatika Akuntansi,0.540074348449707,8,Tanya Bertanya Chat,0.8131895661354065,135,Infoin Mau Lantang,0.8061959147453308
7591781275477017352,smiling._55,bisaa ngerjain tugas pake tab aja ga ya kak tanpa laptop gitu,1,1,58,Tugas Akhir Skripsi,0.6787055730819702,115,Full Fisik Diunsia,0.7317308187484741,59,Tugas Numpuk Tugasnya,0.7018427848815918
7591838325566210824,univsiberasia,Bisa banget dong tentunya🤩,1,0,53,Dong Kayaknya Banget,0.8500868678092957,87,Hihi Jugakk Wakty,0.7455440759658813,117,Boleh Bolehhh Dong,0.7342172861099243
7528192800963134216,nurhani147,ada kulaih full online ka itu,1,4,64,Full Online Serba,0.829106867313385,108,Offline Onsite Onnline,0.769607663154602,104,Aman Unas Ciber,0.7500178813934326
7528320895023153938,univsiberasia,"Halo Kak, UNSIA 100% full online ya Kak😊",0,0,44,100 Learning Fully,0.8945086002349854,10,Maret April Bulan,0.8097923994064331,2,Website Id Ac,0.8014643788337708
7528346758243058452,lyvin246,Kaka apakah membutuhkan biaya???,0,0,99,Biayanya Biaya Berapa,0.8011295199394226,69,Apakah S1Hukum Perdagangan,0.7724066972732544,33,Bagaimana Wisudanya Tes,0.7056814432144165
7528204033501971218,malikbawazki,ada paikologi ga yah? minat,0,1,39,Beasiswa Kkn Program,0.7749629020690918,11,Skripsi Sidang Tidak,0.7653802633285522,0,Jurusan Teknik Inggris,0.7513896226882935
7528614811798684433,dtspymup2,yahh gada fh ya ka😔,0,0,45,Enggak Ribet Fh,0.8646947741508484,81,Iya Oke Orang,0.8164346218109131,43,Belum Huhu Nih,0.7956834435462952
7547679323860239122,occeansengines,"kak, tunggu tahun depan yaak",2,2,94,Ditunggu Tunggu Wah,0.8655409216880798,118,Desember Baca Depan,0.8313089609146118,10,Maret April Bulan,0.7734306454658508
7550164445832446738,univsiberasia,"Wahhh, Mimin tunggu ya Kakak😊",0,0,94,Ditunggu Tunggu Wah,0.9313790202140808,35,Infonya Terima Kasih,0.8348351716995239,97,Salam Mantap Kenal,0.7799538373947144
7549051829347681042,einaafets,"Wihh gas ka, kmrn sempet baca dibuka lg desember",0,0,118,Desember Baca Depan,0.7620291113853455,57,Nilai Sesi Sabar,0.7396623492240906,34,Daftar Tinggal Baru,0.7250619530677795
7638381662812586759,suchirhmadani,Info cara daftarnya kak???,0,1,41,Info Link Cara,0.8906295895576477,17,Cara Daftarnya Bagaimana,0.8219321966171265,107,Daftarnya Cara Bagaimana,0.782333493232727
7638517884457534226,univsiberasia,"Kakak bisa langsung daftar sekarang di pmb.unsia.ac.id, pilih jurusan favorit, dan mulai kuliah online fleksibel dari mana aja🤩",0,0,83,Pilih Favorit Mulai,0.9858773946762085,101,Favorit Pilih Fleksibel,0.9645260572433472,2,Website Id Ac,0.8257429599761963
7600311437966197520,zidan1aqilah3,ada jurusan sastra gak???,0,1,42,Jurusan Ekonomi Hukum,0.9252455234527588,0,Jurusan Teknik Inggris,0.8541288375854492,114,S2 Lita Anis,0.8087375164031982
7600315142438355730,univsiberasia,"Hi Kak, saat ini belum tersedia nih Kak;(",0,0,15,Hi Halo Dong,0.741260290145874,73,Program Dibuka Saat,0.7514548301696777,60,Admin Dm Boleh,0.7406958341598511
7598730415856190226,xzizah8914,biaya kuliah nya berapa min?,0,1,18,Berapa Biaya Bayar,0.908198893070221,77,Per Berapa Semester,0.8763090372085571,99,Biayanya Biaya Berapa,0.8181885480880737
7600252140326978311,univsiberasia,"Hi Kak, hanya 3jt lho persemesternya😊",0,0,1,Dicicil 3Jt Hanya,0.8670721054077148,18,Berapa Biaya Bayar,0.7300847768783569,39,Beasiswa Kkn Program,0.7034705281257629
7595523323636204309,arunika315,buat pendaftaran 2026 kapan ya?,0,1,89,Tanggal Gelombang Bulan,0.8657962083816528,31,Kapan Pendaftarannya Gelombang,0.8800764679908752,78,Kapan Min Gel,0.8740598559379578
7595803763320423176,univsiberasia,Saat ini UNSIA masih membuka pendaftaran mahasiswa baru lho Kakak😊,0,0,54,Membuka Lho Mahasiswa,0.9173167943954468,66,Dibuka Mahasiswa Baru,0.8239157199859619,67,Program Belum Dibuka,0.7604347467422485
7603383416469504789,ffff_056,cara daftar nya gmna nih kak?,0,1,17,Cara Daftarnya Bagaimana,0.9505911469459534,107,Daftarnya Cara Bagaimana,0.8654266595840454,127,Caranya Kuliahnya Bagaimana,0.8522735834121704
7609903334694355719,univsiberasia,"Kakak bisa langsung daftar sekarang di pmb.unsia.ac.id, pilih jurusan favorit, dan mulai kuliah online fleksibel dari mana aja😊",0,0,83,Pilih Favorit Mulai,0.9858773946762085,101,Favorit Pilih Fleksibel,0.9645260572433472,2,Website Id Ac,0.8257429599761963
7638284064419529488,brend_alguera,uang semesternya berapa ka yg managemen,0,1,77,Per Berapa Semester,0.8935494422912598,18,Berapa Biaya Bayar,0.8714251518249512,65,Angkatan Berapa Kira,0.8047799468040466
7638518160329868039,univsiberasia,Hanya 3jt/semester ya Kakak🤩,0,0,1,Dicicil 3Jt Hanya,0.8095593452453613,104,Aman Unas Ciber,0.7442234754562378,65,Angkatan Berapa Kira,0.7363446950912476
7597618880400311048,zeeaazaa,ujiannya juga online kah min?,0,1,7,Offline Ujiannya Online,0.8805265426635742,112,Ujian Tes Online,0.877442479133606,33,Bagaimana Wisudanya Tes,0.8448985815048218
7609903935085036295,univsiberasia,Betul sekali Kak🤗,0,0,48,Betul Banget Lucu,0.9363098740577698,81,Iya Oke Orang,0.7827737331390381,53,Dong Kayaknya Banget,0.7410694360733032
7595807527419478805,vaz262708,gimana caranya kak daftarnya,0,1,17,Cara Daftarnya Bagaimana,0.9299111366271973,107,Daftarnya Cara Bagaimana,0.8882079124450684,127,Caranya Kuliahnya Bagaimana,0.8689815402030945
7595842645408285447,univsiberasia,"Kakak bisa langsung daftar sekarang di pmb.unsia.ac.id, pilih jurusan favorit, dan mulai kuliah online fleksibel dari mana aja.🤗",0,0,83,Pilih Favorit Mulai,0.9858773946762085,101,Favorit Pilih Fleksibel,0.9645260572433472,2,Website Id Ac,0.8257429599761963
7610112535739515656,2nd.wearss,Ka kelas karyawan ada jurusan hukum ga?,1,1,0,Jurusan Teknik Inggris,0.8889725208282471,42,Jurusan Ekonomi Hukum,0.8405911922454834,30,Korea Degree Min,0.8393057584762573
7610256812810437383,univsiberasia,"Hi Kak, untuk jurusan hukum saat ini belum tersedia ya di UNSIA☺️",0,0,67,Program Belum Dibuka,0.922054648399353,73,Program Dibuka Saat,0.8902895450592041,66,Dibuka Mahasiswa Baru,0.8321312665939331
7595867905876263696,fall_b2,min untuk informatika persemesternya berapa di unsia?,0,1,63,Informasi Informatika Akuntansi,0.6121141314506531,77,Per Berapa Semester,0.8359284996986389,30,Korea Degree Min,0.8261291980743408
7596165474184069896,univsiberasia,"Hai Kak, semua jurusan di UNSIA, UKTnya hanya 3jt lhoo🤩",1,0,1,Dicicil 3Jt Hanya,0.8106664419174194,67,Program Belum Dibuka,0.8233122825622559,30,Korea Degree Min,0.7981331944465637
7646555382713811733,k1ngvarrr,pendaftaran wajib ke unsia kah,0,0,104,Aman Unas Ciber,0.7155207991600037,9,Kip Unsia Diterima,0.7869176268577576,30,Korea Degree Min,0.7790762782096863
7647054694909788949,piiiiiiiiiiiiiiii03,kak ada beasiswa selalin kip-k ga disana?,0,1,39,Beasiswa Kkn Program,0.8865463733673096,22,Pindahan Menerima Ut,0.8460776805877686,30,Korea Degree Min,0.8424907922744751
7647386179874079495,univsiberasia,"Hi Kakak, ada 5 program beasiswa di UNSIA lho, informasi lebih lengkapnya bisa Kakak dapatkan di akun instagram @ppmbunsia_official😊",1,0,2,Website Id Ac,0.8451900482177734,101,Favorit Pilih Fleksibel,0.769749641418457,54,Membuka Lho Mahasiswa,0.7594588994979858
7624056859326464789,shoba_syahab,unsia ada gak di palembang?,1,1,9,Kip Unsia Diterima,0.7805016040802002,30,Korea Degree Min,0.7991516590118408,39,Beasiswa Kkn Program,0.780934751033783
7624059233537131272,univsiberasia,UNSIA menerapkan sistem perkuliahan secara online maka kakak bisa berkuliah dimana saja dan kapan saja. Nah UNSIA bisa menjadi tujuan kakak yg ingin kuliah sambil bekerja kak karena memang waktunya fleksibel dan bisa dilaksanakan kapanpun dan dimanapun🤩,0,0,72,Tujuan Berkuliah Dimanapun,0.9864195585250854,86,Darimana 100 Jadi,0.8303506970405579,101,Favorit Pilih Fleksibel,0.7410690784454346
7596951067193541384,suhenihardi99,kalo di ambon bisa kuliah ini kah,0,1,5,Kerja Negeri Kuliah,0.8378492593765259,22,Pindahan Menerima Ut,0.8295248746871948,30,Korea Degree Min,0.8221057653427124
7609903861026226962,univsiberasia,"Masih bisa dong Kakak, UNSIA menerapkan sistem perkuliahan secara online maka kakak bisa berkuliah dimana saja dan kapan saja. Nah UNSIA bisa menjadi tujuan kakak yg ingin kuliah sambil bekerja kak karena memang waktunya fleksibel dan bisa dilaksanakan kapanpun dan dimanapun🤩",0,0,72,Tujuan Berkuliah Dimanapun,0.980465292930603,86,Darimana 100 Jadi,0.8509480953216553,101,Favorit Pilih Fleksibel,0.747410237789154
7590333593936986887,anita.cuherni,cara daftar kak,0,1,41,Info Link Cara,0.843517541885376,107,Daftarnya Cara Bagaimana,0.8116872310638428,17,Cara Daftarnya Bagaimana,0.7851302027702332
7609904462563410695,univsiberasia,"Kakak bisa langsung daftar sekarang di pmb.unsia.ac.id, pilih jurusan favorit, dan mulai kuliah online fleksibel dari mana aja🤗",0,0,83,Pilih Favorit Mulai,0.9858773946762085,101,Favorit Pilih Fleksibel,0.9645260572433472,2,Website Id Ac,0.8257429599761963
7589660882466292500,yunie.lim.nasutio,paket c bisa daftar ga ya,0,1,76,Paket Ijazah Sih,0.8726645708084106,47,Daftar Gelombang Januari,0.8383415937423706,115,Full Fisik Diunsia,0.8327281475067139
7609904383601787666,univsiberasia,Bisa banget ya Kakak🤗,0,0,53,Dong Kayaknya Banget,0.9474282264709473,87,Hihi Jugakk Wakty,0.8515703678131104,135,Infoin Mau Lantang,0.8350907564163208
7588893549454869266,ersasarii_,berarti uas nya online juga kak?,0,1,7,Offline Ujiannya Online,0.8807746767997742,112,Ujian Tes Online,0.8981512188911438,71,Wisuda Uts Uas,0.8560620546340942
7588945952896959240,univsiberasia,Betul banget Kak🤩,0,0,48,Betul Banget Lucu,0.9549473524093628,81,Iya Oke Orang,0.7953819036483765,53,Dong Kayaknya Banget,0.7692837119102478
7586576190287135495,vitfssfg,berarti online aja? ga ada ke univ?,0,1,56,Universitas Siber Asia,0.6381117105484009,64,Full Online Serba,0.7693005800247192,115,Full Fisik Diunsia,0.7568821907043457
7581135515672822535,urtinkerbelllll,"halo kak, mau tanya untuk 2026 pendaftarannya mulai kapan ya ? dan bisa ga ya transfer dari lulusan d3 akt ke s1 manajemen?",0,1,4,D3 S1 Lanjut,0.8768422603607178,49,Ijazahnya Lulus Kan,0.8450441360473633,120,Tanya Non S2Nya,0.8161460161209106
7581379373392544520,univsiberasia,"Hi Kak, dibuka dibulan Januari ya, bisa melalui jalur konversi",0,0,12,Konversi Jalur Melalui,0.8626397848129272,10,Maret April Bulan,0.8361093401908875,3,Buka Pendaftaran Masih,0.7780171036720276
7579972769938047752,omgmyshaylaaaaa,pjj itu apa admin?,0,1,134,Pjj Akre Industri,0.8785926103591919,6,Dimana Daerah Mana,0.7184099555015564,74,Akreditasinya Asia Siber,0.7176616191864014
7580139080765326088,baron.7706,pembelajraan jrak jauh kk,1,0,53,Dong Kayaknya Banget,0.6009505987167358,104,Aman Unas Ciber,0.6711513996124268,38,Ih Maba Grupnya,0.6492494344711304
7579307216270279431,oralb470,ada skripsi gak ka,0,1,11,Skripsi Sidang Tidak,0.912506103515625,51,Open Otw Pkl,0.8586890697479248,39,Beasiswa Kkn Program,0.8461583852767944
7579473946350273298,univsiberasia,"Hi Kak, untuk tugas akhir ada skripsi ya Kakak",0,0,58,Tugas Akhir Skripsi,0.9035012125968933,120,Tanya Non S2Nya,0.8102133274078369,15,Hi Halo Dong,0.7901102900505066
7578808906207511303,urmentai,hukum gaada ya?,0,1,45,Enggak Ribet Fh,0.8478755950927734,11,Skripsi Sidang Tidak,0.700137197971344,43,Belum Huhu Nih,0.6971451044082642
7578853719899931400,univsiberasia,"Hi Kak, belum ada ya☺️",0,0,15,Hi Halo Dong,0.8840344548225403,60,Admin Dm Boleh,0.8117446899414062,79,Daftar Sudah Kamu,0.8079663515090942
7578391880364573460,_ejjaaa17,Cara pindah pilihan prodi nya gemana ya kak?,0,1,17,Cara Daftarnya Bagaimana,0.8155755400657654,52,Web Lewat Kemana,0.8072395324707031,120,Tanya Non S2Nya,0.7930274605751038
7578391973766365972,_ejjaaa17,Soalnya waktu daftar salah ambil prodi,0,0,46,Ut Pengin Bidang,0.7519060373306274,88,Pindah Semester Ngulang,0.7504287958145142,132,Mending Ptnbh Alumni,0.735023558139801
7578169278987617032,chell12.16,unsia full online gak yaa kak?,0,1,115,Full Fisik Diunsia,0.8937606811523438,112,Ujian Tes Online,0.8597668409347534,7,Offline Ujiannya Online,0.8592602610588074
7578853850434634503,univsiberasia,"Hi Kak, betul banget. UNSIA 100% full online learning",1,0,44,100 Learning Fully,0.9328062534332275,86,Darimana 100 Jadi,0.7680785059928894,9,Kip Unsia Diterima,0.7349623441696167
7569036062539744007,adistiyaaaaaa,ini kalo buat yang kerja diluar negri bisa ga sih?,0,1,5,Kerja Negeri Kuliah,0.8521235585212708,76,Paket Ijazah Sih,0.7924495935440063,22,Pindahan Menerima Ut,0.7920278310775757
7578854284671107858,univsiberasia,"Hi Kak, bisa banget dong. Karena UNSIA sistem pembelajarannya 100% full online 🤩",0,0,44,100 Learning Fully,0.9235305190086365,86,Darimana 100 Jadi,0.8627496957778931,58,Tugas Akhir Skripsi,0.802558422088623
7565220113083892501,228yyl,kalo uts/uas online juga ga?,0,1,71,Wisuda Uts Uas,0.8306690454483032,7,Offline Ujiannya Online,0.821135401725769,112,Ujian Tes Online,0.8137707114219666
7565800907326735112,univsiberasia,"Halo kakak, 100% full online ya termasuk UTS dan UAS😊",0,0,71,Wisuda Uts Uas,0.8140181303024292,112,Ujian Tes Online,0.8195037841796875,44,100 Learning Fully,0.7919316291809082
7563851911478215432,dintrian,Min buka pendaftaran kapan lagi ya?,0,1,78,Kapan Min Gel,0.9351937174797058,3,Buka Pendaftaran Masih,0.8790733814239502,31,Kapan Pendaftarannya Gelombang,0.8782710433006287
7565801523465847570,univsiberasia,"Halo Kakak, untuk pendaftaran bisa melalui website UNSIA ya di pmb.unsia.ac.id, untuk penerimaan mahasiswa baru akan dibuka dibulan November ya😊",0,0,2,Website Id Ac,0.936672568321228,101,Favorit Pilih Fleksibel,0.8520260453224182,54,Membuka Lho Mahasiswa,0.8397965431213379
7563019105353548562,sshabya,mwu donggg ini nanya ny kmnaaaa,0,1,-1,Mantab Uk Belakang,0.0,38,Ih Maba Grupnya,0.7754871845245361,133,Spill Alisnya Spil,0.7496413588523865
7565801019252015890,univsiberasia,"Halo Kakak, bisa melalui DM ya😊",0,0,36,Dm Admin Detailnya,0.9235514402389526,60,Admin Dm Boleh,0.8644851446151733,23,Dm Cek Izin,0.8185282945632935
7562888419748987666,tuanputriii15,Wisuda nya nanti gmna ka kalo jauhh,0,1,33,Bagaimana Wisudanya Tes,0.8993934392929077,128,Main Kampusnya Kekampus,0.8225038051605225,7,Offline Ujiannya Online,0.8218010067939758
7565801110703801095,univsiberasia,"Halo Kakak, untuk wisuda dilaksanakan secara onsite ya",0,0,96,Secara Dilaksanakan Hybrid,0.9339603185653687,10,Maret April Bulan,0.8156120777130127,2,Website Id Ac,0.7787768840789795
7561088357360304914,nandechan_,takut banget susah cari nilai kek UT 😭 aku lulusan D3 mau cari buat ke s1,0,1,4,D3 S1 Lanjut,0.7928718328475952,46,Ut Pengin Bidang,0.8211443424224854,132,Mending Ptnbh Alumni,0.7710484862327576
7565802103001285384,univsiberasia,"Halo Kakak, di UNSIA menerima mahasiswa pindahan atau lulusan D3 ingin melanjutkan pendidikan ke S1 melalui jalur konversi ya😊",0,0,4,D3 S1 Lanjut,0.8263154029846191,67,Program Belum Dibuka,0.8027133941650391,30,Korea Degree Min,0.7506511211395264
7560846777114854145,velnox99,ka buka pendaftaran lagi bulan apa?,0,1,89,Tanggal Gelombang Bulan,0.890216588973999,3,Buka Pendaftaran Masih,0.8713998794555664,31,Kapan Pendaftarannya Gelombang,0.8682129383087158
7560934833133994760,univsiberasia,"Halo Kak, penerimaan mahasiswa baru akan dibuka di bulan November ya😊",0,0,10,Maret April Bulan,0.8871589303016663,66,Dibuka Mahasiswa Baru,0.8778055310249329,109,Ditutup Khawatir Kembali,0.8508857488632202
7560653850048430855,byyna02,Gimana cara daftarnya tolong,0,1,17,Cara Daftarnya Bagaimana,0.8717281818389893,107,Daftarnya Cara Bagaimana,0.8809789419174194,127,Caranya Kuliahnya Bagaimana,0.787541925907135
7565801441426031367,univsiberasia,"Halo Kakak, untuk pendaftaran bisa melalui website UNSIA ya di pmb.unsia.ac.id, untuk penerimaan mahasiswa baru akan dibuka dibulan November ya😊",0,0,2,Website Id Ac,0.936672568321228,101,Favorit Pilih Fleksibel,0.8520260453224182,54,Membuka Lho Mahasiswa,0.8397965431213379
7559221298985452306,secondchoice2002_,belum ada S2 kak?,1,1,95,S2 Belum Insyallah,0.9589918851852417,37,S2 Ada Doktoral,0.879365086555481,80,S2 S2Nya Nya,0.8699640035629272
7565802194047828754,univsiberasia,"Halo Kakak, untuk porgram S2 di UNSIA belum dibuka ya",1,0,67,Program Belum Dibuka,0.9180052280426025,73,Program Dibuka Saat,0.8802274465560913,66,Dibuka Mahasiswa Baru,0.825984537601471
7555142795503158032,dwii.jyntii,"yg gada magang nya ada kak ? jurusan apa?
karna ini mau disambi kerja juga ..",0,1,0,Jurusan Teknik Inggris,0.7344667911529541,21,Malam Shift Begitu,0.8012359738349915,46,Ut Pengin Bidang,0.8010355234146118
7565801740718277384,univsiberasia,"Halo Kakak, untuk magang di UNSIA ada ya namun tidak diwajibkan",0,0,67,Program Belum Dibuka,0.8772019743919373,30,Korea Degree Min,0.8131695985794067,73,Program Dibuka Saat,0.8106219172477722
7554999158115058440,auradelreyyy,untuk ukt bisa di cicil perbulan ga ka?,0,1,1,Dicicil 3Jt Hanya,0.8117828965187073,18,Berapa Biaya Bayar,0.7831145524978638,22,Pindahan Menerima Ut,0.7757936120033264
7578854415001256722,univsiberasia,"Hi Kakak, untuk UKT dapat dicicil sebanyak 3x ya☺️",0,0,1,Dicicil 3Jt Hanya,0.8425083160400391,18,Berapa Biaya Bayar,0.7065535187721252,10,Maret April Bulan,0.6995537281036377
7554294440186479367,cakill930,Pendaftaran sampi kapan min??,0,1,78,Kapan Min Gel,0.9105204939842224,31,Kapan Pendaftarannya Gelombang,0.8400205373764038,89,Tanggal Gelombang Bulan,0.815377950668335
7565801875267715848,univsiberasia,"Halo Kakak, untuk pendaftaran bisa melalui website UNSIA ya di pmb.unsia.ac.id, untuk penerimaan mahasiswa baru akan dibuka dibulan November ya😊",0,0,2,Website Id Ac,0.9366726279258728,101,Favorit Pilih Fleksibel,0.8520260453224182,54,Membuka Lho Mahasiswa,0.8397966027259827
7554217340943680264,rasta_affiliator09,cara daftar nya kak,0,0,41,Info Link Cara,0.8640226125717163,107,Daftarnya Cara Bagaimana,0.8528220653533936,17,Cara Daftarnya Bagaimana,0.8501216769218445
7547949045852193554,princessenergy8,Kapan pendaftaran darimams daftar,0,1,78,Kapan Min Gel,0.819908082485199,31,Kapan Pendaftarannya Gelombang,0.7546312808990479,3,Buka Pendaftaran Masih,0.7338632345199585
7565801616428925704,univsiberasia,"Halo Kakak, untuk pendaftaran bisa melalui website UNSIA ya di pmb.unsia.ac.id, untuk penerimaan mahasiswa baru akan dibuka dibulan November ya😊",0,0,2,Website Id Ac,0.936672568321228,101,Favorit Pilih Fleksibel,0.8520260453224182,54,Membuka Lho Mahasiswa,0.8397965431213379
7547935143245382421,cii_________,Ka minta web buat pendaftranya dimna?,0,1,52,Web Lewat Kemana,0.7930103540420532,120,Tanya Non S2Nya,0.7794314622879028,22,Pindahan Menerima Ut,0.7662066221237183
7549051917684343559,einaafets,Kesini ka pmb.unsia.ac.id,0,0,56,Universitas Siber Asia,0.850706934928894,2,Website Id Ac,0.841269850730896,9,Kip Unsia Diterima,0.7842919826507568
7546846571033527047,caffelotso__,buat tahap pendaftarannya dimana ya hubunginya,0,1,31,Kapan Pendaftarannya Gelombang,0.8447494506835938,52,Web Lewat Kemana,0.8588687181472778,78,Kapan Min Gel,0.8145576119422913
7547613937425744648,univsiberasia,"Halo Kakak, untuk pendaftarannya sangat mudah lho, cukup dari website saja yaitu pmb.unsia.ac.id",0,0,2,Website Id Ac,0.8908842206001282,101,Favorit Pilih Fleksibel,0.8352408409118652,83,Pilih Favorit Mulai,0.7893490791320801
7539097568954991377,anakbontot271,Pjj itu apa kak?,2,1,134,Pjj Akre Industri,0.904622495174408,6,Dimana Daerah Mana,0.7861446142196655,74,Akreditasinya Asia Siber,0.7664651870727539
7539369430985048840,sn0opy06,pembelajaran jarak jauh,4,0,30,Korea Degree Min,0.45311209559440613,105,Swasta Oktober Situ,0.649327278137207,90,Binus Adsfort Harga,0.6385189294815063
7535663274689053461,mieayamgerobakbiru08,Hallo ka klo d3 sblmnya lnjut s1 disini bsa ya,0,1,4,D3 S1 Lanjut,0.8916327953338623,119,Teman Syarat Magang,0.8199200630187988,120,Tanya Non S2Nya,0.8035542964935303
7535686452249674514,univsiberasia,"Halo Kak, bisa banget lho Kak, melalui jalur konversi",0,0,12,Konversi Jalur Melalui,0.8859645128250122,15,Hi Halo Dong,0.7761262655258179,22,Pindahan Menerima Ut,0.7377969026565552
7535132474155287314,nana_024.0,Kk g ada jurusan bahasa inggris atau sastra Inggris ya?,0,0,0,Jurusan Teknik Inggris,0.8590929508209229,30,Korea Degree Min,0.7855881452560425,119,Teman Syarat Magang,0.7779574394226074
7533828606397596433,nhonamhutii,kak mau tanya 3jt itu sudah termasuk semua biaya tuk /semester atau belum termasuk biaya yg lain,0,0,1,Dicicil 3Jt Hanya,0.779043436050415,77,Per Berapa Semester,0.7897352576255798,18,Berapa Biaya Bayar,0.7674615979194641
7533484029011673863,hitamputih9075,S2 nya belum ada kak?,0,1,95,S2 Belum Insyallah,0.9453170299530029,37,S2 Ada Doktoral,0.8804717063903809,80,S2 S2Nya Nya,0.8628509044647217
7547623732740621074,univsiberasia,"Halo Kakak, saat ini untuk program S2 belum dibuka ya Kak😊",0,0,73,Program Dibuka Saat,0.9917389154434204,67,Program Belum Dibuka,0.9294924736022949,10,Maret April Bulan,0.8283814191818237
7529332627541066517,a.ahmaadd,yassss bener bangettt kaka! siber asiiaaa terbaikkkkk,2,0,48,Betul Banget Lucu,0.7987809181213379,38,Ih Maba Grupnya,0.7238528728485107,81,Iya Oke Orang,0.7109662890434265
7528956817819058952,paternakbitcoin,kuliah ngk ribet kalau dpt beasiswa full😂,1,0,45,Enggak Ribet Fh,0.6021066904067993,5,Kerja Negeri Kuliah,0.7482547760009766,132,Mending Ptnbh Alumni,0.7292616963386536
7528862936127783697,aryp00h,di UGM aja 😂😂😂,1,0,56,Universitas Siber Asia,0.7649667263031006,105,Swasta Oktober Situ,0.7370409965515137,90,Binus Adsfort Harga,0.7282723188400269
7528190298436322056,tya.guntoro,per semester itu brp lama ya ka🙄,1,1,77,Per Berapa Semester,0.9115158915519714,18,Berapa Biaya Bayar,0.8494677543640137,65,Angkatan Berapa Kira,0.8460003137588501
7528320959717065479,univsiberasia,"Halo Kak, persemester 6 bulan ya Kak",0,0,10,Maret April Bulan,0.8306578397750854,15,Hi Halo Dong,0.7779810428619385,65,Angkatan Berapa Kira,0.7661017179489136
7528091305810395924,lyvin246,yakin beasiswa nya 1000 persen ? caranya,1,0,1,Dicicil 3Jt Hanya,0.6966241002082825,104,Aman Unas Ciber,0.6932258605957031,132,Mending Ptnbh Alumni,0.6828835606575012
7527858488870454034,iraguniara,Daerah mnh k,1,1,6,Dimana Daerah Mana,0.6301753520965576,105,Swasta Oktober Situ,0.669857382774353,90,Binus Adsfort Harga,0.6651687026023865
7527870623017960200,univsiberasia,"Halo Kak, Kampus UNSIA terletak di Jl. Harsono RM No.1, RT.5/RW.7, Ragunan, Kec. Ps. Minggu, Kota Jakarta Selatan.",1,0,110,Jakarta Selatan Ragunan,0.8816063404083252,2,Website Id Ac,0.5416545867919922,136,Yaitu Akuntansi Terdapat,0.5322885513305664
7527665093020107527,var160h,tutor kak dapat beasiswa 🗿,1,0,39,Beasiswa Kkn Program,0.7240287065505981,104,Aman Unas Ciber,0.7281211614608765,9,Kip Unsia Diterima,0.7153759598731995
7529446892691899143,drupadikaaa15,ada s2nya nggak kak,0,0,120,Tanya Non S2Nya,0.8781700730323792,37,S2 Ada Doktoral,0.9542648196220398,39,Beasiswa Kkn Program,0.9041407108306885
7529147065797624594,waterfallyah,uk brapa,0,0,-1,Mantab Uk Belakang,0.0,90,Binus Adsfort Harga,0.7679934501647949,125,Gratis Tersedia Pesan,0.7471083998680115
7529062277417665298,eeccceeee00,S2 ada ngga ka?,0,1,37,S2 Ada Doktoral,0.9613844156265259,39,Beasiswa Kkn Program,0.8791295289993286,50,S2 Pendidikan Hukum,0.8736497759819031
7547623873840907016,univsiberasia,"Halo Kakak, saat ini untuk program S2 belum dibuka ya Kak😊",0,0,73,Program Dibuka Saat,0.9917389154434204,67,Program Belum Dibuka,0.9294924736022949,10,Maret April Bulan,0.8283814191818237
7529041334159000328,nazilarifka2,ada s2 GK situ kk,0,1,37,S2 Ada Doktoral,0.9112440347671509,95,S2 Belum Insyallah,0.8695148825645447,114,S2 Lita Anis,0.8658177852630615
7547623520793854727,univsiberasia,"Halo Kakak, saat ini untuk program S2 belum dibuka ya Kakak",0,0,73,Program Dibuka Saat,0.9799021482467651,67,Program Belum Dibuka,0.925316572189331,66,Dibuka Mahasiswa Baru,0.8120970726013184
7528757757311451925,m_zain71,s2 ada gak kak?,0,1,37,S2 Ada Doktoral,0.9613844156265259,39,Beasiswa Kkn Program,0.8791295289993286,50,S2 Pendidikan Hukum,0.8736498355865479
7547623916941361927,univsiberasia,"Halo Kakak, saat ini untuk program S2 belum dibuka ya Kak😊",0,0,73,Program Dibuka Saat,0.9917389154434204,67,Program Belum Dibuka,0.9294924736022949,10,Maret April Bulan,0.8283814191818237
7528696393307095816,stoneheart_108,pembayaran nya gimana??,0,1,1,Dicicil 3Jt Hanya,0.6668277978897095,107,Daftarnya Cara Bagaimana,0.861151933670044,99,Biayanya Biaya Berapa,0.853335976600647
7545801233228153620,mellstore_5,melalui virtual account,0,0,90,Binus Adsfort Harga,0.712659478187561,125,Gratis Tersedia Pesan,0.6689423322677612,105,Swasta Oktober Situ,0.6568454504013062
7528583218992792327,siraj.sabil,S2 Pendidikan Kimia/IPA ada kak?,0,1,50,S2 Pendidikan Hukum,0.9008073806762695,0,Jurusan Teknik Inggris,0.8382028341293335,37,S2 Ada Doktoral,0.8307494521141052
7547623774436033298,univsiberasia,"Halo Kakak, saat ini untuk program S2 belum dibuka ya Kak😊",0,0,73,Program Dibuka Saat,0.9917389154434204,67,Program Belum Dibuka,0.9294924736022949,10,Maret April Bulan,0.8283814191818237
7528433139569083143,grenebleu,s2nya belum ada ya?,0,1,95,S2 Belum Insyallah,0.9345858097076416,80,S2 S2Nya Nya,0.8670063018798828,37,S2 Ada Doktoral,0.8271162509918213
7547623831323984647,univsiberasia,"Halo Kakak, saat ini untuk program S2 belum dibuka ya Kak😊",0,0,73,Program Dibuka Saat,0.9917389154434204,67,Program Belum Dibuka,0.9294924736022949,10,Maret April Bulan,0.8283814191818237
7528379026894045970,misfit_on_ice,ga ada ilmu perpustakaan😁,0,0,0,Jurusan Teknik Inggris,0.5663168430328369,42,Jurusan Ekonomi Hukum,0.6968344449996948,125,Gratis Tersedia Pesan,0.6963598728179932
7528377716379403015,denza058,utk jurusan lanjutan D3 ke S1 adakah,0,1,4,D3 S1 Lanjut,0.8582690954208374,50,S2 Pendidikan Hukum,0.7567616701126099,119,Teman Syarat Magang,0.6663943529129028
7528390932585710343,pradivaadisa,"ada kak, ambilnya jalur konversi",0,0,12,Konversi Jalur Melalui,0.8401434421539307,22,Pindahan Menerima Ut,0.7970613837242126,39,Beasiswa Kkn Program,0.7871153354644775
7528321946279789328,kashaquille,S2 ada gak?,0,1,114,S2 Lita Anis,0.9775372743606567,80,S2 S2Nya Nya,0.8758745789527893,11,Skripsi Sidang Tidak,0.8458407521247864
7547623803137098504,univsiberasia,"Halo Kakak, saat ini untuk program S2 belum dibuka ya Kak😊",0,0,73,Program Dibuka Saat,0.9917389154434204,67,Program Belum Dibuka,0.9294924736022949,10,Maret April Bulan,0.8283814191818237
7528253239965025031,sfrculas,S1 brp tahun kak,0,1,65,Angkatan Berapa Kira,0.9044655561447144,37,S2 Ada Doktoral,0.8303465843200684,77,Per Berapa Semester,0.8280297517776489
7528321099658953480,univsiberasia,"Halo kak, sesuai LLDIKTI minimal 3,5 tahun ya Kak",1,0,1,Dicicil 3Jt Hanya,0.7186895608901978,67,Program Belum Dibuka,0.7446882724761963,130,Pt Terakreditasi Ban,0.738834023475647
7528128995361030920,dzikri2425,emng penting?,0,0,75,Iya Iyapp Introvert,0.7682233452796936,125,Gratis Tersedia Pesan,0.7525724172592163,122,Kalbar Ia Kebingungan,0.7362081408500671
7528117824699908882,annisazahrotuu,ada pilihan kuliah offline ga si? soalnya ga berasa kuliah kalau full online😭,0,0,30,Korea Degree Min,0.8000296354293823,5,Kerja Negeri Kuliah,0.8340757489204407,21,Malam Shift Begitu,0.8216230869293213
7528035473858691847,falahazkyazahara,kak ada S2 gak,0,1,37,S2 Ada Doktoral,0.9676433801651001,114,S2 Lita Anis,0.8987358808517456,50,S2 Pendidikan Hukum,0.8962020874023438
7547623700867842823,univsiberasia,"Halo Kakak, saat ini untuk program S2 belum dibuka ya Kak😊",0,0,73,Program Dibuka Saat,0.9917389154434204,67,Program Belum Dibuka,0.9294924736022949,10,Maret April Bulan,0.8283814191818237
7528007570264277780,mayaalamri4,kak ada s1 gizi gak?,0,0,65,Angkatan Berapa Kira,0.7775990962982178,50,S2 Pendidikan Hukum,0.9021101593971252,37,S2 Ada Doktoral,0.8919214606285095
7527925778031215367,syafiuddin8892,Ekonomi syari'ah ada kak,0,1,42,Jurusan Ekonomi Hukum,0.8000894784927368,0,Jurusan Teknik Inggris,0.7274906635284424,114,S2 Lita Anis,0.7185908555984497
7528737668278174480,xin16yi,syari'ah bukannya ribet yah?,0,0,45,Enggak Ribet Fh,0.7653588056564331,93,Jujur Review Kata,0.70140540599823,104,Aman Unas Ciber,0.69963538646698
7527917637151687440,zayna_rayhana,biayanya brpa?,0,1,99,Biayanya Biaya Berapa,0.9388627409934998,107,Daftarnya Cara Bagaimana,0.7792927026748657,18,Berapa Biaya Bayar,0.7668899893760681
7545798103086039828,mellstore_5,3 JT persemester kak bisa dicicil,0,0,1,Dicicil 3Jt Hanya,0.8299638628959656,124,Juta Serius 3Jt,0.6779223680496216,77,Per Berapa Semester,0.6614593267440796
7527670486567027457,rofiquh,Mau daftar kak,0,1,27,Join Grup Yuk,0.8758880496025085,79,Daftar Sudah Kamu,0.8870297074317932,47,Daftar Gelombang Januari,0.8428776860237122
7527671279647589138,univsiberasia,Yuk Kak langsung daftar di website UNSIA ya di pmb.unsia.ac.id,0,0,2,Website Id Ac,0.9166975617408752,101,Favorit Pilih Fleksibel,0.8325570821762085,83,Pilih Favorit Mulai,0.8108859062194824
7527610870529131271,ngapain7788,Min email buat masuk grup pensamalu dapet biasanya kapan ya?,0,1,78,Kapan Min Gel,0.8314002156257629,52,Web Lewat Kemana,0.7984045743942261,31,Kapan Pendaftarannya Gelombang,0.7807072401046753
7527671422115906322,univsiberasia,"Halo Kak, ketika sudah mendekati PENSAMAKU ya🤗",0,0,15,Hi Halo Dong,0.730257511138916,34,Daftar Tinggal Baru,0.7011153697967529,79,Daftar Sudah Kamu,0.7002881169319153
7527579599536259848,maslanang60,ada program doktoral ga kak?,0,0,37,S2 Ada Doktoral,0.8875656723976135,39,Beasiswa Kkn Program,0.8821667432785034,0,Jurusan Teknik Inggris,0.8636095523834229
7527573470545609490,sptro47,PJJ itu apa,0,1,134,Pjj Akre Industri,0.8746883869171143,6,Dimana Daerah Mana,0.7169734239578247,74,Akreditasinya Asia Siber,0.6914693117141724
7527574179934421767,univsiberasia,"Halo Kak, PJJ adalah Pendidikan Jarak Jauh ya😊",0,0,134,Pjj Akre Industri,0.807563304901123,96,Secara Dilaksanakan Hybrid,0.6981334090232849,58,Tugas Akhir Skripsi,0.6916070580482483
7623374364264383253,estehsegeer8,lagi nyari temen Maba tahun ini prodi manejemen domisili Jakarta Timur,2,0,9,Kip Unsia Diterima,0.7034661173820496,132,Mending Ptnbh Alumni,0.7137051820755005,30,Korea Degree Min,0.7129043340682983
7638575271025476373,aku.lul4,ka pembayaran cicilannya itu periodenta brp lama ya. boleh pas mau masuk kuliahnya ga,1,0,127,Caranya Kuliahnya Bagaimana,0.7370585203170776,49,Ijazahnya Lulus Kan,0.8194369077682495,123,Jam Kelas Karyawan,0.8183578252792358
7638104905450423057,nuraini14_03,Ijasah paket c bisa daftar gk kak,1,0,76,Paket Ijazah Sih,0.8978763818740845,22,Pindahan Menerima Ut,0.8327112197875977,39,Beasiswa Kkn Program,0.8102304935455322
7634241353904145169,_isal__faisal,teknik ada gak,1,0,11,Skripsi Sidang Tidak,0.7570009827613831,125,Gratis Tersedia Pesan,0.7747445106506348,114,S2 Lita Anis,0.751983106136322
7633436198346130177,chokelate25,UTS sama UAS apakah take home kk,1,0,7,Offline Ujiannya Online,0.7349330186843872,112,Ujian Tes Online,0.7354437112808228,88,Pindah Semester Ngulang,0.7187892198562622
7609417671138231060,meamor911,ada sastra jepang gak min?,2,0,0,Jurusan Teknik Inggris,0.810479462146759,11,Skripsi Sidang Tidak,0.8310579061508179,39,Beasiswa Kkn Program,0.8004062175750732
7633074382697366280,5y1f44444,"kak katanya kan full online kok di kampusnya tetep ada mahasiswanya ya, itu dari jakarta apa dari luar jakarta juga",1,0,21,Malam Shift Begitu,0.8730608820915222,49,Ijazahnya Lulus Kan,0.8316007256507874,71,Wisuda Uts Uas,0.8173450231552124
7621577649589650197,sukasukasayadisini,info kuliah s2 nya dong kak 🙏🙏,1,0,37,S2 Ada Doktoral,0.8313899040222168,50,S2 Pendidikan Hukum,0.8450267314910889,119,Teman Syarat Magang,0.8274078965187073
7618605640664613653,naomiryusho,ga ada PGSD ya,1,0,0,Jurusan Teknik Inggris,0.7870006561279297,11,Skripsi Sidang Tidak,0.8026264905929565,104,Aman Unas Ciber,0.7756750583648682
7604540407049061127,haechanfullsun22,min boleh minta brosurnya dulu ga ya soalnya masih bingung mau nerusin S1nya dimana nanti,1,0,6,Dimana Daerah Mana,0.6379171013832092,120,Tanya Non S2Nya,0.8290567398071289,49,Ijazahnya Lulus Kan,0.8280174732208252
7596188435250889492,alfianaai,bisa gasih nanti kalau mau ikut whv?,1,0,128,Main Kampusnya Kekampus,0.8096579313278198,47,Daftar Gelombang Januari,0.7699109315872192,118,Desember Baca Depan,0.7641339302062988
7596020093654909714,uzhraaa,Kalo RPL disini gimana sistemnya ya kak? Terus biaya nya berapa ya mhn info ka plsss 🙏🏻🙏🏻,1,0,18,Berapa Biaya Bayar,0.8042678236961365,17,Cara Daftarnya Bagaimana,0.7942897081375122,120,Tanya Non S2Nya,0.7737836241722107
7595778286971831048,maynotlvu,lanjut dari d3 ke s1 bisa gak kak,1,0,4,D3 S1 Lanjut,0.9438265562057495,37,S2 Ada Doktoral,0.8231314420700073,50,S2 Pendidikan Hukum,0.8118053674697876
7589860842708370196,23_02___,Aku pengen daftar thn depan..bisa gasi kak?😭,1,0,17,Cara Daftarnya Bagaimana,0.7152056694030762,34,Daftar Tinggal Baru,0.8811285495758057,118,Desember Baca Depan,0.8635760545730591
7583779878656606994,mzainirm,Jd uts uas bimbingan seminar dan sidang online semua? Hanya wisuda yg offline?,1,0,71,Wisuda Uts Uas,0.8312630653381348,7,Offline Ujiannya Online,0.7625600099563599,112,Ujian Tes Online,0.7365484237670898
7653314821279646472,dmhijab.underwear,jurusannya kk,0,0,26,Adek Duluan Nurul,0.9157212376594543,122,Kalbar Ia Kebingungan,0.870242714881897,75,Iya Iyapp Introvert,0.8406060934066772
7645235689790259984,sitinurjnahh_,pendaftaran buat yg tamat tahun ini kapan kk,0,0,3,Buka Pendaftaran Masih,0.7993212342262268,31,Kapan Pendaftarannya Gelombang,0.8537777662277222,78,Kapan Min Gel,0.8028799891471863
7644790142049764117,australianmate24,"Ini rekomendasi ngga guys saya rencana ambil S2 ,takutnya ribet kaya UT sekarang lebih fokus ke Kuliah bukan kerja, padahal dulu Kerja",0,0,5,Kerja Negeri Kuliah,0.8154741525650024,46,Ut Pengin Bidang,0.8203588128089905,49,Ijazahnya Lulus Kan,0.7837098836898804
7644197735767737106,mlkjvf,pembelajranya gimana kak sistemnya,0,0,33,Bagaimana Wisudanya Tes,0.8514529466629028,127,Caranya Kuliahnya Bagaimana,0.8437151908874512,17,Cara Daftarnya Bagaimana,0.8390568494796753
7643310237499884296,rai_naa_,"kuliahnya 3,5tahun doang kak? itu bisa full online?",0,0,64,Full Online Serba,0.8042511940002441,115,Full Fisik Diunsia,0.7910676598548889,71,Wisuda Uts Uas,0.7711285352706909
7637780589185549077,puputylni23,S2 ada ngk,0,0,114,S2 Lita Anis,0.9331566691398621,80,S2 S2Nya Nya,0.8798298835754395,37,S2 Ada Doktoral,0.8441438674926758
7636599198025564949,aulliaa10,ada s2 nya ga kak?,0,0,37,S2 Ada Doktoral,0.9685466885566711,39,Beasiswa Kkn Program,0.9056268930435181,120,Tanya Non S2Nya,0.8888412117958069
7636439815925547796,godblessme.sn,"Kak, ada jurusan perpajakan ga ya?",0,0,0,Jurusan Teknik Inggris,0.909572958946228,120,Tanya Non S2Nya,0.9007434844970703,39,Beasiswa Kkn Program,0.8841218948364258
7636196818003444498,inthesky428,ka ada PGSD ga?,0,0,0,Jurusan Teknik Inggris,0.8638430833816528,37,S2 Ada Doktoral,0.8684813380241394,120,Tanya Non S2Nya,0.859686553478241
7636078485466972929,mirandaastuti2,Bisa RPL ga ya?,0,0,68,Rpl Pengalaman Jalur,0.8600514531135559,115,Full Fisik Diunsia,0.7998682856559753,11,Skripsi Sidang Tidak,0.7976481914520264
7634004950931211016,rraisky_18,ga ada program studi pendidikan yaa?,0,0,0,Jurusan Teknik Inggris,0.8059182167053223,42,Jurusan Ekonomi Hukum,0.8297655582427979,50,S2 Pendidikan Hukum,0.763933539390564
7629637768213873425,cepekdua2_0,ada jurusan teknik mesin/elektro ga? terus ini full online atau ada tatap muka nya? mohon pencerahan 🙏,0,0,42,Jurusan Ekonomi Hukum,0.7233168482780457,21,Malam Shift Begitu,0.8168571591377258,49,Ijazahnya Lulus Kan,0.7924385070800781
7629249999931556609,beningkalbu765,S2nya ad ngk,0,0,80,S2 S2Nya Nya,0.8924946188926697,114,S2 Lita Anis,0.8656634092330933,37,S2 Ada Doktoral,0.8567143678665161
7628575715989930760,aysdfghjkl98798yu011na,"halokak ini nerima s1 kedua gak ya? aku udah lulus s1 di tempat lain, mau nyoba jurusan lain disini",0,0,4,D3 S1 Lanjut,0.8371239900588989,119,Teman Syarat Magang,0.8240928649902344,49,Ijazahnya Lulus Kan,0.8161836862564087
7625916333096043284,dindptrmeilnna,hukum blm ada ya,0,0,45,Enggak Ribet Fh,0.8365120887756348,43,Belum Huhu Nih,0.8053938746452332,11,Skripsi Sidang Tidak,0.7486750483512878
7616215594945446664,marzukialmahmudi,@ilham dawar:rekomendasi kuliah bk full online,0,0,102,100 Fully Bk,0.7601534128189087,42,Jurusan Ekonomi Hukum,0.642066240310669,64,Full Online Serba,0.6259151697158813
7616203509428486928,icecreamvanila8__,ini daerah mana kak? kalau dati lampung bisa ga si?,0,0,6,Dimana Daerah Mana,0.8035702705383301,22,Pindahan Menerima Ut,0.779252827167511,128,Main Kampusnya Kekampus,0.7729493975639343
7604517970329846548,momsss12340,s2 ada gk,0,0,114,S2 Lita Anis,0.9775372743606567,80,S2 S2Nya Nya,0.8758745789527893,11,Skripsi Sidang Tidak,0.8458407521247864
7604475133906780935,ppuunnggkkii,Apakah ada s2nyaaaa?,0,0,69,Apakah S1Hukum Perdagangan,0.9040772318840027,37,S2 Ada Doktoral,0.8296575546264648,50,S2 Pendidikan Hukum,0.8109040260314941
7604419505872732935,synamee_,S2 ada gak min?,0,0,50,S2 Pendidikan Hukum,0.9165879487991333,37,S2 Ada Doktoral,0.9207068681716919,114,S2 Lita Anis,0.855980634689331
7604335917713883924,riuriuriuuuu,kak semisal sudah lulus S1 lalu mau daftar S2 LPDP LN bisa tdk? apakah sudah ada alumni yg demikian,0,0,4,D3 S1 Lanjut,0.8549108505249023,49,Ijazahnya Lulus Kan,0.8282968401908875,119,Teman Syarat Magang,0.8103694319725037
7532902837556364049,ikan_kerapu20,Min kelas magister ada juga gak?,0,2,30,Korea Degree Min,0.8635391592979431,37,S2 Ada Doktoral,0.8676513433456421,0,Jurusan Teknik Inggris,0.8546950817108154
7547624278322971410,univsiberasia,"Halo Kakak, saat ini untuk program S2 belum dibuka ya Kak😊",0,0,73,Program Dibuka Saat,0.9917389154434204,67,Program Belum Dibuka,0.9294924736022949,10,Maret April Bulan,0.8283814191818237
7545797692677702418,mellstore_5,otw ada sih kak,0,0,51,Open Otw Pkl,0.8455982208251953,43,Belum Huhu Nih,0.8075324296951294,135,Infoin Mau Lantang,0.7933822870254517
7530996363314184961,hadikbs1,kak kalau untuk D3 manajemen lanjut ke S1 bagaimana kak,0,2,4,D3 S1 Lanjut,0.9233860373497009,119,Teman Syarat Magang,0.8183495402336121,50,S2 Pendidikan Hukum,0.8080171942710876
7547624105740469000,univsiberasia,"Halo Kakak, bisa ya melalui jalur konversi/ahli jenjang😊",0,0,12,Konversi Jalur Melalui,0.9276807904243469,22,Pindahan Menerima Ut,0.7647539973258972,76,Paket Ijazah Sih,0.7394809722900391
7545798016030376725,mellstore_5,bisa melalui jalur konversi kak,0,0,12,Konversi Jalur Melalui,0.819003701210022,22,Pindahan Menerima Ut,0.6966814994812012,68,Rpl Pengalaman Jalur,0.6912265419960022
7537488474681869072,ichaatrg,hallo kak unsia bisa Nerima mahasiswa transferan semester tua GK kak? kalau bisa aku pengen masuk sini kak 😭,0,2,49,Ijazahnya Lulus Kan,0.8813596963882446,22,Pindahan Menerima Ut,0.8341919183731079,119,Teman Syarat Magang,0.8204142451286316
7538283095474471687,univsiberasia,"Halo Kakak, bisa ya melalui jalur konversi/ahli jenjang",0,0,12,Konversi Jalur Melalui,0.9276807904243469,22,Pindahan Menerima Ut,0.7647539973258972,76,Paket Ijazah Sih,0.7394809722900391
7537639119033139975,einaafets,"Bisa kak, smt tua itu smt brp kah😁",0,0,22,Pindahan Menerima Ut,0.6876088380813599,65,Angkatan Berapa Kira,0.7773717045783997,18,Berapa Biaya Bayar,0.7418665885925293
7537642354159043345,ichaatrg,ini semester 6 kak masuk 7 bisa kak?,0,0,77,Per Berapa Semester,0.7808300256729126,88,Pindah Semester Ngulang,0.8259103894233704,34,Daftar Tinggal Baru,0.8170562386512756
7529859809597358865,alyshaa.p,Kak info akun ig resmi nya dong,0,1,116,Ig Akun Sering,0.8836861848831177,60,Admin Dm Boleh,0.8250194787979126,23,Dm Cek Izin,0.8026664853096008
7532794101407105800,univsiberasia,"Halo Kak, akun instagram resmi UNSIA ada 2 yaitu univsiberasia dan ppmbunsia_official 😊",0,0,2,Website Id Ac,0.7850124835968018,54,Membuka Lho Mahasiswa,0.7280765771865845,130,Pt Terakreditasi Ban,0.7105671167373657
7529858053992743700,aniqhninaaa10,@nz,0,0,82,Nrrjml Hbd Nz,0.9118185043334961,131,Next Up Gass,0.8337950706481934,14,Fitriyani Andriani Udin69Can,0.8207916021347046
7529446892691899143,drupadikaaa15,ada s2nya nggak kak,0,0,120,Tanya Non S2Nya,0.8781700134277344,37,S2 Ada Doktoral,0.9542647004127502,39,Beasiswa Kkn Program,0.9041407108306885
7529147065797624594,waterfallyah,uk brapa,0,0,-1,Mantab Uk Belakang,0.0,90,Binus Adsfort Harga,0.7679934501647949,125,Gratis Tersedia Pesan,0.7471083998680115
7529147042729558802,waterfallyah,ada beasiswa ga kak,0,4,39,Beasiswa Kkn Program,0.9211923480033875,37,S2 Ada Doktoral,0.8716537952423096,11,Skripsi Sidang Tidak,0.851079523563385
7529193702910378770,sipuputi,ada ka,0,0,51,Open Otw Pkl,0.9537371397018433,43,Belum Huhu Nih,0.8670649528503418,135,Infoin Mau Lantang,0.8658812046051025
7529310366741136146,waterfallyah,apa tuh kak,0,0,6,Dimana Daerah Mana,0.7948288917541504,135,Infoin Mau Lantang,0.8329696655273438,51,Open Otw Pkl,0.8306200504302979
7529146846956520199,vallstrongg05,nyocot,0,0,19,Com Nice Https,0.8349227905273438,75,Iya Iyapp Introvert,0.75597083568573,131,Next Up Gass,0.7490737438201904
7529101660057633543,sns5560,ka bayar spp berapa y ka,0,1,18,Berapa Biaya Bayar,0.905346155166626,77,Per Berapa Semester,0.8661248683929443,52,Web Lewat Kemana,0.8098756670951843
7529153042132255495,syaban130,3 jt,0,0,124,Juta Serius 3Jt,0.9189279079437256,90,Binus Adsfort Harga,0.7768853306770325,105,Swasta Oktober Situ,0.74657142162323
7529062277417665298,eeccceeee00,S2 ada ngga ka?,0,1,37,S2 Ada Doktoral,0.9613844156265259,39,Beasiswa Kkn Program,0.8791295289993286,50,S2 Pendidikan Hukum,0.8736498355865479
7547623873840907016,univsiberasia,"Halo Kakak, saat ini untuk program S2 belum dibuka ya Kak😊",0,0,73,Program Dibuka Saat,0.9917389154434204,67,Program Belum Dibuka,0.9294924736022949,10,Maret April Bulan,0.8283814191818237
7529041334159000328,nazilarifka2,ada s2 GK situ kk,0,1,37,S2 Ada Doktoral,0.9112440347671509,95,S2 Belum Insyallah,0.8695148825645447,114,S2 Lita Anis,0.8658177852630615
7547623520793854727,univsiberasia,"Halo Kakak, saat ini untuk program S2 belum dibuka ya Kakak",0,0,73,Program Dibuka Saat,0.9799021482467651,67,Program Belum Dibuka,0.925316572189331,66,Dibuka Mahasiswa Baru,0.8120970726013184
7548052260795728658,teejusbatugula,ini bisa alih jenjang gasi kak dri d3 ke s1 ??,0,1,4,D3 S1 Lanjut,0.8524289131164551,50,S2 Pendidikan Hukum,0.7472184896469116,95,S2 Belum Insyallah,0.7204128503799438
7549051437448987399,einaafets,Bisa kakk.. Coba dm biar ku bantu info,0,0,60,Admin Dm Boleh,0.8704571723937988,23,Dm Cek Izin,0.8462591171264648,36,Dm Admin Detailnya,0.8217945098876953
7554825577632219922,zatadinii,gada jurusan psikologi yah kak?,0,0,0,Jurusan Teknik Inggris,0.8751049041748047,84,Ngambil Ambil Apa,0.8109961748123169,104,Aman Unas Ciber,0.8074629902839661
7554294440186479367,cakill930,Pendaftaran sampi kapan min??,0,1,78,Kapan Min Gel,0.9105204939842224,31,Kapan Pendaftarannya Gelombang,0.8400205373764038,89,Tanggal Gelombang Bulan,0.815377950668335
7565801875267715848,univsiberasia,"Halo Kakak, untuk pendaftaran bisa melalui website UNSIA ya di pmb.unsia.ac.id, untuk penerimaan mahasiswa baru akan dibuka dibulan November ya😊",0,0,2,Website Id Ac,0.9366726279258728,101,Favorit Pilih Fleksibel,0.8520260453224182,54,Membuka Lho Mahasiswa,0.8397966027259827
7554217340943680264,rasta_affiliator09,cara daftar nya kak,0,0,41,Info Link Cara,0.8640225529670715,107,Daftarnya Cara Bagaimana,0.8528220653533936,17,Cara Daftarnya Bagaimana,0.8501216769218445
7551972086793831176,hilmiifth,😂,0,0,14,Fitriyani Andriani Udin69Can,0.9977331161499023,13,  ,1.0,61,  ,1.0
7551968066130215687,cxyzraa11,jurusan administrasi gada kh,0,2,0,Jurusan Teknik Inggris,0.8925864100456238,42,Jurusan Ekonomi Hukum,0.8603981137275696,132,Mending Ptnbh Alumni,0.8300086259841919
7558137233166287624,frzywlkrr,komunikasi akre apa?,0,0,134,Pjj Akre Industri,0.7621407508850098,11,Skripsi Sidang Tidak,0.6908870935440063,114,S2 Lita Anis,0.6811046004295349
7567066562981856007,dezhrostova,hukum ga ada ka?,0,0,45,Enggak Ribet Fh,0.764148473739624,11,Skripsi Sidang Tidak,0.6552591919898987,51,Open Otw Pkl,0.6215795278549194
7550698988485509895,g_melia_,Ka ada S2nya ga? Klo ada jurusan apa saja?,0,0,119,Teman Syarat Magang,0.9152594804763794,16,Apa Saja Jurusan,0.8795635104179382,37,S2 Ada Doktoral,0.8748638033866882
7549857325391135506,uselelew,Wisudah nya itu gmn kak?,0,2,33,Bagaimana Wisudanya Tes,0.9024057984352112,18,Berapa Biaya Bayar,0.8144255876541138,127,Caranya Kuliahnya Bagaimana,0.8129669427871704
7552772827503018760,einaafets,Onsite atau bisa online jg ka,1,0,108,Offline Onsite Onnline,0.8496774435043335,115,Full Fisik Diunsia,0.7516999244689941,116,Ig Akun Sering,0.7501343488693237
7548494068827194119,thukuooutfit,👍,0,0,13,  ,1.0,61,  ,1.0,20,Yes  ,0.999908447265625
7548446555809776402,shnmnmar,kak open pkl engga?,0,0,51,Open Otw Pkl,0.8374695181846619,135,Infoin Mau Lantang,0.795297384262085,43,Belum Huhu Nih,0.794456958770752
7528985453778666247,alya42896,Msh buka pendaftaran gk kk?,0,2,3,Buka Pendaftaran Masih,0.8778672814369202,47,Daftar Gelombang Januari,0.8151437044143677,31,Kapan Pendaftarannya Gelombang,0.7875203490257263
7532821316022600464,alya42896,Kini ny kk,0,0,26,Adek Duluan Nurul,0.8147921562194824,122,Kalbar Ia Kebingungan,0.745514988899231,90,Binus Adsfort Harga,0.7160060405731201
7532793737527165703,univsiberasia,"Halo Kak, UNSIA masih membuka pendaftaran mahasiswa baru lho, yuk dafar sekarang di pmb.unsia.ac.id",1,0,2,Website Id Ac,0.9073504209518433,54,Membuka Lho Mahasiswa,0.8823384642601013,101,Favorit Pilih Fleksibel,0.8507038354873657
7547952909020201735,cakeann__,"Halo kak, kalau mau daftar, di mana yaa? Ada yang bisa dihubungi?",0,1,52,Web Lewat Kemana,0.8670054078102112,60,Admin Dm Boleh,0.791176438331604,17,Cara Daftarnya Bagaimana,0.777552604675293
7550164374230024968,univsiberasia,"Halo Kakak, untuk pendaftaran bisa langsung ke website UNSIA lho di pmb.unsia.ac.id",0,0,2,Website Id Ac,0.9343687295913696,101,Favorit Pilih Fleksibel,0.8388445973396301,83,Pilih Favorit Mulai,0.8122085928916931
7547949045852193554,princessenergy8,Kapan pendaftaran darimams daftar,0,1,78,Kapan Min Gel,0.8199079632759094,31,Kapan Pendaftarannya Gelombang,0.7546311616897583,3,Buka Pendaftaran Masih,0.7338630557060242
7565801616428925704,univsiberasia,"Halo Kakak, untuk pendaftaran bisa melalui website UNSIA ya di pmb.unsia.ac.id, untuk penerimaan mahasiswa baru akan dibuka dibulan November ya😊",0,0,2,Website Id Ac,0.9366726279258728,101,Favorit Pilih Fleksibel,0.8520260453224182,54,Membuka Lho Mahasiswa,0.8397966027259827
7547935143245382421,cii_________,Ka minta web buat pendaftranya dimna?,0,1,52,Web Lewat Kemana,0.7930103540420532,120,Tanya Non S2Nya,0.7794314622879028,22,Pindahan Menerima Ut,0.7662066221237183
7549051917684343559,einaafets,Kesini ka pmb.unsia.ac.id,0,0,56,Universitas Siber Asia,0.850706934928894,2,Website Id Ac,0.841269850730896,9,Kip Unsia Diterima,0.7842919826507568
7546846571033527047,caffelotso__,buat tahap pendaftarannya dimana ya hubunginya,0,1,31,Kapan Pendaftarannya Gelombang,0.8447494506835938,52,Web Lewat Kemana,0.8588687181472778,78,Kapan Min Gel,0.8145576119422913
7547613937425744648,univsiberasia,"Halo Kakak, untuk pendaftarannya sangat mudah lho, cukup dari website saja yaitu pmb.unsia.ac.id",0,0,2,Website Id Ac,0.8908842206001282,101,Favorit Pilih Fleksibel,0.8352408409118652,83,Pilih Favorit Mulai,0.7893490791320801
7546109388055413525,ibura111,Tahun ini masih buka gak ya pendaftarannya,0,4,3,Buka Pendaftaran Masih,0.8901108503341675,31,Kapan Pendaftarannya Gelombang,0.8367749452590942,78,Kapan Min Gel,0.8147083520889282
7547623401063596807,univsiberasia,"Halo Kakak, UNSIA masih membuka pendaftaran mahasiswa baru lho😊",1,0,54,Membuka Lho Mahasiswa,0.9599010944366455,66,Dibuka Mahasiswa Baru,0.907914936542511,67,Program Belum Dibuka,0.8202446699142456
7550001665866662663,syiflann,boleh bagi link nya kak?,0,0,41,Info Link Cara,0.7517038583755493,8,Tanya Bertanya Chat,0.8014328479766846,117,Boleh Bolehhh Dong,0.7870423793792725
7547587077001478919,einaafets,"Msh buka kak, jalur reguler smpe 1 okt. Konversi smpe15 sept. Kuliah 13okt",1,0,12,Konversi Jalur Melalui,0.6313366889953613,89,Tanggal Gelombang Bulan,0.717545747756958,3,Buka Pendaftaran Masih,0.7142304182052612
7547598170264879892,ibura111,Web nya apa ya kak kalo mau daftar,0,0,52,Web Lewat Kemana,0.9127635955810547,17,Cara Daftarnya Bagaimana,0.8765449523925781,120,Tanya Non S2Nya,0.8399819135665894
7545042417533141780,uliya3141,😂,0,0,32,Merdeka Di ,0.99981689453125,13,  ,1.0,61,  ,1.0
7544595629789594376,keke_nknik,Kak aku tki di sgp bisa full online kah ?,0,2,7,Offline Ujiannya Online,0.8094594478607178,22,Pindahan Menerima Ut,0.8341359496116638,115,Full Fisik Diunsia,0.8292148113250732
7545797231795045140,mellstore_5,bisa kak,0,0,87,Hihi Jugakk Wakty,0.9871407151222229,53,Dong Kayaknya Banget,0.8916923999786377,135,Infoin Mau Lantang,0.8565638661384583
7545685053049848594,einaafets,Bisa kak..,0,0,87,Hihi Jugakk Wakty,0.9871407151222229,53,Dong Kayaknya Banget,0.8916923999786377,135,Infoin Mau Lantang,0.8565638661384583
7540193796626793234,salsabila_2013169,kaka saya kelas 12 SMA jurusan ips anggota osis saya lulus SMA 2026 apakah bisa kuliah sambil keria gak kaka,0,2,42,Jurusan Ekonomi Hukum,0.6550063490867615,49,Ijazahnya Lulus Kan,0.8012821674346924,119,Teman Syarat Magang,0.7927818298339844
7540560584170947346,univsiberasia,Kak? UNSIA cocok banget untuk Kakaknya🤩,0,0,86,Darimana 100 Jadi,0.695789098739624,9,Kip Unsia Diterima,0.7332759499549866,135,Infoin Mau Lantang,0.7149977684020996
7540242993325638408,einaafets,Bisa dong~,0,0,53,Dong Kayaknya Banget,0.9060344696044922,87,Hihi Jugakk Wakty,0.874318540096283,117,Boleh Bolehhh Dong,0.8273763656616211
7527665261898564359,fauzanhilmi155,akreditasi,0,1,105,Swasta Oktober Situ,0.9095852375030518,29,Menyimak Nyimakkk Ut,0.8798933029174805,14,Fitriyani Andriani Udin69Can,0.8795238137245178
7527870764268503826,univsiberasia,"Halo Kak, UNSIA sudah mendapatkan akreditasi nasional oleh BAN-PT dengan nilai Baik Sekali, dan akreditasi internasional oleh EAHEA ya Kak",1,0,130,Pt Terakreditasi Ban,0.9339888095855713,2,Website Id Ac,0.7160260081291199,86,Darimana 100 Jadi,0.7052258253097534
7528058197836464897,andirtup,@r @fitriyani,0,0,14,Fitriyani Andriani Udin69Can,0.7048201560974121,82,Nrrjml Hbd Nz,0.722042441368103,29,Menyimak Nyimakkk Ut,0.6694557070732117
7528035473858691847,falahazkyazahara,kak ada S2 gak,0,1,37,S2 Ada Doktoral,0.9676433801651001,114,S2 Lita Anis,0.8987360000610352,50,S2 Pendidikan Hukum,0.8962021470069885
7547623700867842823,univsiberasia,"Halo Kakak, saat ini untuk program S2 belum dibuka ya Kak😊",0,0,73,Program Dibuka Saat,0.9917389154434204,67,Program Belum Dibuka,0.9294924736022949,10,Maret April Bulan,0.8283814191818237
7528007570264277780,mayaalamri4,kak ada s1 gizi gak?,0,0,65,Angkatan Berapa Kira,0.7775990962982178,50,S2 Pendidikan Hukum,0.9021101593971252,37,S2 Ada Doktoral,0.8919215202331543
7528004955580760839,ogitureiz,umur 28 lulusan smk apa masih bs kuliah ya 🤔,0,2,100,Umur Usia Irt,0.8711615800857544,5,Kerja Negeri Kuliah,0.7692578434944153,119,Teman Syarat Magang,0.7610691785812378
7528321242774356754,univsiberasia,"Halo Kak, bisa banget dongg😊",0,0,15,Hi Halo Dong,0.937359094619751,53,Dong Kayaknya Banget,0.8190839886665344,35,Infonya Terima Kasih,0.7977511882781982
7528055171038954247,juneee001,kuliah tidak mandang umur kak,0,0,100,Umur Usia Irt,0.7113746404647827,104,Aman Unas Ciber,0.7538844347000122,45,Enggak Ribet Fh,0.74484783411026
7527925778031215367,syafiuddin8892,Ekonomi syari'ah ada kak,0,1,42,Jurusan Ekonomi Hukum,0.8000894784927368,0,Jurusan Teknik Inggris,0.7274906635284424,114,S2 Lita Anis,0.7185907959938049
7528737668278174480,xin16yi,syari'ah bukannya ribet yah?,0,0,45,Enggak Ribet Fh,0.7653588056564331,93,Jujur Review Kata,0.70140540599823,104,Aman Unas Ciber,0.69963538646698
7527917637151687440,zayna_rayhana,biayanya brpa?,0,1,99,Biayanya Biaya Berapa,0.9388627409934998,107,Daftarnya Cara Bagaimana,0.7792927026748657,18,Berapa Biaya Bayar,0.7668899893760681
7545798103086039828,mellstore_5,3 JT persemester kak bisa dicicil,0,0,1,Dicicil 3Jt Hanya,0.8299638628959656,124,Juta Serius 3Jt,0.6779223680496216,77,Per Berapa Semester,0.6614593267440796
7527707751897514760,mdjugs,ada jurusan teknik ngga kk??,0,1,0,Jurusan Teknik Inggris,0.8974171876907349,16,Apa Saja Jurusan,0.8442217707633972,42,Jurusan Ekonomi Hukum,0.8424170613288879
7527944716655592210,einaafets,"Teknik informatika, kak palingan",0,0,0,Jurusan Teknik Inggris,0.7406447529792786,63,Informasi Informatika Akuntansi,0.7526958584785461,42,Jurusan Ekonomi Hukum,0.7513444423675537
7527715255164093192,hiduphamp,ngj,0,0,82,Nrrjml Hbd Nz,0.9289776086807251,131,Next Up Gass,0.8294087648391724,14,Fitriyani Andriani Udin69Can,0.7944691181182861
7527677440190989063,amaze_dnd,adsfort aja 👍👍👍,0,0,90,Binus Adsfort Harga,0.8553436994552612,125,Gratis Tersedia Pesan,0.7971055507659912,105,Swasta Oktober Situ,0.7814453840255737
7527670486567027457,rofiquh,Mau daftar kak,0,1,27,Join Grup Yuk,0.8758879899978638,79,Daftar Sudah Kamu,0.8870296478271484,47,Daftar Gelombang Januari,0.8428776860237122
7527671279647589138,univsiberasia,Yuk Kak langsung daftar di website UNSIA ya di pmb.unsia.ac.id,0,0,2,Website Id Ac,0.9166975617408752,101,Favorit Pilih Fleksibel,0.8325570821762085,83,Pilih Favorit Mulai,0.8108859062194824
7528084626779243272,giman9601,ini serba online ka kak,0,4,64,Full Online Serba,0.8420945405960083,108,Offline Onsite Onnline,0.8215486407279968,81,Iya Oke Orang,0.7961116433143616
7559935504885711634,strawberycakee66,Ada jurusan apa aja ini?,0,0,16,Apa Saja Jurusan,0.8885695934295654,42,Jurusan Ekonomi Hukum,0.7993746399879456,84,Ngambil Ambil Apa,0.7940706014633179
7549038021145707272,mellstore_5,dm aja kak🤗,0,0,23,Dm Cek Izin,0.8671099543571472,60,Admin Dm Boleh,0.8051056861877441,36,Dm Admin Detailnya,0.7792683839797974
7549037874181800722,giman9601,link ya kak,0,0,41,Info Link Cara,0.8064156770706177,23,Dm Cek Izin,0.8250246047973633,135,Infoin Mau Lantang,0.7981950640678406
7545801249578664711,mellstore_5,100% online,0,0,90,Binus Adsfort Harga,0.8580688834190369,14,Fitriyani Andriani Udin69Can,0.8094005584716797,40,One Yaallahh Day,0.8080956935882568
7527665230806860551,fauzanhilmi155,ukt,0,0,82,Nrrjml Hbd Nz,0.8629417419433594,131,Next Up Gass,0.8124833106994629,14,Fitriyani Andriani Udin69Can,0.7858821749687195
7527631066661438225,_heeyouuu,daerah mna ni kak,0,2,6,Dimana Daerah Mana,0.9098228216171265,52,Web Lewat Kemana,0.7882552146911621,84,Ngambil Ambil Apa,0.7488236427307129
7527870877608149778,univsiberasia,"Halo Kak, Kampus UNSIA terletak di Jl. Harsono RM No.1, RT.5/RW.7, Ragunan, Kec. Ps. Minggu, Kota Jakarta Selatan.",3,0,110,Jakarta Selatan Ragunan,0.8816063404083252,2,Website Id Ac,0.5416545867919922,136,Yaitu Akuntansi Terdapat,0.5322885513305664
7527610870529131271,ngapain7788,Min email buat masuk grup pensamalu dapet biasanya kapan ya?,0,1,78,Kapan Min Gel,0.8314002156257629,52,Web Lewat Kemana,0.7984045743942261,31,Kapan Pendaftarannya Gelombang,0.7807072401046753
7527671422115906322,univsiberasia,"Halo Kak, ketika sudah mendekati PENSAMAKU ya🤗",0,0,15,Hi Halo Dong,0.730257511138916,34,Daftar Tinggal Baru,0.7011153697967529,79,Daftar Sudah Kamu,0.7002881169319153
7527579660609520402,resismarlita01,berapa biaya per semester kak?,0,2,77,Per Berapa Semester,0.9313699007034302,18,Berapa Biaya Bayar,0.87239670753479,99,Biayanya Biaya Berapa,0.8261750936508179
7527955435312513799,resismarlita01,udah ada berapa angkatan kak?,0,0,65,Angkatan Berapa Kira,0.8730190396308899,79,Daftar Sudah Kamu,0.7793868780136108,31,Kapan Pendaftarannya Gelombang,0.7487950325012207
7527871204432053000,univsiberasia,"Halo Kak, hanya 3jt lho Kak persemester",1,0,1,Dicicil 3Jt Hanya,0.8212975859642029,104,Aman Unas Ciber,0.7035831212997437,15,Hi Halo Dong,0.7027378678321838
7527579599536259848,maslanang60,ada program doktoral ga kak?,0,0,37,S2 Ada Doktoral,0.8875657320022583,39,Beasiswa Kkn Program,0.8821666836738586,0,Jurusan Teknik Inggris,0.8636095523834229
7527575416891654932,k.hofficiall,Nice,0,0,19,Com Nice Https,0.8425315022468567,131,Next Up Gass,0.8183618783950806,126,Keren Mukanya Asing,0.7958698272705078
7527573470545609490,sptro47,PJJ itu apa,0,1,134,Pjj Akre Industri,0.8746883869171143,6,Dimana Daerah Mana,0.7169734239578247,74,Akreditasinya Asia Siber,0.6914693117141724
7527574179934421767,univsiberasia,"Halo Kak, PJJ adalah Pendidikan Jarak Jauh ya😊",0,0,134,Pjj Akre Industri,0.807563304901123,96,Secara Dilaksanakan Hybrid,0.6981334090232849,58,Tugas Akhir Skripsi,0.6916070580482483
7527571364212998919,a1f1ian,Balang sendal rene,0,0,103,Ilkom Ieu Balang,0.8278395533561707,19,Com Nice Https,0.6563917398452759,26,Adek Duluan Nurul,0.6176141500473022
7577782454582215445,saycaaaa_,aku baru daftar prodi akuntansi ada yg sama gaaa😭,0,0,132,Mending Ptnbh Alumni,0.7929240465164185,84,Ngambil Ambil Apa,0.8136904239654541,30,Korea Degree Min,0.8062133193016052
7577707264066618132,aya.shining,ini ada s2 nya?,0,0,80,S2 S2Nya Nya,0.9265561103820801,114,S2 Lita Anis,0.8341284394264221,95,S2 Belum Insyallah,0.8177562952041626
7577611702901113608,gedanuw,Ibu full IRT anak 3 apakah bisa ya kuliah di sini?,0,0,100,Umur Usia Irt,0.8404523134231567,5,Kerja Negeri Kuliah,0.8214660882949829,30,Korea Degree Min,0.808051347732544
7577562754488550145,sxhearted,magister komunikasi udah ada gak ya kakk??,0,0,26,Adek Duluan Nurul,0.5421352386474609,39,Beasiswa Kkn Program,0.8605763912200928,120,Tanya Non S2Nya,0.8438504934310913
7577436365449855745,iyanganniiii_,S1 semua ya?,0,0,4,D3 S1 Lanjut,0.6716325283050537,80,S2 S2Nya Nya,0.8208109140396118,114,S2 Lita Anis,0.8056601285934448
7577065186877522689,jennyrrrrr_,Jurusan hukum ga ada ya kak ? 🥹,0,0,0,Jurusan Teknik Inggris,0.9138939380645752,37,S2 Ada Doktoral,0.8278792500495911,39,Beasiswa Kkn Program,0.8241482973098755
7576625585545167632,galangrambuanar820,ga ada jurusan teknik industri ya kak,0,0,0,Jurusan Teknik Inggris,0.9125680923461914,30,Korea Degree Min,0.8203514814376831,39,Beasiswa Kkn Program,0.8071951270103455
7576215639858643719,heheaja33,"Saya dijadwalkan tes tgl 22, tapi ga bisa mengikuti tes karena server unsia gangguan. Katanya mau dijadwalkan ulang hari ini, tapi pihak pihak yang menjanjikan penjadwalan ulang ga merespon. Padahal sudah dijanjikan hari ini tes ulang",0,0,91,Ulang Bayar Isi,0.719252347946167,106,Hasil Seleksi Pengumuman,0.6859184503555298,21,Malam Shift Begitu,0.6718846559524536
7574757284032824084,_sccbella,kalo pgsd ad ga ya,0,0,0,Jurusan Teknik Inggris,0.8206424713134766,120,Tanya Non S2Nya,0.8208847641944885,39,Beasiswa Kkn Program,0.8161817789077759
7574245624367842055,mommynasya1,dibandung ada ga ka kampusnya?,0,0,128,Main Kampusnya Kekampus,0.8033320307731628,39,Beasiswa Kkn Program,0.8363380432128906,30,Korea Degree Min,0.8026094436645508
7573952863987647239,reemifasolasido,Kenapa blm ada s1 hukum kak,0,0,50,S2 Pendidikan Hukum,0.8520011901855469,0,Jurusan Teknik Inggris,0.8356281518936157,37,S2 Ada Doktoral,0.8082423210144043
7571270256812507912,jean_jj96,baru regist UT jadi nyesel gak regist sini sja🤣,0,0,86,Darimana 100 Jadi,0.5358662605285645,93,Jujur Review Kata,0.6742293834686279,104,Aman Unas Ciber,0.6454373002052307
7570705477607047944,sugarrboo7,Ada magister gak ka?,0,0,11,Skripsi Sidang Tidak,0.8887679576873779,51,Open Otw Pkl,0.8887991905212402,135,Infoin Mau Lantang,0.8662546873092651
7570582370571977473,moon.julyaa,ini cara daftarnya gmna,0,0,107,Daftarnya Cara Bagaimana,0.9157657623291016,17,Cara Daftarnya Bagaimana,0.8433945178985596,127,Caranya Kuliahnya Bagaimana,0.7694007158279419
7570529571851059985,ndptr8,ada jurusan pendidikan ga ka?,0,0,0,Jurusan Teknik Inggris,0.9218802452087402,37,S2 Ada Doktoral,0.8839333057403564,16,Apa Saja Jurusan,0.8753814697265625
7569832439075603221,_xyzzzxxx,info pendaftaran ka,0,0,41,Info Link Cara,0.891631007194519,31,Kapan Pendaftarannya Gelombang,0.764854371547699,3,Buka Pendaftaran Masih,0.7536165118217468
7569161336095425301,azlennnnnnnnnnn,ga ada prodi teknik ya?,0,0,0,Jurusan Teknik Inggris,0.8536500930786133,42,Jurusan Ekonomi Hukum,0.8464799523353577,132,Mending Ptnbh Alumni,0.7939742207527161
7569091247555314439,nanarisa93,Untuk S2 nya ada ka ?,0,0,37,S2 Ada Doktoral,0.9191933274269104,95,S2 Belum Insyallah,0.8854048252105713,50,S2 Pendidikan Hukum,0.8821686506271362
7568505154748957461,roncea.atelier,yah gaada desain ya,0,0,45,Enggak Ribet Fh,0.7917733192443848,93,Jujur Review Kata,0.7252693772315979,81,Iya Oke Orang,0.6725351810455322
7567137165303382791,lestarindah_,wisudanya nanti online apa offline?,0,0,7,Offline Ujiannya Online,0.8624266982078552,71,Wisuda Uts Uas,0.8091869354248047,33,Bagaimana Wisudanya Tes,0.785749614238739
7566672079714616082,dewip232,Syarat pendaftaran gimana ya kk,0,0,17,Cara Daftarnya Bagaimana,0.8843055963516235,31,Kapan Pendaftarannya Gelombang,0.8332438468933105,33,Bagaimana Wisudanya Tes,0.8234251737594604
7564764248753210128,kamuu0__0,ada yang lanjut udah s1 tapi alih ke pgsd ga yaa,0,0,4,D3 S1 Lanjut,0.8888435363769531,30,Korea Degree Min,0.7966115474700928,50,S2 Pendidikan Hukum,0.7927330732345581
7564466711728161543,blublublubb3,Ada jurusan psikologi?,0,0,42,Jurusan Ekonomi Hukum,0.913787841796875,0,Jurusan Teknik Inggris,0.8114362955093384,114,S2 Lita Anis,0.787629246711731
7563980138259448584,starsssscreaaamm,Ketentuan untuk RPL bagaimana ?,0,0,68,Rpl Pengalaman Jalur,0.6660470366477966,69,Apakah S1Hukum Perdagangan,0.6406774520874023,99,Biayanya Biaya Berapa,0.629491925239563
7562190100483392264,egil.varela,"Kak, saya dari Timor Leste? Gimana saya mau daftarnya?gimana caranya",0,0,107,Daftarnya Cara Bagaimana,0.7758007645606995,17,Cara Daftarnya Bagaimana,0.8503724932670593,49,Ijazahnya Lulus Kan,0.7947254180908203
7554825577632219922,zatadinii,gada jurusan psikologi yah kak?,0,0,0,Jurusan Teknik Inggris,0.8751049041748047,84,Ngambil Ambil Apa,0.8109961748123169,104,Aman Unas Ciber,0.8074629902839661
7550698988485509895,g_melia_,Ka ada S2nya ga? Klo ada jurusan apa saja?,0,0,119,Teman Syarat Magang,0.9152594804763794,16,Apa Saja Jurusan,0.8795635104179382,37,S2 Ada Doktoral,0.8748638033866882
7548446555809776402,shnmnmar,kak open pkl engga?,0,0,51,Open Otw Pkl,0.8374695181846619,135,Infoin Mau Lantang,0.795297384262085,43,Belum Huhu Nih,0.794456958770752
7527575416891654932,k.hofficiall,Nice,0,0,19,Com Nice Https,0.8425315022468567,131,Next Up Gass,0.8183618783950806,126,Keren Mukanya Asing,0.7958698272705078
7528368154264732424,dri.yns,kiw kiw mba adfort,0,0,35,Infonya Terima Kasih,0.7235158681869507,97,Salam Mantap Kenal,0.69707190990448,98,Terima Kasih Murid,0.6384679675102234
7564451995718271752,palingrandom5,ka pngn daftar gimana caranya ya,0,1,17,Cara Daftarnya Bagaimana,0.9332646131515503,127,Caranya Kuliahnya Bagaimana,0.873323917388916,52,Web Lewat Kemana,0.8517696857452393
7566588814195966727,einaafets,Di sini pmb.unsia.ac.id tp blm dibuka lg,0,0,56,Universitas Siber Asia,0.7381130456924438,2,Website Id Ac,0.7536801099777222,3,Buka Pendaftaran Masih,0.743195652961731
7575753949480878856,pdpdque,beri aku alumni unsia agar dpt diskon,0,0,132,Mending Ptnbh Alumni,0.6326624155044556,9,Kip Unsia Diterima,0.6654008626937866,111,Alhamdulillah Keluarga Bagian,0.6566404104232788
7593021858870919956,4caacu,info pendaftaran ka,0,5,41,Info Link Cara,0.891631007194519,31,Kapan Pendaftarannya Gelombang,0.764854371547699,3,Buka Pendaftaran Masih,0.7536165118217468
7593162382492205832,univsiberasia,"Hi Kakak, saat ini UNSIA masih membuka pendaftaran mahasiswa baru lho🤗",5,0,54,Membuka Lho Mahasiswa,0.9755319356918335,66,Dibuka Mahasiswa Baru,0.923987627029419,67,Program Belum Dibuka,0.8524272441864014
7593405272010474248,alethaverona,"yang lulus tahun ini gimana ka?, boleh langsung daftar?",0,0,101,Favorit Pilih Fleksibel,0.6927973628044128,47,Daftar Gelombang Januari,0.8393512964248657,17,Cara Daftarnya Bagaimana,0.8358362913131714
7593812902340657928,ikutikutan,Kalo kaka lulus bulan apa? Klo diatas april ikut semester ganjil ya kak. Dibuka dibulan agustus sepertinya pendaftarannya hehe,0,0,10,Maret April Bulan,0.8528038859367371,49,Ijazahnya Lulus Kan,0.8342920541763306,21,Malam Shift Begitu,0.8090713620185852
7593813758822318856,ikutikutan,*eh sorry mksdnya buka juni 😂,0,0,109,Ditutup Khawatir Kembali,0.5606759786605835,118,Desember Baca Depan,0.6942943930625916,93,Jujur Review Kata,0.681635856628418
7594050670362952456,alethaverona,kyknya bulan april udh lulus ka,0,0,10,Maret April Bulan,0.8285616636276245,34,Daftar Tinggal Baru,0.8427806496620178,118,Desember Baca Depan,0.8329941630363464
7644096695630971669,onlyriiinnn,@恩达. Yang aku bilang semalem,0,1,21,Malam Shift Begitu,0.4368188977241516,93,Jujur Review Kata,0.6564192771911621,38,Ih Maba Grupnya,0.6433045864105225
7644468781816824584,idkmyvibee,baguss tuuu,0,0,126,Keren Mukanya Asing,0.8516273498535156,75,Iya Iyapp Introvert,0.8088581562042236,125,Gratis Tersedia Pesan,0.7867286801338196
7618206320001188628,aaulialea,Kaa ada grup gak si untuk maba,2,2,39,Beasiswa Kkn Program,0.8744798302650452,120,Tanya Non S2Nya,0.8409795165061951,22,Pindahan Menerima Ut,0.821479856967926
7651261684367983361,nianitisa,yehhh pindah anjg😭😭😭,0,0,38,Ih Maba Grupnya,0.7995361685752869,19,Com Nice Https,0.7621347308158875,92,Samaaa Sama Konveksi,0.7078680396080017
7618894651218887442,ppmbunsia,Ada Kak,0,0,51,Open Otw Pkl,0.9537371397018433,43,Belum Huhu Nih,0.8670649528503418,135,Infoin Mau Lantang,0.8658812046051025
7603429397916812050,akasdhgft,ada skripsi ga min,0,0,11,Skripsi Sidang Tidak,0.9202315807342529,39,Beasiswa Kkn Program,0.833926796913147,37,S2 Ada Doktoral,0.8172696828842163
7600041237814870804,dwiapriliiani,@Luxc❤️jare timbg ut mending iki🤣,0,2,103,Ilkom Ieu Balang,0.7407047748565674,93,Jujur Review Kata,0.5680168867111206,104,Aman Unas Ciber,0.552021861076355
7600044660339229447,produkjateng14,opo luweh larang tak scrol mau wes😭😂,0,0,103,Ilkom Ieu Balang,0.657181978225708,93,Jujur Review Kata,0.49557700753211975,38,Ih Maba Grupnya,0.4575735330581665
7600045912543380245,dwiapriliiani,iya🤣y ws positf UT ae ya,0,0,34,Daftar Tinggal Baru,0.6703005433082581,81,Iya Oke Orang,0.7160243988037109,104,Aman Unas Ciber,0.7133470773696899
7598160526523548424,anisa_samha,@𐙚˙✧˖Nipon림🩰💗° ༘ ⋆｡ ˚ sis menurutmu worth it kd aku mun meambil ini?,0,1,19,Com Nice Https,0.5067894458770752,93,Jujur Review Kata,0.6947659850120544,103,Ilkom Ieu Balang,0.6384077072143555
7598219495199114005,maliaaa28_,"kalo km sanggup serba online worth it ay klo aku si ttep offline kadang offline aja aku kd paham, tapi klo km niat oke ay keknya kurleb ut",0,0,64,Full Online Serba,0.6432992815971375,59,Tugas Numpuk Tugasnya,0.7107077240943909,93,Jujur Review Kata,0.6516374349594116
7587251667687752456,miawhug,@viennnmo wdyt double degree di Jaksel,0,1,30,Korea Degree Min,0.5193981528282166,111,Alhamdulillah Keluarga Bagian,0.5936517119407654,102,100 Fully Bk,0.5906338691711426
7587271804944958216,viennnmo,tergantung univ,0,0,56,Universitas Siber Asia,0.7002174258232117,105,Swasta Oktober Situ,0.8065989017486572,125,Gratis Tersedia Pesan,0.7738338708877563
7569611767543694087,xrssi,@ull,0,1,82,Nrrjml Hbd Nz,0.8652999401092529,14,Fitriyani Andriani Udin69Can,0.8084324598312378,40,One Yaallahh Day,0.8037282228469849
7569628589663322901,mlfyy23,😻😻,0,0,32,Merdeka Di ,0.99981689453125,13,  ,1.0,61,  ,1.0
7657193632138773255,hahihuhahahu,😌,0,0,28,Asa Hum ,0.9997044801712036,13,  ,1.0,61,  ,1.0
7597249355036918544,ramadhani_568,@Auliส❥,1,0,90,Binus Adsfort Harga,0.8892278671264648,29,Menyimak Nyimakkk Ut,0.8840031027793884,14,Fitriyani Andriani Udin69Can,0.8763570785522461
7559812627414467336,lulii5687,@ismaaay,1,0,19,Com Nice Https,0.8299745917320251,26,Adek Duluan Nurul,0.7405096888542175,131,Next Up Gass,0.7363952994346619
7601696712101004053,rani.salfitri5,😳😳😳,0,0,20,Yes  ,0.999908447265625,13,  ,1.0,61,  ,1.0
7599666815270437653,userr300806,😀😀😀,0,0,40,One Yaallahh Day,0.9992661476135254,13,  ,1.0,61,  ,1.0
7598545309777937160,zahara.resti.gise,😊😊😊,0,0,13,  ,1.0,61,  ,1.0,20,Yes  ,0.999908447265625
7595178688162824976,kristinnn_11,😭,0,0,29,Menyimak Nyimakkk Ut,0.9959732294082642,13,  ,1.0,61,  ,1.0
7593052619452711688,duzshop,😭,0,0,14,Fitriyani Andriani Udin69Can,0.9977331161499023,13,  ,1.0,61,  ,1.0
7592260027890467604,hasanahmaul,🥺,0,0,61,  ,1.0,13,  ,1.0,20,Yes  ,0.999908447265625
7592055838219600658,whqnaulfaa,🥰,0,0,61,  ,1.0,13,  ,1.0,20,Yes  ,0.999908447265625
7591047473776870152,mayluuppp,@Anisa,0,0,14,Fitriyani Andriani Udin69Can,0.8929133415222168,29,Menyimak Nyimakkk Ut,0.8814204931259155,28,Asa Hum ,0.8805907964706421
7591027893271593749,abilataubila,😭,0,0,14,Fitriyani Andriani Udin69Can,0.9977331161499023,13,  ,1.0,61,  ,1.0
7588768362865001234,kunzawahitomi,😁,0,0,13,  ,1.0,61,  ,1.0,20,Yes  ,0.999908447265625
7585626657202045714,_chococherries,🤣,0,0,20,Yes  ,0.999908447265625,13,  ,1.0,61,  ,1.0
7584353339249476360,linadaniati44,🥰,0,0,14,Fitriyani Andriani Udin69Can,0.9977331161499023,13,  ,1.0,61,  ,1.0
7583907803784430354,imdeargirl,🥰,0,0,40,One Yaallahh Day,0.9992661476135254,13,  ,1.0,61,  ,1.0
7580352190527783700,lulmouya,😁,0,0,28,Asa Hum ,0.9997044801712036,13,  ,1.0,61,  ,1.0
7579699847247528725,naddin_s.putri,😁,0,0,40,One Yaallahh Day,0.9992661476135254,13,  ,1.0,61,  ,1.0
7579624189418898194,kinaaans_,🙈🙈🙈,0,0,40,One Yaallahh Day,0.9992661476135254,13,  ,1.0,61,  ,1.0
7578889925723620104,abxjdun,🥰🥰🥰,0,0,13,  ,1.0,61,  ,1.0,20,Yes  ,0.999908447265625
7577147543734878997,rheynaldrp,☺,0,0,32,Merdeka Di ,0.99981689453125,13,  ,1.0,61,  ,1.0
7577002435492365073,hawa_channel0,😂,0,0,14,Fitriyani Andriani Udin69Can,0.9977331161499023,13,  ,1.0,61,  ,1.0
7577002470002656016,hawa_channel0,😁,0,0,29,Menyimak Nyimakkk Ut,0.9959731698036194,13,  ,1.0,61,  ,1.0
7576935102875681556,sebelas017,🙃,0,0,14,Fitriyani Andriani Udin69Can,0.9977331161499023,13,  ,1.0,61,  ,1.0
7576282459113898770,widyakwan,😁,0,0,40,One Yaallahh Day,0.9992661476135254,13,  ,1.0,61,  ,1.0
7575877710263010066,hikma912_,😁,0,0,20,Yes  ,0.999908447265625,13,  ,1.0,61,  ,1.0
7575751811865838337,coffemacha45,😂,0,0,28,Asa Hum ,0.9997044801712036,13,  ,1.0,61,  ,1.0
7571380845232079632,nura_khaya,🥰🥰🥰,0,0,13,  ,1.0,61,  ,1.0,20,Yes  ,0.999908447265625
7569186856375370503,aphdites,🥺,0,0,28,Asa Hum ,0.9997044801712036,13,  ,1.0,61,  ,1.0
7569043655224394513,vequellezy,@moyawror @kinaraaaa,0,0,103,Ilkom Ieu Balang,0.814468502998352,19,Com Nice Https,0.6505105495452881,38,Ih Maba Grupnya,0.5900368690490723
7568520185511674632,not.a.nana,😭,0,0,28,Asa Hum ,0.9997044801712036,13,  ,1.0,61,  ,1.0
7568511970971058952,laurahs06,😂,0,0,20,Yes  ,0.999908447265625,13,  ,1.0,61,  ,1.0
7568459161526616850,whoo.cii,😂,0,0,29,Menyimak Nyimakkk Ut,0.9959732294082642,13,  ,1.0,61,  ,1.0
7567010798506263304,sssnrvhhh,😂,0,0,40,One Yaallahh Day,0.9992661476135254,13,  ,1.0,61,  ,1.0
7564392616771830549,girlscryy_,☺,0,0,13,  ,1.0,61,  ,1.0,20,Yes  ,0.999908447265625
7559091332354949906,iin.awaly,😁,0,0,61,  ,1.0,13,  ,1.0,20,Yes  ,0.999908447265625
7551972086793831176,hilmiifth,😂,0,0,32,Merdeka Di ,0.99981689453125,13,  ,1.0,61,  ,1.0
7548494068827194119,thukuooutfit,👍,0,0,32,Merdeka Di ,0.99981689453125,13,  ,1.0,61,  ,1.0
7545042417533141780,uliya3141,😂,0,0,20,Yes  ,0.999908447265625,13,  ,1.0,61,  ,1.0
7533073761786315528,alexgultom.01,😏,0,0,14,Fitriyani Andriani Udin69Can,0.9977331161499023,13,  ,1.0,61,  ,1.0
7529858053992743700,aniqhninaaa10,@nz,0,0,82,Nrrjml Hbd Nz,0.9118185043334961,131,Next Up Gass,0.8337950706481934,14,Fitriyani Andriani Udin69Can,0.8207916021347046
7528639454551769863,random_ygy14,@cifahiraaa✨🧚🌷 @iyaahhhhh GALAU HABIS @haiiiii🐧 apa pindah aja?,0,0,38,Ih Maba Grupnya,0.7369275093078613,92,Samaaa Sama Konveksi,0.6645252704620361,81,Iya Oke Orang,0.6469264030456543
7528058197836464897,andirtup,@r @fitriyani,0,0,14,Fitriyani Andriani Udin69Can,0.7048201560974121,82,Nrrjml Hbd Nz,0.722042441368103,29,Menyimak Nyimakkk Ut,0.6694557070732117
7531790975599166215,kaum_nuh,"di mana kuliah nya, yah kuliah onlen, yah gak seru dong",1,3,59,Tugas Numpuk Tugasnya,0.814633846282959,57,Nilai Sesi Sabar,0.7599190473556519,46,Ut Pengin Bidang,0.7511810064315796
7551167182479278855,kaum_nuh,"jurusan nya apa saja kak , apakah ada jurusan pisikolog. terus kalo mau wisuda gi mana . kak",1,0,16,Apa Saja Jurusan,0.8694608211517334,49,Ijazahnya Lulus Kan,0.8729425072669983,119,Teman Syarat Magang,0.8579542636871338
7549968278934225671,kaum_nuh,"kenal orang orang berbagai tempat ya iya ,tapi gak bisa tatap muka. humm, oh iya kak bagai mana cara daftar nya kak",1,0,81,Iya Oke Orang,0.7074152827262878,49,Ijazahnya Lulus Kan,0.7901806235313416,21,Malam Shift Begitu,0.748522162437439
7545801405240492807,mellstore_5,seru,1,0,126,Keren Mukanya Asing,0.8616772294044495,131,Next Up Gass,0.8316850662231445,29,Menyimak Nyimakkk Ut,0.8180699348449707
7581055059515245332,bontot7_7,Hai min kalo mau tanya tanya seputar unsia ada kontaknya kah?,0,1,8,Tanya Bertanya Chat,0.8461729884147644,120,Tanya Non S2Nya,0.8092539310455322,52,Web Lewat Kemana,0.7631243467330933
7581379642393805576,univsiberasia,"Hi Kak, boleh DM Mimin ya Kak, kalau masih ada yang bingung🤩",0,0,60,Admin Dm Boleh,0.9228118658065796,36,Dm Admin Detailnya,0.8747315406799316,23,Dm Cek Izin,0.8178006410598755
7529859809597358865,alyshaa.p,Kak info akun ig resmi nya dong,0,1,116,Ig Akun Sering,0.8836861252784729,60,Admin Dm Boleh,0.8250194787979126,23,Dm Cek Izin,0.802666425704956
7532794101407105800,univsiberasia,"Halo Kak, akun instagram resmi UNSIA ada 2 yaitu univsiberasia dan ppmbunsia_official 😊",0,0,2,Website Id Ac,0.7850124835968018,54,Membuka Lho Mahasiswa,0.7280765771865845,130,Pt Terakreditasi Ban,0.7105671167373657
7593567723460936464,blurbieses,bisa kipk ga kak,0,0,104,Aman Unas Ciber,0.7900831699371338,87,Hihi Jugakk Wakty,0.846997857093811,135,Infoin Mau Lantang,0.8400385975837708
7571812682160997121,miumiulusyu,"ini beneran 100% online semua kan ya? soalnya aku dari semarang, dan gabakal bisa kalau hrs ke jkt 😭",0,0,90,Binus Adsfort Harga,0.40082159638404846,128,Main Kampusnya Kekampus,0.7332144379615784,71,Wisuda Uts Uas,0.7213246822357178
7569440986439811856,odeeunoia,cara nha,0,0,107,Daftarnya Cara Bagaimana,0.7199953198432922,125,Gratis Tersedia Pesan,0.7204450368881226,90,Binus Adsfort Harga,0.6817425489425659
7528977881365218056,cin5yi,mirip ut,0,0,75,Iya Iyapp Introvert,0.840888500213623,26,Adek Duluan Nurul,0.7963429093360901,126,Keren Mukanya Asing,0.7832362651824951
7527665230806860551,fauzanhilmi155,ukt,0,0,82,Nrrjml Hbd Nz,0.8629417419433594,131,Next Up Gass,0.8124833106994629,14,Fitriyani Andriani Udin69Can,0.7858821749687195
7587218881431241490,miicinss,Yahhhh gd hukum😭,0,0,75,Iya Iyapp Introvert,0.8109259605407715,26,Adek Duluan Nurul,0.7608997821807861,19,Com Nice Https,0.7472147941589355
7587089179768324884,teee.ennn,kak bisa RPL ga?,0,0,68,Rpl Pengalaman Jalur,0.8694896101951599,11,Skripsi Sidang Tidak,0.8073750734329224,39,Beasiswa Kkn Program,0.8025879859924316
7529146846956520199,vallstrongg05,nyocot,0,0,19,Com Nice Https,0.8349227905273438,75,Iya Iyapp Introvert,0.75597083568573,131,Next Up Gass,0.7490737438201904
7527677440190989063,amaze_dnd,adsfort aja 👍👍👍,0,0,90,Binus Adsfort Harga,0.8553436994552612,125,Gratis Tersedia Pesan,0.7971055507659912,105,Swasta Oktober Situ,0.7814453840255737
7527571364212998919,a1f1ian,Balang sendal rene,0,0,103,Ilkom Ieu Balang,0.8278394937515259,19,Com Nice Https,0.6563917994499207,26,Adek Duluan Nurul,0.6176141500473022
