comment_id,username,comment_text,like_count,reply_count,topic_id,topic_name,main_topic_prob,alt_topic_1,alt_topic_1_name,alt_topic_1_prob,alt_topic_2,alt_topic_2_name,alt_topic_2_prob
7656819234199585554,gntl_12,saya berada di sumut apakah bisa daftar kuliah disini juga,1,1,0,Tidak Ada Jurusan,0.7480921149253845,1,Berapa Buka Kapan,0.701836109161377,5,Ada S2 Rpl,0.6673064231872559
7657028412909912852,univsiberasia,UNSIA menerapkan sistem perkuliahan secara online maka kakak bisa berkuliah dimana saja dan kapan saja. Nah UNSIA bisa menjadi tujuan kakak yg ingin kuliah sambil bekerja kak karena memang waktunya fleksibel dan bisa dilaksanakan kapanpun dan dimanapun🤩,0,0,9,Id Ac Pmb,0.8030000925064087,27,Pt Terakreditasi Ban,0.6489601135253906,16,100 Tugas Skripsi,0.6480634212493896
7656745347297035026,luigi.powder,biaya brapa prof,1,0,22,Biayanya Berapa Biaya,0.9014774560928345,15,Dimana Daerah Pjj,0.6907243728637695,13,Info Bagaimana Cara,0.6818726062774658
7656665895242842901,muhammadhannafis.kom,menyala 🔥,1,0,3,Menyimak Nrrjml Binus,0.9410434365272522,21,Nitip Nitipp Kabarin,0.6802600622177124,2,Iya Kak Dong,0.6793730854988098
7657152480103744274,smokinaftersad_,"hai kak, mau tanya untuk pengumuman hasil seleksi jalur pendaftaran beasiswa diumumkan kapan kak? soalnya saya cek selalu ""masih salam proses seleksi"" mohon pencerahannya 🙏🏻",0,0,1,Berapa Buka Kapan,0.771117091178894,6,Dibuka Saat Mahasiswa,0.7499824166297913,19,Jalur Konversi Melalui,0.7429587841033936
7655578819294282516,rumiiiiiiiiii20_,"Haii kak, apakah ada program studi pgsd kak?",0,1,0,Tidak Ada Jurusan,0.7942279577255249,1,Berapa Buka Kapan,0.7471495866775513,6,Dibuka Saat Mahasiswa,0.7339566349983215
7655625945747260167,univsiberasia,"Hai Kakak, UNSIA memiliki 6 prodi yaitu akuntansi, komunikasi, manajemen, sistem informasi, informatika, dan teknologi informasi🤗",0,0,17,Informasi Informatika Akuntansi,0.932427167892456,27,Pt Terakreditasi Ban,0.6764167547225952,9,Id Ac Pmb,0.6626029014587402
7655302739774309140,jochi.solution,"lihat pak Joko sehat senang sekali, dosen penguji saya pas sidang. sehat2 terus pak..",0,1,10,Selalu Amin Semoga,0.6676605939865112,11,Terima Kasih Salam,0.5734535455703735,12,Umur Yang Semangat,0.5683571100234985
7655626143144313618,univsiberasia,"Wah, ada alumni UNSIA nih. Sukses selalu untuk Kakak yaa🤩",1,0,10,Selalu Amin Semoga,0.8697308897972107,11,Terima Kasih Salam,0.7756714224815369,6,Dibuka Saat Mahasiswa,0.7408776879310608
7655313616019063560,hrlnyti,sehat sehat sll pak dosen😘,0,1,10,Selalu Amin Semoga,0.7785783410072327,25,Semangat Wah Tetap,0.7039597630500793,11,Terima Kasih Salam,0.6900646090507507
7655626057009349383,univsiberasia,"Wah, ada mahasiswanya Pak Joko nih. Semangat selalu untuk Kakak yaa😊",0,0,10,Selalu Amin Semoga,0.8132123947143555,11,Terima Kasih Salam,0.7731512188911438,25,Semangat Wah Tetap,0.771072506904602
7657152591726232338,smokinaftersad_,"hai kak, mau tanya untuk pengumuman hasil seleksi jalur pendaftaran beasiswa diumumkan kapan kak? soalnya saya cek selalu ""masih salam proses seleksi"" mohon pencerahannya 🙏🏻",0,0,1,Berapa Buka Kapan,0.771117091178894,6,Dibuka Saat Mahasiswa,0.7499824166297913,19,Jalur Konversi Melalui,0.7429587841033936
7655578756916151060,rumiiiiiiiiii20_,"Haii kak, apakah ada program studi pgsd kak?",1,1,0,Tidak Ada Jurusan,0.7942280769348145,1,Berapa Buka Kapan,0.7471497058868408,6,Dibuka Saat Mahasiswa,0.7339568138122559
7656410701746160405,einaafets,"Hi kak, belum ada",0,0,8,Dm Admin Halo,0.8267547488212585,7,Daftar Aku Sudah,0.779747724533081,11,Terima Kasih Salam,0.7336419820785522
7654929379759391495,dheaa_107,semoga aku yg semester bisa selesai sampai wisuda 🥰🙏,0,1,10,Selalu Amin Semoga,0.7940528392791748,12,Umur Yang Semangat,0.7284980416297913,26,Bismillah Depan Bismillahirrahmanirrahim,0.6792113780975342
7655597644568396564,univsiberasia,"Wah , aamiin Kak. Semangat selalu untuk kuliahnya yaa🤗",1,0,10,Selalu Amin Semoga,0.8885650634765625,25,Semangat Wah Tetap,0.8130084276199341,11,Terima Kasih Salam,0.8005855083465576
7652962772066796309,riko.noviantoro,Gagah liat Abang Dafi,3,0,2,Iya Kak Dong,0.6613175868988037,20,Betul Keren Banget,0.6579424738883972,26,Bismillah Depan Bismillahirrahmanirrahim,0.6201326251029968
7652963474851414802,mahatir0809,min taun depan buka prodi pertanian donh,0,0,1,Berapa Buka Kapan,0.7358538508415222,0,Tidak Ada Jurusan,0.7925223112106323,5,Ada S2 Rpl,0.7589119076728821
7657152713642394386,smokinaftersad_,"hai kak, mau tanya untuk pengumuman hasil seleksi jalur pendaftaran beasiswa diumumkan kapan kak? soalnya saya cek selalu ""masih salam proses seleksi"" mohon pencerahannya 🙏🏻",0,0,1,Berapa Buka Kapan,0.771117091178894,6,Dibuka Saat Mahasiswa,0.7499824166297913,19,Jalur Konversi Melalui,0.7429587841033936
7654923550213653255,dheaa_107,saya juga di dukung 100%oleh boss saya🥲,1,1,18,100 Universitas Siber,0.5650209188461304,10,Selalu Amin Semoga,0.6082413196563721,11,Terima Kasih Salam,0.5962175130844116
7654956671412814612,dewi.absur,Kerenn kak,0,0,20,Betul Keren Banget,0.908494770526886,2,Iya Kak Dong,0.8215314149856567,11,Terima Kasih Salam,0.7772889137268066
7652265970035966740,dewi.absur,Bos sayaa😭😭😭 bos saya yg sangat mendukung penuh dari banyak hall,1,2,0,Tidak Ada Jurusan,0.4256412982940674,12,Umur Yang Semangat,0.49956804513931274,20,Betul Keren Banget,0.49937283992767334
7652337096116192018,univsiberasia,"Hi Kak Dewi, wahh boleh nih Kak ajak bosnya nanti pas wisuda🤩",0,0,8,Dm Admin Halo,0.7545093297958374,7,Daftar Aku Sudah,0.753441333770752,11,Terima Kasih Salam,0.7120039463043213
7652341898615358229,dewi.absur,"Pastiii , tapi nanti masih lamaaa baru juga maba😂😂",0,0,2,Iya Kak Dong,0.6460608243942261,7,Daftar Aku Sudah,0.7254811525344849,12,Umur Yang Semangat,0.7241966724395752
7653817470851859221,arisianaon__,"kaa, mau tanya2 biaya per smt nya kemana ya?",1,3,1,Berapa Buka Kapan,0.806165874004364,14,Dicicil 3Jt Biaya,0.7356575727462769,0,Tidak Ada Jurusan,0.7273204326629639
7654411010324824850,univsiberasia,"Hi Kak, untuk UKT di UNSIA hanya 3jt lho persemester🤗",0,0,14,Dicicil 3Jt Biaya,0.8667872548103333,6,Dibuka Saat Mahasiswa,0.7655134201049805,16,100 Tugas Skripsi,0.7584855556488037
7654551536341975816,mii92830,Persemester brp bulan ka?,0,0,1,Berapa Buka Kapan,0.8077389001846313,15,Dimana Daerah Pjj,0.7721130847930908,22,Biayanya Berapa Biaya,0.7488806247711182
7656410974685266709,einaafets,16 minggu kak,0,0,23,Jakarta Selatan Kota,0.5586248636245728,28,Juta 3Jt Serius,0.7415370941162109,2,Iya Kak Dong,0.7204342484474182
7654629648786244360,irabbyy,"lulusan paket C , IRT umur 30 tahun, bisa daftar kuliah di sini ga ya? 😁",0,3,0,Tidak Ada Jurusan,0.8306304216384888,1,Berapa Buka Kapan,0.7558834552764893,5,Ada S2 Rpl,0.7322423458099365
7655311678331110151,univsiberasia,"Hi Kak, Nggak ada batasan umur kok Kakak
Di UNSIA, yang penting semangat belajarnya, bukan usianya 🙌
Karena belajar itu nggak kenal umur, yang muda semangat, yang udah berpengalaman juga makin keren",1,0,12,Umur Yang Semangat,0.763958752155304,9,Id Ac Pmb,0.6845086216926575,27,Pt Terakreditasi Ban,0.6617687344551086
7655309581862437640,r.post1,"bisa kayaknya, daftar aja yuk. aku jg baru daftar nih",0,0,7,Daftar Aku Sudah,0.8314483165740967,12,Umur Yang Semangat,0.7161786556243896,1,Berapa Buka Kapan,0.7036209106445312
7655344388307157778,irabbyy,"aku masih kepoin info tentang unsia ini kak, InsyaAllah nanti kalo udah mantep hati nya mau daftar juga 🤭",1,0,7,Daftar Aku Sudah,0.8369644284248352,12,Umur Yang Semangat,0.7772775888442993,9,Id Ac Pmb,0.7695982456207275
7655578486644654868,rumiiiiiiiiii20_,"Haii kak, apakah ada program studi pgsd?",2,0,0,Tidak Ada Jurusan,0.777302622795105,1,Berapa Buka Kapan,0.7244334816932678,6,Dibuka Saat Mahasiswa,0.7204914093017578
7654508374486450962,achaleyy23,masih bisa daftar ga kak?,0,1,1,Berapa Buka Kapan,0.8533669710159302,13,Info Bagaimana Cara,0.7989820241928101,7,Daftar Aku Sudah,0.7975155711174011
7654518915834086151,univsiberasia,"Hai Kak, Sudah dibuka nih Kakak pendaftaran mahasiswa baru
Hari ini resmi pendaftaran Mahasiswa Baru UNSIA dimulai. Jadi Kakak bisa langsung daftar sekarang di pmb.unsia.ac.id, pilih jurusan favorit, dan mulai kuliah online fleksibel dari mana aja🤩",0,0,9,Id Ac Pmb,0.9239011406898499,6,Dibuka Saat Mahasiswa,0.8208643198013306,27,Pt Terakreditasi Ban,0.7470648288726807
7654969783415456513,jean_jj96,ka unsia bisa doble degree gak,0,1,0,Tidak Ada Jurusan,0.813339114189148,5,Ada S2 Rpl,0.7799612879753113,1,Berapa Buka Kapan,0.7739428281784058
7655597151955895061,univsiberasia,"Hi Kakak, bisa yaa",0,0,8,Dm Admin Halo,0.8467125296592712,11,Terima Kasih Salam,0.7818533182144165,2,Iya Kak Dong,0.7714887857437134
7655470363153777415,secondchoiceeeeeeee44,"kakk, kpan pembukaan gelombang ke 5 nya?",1,1,1,Berapa Buka Kapan,0.8171613216400146,13,Info Bagaimana Cara,0.7439255714416504,6,Dibuka Saat Mahasiswa,0.7438659071922302
7655584531843597074,univsiberasia,"Hi Kak, saat ini sudah dibuka ya pendaftaran mahasiswa baru gelombang 5",1,0,6,Dibuka Saat Mahasiswa,0.8987377882003784,9,Id Ac Pmb,0.7571673393249512,27,Pt Terakreditasi Ban,0.7254021167755127
7653358482506433287,urfav.g1rl7,Ka ig nya apa,0,1,7,Daftar Aku Sudah,0.7322237491607666,15,Dimana Daerah Pjj,0.8304460048675537,1,Berapa Buka Kapan,0.7508279085159302
7655597410743993108,univsiberasia,UNSIA memiliki 2 akun instagram yaitu @univsiberasia dan @ppmbunsia_offical,0,0,9,Id Ac Pmb,0.6036486029624939,18,100 Universitas Siber,0.6167866587638855,27,Pt Terakreditasi Ban,0.5911611318588257
7655008088894997268,nszfd,"halo min mau tanya, setelah gelombang 4 apakah ada pendaftaran gelombang 5?",0,1,1,Berapa Buka Kapan,0.7679736018180847,6,Dibuka Saat Mahasiswa,0.7277721762657166,0,Tidak Ada Jurusan,0.7250545620918274
7655175774807687954,univsiberasia,"Hi Kak, pastinya ada dong Kak🤗",0,0,8,Dm Admin Halo,0.8395928144454956,7,Daftar Aku Sudah,0.7813165187835693,11,Terima Kasih Salam,0.760582685470581
7654283319035413256,yunixz,ada kelas karyawan ka?,0,1,2,Iya Kak Dong,0.7716591358184814,5,Ada S2 Rpl,0.8035132884979248,15,Dimana Daerah Pjj,0.7669297456741333
7654410848518161160,univsiberasia,"Hai Kakak Yun, UNSIA menerapkan sistem perkuliahan secara online maka kakak bisa berkuliah dimana saja dan kapan saja. Nah UNSIA bisa menjadi tujuan kakak yg ingin kuliah sambil bekerja kak karena memang waktunya fleksibel dan bisa dilaksanakan kapanpun dan dimanapun🤩",0,0,9,Id Ac Pmb,0.8234682679176331,27,Pt Terakreditasi Ban,0.6931313276290894,16,100 Tugas Skripsi,0.6849983930587769
7653152199933707015,thisisrandompeople_,buka pendaftaran kapan lagi min ?,1,1,1,Berapa Buka Kapan,0.7632296085357666,13,Info Bagaimana Cara,0.7371591329574585,4,Online Offline Full,0.7218899726867676
7653302903763075848,univsiberasia,"Hi Kakak, saat ini UNSIA masih membuka pendaftaran lhoo🤩🤩",0,0,6,Dibuka Saat Mahasiswa,0.9030153751373291,9,Id Ac Pmb,0.8049006462097168,16,100 Tugas Skripsi,0.7596522569656372
7656393790466310919,chikaa_nff,🥰🥰🥰,0,0,3,Menyimak Nrrjml Binus,0.995229959487915,21,Nitip Nitipp Kabarin,0.6757673621177673,2,Iya Kak Dong,0.6486166715621948
7652316174584431368,panggilajamantanku_,min mulai kuliah nya di bulan brp?,1,1,0,Tidak Ada Jurusan,0.7720376253128052,1,Berapa Buka Kapan,0.7958889007568359,15,Dimana Daerah Pjj,0.714556872844696
7652337177868124936,univsiberasia,Untuk perkuliahan akan dimulai di bulan Oktober ya Kakak🤩,0,0,6,Dibuka Saat Mahasiswa,0.8281853199005127,9,Id Ac Pmb,0.7331541776657104,1,Berapa Buka Kapan,0.7117259502410889
7652200138919871250,viwwtiara_,min aku maba gel 2 blm di masukin grup² kenapa ya? nim jga blm di bagiin,2,1,1,Berapa Buka Kapan,0.7407714128494263,0,Tidak Ada Jurusan,0.753383994102478,4,Online Offline Full,0.7014102935791016
7652200856108139271,univsiberasia,"Halo Kak Ara, untuk link grup whatsapp akan dikirimkan ketika mendekati perkuliahan ya Kak dan NIM akan terbit sebelum perkuliahan dimulai😊",5,0,9,Id Ac Pmb,0.7586915493011475,6,Dibuka Saat Mahasiswa,0.7885586023330688,16,100 Tugas Skripsi,0.7015403509140015
7652412013872956180,satu_toko0,kok gk d Unas lagi min wisudaanya,0,0,5,Ada S2 Rpl,0.6866642236709595,0,Tidak Ada Jurusan,0.7480842471122742,1,Berapa Buka Kapan,0.7470493316650391
7654085968132424466,kimmyjennaira_,kak masih buka gelombang gak sih? ketinggalan nih😭,0,3,1,Berapa Buka Kapan,0.7984378337860107,7,Daftar Aku Sudah,0.8173721432685852,4,Online Offline Full,0.7864999175071716
7654411675086619399,univsiberasia,"Hi Kakak, UNSIA masih membuka pendaftaran mahasiswa baru lhoo, yuk daftar langsung ke website resmi UNSIA di pmb.unsia.ac.id🤗",0,0,9,Id Ac Pmb,0.8746277093887329,6,Dibuka Saat Mahasiswa,0.8016830682754517,27,Pt Terakreditasi Ban,0.7241878509521484
7654423407207219976,kimmyjennaira_,sampe bulan apa kak?,0,0,2,Iya Kak Dong,0.6761214137077332,15,Dimana Daerah Pjj,0.7100668549537659,7,Daftar Aku Sudah,0.6574254035949707
7654424322649719560,univsiberasia,Pendaftaran dibuka sampai bulan Agustus ya Kak,0,0,6,Dibuka Saat Mahasiswa,0.832819938659668,1,Berapa Buka Kapan,0.7382417917251587,7,Daftar Aku Sudah,0.7157848477363586
7650786910147789575,eayaa30,daftarnya harus pake KTP kah? blm punya ktp,0,1,1,Berapa Buka Kapan,0.6820652484893799,4,Online Offline Full,0.6673202514648438,5,Ada S2 Rpl,0.6497780680656433
7653033370599211784,univsiberasia,"Hi Kakak, betul banget. Salah satu persyaratan wajibnya harus menyertakan KTP😊",0,0,2,Iya Kak Dong,0.5322736501693726,16,100 Tugas Skripsi,0.6511451005935669,1,Berapa Buka Kapan,0.6322705745697021
7652327181205668628,onlylhere,"halo kak mau bertanya, untuk biaya s1 pjj komunikasi berapa persemester?? apakah flat sampe lulus?? atau ga?? tolong di jawab yaaa",3,1,15,Dimana Daerah Pjj,0.6388372182846069,1,Berapa Buka Kapan,0.7667558193206787,0,Tidak Ada Jurusan,0.765258252620697
7652340833848443666,univsiberasia,"Hi Kak, UKT di UNSIA hanya 3juta lho persemesternyaa, dan benar banget Kak itu flat sampai akhir🤗",2,0,14,Dicicil 3Jt Biaya,0.8489409685134888,16,100 Tugas Skripsi,0.8041290044784546,6,Dibuka Saat Mahasiswa,0.7794036865234375
7651275654612517640,hamballahyangbaik,min bakal ada gelombang 4 gak ya?,0,0,1,Berapa Buka Kapan,0.8251211643218994,0,Tidak Ada Jurusan,0.7783932089805603,5,Ada S2 Rpl,0.7674990892410278
7652736107487249173,buttercuppiey,kalo mau nanya nanya bisa ke wa ga ya? atau ada kontak yang bisa dihubungi?,0,0,1,Berapa Buka Kapan,0.6558363437652588,8,Dm Admin Halo,0.6828010678291321,13,Info Bagaimana Cara,0.614844799041748
7650489467044332309,salsapt_3,tes seleksi di lakuin online juga kah?,3,1,4,Online Offline Full,0.7860007286071777,1,Berapa Buka Kapan,0.7038252353668213,5,Ada S2 Rpl,0.6893843412399292
7650544277579825927,univsiberasia,"Halo Kak, betul ya, dari awal pendaftaran sampai sidang skripsi UNSIA online yahh🤗",0,0,16,100 Tugas Skripsi,0.8530443906784058,6,Dibuka Saat Mahasiswa,0.8249817490577698,9,Id Ac Pmb,0.7729898691177368
7652389462669165332,ruzal754,kak masih bisa daftar ga yaa,1,1,1,Berapa Buka Kapan,0.8736280202865601,8,Dm Admin Halo,0.8005118370056152,13,Info Bagaimana Cara,0.7957202196121216
7652419572410974984,univsiberasia,"Hi Kakak, UNSIA masih membuka pendaftaran mahasiswa baru lho😊",0,0,6,Dibuka Saat Mahasiswa,0.8805640935897827,9,Id Ac Pmb,0.7832876443862915,16,100 Tugas Skripsi,0.7507028579711914
7651392751880340242,111aul_,"Halo kak, untuk pengumuman hasil seleksi jalur konversi kapan ya?",1,1,1,Berapa Buka Kapan,0.7737038731575012,6,Dibuka Saat Mahasiswa,0.7923235893249512,19,Jalur Konversi Melalui,0.7800710201263428
7651465137110516487,univsiberasia,"Hi Kakak, untuk hasil konversi akan keluar 7-14 hari yahh🤗",0,0,1,Berapa Buka Kapan,0.6693978309631348,14,Dicicil 3Jt Biaya,0.6784923672676086,4,Online Offline Full,0.6475390195846558
7651496909340934919,oloolo19,Kak pendaftaran masih buka kah ya?,1,1,1,Berapa Buka Kapan,0.8705413937568665,6,Dibuka Saat Mahasiswa,0.7998442649841309,4,Online Offline Full,0.77336585521698
7651651637999764231,univsiberasia,"Hi Kakak, masih dibuka yah pendaftaran mahasiswa baru🤗",0,0,6,Dibuka Saat Mahasiswa,0.8897966742515564,16,100 Tugas Skripsi,0.7428321838378906,9,Id Ac Pmb,0.7405372262001038
7650500775404045072,rry.putri,yayy aku manajemennn nihhh,1,0,2,Iya Kak Dong,0.7370463013648987,7,Daftar Aku Sudah,0.7350378036499023,11,Terima Kasih Salam,0.6888004541397095
7650526521572344596,nay.properti,kakkk ini lokasinya dimanaa yaa,1,1,15,Dimana Daerah Pjj,0.8650639057159424,1,Berapa Buka Kapan,0.8047822117805481,8,Dm Admin Halo,0.7652130126953125
7650544082398479112,univsiberasia,"Halo Kakak, Kampus UNSIA terletak di Jl. Harsono RM No.1, RT.5/RW.7, Ragunan, Kec. Ps. Minggu, Kota Jakarta Selatan, Daerah Khusus Ibukota Jakarta",0,0,23,Jakarta Selatan Kota,0.8870041370391846,17,Informasi Informatika Akuntansi,0.5017263889312744,9,Id Ac Pmb,0.4913414716720581
7650532054995714824,viwwtiara_,ada baju masing² prodi ga ya min?,0,0,5,Ada S2 Rpl,0.7501254677772522,1,Berapa Buka Kapan,0.7542608976364136,15,Dimana Daerah Pjj,0.7352213859558105
7650502984661549845,yulianieka123,Salam sehat dari Mahasiswa Manajemen 😊,0,0,10,Selalu Amin Semoga,0.6800158619880676,11,Terima Kasih Salam,0.608305811882019,26,Bismillah Depan Bismillahirrahmanirrahim,0.6002094745635986
7650595134698914568,blueeins,ka gelombang terakhir buka sampai kapan ya,0,0,1,Berapa Buka Kapan,0.8470218777656555,15,Dimana Daerah Pjj,0.7706398963928223,4,Online Offline Full,0.7488244771957397
7650509448914879252,de.y___,Eyyowww maba ilkom 🥰,1,0,24,Ilkom Ieu Balang,0.8569775819778442,2,Iya Kak Dong,0.5884690880775452,18,100 Universitas Siber,0.5825011134147644
7650532493150438151,annearrr,Aku banget,0,0,2,Iya Kak Dong,0.7934085130691528,20,Betul Keren Banget,0.7790899276733398,3,Menyimak Nrrjml Binus,0.6677772402763367
7650488852775486228,riko.noviantoro,Mantaaap,0,0,11,Terima Kasih Salam,0.6669318675994873,20,Betul Keren Banget,0.8242471218109131,2,Iya Kak Dong,0.752457857131958
7652945181868049159,acah1149,anak saya baru daftar diunsia,0,2,0,Tidak Ada Jurusan,0.6324771642684937,18,100 Universitas Siber,0.6514632701873779,7,Daftar Aku Sudah,0.6329641342163086
7653033223912620808,univsiberasia,"Halo Ibu Aisyah, wah keren banget.. semoga kuliahnya selalu dilancarkan ya nanti Bu, dan Ibu sehat selalu supaya bisa menyaksikan anak Ibu wisuda dan sukses🤗",1,0,10,Selalu Amin Semoga,0.8295242786407471,11,Terima Kasih Salam,0.6502906680107117,25,Semangat Wah Tetap,0.6386890411376953
7653034594148762376,acah1149,aamiin,0,0,10,Selalu Amin Semoga,0.6313438415527344,25,Semangat Wah Tetap,0.6589148044586182,26,Bismillah Depan Bismillahirrahmanirrahim,0.656618058681488
7652185130995663634,cheeseanuts,"maaf min, mau tanya lebih lanjut untuk info beasiswa nya bisa diakses dimana ya?",0,1,13,Info Bagaimana Cara,0.7464203238487244,1,Berapa Buka Kapan,0.7992917895317078,0,Tidak Ada Jurusan,0.7389759421348572
7652185635755361042,univsiberasia,Hi Kak untuk informasi lebih lengkapnya bisa melalui akun instagram @ppmbunsia_official dan website resmi UNSIA di pmb.unsia.ac.id,1,0,9,Id Ac Pmb,0.8139069080352783,6,Dibuka Saat Mahasiswa,0.7117176055908203,27,Pt Terakreditasi Ban,0.6971911191940308
7646363747960095506,pratama6792,"Wah bersyukur banget bisa keterima di UNSIA, 🥰🥰🥰",0,0,0,Tidak Ada Jurusan,0.6968005895614624,10,Selalu Amin Semoga,0.7276400923728943,16,100 Tugas Skripsi,0.7005650997161865
7631893100264162049,rayfero0,guys Ayuk buat group kita,1,0,7,Daftar Aku Sudah,0.6788269281387329,2,Iya Kak Dong,0.6271193027496338,18,100 Universitas Siber,0.6017752885818481
7634763094427173648,_abcdef1999,halo kak. saya pengen daftar. bisa info pendaftaran nya kak 🙏,0,1,1,Berapa Buka Kapan,0.8036017417907715,13,Info Bagaimana Cara,0.8097476363182068,8,Dm Admin Halo,0.7973874807357788
7634765924642603794,univsiberasia,"Hi Kakak, untuk informasi lebih lanjut bisa melalui DM yaa😊",1,0,8,Dm Admin Halo,0.8366416692733765,19,Jalur Konversi Melalui,0.6618112325668335,6,Dibuka Saat Mahasiswa,0.6578526496887207
7634009400743314177,matchaduls,mau tanya tentang pendaftaran buka kapan ya? wa nya ada info di banned ya?,0,1,1,Berapa Buka Kapan,0.8173937201499939,13,Info Bagaimana Cara,0.7370406985282898,0,Tidak Ada Jurusan,0.7247524261474609
7634045208283792146,univsiberasia,"Hi Kakak, info lebih lanjut bisa melalui DM ya Kakak",0,0,8,Dm Admin Halo,0.8459951281547546,13,Info Bagaimana Cara,0.6678287386894226,11,Terima Kasih Salam,0.6617844104766846
7631986624918717202,akunku_q,kak uang kuliah nya ada beasiswa gak?,1,0,1,Berapa Buka Kapan,0.8576093912124634,0,Tidak Ada Jurusan,0.8468557596206665,5,Ada S2 Rpl,0.8108804821968079
7630402253702972178,arazeehbluu,kpan buka pendaftaran lgi k,0,1,1,Berapa Buka Kapan,0.7853293418884277,13,Info Bagaimana Cara,0.7242524027824402,4,Online Offline Full,0.7216023206710815
7630731052940854023,univsiberasia,"Hi Kakak, Saat ini untuk pendaftaran mahasiswa baru sudah ditutup nih Kakak. Namun, jangan khawatir dibuka kembali di semester ganjil yaa yaitu di bulan Juni🤗",0,0,6,Dibuka Saat Mahasiswa,0.8526808023452759,9,Id Ac Pmb,0.7576816082000732,27,Pt Terakreditasi Ban,0.685261607170105
7630767655666696978,kakacan86,Untuk s2 hukum kk,0,0,0,Tidak Ada Jurusan,0.6918652653694153,5,Ada S2 Rpl,0.7189584970474243,17,Informasi Informatika Akuntansi,0.6758652925491333
7630119482337428244,yoursweetpineapples,ada skripsi ga min?,0,1,5,Ada S2 Rpl,0.8499246835708618,0,Tidak Ada Jurusan,0.7834623456001282,1,Berapa Buka Kapan,0.7786809206008911
7630731182015316743,univsiberasia,"Hi Kak, untuk tugas akhir menggunakan skripsi ya di UNSIA😊",0,0,16,100 Tugas Skripsi,0.8860199451446533,6,Dibuka Saat Mahasiswa,0.796234667301178,9,Id Ac Pmb,0.786002516746521
7634067262446224148,_mrvhalefi,pendaftaran mulai kapan kak,0,2,1,Berapa Buka Kapan,0.8495678901672363,13,Info Bagaimana Cara,0.808279812335968,15,Dimana Daerah Pjj,0.776222288608551
7634406424319755028,univsiberasia,"Hi Kakak, Saat ini untuk pendaftaran mahasiswa baru sudah ditutup nih Kakak. Tapiii, jangan khawatir Kak, aku kasih bocoran nihh, dibuka kembali pendaftarannya di tanggal 1 Mei 2026 lhoo🤫",0,0,6,Dibuka Saat Mahasiswa,0.849502682685852,9,Id Ac Pmb,0.7785799503326416,27,Pt Terakreditasi Ban,0.7341057062149048
7634560528657302273,memskuy21,maaf min untuk akhir tahun nanti masih ada kesempatan apa tidak ya buat pendaftaran,0,0,1,Berapa Buka Kapan,0.7861435413360596,6,Dibuka Saat Mahasiswa,0.7809445261955261,0,Tidak Ada Jurusan,0.7359497547149658
7638155073994883858,exchorinawitha,"prodi hukum ada nggk kak?, dan saya bisa lanjut rpl kah? dl S1 Komunikasi UPN Surabaya, mau ambil hukum bisa?
dan Akreditasi nya apa ya?",0,0,5,Ada S2 Rpl,0.7287771701812744,0,Tidak Ada Jurusan,0.8367331027984619,1,Berapa Buka Kapan,0.7444248199462891
7647842648754209556,bbeninggg0,ada skripsi ngga?,0,0,5,Ada S2 Rpl,0.8233250379562378,2,Iya Kak Dong,0.7601653337478638,15,Dimana Daerah Pjj,0.7042344808578491
7635981062736528136,fzyyy._,"ada prodi ilmu hukum ngga ya, aku pengin pindah",0,0,0,Tidak Ada Jurusan,0.8743150234222412,5,Ada S2 Rpl,0.8210504651069641,1,Berapa Buka Kapan,0.7758784294128418
7635131182514668309,piaaacinnamon,"kak,kalo uda sem 4 dari univ lain pindah ke sini bisa ga langsung nerusin",0,1,0,Tidak Ada Jurusan,0.818522036075592,1,Berapa Buka Kapan,0.7592912912368774,19,Jalur Konversi Melalui,0.7496960163116455
7635131542851535624,univsiberasia,"Hi Kak, bisa melalui jalur alih jenjang atau konversi yahhh😊",0,0,19,Jalur Konversi Melalui,0.9338376522064209,1,Berapa Buka Kapan,0.7503102421760559,6,Dibuka Saat Mahasiswa,0.7482976317405701
7633822381862388501,_putrimayang,Pengen bgt kuliah online,0,0,0,Tidak Ada Jurusan,0.7111418843269348,12,Umur Yang Semangat,0.7148407101631165,5,Ada S2 Rpl,0.7127465009689331
7631201309093937938,manubias1asa,"halo kak,ada jurusan ekonomi gak",0,2,0,Tidak Ada Jurusan,0.8506202697753906,5,Ada S2 Rpl,0.8001009225845337,1,Berapa Buka Kapan,0.796911358833313
7631425077032747784,univsiberasia,"Hi Kakak, di UNSIA memiliki 6 prodi yaitu akuntansi, komunikasi, manajemen, sistem informasi, informatika, dan teknologi informasi😊",0,0,17,Informasi Informatika Akuntansi,0.939801812171936,27,Pt Terakreditasi Ban,0.6762279272079468,9,Id Ac Pmb,0.6680010557174683
7632575159471899410,ja.11m81_,"halo kak, jurusan teknologi informasi udah ada ya kak",0,0,17,Informasi Informatika Akuntansi,0.7452399134635925,6,Dibuka Saat Mahasiswa,0.8393046855926514,16,100 Tugas Skripsi,0.781631350517273
7646964741193843477,kir4n4_28,😁,0,0,3,Menyimak Nrrjml Binus,0.995229959487915,21,Nitip Nitipp Kabarin,0.6757673621177673,2,Iya Kak Dong,0.6486166715621948
7639041893061673735,riyanhalawa_,"min ada jurusan ilkom ngak ya, aku mau pindah kira""bisa ngak ya soalnya aku dah semester 6",1,3,0,Tidak Ada Jurusan,0.8318608999252319,1,Berapa Buka Kapan,0.7853745222091675,12,Umur Yang Semangat,0.7446714639663696
7639236999966196488,univsiberasia,"Hi Kakak, bisa banget melalui jalur alih jenjang ya Kakak",0,0,19,Jalur Konversi Melalui,0.9092262387275696,6,Dibuka Saat Mahasiswa,0.7700268626213074,0,Tidak Ada Jurusan,0.7518078088760376
7641146405554569991,twyah_,"Ada ilkom kak, aku alumni ilkom",0,0,24,Ilkom Ieu Balang,0.6066328883171082,0,Tidak Ada Jurusan,0.7105547785758972,7,Daftar Aku Sudah,0.6957741379737854
7639390516580320008,riyanhalawa_,"kira""ngak ngulang kak???",0,0,0,Tidak Ada Jurusan,0.6380232572555542,2,Iya Kak Dong,0.7717982530593872,7,Daftar Aku Sudah,0.7367221117019653
7631533490992284423,srvnaandinn,Lovvvv unsiaaaa🫶🏻,1,0,2,Iya Kak Dong,0.5963993072509766,24,Ilkom Ieu Balang,0.6645152568817139,18,100 Universitas Siber,0.5887033939361572
7637166690279752469,costa.mariano.hen,jadi Mahasiswa di UNSIA senan bgt aku,0,0,0,Tidak Ada Jurusan,0.7121579051017761,12,Umur Yang Semangat,0.7640771865844727,16,100 Tugas Skripsi,0.6972306966781616
7640595797905802005,yizhanyizhan123,Aku pgn pindah ke UNSIA,0,0,0,Tidak Ada Jurusan,0.7401225566864014,18,100 Universitas Siber,0.7286409139633179,7,Daftar Aku Sudah,0.7169084548950195
7640123722162488081,dorasquarepants22,bisa jalur rpl ga?,0,0,5,Ada S2 Rpl,0.8155782222747803,4,Online Offline Full,0.7324217557907104,19,Jalur Konversi Melalui,0.7303969860076904
7631500033137836820,jochi.solution,jaya selalu kampusku UNSIA,1,0,10,Selalu Amin Semoga,0.7764295935630798,18,100 Universitas Siber,0.652432918548584,26,Bismillah Depan Bismillahirrahmanirrahim,0.6503735184669495
7634244290302296852,user289020523,s2 pendidikan ada kah?,0,0,0,Tidak Ada Jurusan,0.7929498553276062,5,Ada S2 Rpl,0.8295700550079346,17,Informasi Informatika Akuntansi,0.6848632097244263
7628608898790048519,bye_bye138,😁😁😁,0,0,3,Menyimak Nrrjml Binus,0.995229959487915,21,Nitip Nitipp Kabarin,0.6757673621177673,2,Iya Kak Dong,0.6486166715621948
7626550748558131986,gomugura,hadiiiir dari informatika🙌🏻🙌🏻,1,0,17,Informasi Informatika Akuntansi,0.5001369714736938,24,Ilkom Ieu Balang,0.7004131078720093,18,100 Universitas Siber,0.6776487231254578
7626408468799341320,erlin.335,😭hooh iii bsk tanggal 11,1,0,1,Berapa Buka Kapan,0.5620385408401489,26,Bismillah Depan Bismillahirrahmanirrahim,0.6523521542549133,7,Daftar Aku Sudah,0.6313701868057251
7626567144961196807,nonariani11,hadir ka,1,0,1,Berapa Buka Kapan,0.5522660613059998,2,Iya Kak Dong,0.7800695896148682,25,Semangat Wah Tetap,0.7421544194221497
7626128645258150664,zizelllllll,"kak aku lulus april ini, kalo mau daftar gimana ya?",0,1,6,Dibuka Saat Mahasiswa,0.7628974318504333,1,Berapa Buka Kapan,0.8444132804870605,0,Tidak Ada Jurusan,0.8175585269927979
7626292092680192775,univsiberasia,"Hi Kakak, Saat ini untuk pendaftaran mahasiswa baru sudah ditutup nih Kakak. Namun, jangan khawatir dibuka kembali di semester ganjil yaa yaitu di bulan Juni🤗",1,0,6,Dibuka Saat Mahasiswa,0.8526808023452759,9,Id Ac Pmb,0.7576816082000732,27,Pt Terakreditasi Ban,0.685261607170105
7620089140696941333,wahyu_delima5,nice,0,0,2,Iya Kak Dong,0.7058237791061401,3,Menyimak Nrrjml Binus,0.7779495120048523,20,Betul Keren Banget,0.7419809699058533
7622640957465477904,siti.amanah71,slmualaikum p dusen,0,0,11,Terima Kasih Salam,0.6540423631668091,24,Ilkom Ieu Balang,0.6421397924423218,26,Bismillah Depan Bismillahirrahmanirrahim,0.6182963848114014
7622640654930199313,siti.amanah71,mohon maaf lahir baten,0,0,11,Terima Kasih Salam,0.6548289656639099,18,100 Universitas Siber,0.5920222401618958,10,Selalu Amin Semoga,0.586206316947937
7619992556323996437,originalleee,selamat hari rayaa 🙏🌙,0,0,10,Selalu Amin Semoga,0.6752122640609741,26,Bismillah Depan Bismillahirrahmanirrahim,0.6894766092300415,25,Semangat Wah Tetap,0.6434217691421509
7622642547979469585,siti.amanah71,tanggal berapa,0,0,1,Berapa Buka Kapan,0.5906697511672974,22,Biayanya Berapa Biaya,0.7245000600814819,2,Iya Kak Dong,0.6844139099121094
7612625259805016839,rustorusto277,Sukse selalu untuk UNSIA❤️,0,1,10,Selalu Amin Semoga,0.8282277584075928,25,Semangat Wah Tetap,0.7013572454452515,11,Terima Kasih Salam,0.6862152814865112
7612667645083779858,univsiberasia,"Amin, terima kasih Kak. Semangat selalu untuk Kakak🤗",0,0,10,Selalu Amin Semoga,0.8363324403762817,25,Semangat Wah Tetap,0.7832738161087036,11,Terima Kasih Salam,0.7825541496276855
7613302998295397141,najef.rahid,SEMOGA UNSIA BISA TERAKREDITASI A. Amiinnn,1,0,10,Selalu Amin Semoga,0.8053337335586548,27,Pt Terakreditasi Ban,0.6785555481910706,18,100 Universitas Siber,0.6565866470336914
7619387359842697992,bot.hunting,"jayalah kampus ku!! terimakasih atas ilmu yg diberikan, sangat membantu pekerjaan saya saat ini. 🔥
Ijiiiin... ☺️🫷🏻",2,1,10,Selalu Amin Semoga,0.7733145356178284,11,Terima Kasih Salam,0.689706027507782,12,Umur Yang Semangat,0.6162269115447998
7619488854190031634,univsiberasia,"Wah, terimakasih Kakak, sukses selalu untuk Kakak ya🤩",1,0,10,Selalu Amin Semoga,0.8462331295013428,11,Terima Kasih Salam,0.8439184427261353,25,Semangat Wah Tetap,0.7455899715423584
7613211369865741077,danisphase,mau tnya deh utk daftar ulang dan pembayaran UKT utk gelombang 7 terakhir kapan huhu plss,0,1,1,Berapa Buka Kapan,0.8015081286430359,14,Dicicil 3Jt Biaya,0.7659403085708618,0,Tidak Ada Jurusan,0.7434598207473755
7613230214248694536,univsiberasia,"Hi Kak, maksimal di pertengahan Maret ya Kakak😊",0,0,6,Dibuka Saat Mahasiswa,0.8066747784614563,8,Dm Admin Halo,0.7629703879356384,7,Daftar Aku Sudah,0.7360405921936035
7622642284244894465,siti.amanah71,saya orang ga puny pak,0,0,0,Tidak Ada Jurusan,0.5391542315483093,2,Iya Kak Dong,0.6490975618362427,5,Ada S2 Rpl,0.6245940923690796
7622641693897278209,siti.amanah71,thn89 lahir ny,0,0,11,Terima Kasih Salam,0.6123749017715454,26,Bismillah Depan Bismillahirrahmanirrahim,0.6532893180847168,2,Iya Kak Dong,0.6499255895614624
7622642492194194193,siti.amanah71,ingin anak saya biar bisah krja yang lebi baik sekolah lagi,0,0,10,Selalu Amin Semoga,0.6251793503761292,12,Umur Yang Semangat,0.6338555216789246,0,Tidak Ada Jurusan,0.6192759275436401
7622641362017878785,siti.amanah71,anak saya inginsaya sekolahan kapan bisah datar,0,0,0,Tidak Ada Jurusan,0.6436244249343872,12,Umur Yang Semangat,0.6398937702178955,4,Online Offline Full,0.6216710209846497
7612614285840188167,angelina.angel345,🥰🥰🥰,1,0,3,Menyimak Nrrjml Binus,0.995229959487915,21,Nitip Nitipp Kabarin,0.6757673621177673,2,Iya Kak Dong,0.6486166715621948
7613807851768972052,puspita.janwalia,ka unsia kapan buka pendaftaran lagi ya?,1,3,1,Berapa Buka Kapan,0.8284187316894531,6,Dibuka Saat Mahasiswa,0.8682563304901123,7,Daftar Aku Sudah,0.7896430492401123
7613960195551658770,univsiberasia,"Hi Kak, UNSIA saat ini masih dibuka lho pendaftaraan mahasiswa baru 🤩",0,0,6,Dibuka Saat Mahasiswa,0.8840837478637695,9,Id Ac Pmb,0.7621840238571167,16,100 Tugas Skripsi,0.7321949005126953
7615850714506052372,elee8__,pendaftaran dibuka sampai kpn ka?,0,0,1,Berapa Buka Kapan,0.8350045680999756,13,Info Bagaimana Cara,0.7743737697601318,6,Dibuka Saat Mahasiswa,0.7635248899459839
7616624305573626645,einaafets,Kemungkinan smpe awal april masih.. Krn mulai kuliah 13 april,0,0,6,Dibuka Saat Mahasiswa,0.6436370611190796,12,Umur Yang Semangat,0.6644754409790039,4,Online Offline Full,0.6514978408813477
7612891047623148309,riko.noviantoro,sukses selalu,1,0,10,Selalu Amin Semoga,0.764032244682312,25,Semangat Wah Tetap,0.7696904540061951,11,Terima Kasih Salam,0.6997884511947632
7613963870126965512,rehanramm,Aku bisa konsul ke siapa ya?,0,1,1,Berapa Buka Kapan,0.7344708442687988,15,Dimana Daerah Pjj,0.7530237436294556,0,Tidak Ada Jurusan,0.6871030330657959
7613964466039849735,univsiberasia,"Hi Kakak, info lebih detailnya bisa melalui DM ya 🤗",0,0,8,Dm Admin Halo,0.8577290177345276,13,Info Bagaimana Cara,0.682432234287262,19,Jalur Konversi Melalui,0.6742373704910278
7615212038326928136,sukaredvelvetkeju,kak di unsia aja jurusan apa aja ya? yg tersedia untuk saat ini dan yg akan dtng kedepannya?🙏🏻,1,1,0,Tidak Ada Jurusan,0.7781193256378174,9,Id Ac Pmb,0.7427102327346802,1,Berapa Buka Kapan,0.7379971742630005
7615225714153308935,univsiberasia,"Hi Kakak, saat ini UNSIA memiliki 6 prodi yaitu akuntansi, komunikasi, manajemen, sistem informasi, informatika, dan teknologi informasi",0,0,17,Informasi Informatika Akuntansi,0.9259082078933716,27,Pt Terakreditasi Ban,0.6797959804534912,9,Id Ac Pmb,0.6558237671852112
7625526536586265351,axioxioiii,emng unsia ada skripsi?,0,3,5,Ada S2 Rpl,0.796595573425293,18,100 Universitas Siber,0.7926353216171265,16,100 Tugas Skripsi,0.7552839517593384
7626587997294756626,univsiberasia,"Hi Kak, untuk tugas akhir di UNSIA menggunakan skripsi yaa😊",0,0,16,100 Tugas Skripsi,0.8863563537597656,6,Dibuka Saat Mahasiswa,0.7936264276504517,0,Tidak Ada Jurusan,0.7815629243850708
7628083630863418120,univsiberasia,Sidangnya juga online ya Kakak😊,0,0,4,Online Offline Full,0.8354669809341431,7,Daftar Aku Sudah,0.7820500135421753,1,Berapa Buka Kapan,0.7727723121643066
7626790415148581639,axioxioiii,sidang skripsi nya gimana?,0,0,1,Berapa Buka Kapan,0.7852301001548767,15,Dimana Daerah Pjj,0.7910102605819702,5,Ada S2 Rpl,0.7862134575843811
7625509210181190420,sshabya,masii bisa daftar gasi,0,5,0,Tidak Ada Jurusan,0.6661250591278076,7,Daftar Aku Sudah,0.7701247930526733,5,Ada S2 Rpl,0.7123874425888062
7626587919087928082,univsiberasia,"Saat ini untuk pendaftaran mahasiswa baru sudah ditutup nih Kakak. Namun, jangan khawatir dibuka kembali di semester ganjil yaa yaitu di bulan Juni🤗",1,0,6,Dibuka Saat Mahasiswa,0.8139468431472778,9,Id Ac Pmb,0.7256238460540771,27,Pt Terakreditasi Ban,0.6274750232696533
7629491783932904208,na123_352,Info valid nya apa ya ka?soalnya ada yg bilang ga ada skripsi cuman ada nya tugas akhir karya ilmiah 🙏🏻,1,0,0,Tidak Ada Jurusan,0.769429087638855,16,100 Tugas Skripsi,0.7724117040634155,1,Berapa Buka Kapan,0.7419447302818298
7629538557119906581,nurldky,bener katanya cuma bikin jurnal kenapa ini ada skripsi,0,0,4,Online Offline Full,0.693928062915802,12,Umur Yang Semangat,0.7269684076309204,5,Ada S2 Rpl,0.703761100769043
7627390971172815637,goarlike,"kalo daftar juni, masuknya bulan apa ya min?",1,0,1,Berapa Buka Kapan,0.8291113376617432,0,Tidak Ada Jurusan,0.7463961243629456,4,Online Offline Full,0.7326515913009644
7627533960139031303,starwbarrycakee,"juni,tgl brpa ya min?",0,0,1,Berapa Buka Kapan,0.7866486310958862,15,Dimana Daerah Pjj,0.7419506907463074,13,Info Bagaimana Cara,0.698403537273407
7629595430497649415,agathaamokosuli,kira kiara ada jurusan pskologi gk kak?mohon di jawab,0,2,0,Tidak Ada Jurusan,0.8400998115539551,1,Berapa Buka Kapan,0.8161379098892212,5,Ada S2 Rpl,0.7791165113449097
7631882737607672584,univsiberasia,"Hi Kakak, saat ini di UNSIA memiliki 6 prodi yaitu akuntansi, manajemen, komunikasi, teknologi informasi, informatika, dan sistem informasi😊",0,0,17,Informasi Informatika Akuntansi,0.9299634695053101,27,Pt Terakreditasi Ban,0.6788630485534668,9,Id Ac Pmb,0.6651328206062317
7631883051987141384,agathaamokosuli,makasih kak sudah di balas😇,0,0,11,Terima Kasih Salam,0.8308539390563965,8,Dm Admin Halo,0.7687413692474365,7,Daftar Aku Sudah,0.6807785034179688
7626600674869674773,iyainajahiii,aku kira ga ada skripsi lihat dari skejul² di daftar nya 🤣,6,0,4,Online Offline Full,0.6725753545761108,12,Umur Yang Semangat,0.689763069152832,5,Ada S2 Rpl,0.6719990968704224
7636249451368563464,erisa.veni.a,Salam dari bengkuluu,0,0,11,Terima Kasih Salam,0.7399204969406128,10,Selalu Amin Semoga,0.6885174512863159,26,Bismillah Depan Bismillahirrahmanirrahim,0.6579666137695312
7625547056196911890,cocokopie,@naaaaaaa,0,1,2,Iya Kak Dong,0.7091252207756042,20,Betul Keren Banget,0.6896776556968689,3,Menyimak Nrrjml Binus,0.6592609286308289
7625560676106797844,yeonabi_,maap ga liat,0,0,2,Iya Kak Dong,0.7286157608032227,20,Betul Keren Banget,0.6653866767883301,11,Terima Kasih Salam,0.6442016363143921
7612205289190982418,suciputry30,"kak ini bisa kuliah ambil malem gak,",1,1,0,Tidak Ada Jurusan,0.8012186288833618,4,Online Offline Full,0.7775393724441528,1,Berapa Buka Kapan,0.7726724147796631
7612512044575539988,einaafets,"Kuliahnya kapan aja bisa kak, subuh / dini hari tetep bisa😁",0,0,13,Info Bagaimana Cara,0.5845211744308472,4,Online Offline Full,0.7252452373504639,12,Umur Yang Semangat,0.6957571506500244
7611399607943774994,dheaa_107,wahh keren🥰🥰🥰,1,0,20,Betul Keren Banget,0.8447347283363342,2,Iya Kak Dong,0.7092539072036743,11,Terima Kasih Salam,0.6765385866165161
7612150484632634130,strowberycak,hallo ka mau minta wa admin yang bisa di hubungi,0,1,1,Berapa Buka Kapan,0.7017191648483276,8,Dm Admin Halo,0.7654695510864258,13,Info Bagaimana Cara,0.6975953578948975
7612512945881170706,univsiberasia,"Hi Kakak, bisa DM Mimin untuk info lebih detailnya yah🤗",0,0,8,Dm Admin Halo,0.8734527826309204,13,Info Bagaimana Cara,0.7203896045684814,1,Berapa Buka Kapan,0.7035417556762695
7612293790015865621,anintia3_,apa ada s2 hukum,0,1,5,Ada S2 Rpl,0.8259540796279907,0,Tidak Ada Jurusan,0.7693465352058411,15,Dimana Daerah Pjj,0.698347806930542
7612858409470231314,univsiberasia,"Hai Kakak, saat ini untuk program S2 belum dibuka nih di UNSIA😊",0,0,6,Dibuka Saat Mahasiswa,0.9014968872070312,9,Id Ac Pmb,0.8040031790733337,16,100 Tugas Skripsi,0.7541850805282593
7611871786736567048,yeswiao,"kuliah nya tiap hari atau sabtu ,minggu doang ka?",0,0,4,Online Offline Full,0.7560270428657532,12,Umur Yang Semangat,0.7333883047103882,0,Tidak Ada Jurusan,0.7149256467819214
7616696766037574420,alessiaazalea,kampusku tercinta🥰,2,0,18,100 Universitas Siber,0.6986591219902039,26,Bismillah Depan Bismillahirrahmanirrahim,0.6507077813148499,3,Menyimak Nrrjml Binus,0.6298484802246094
7616727763127943956,ceoofgabutnasional,masyaallah tabarakllah🥰,2,0,2,Iya Kak Dong,0.4771208167076111,26,Bismillah Depan Bismillahirrahmanirrahim,0.6046690344810486,10,Selalu Amin Semoga,0.5324422121047974
7616678387189547793,tati.tmq,maa sya alloh,1,0,2,Iya Kak Dong,0.6092847585678101,26,Bismillah Depan Bismillahirrahmanirrahim,0.618504524230957,24,Ilkom Ieu Balang,0.613621175289154
7616626830703608596,riko.noviantoro,Menyalaaaa,0,1,2,Iya Kak Dong,0.7553414106369019,3,Menyimak Nrrjml Binus,0.7787217497825623,20,Betul Keren Banget,0.7232761383056641
7616999796348486407,univsiberasia,Menyala Pak Riko🤩,0,0,2,Iya Kak Dong,0.7327706813812256,3,Menyimak Nrrjml Binus,0.7214090824127197,21,Nitip Nitipp Kabarin,0.7021476030349731
7616750720814334721,lambskay,Kak saya lulusan 2018 pengen kuliah cuma bingung udah kelamaan kerja dan gaptek juga bingung step2nya harus gimna mulai dari mana 🥺,0,5,0,Tidak Ada Jurusan,0.7546613812446594,12,Umur Yang Semangat,0.7669230699539185,1,Berapa Buka Kapan,0.7024704813957214
7617375737029264148,hanayoo669,Aku lulusan 2008 juga baru mulai 😭😭Ayoo semangat bisaaa,0,0,7,Daftar Aku Sudah,0.7109106779098511,12,Umur Yang Semangat,0.7514286041259766,10,Selalu Amin Semoga,0.6957069635391235
7616996527894840071,univsiberasia,"Hi Kakak, untuk lebih detailnya Kakak bisa DM Mimin yah🤗",0,0,8,Dm Admin Halo,0.8794332146644592,13,Info Bagaimana Cara,0.711064875125885,1,Berapa Buka Kapan,0.6882109642028809
7616809418239607559,indriyan384,Aq lulusan 2015 kak baru jsdi maba 😀,0,0,0,Tidak Ada Jurusan,0.7918319702148438,5,Ada S2 Rpl,0.7320317029953003,7,Daftar Aku Sudah,0.7222920656204224
7616850468568318721,lambskay,Maba dimna kak prodi apa saya masih maju mundur soalnya takut gak mampu otak saya🥺,0,0,0,Tidak Ada Jurusan,0.7599216103553772,1,Berapa Buka Kapan,0.7550714612007141,12,Umur Yang Semangat,0.7532240152359009
7616982773915910919,indriyan384,Unsia kak . Manajemen,0,0,18,100 Universitas Siber,0.8146418333053589,17,Informasi Informatika Akuntansi,0.6588554382324219,24,Ilkom Ieu Balang,0.6562895774841309
7616965255148094224,myfcknlife_,guys kalau uda kelar daftr ulang dapat nim terus ngapain ya? nunggu email?,0,1,9,Id Ac Pmb,0.6766971349716187,7,Daftar Aku Sudah,0.7300670742988586,1,Berapa Buka Kapan,0.6992660760879517
7616996397502907144,univsiberasia,"Hi Kakak, langkah selanjutnya Kakak tinggal menunggu link group whatsapp yah, nanti akan dikirimkan dengan admin🤗",0,0,9,Id Ac Pmb,0.6631363034248352,8,Dm Admin Halo,0.7031029462814331,7,Daftar Aku Sudah,0.6560974717140198
7610018967843275521,himakom_unsia,Menyala Unsia 🤙🏻,0,1,18,100 Universitas Siber,0.808858335018158,3,Menyimak Nrrjml Binus,0.7660186290740967,26,Bismillah Depan Bismillahirrahmanirrahim,0.6768468022346497
7614032307800032007,univsiberasia,Menyala juga HIMAKOM UNSIA🤩,0,0,18,100 Universitas Siber,0.7792127132415771,17,Informasi Informatika Akuntansi,0.604367733001709,27,Pt Terakreditasi Ban,0.6039121150970459
7610005308552184583,semangatberproses0,min cepetan buka S2 nyaaaa,0,1,5,Ada S2 Rpl,0.7733664512634277,1,Berapa Buka Kapan,0.7895476818084717,0,Tidak Ada Jurusan,0.78350830078125
7614032208705946376,univsiberasia,Ditungguu yah Kakak🤩,1,0,11,Terima Kasih Salam,0.8474611043930054,10,Selalu Amin Semoga,0.7473534345626831,2,Iya Kak Dong,0.7389707565307617
7609965079795319559,amanlaa6,buka di Medan min klo bisa🙌,0,0,1,Berapa Buka Kapan,0.753933310508728,4,Online Offline Full,0.7289907932281494,0,Tidak Ada Jurusan,0.7271295785903931
7610813827258008340,ai_miraa3,"keren bangett, congrats kak 🤩",1,0,20,Betul Keren Banget,0.8205155730247498,11,Terima Kasih Salam,0.7387079000473022,10,Selalu Amin Semoga,0.6949892044067383
7611567506265735937,himakom_unsia,Mantab sekali🔥,1,0,-1,Mantab Uk Belakang,0.0,20,Betul Keren Banget,0.8386501669883728,11,Terima Kasih Salam,0.6775889992713928
7611219438339719956,abiddibah,adakah program RPL di UNSIA?,0,0,0,Tidak Ada Jurusan,0.6896026134490967,18,100 Universitas Siber,0.730053186416626,5,Ada S2 Rpl,0.727060854434967
7645675284742832916,nooovv__,Gimana kak sistem kuliahnya,3,3,13,Info Bagaimana Cara,0.7826930284500122,1,Berapa Buka Kapan,0.7393314838409424,22,Biayanya Berapa Biaya,0.7283159494400024
7647170185321333524,bobamilktea183,Full online kaka,0,0,4,Online Offline Full,0.6016721129417419,18,100 Universitas Siber,0.7583991289138794,3,Menyimak Nrrjml Binus,0.7147051095962524
7647557125019501333,nooovv__,Ujian dan wisudanya juga online kak?,0,0,4,Online Offline Full,0.8410212993621826,6,Dibuka Saat Mahasiswa,0.7766785621643066,1,Berapa Buka Kapan,0.7594965100288391
7647754497289421586,univsiberasia,"Hi Kak, ujian di UNSIA dilakukan secara online dan untuk wisuda dilaksanakan secara hybrid yahh🤗",1,0,6,Dibuka Saat Mahasiswa,0.8422895669937134,9,Id Ac Pmb,0.8166965246200562,16,100 Tugas Skripsi,0.7731936573982239
7645591194903429896,fitri.annie88,"Tahun ini bru daftar berati 4 tahun lgi bisa wisuda walau q Stay di Jepang pingin ikut wisuda ofline nya,,sekalian ajak anak suami pulkam 🥰🥰🥰🥰",6,2,12,Umur Yang Semangat,0.7872915267944336,7,Daftar Aku Sudah,0.7246900796890259,0,Tidak Ada Jurusan,0.6938267946243286
7646470009254134549,nahozie100,semangat kak,2,0,25,Semangat Wah Tetap,0.9707878828048706,2,Iya Kak Dong,0.7723875045776367,10,Selalu Amin Semoga,0.7713335156440735
7645638279820264212,ceoofgabutnasional,smngat ka,2,0,25,Semangat Wah Tetap,0.9707878828048706,2,Iya Kak Dong,0.7723875045776367,10,Selalu Amin Semoga,0.7713335156440735
7646874124779242247,minleeco,min butuh info pendaftarannya sampe kapan?,1,5,13,Info Bagaimana Cara,0.7955803871154785,1,Berapa Buka Kapan,0.8344638347625732,0,Tidak Ada Jurusan,0.7382929921150208
7647016737896710919,univsiberasia,"Hi Kakak, untuk pendaftaran untuk gelombang sekarang sampai tanggal 11 Juni 2026",1,0,6,Dibuka Saat Mahasiswa,0.7882485389709473,1,Berapa Buka Kapan,0.6923031210899353,9,Id Ac Pmb,0.6812872886657715
7649570750505403156,nnahcjw,kaa kl ukt nya berapaa yg full online,0,0,1,Berapa Buka Kapan,0.8465904593467712,4,Online Offline Full,0.795486569404602,0,Tidak Ada Jurusan,0.7875605821609497
7651261177616139026,sukakom3nt,"3 jutaan, n bisa dicicil.. 😁",0,0,14,Dicicil 3Jt Biaya,0.7291421890258789,28,Juta 3Jt Serius,0.7149087190628052,22,Biayanya Berapa Biaya,0.5944348573684692
7650418109879124757,ernichloe,klo sekarang masih bisa daftar ga kak,0,0,1,Berapa Buka Kapan,0.8516577482223511,7,Daftar Aku Sudah,0.7921887636184692,13,Info Bagaimana Cara,0.7674388885498047
7650483684847911698,univsiberasia,"Hi Kakak, masih bisa ya 🤩",0,0,8,Dm Admin Halo,0.8367160558700562,11,Terima Kasih Salam,0.7646200656890869,7,Daftar Aku Sudah,0.7553972005844116
7653574382342619925,amihrk1,Hallo kk !saya mau tanya bisa gak untuk saya yang kerja di luar negri ?untuk kuliah online disini,0,3,0,Tidak Ada Jurusan,0.7745611667633057,1,Berapa Buka Kapan,0.7503712177276611,19,Jalur Konversi Melalui,0.7086014747619629
7653746870351037202,univsiberasia,"Hi Kakak, UNSIA menerapkan sistem perkuliahan secara online maka kakak bisa berkuliah dimana saja dan kapan saja. Nah UNSIA bisa menjadi tujuan kakak yg ingin kuliah sambil bekerja kak karena memang waktunya fleksibel dan bisa dilaksanakan kapanpun dan dimanapun. Mahasiswa UNSIA tersebar di 17 negara lho Kak🤩",0,0,9,Id Ac Pmb,0.8353684544563293,27,Pt Terakreditasi Ban,0.714675784111023,6,Dibuka Saat Mahasiswa,0.6866439580917358
7653749385235514132,amihrk1,Cara daftar nya kk 🙏,0,0,13,Info Bagaimana Cara,0.8594129085540771,1,Berapa Buka Kapan,0.7053709030151367,7,Daftar Aku Sudah,0.6981732249259949
7653759159347921682,univsiberasia,"Kakak bisa langsung daftar sekarang di pmb.unsia.ac.id, pilih jurusan favorit, dan mulai kuliah online fleksibel dari mana aja🤗",0,0,9,Id Ac Pmb,0.9071130752563477,6,Dibuka Saat Mahasiswa,0.7225440740585327,0,Tidak Ada Jurusan,0.7095905542373657
7647207044306977557,anggirhyftrr,"aku udah daftar ulang ka, statusnya ketrima tpi kok blm msuk grub wa ya?",1,5,1,Berapa Buka Kapan,0.7737367153167725,7,Daftar Aku Sudah,0.7937560081481934,0,Tidak Ada Jurusan,0.7249540686607361
7647385385329672967,univsiberasia,"Hi Kakak, untuk link group whatsapp akan dikirimkan ketika sudah mendekati perkuliahan yahh🤗",1,0,9,Id Ac Pmb,0.7221994400024414,6,Dibuka Saat Mahasiswa,0.7738732099533081,8,Dm Admin Halo,0.7364734411239624
7647882148930421521,carungseket,mulai perkuliahan nya kapan ya? saya juga baru daftar.,0,0,6,Dibuka Saat Mahasiswa,0.7021380066871643,1,Berapa Buka Kapan,0.7885866165161133,0,Tidak Ada Jurusan,0.7599620819091797
7647387620536222482,feya0228,bayar uang pendaftaran nya berapa ka?,0,0,1,Berapa Buka Kapan,0.8477528095245361,13,Info Bagaimana Cara,0.7927954792976379,14,Dicicil 3Jt Biaya,0.7696402668952942
7647408952552145685,anggirhyftrr,175 ka,0,0,2,Iya Kak Dong,0.8704189658164978,20,Betul Keren Banget,0.7804687023162842,21,Nitip Nitipp Kabarin,0.7774581909179688
7650486503110492949,salsapt_3,ka bls dm,0,0,8,Dm Admin Halo,0.8119323253631592,2,Iya Kak Dong,0.7527827024459839,7,Daftar Aku Sudah,0.713379979133606
7651496759130178312,oloolo19,Kak ini masih bisa daftar gak?,2,2,1,Berapa Buka Kapan,0.848242998123169,7,Daftar Aku Sudah,0.811906099319458,4,Online Offline Full,0.7858404517173767
7653033489978901255,univsiberasia,"Hai Kakak, masih bisa banget dong🤗",0,0,8,Dm Admin Halo,0.8046849966049194,7,Daftar Aku Sudah,0.7725189328193665,16,100 Tugas Skripsi,0.7250934839248657
7651640309784314640,ccckfkckc,nitip,1,0,21,Nitip Nitipp Kabarin,0.9735068678855896,3,Menyimak Nrrjml Binus,0.7572670578956604,2,Iya Kak Dong,0.7146409749984741
7657133712476996372,nurhidayanunu.05,kk izin tanya aku udah daftar trs udah isi ujiannya juga tapi kok pengumuman nya lama ya kk,0,0,1,Berapa Buka Kapan,0.7843485474586487,4,Online Offline Full,0.7503781318664551,7,Daftar Aku Sudah,0.7503132820129395
7645699660834816789,dimasfaizi23,Kak bantu jawab dong Unsia ada RPL? Untuk yg belum pernah kuliah tapi pengalaman kerja 6 tahun bisa perolehan kredit gk?,0,3,0,Tidak Ada Jurusan,0.8095625042915344,14,Dicicil 3Jt Biaya,0.7683196067810059,1,Berapa Buka Kapan,0.7541192173957825
7645904425496756999,univsiberasia,"Halo Kak Dimas, untuk saat ini di UNSIA hanya ada jalur RPL transkrip nilai yaa🤗",0,0,6,Dibuka Saat Mahasiswa,0.8564288020133972,9,Id Ac Pmb,0.80076003074646,19,Jalur Konversi Melalui,0.7877269983291626
7648622296514577170,adeeva_clip,ka jalu RPL daftarnya gimana??,0,0,1,Berapa Buka Kapan,0.8406559228897095,13,Info Bagaimana Cara,0.8081192970275879,15,Dimana Daerah Pjj,0.7946988344192505
7645912213831680789,dimasfaizi23,Owalahhg baik kak terimakasih banyak,0,0,11,Terima Kasih Salam,0.856744110584259,8,Dm Admin Halo,0.7228783369064331,10,Selalu Amin Semoga,0.7001028060913086
7657088059294384916,fdyaaaa,untuk beasiswa bakal buka batch lgi ga ka tahun ini?,0,0,1,Berapa Buka Kapan,0.7695729732513428,6,Dibuka Saat Mahasiswa,0.798244059085846,0,Tidak Ada Jurusan,0.7368872165679932
7645646016200672001,_n.cipa,kak kuliah nya beneran bisa online?🙏,1,1,4,Online Offline Full,0.8554332256317139,16,100 Tugas Skripsi,0.8303080797195435,0,Tidak Ada Jurusan,0.8245404362678528
7647385924195582728,univsiberasia,"Hi Kak, UNSIA 100% fully online yaa🤩",0,0,16,100 Tugas Skripsi,0.848128080368042,8,Dm Admin Halo,0.778631865978241,6,Dibuka Saat Mahasiswa,0.7722771167755127
7649358360865014546,msyamin22_,mau daftar,0,2,7,Daftar Aku Sudah,0.7152621746063232,13,Info Bagaimana Cara,0.7691766023635864,2,Iya Kak Dong,0.7033922076225281
7650018163954074375,univsiberasia,"Boleh banget dongg Kak, masih dibuka pendaftarannya lhoo🤩",0,0,6,Dibuka Saat Mahasiswa,0.8298077583312988,7,Daftar Aku Sudah,0.8131914734840393,1,Berapa Buka Kapan,0.7998698949813843
7651639689296462608,ccckfkckc,ka unsia lokasi mana kaa,0,0,15,Dimana Daerah Pjj,0.8534421920776367,1,Berapa Buka Kapan,0.8171876668930054,0,Tidak Ada Jurusan,0.7542809844017029
7655499542103868176,hiiiiiiiiijsu,kak sekarang masih bisa daftar kah,1,1,1,Berapa Buka Kapan,0.853462815284729,7,Daftar Aku Sudah,0.8082330226898193,13,Info Bagaimana Cara,0.7816572189331055
7655520601227019016,univsiberasia,"Hi Kak, masih bisa mendaftar ya 🤩",0,0,6,Dibuka Saat Mahasiswa,0.8189657926559448,8,Dm Admin Halo,0.8357793092727661,1,Berapa Buka Kapan,0.7716968655586243
7652392414838391572,liu.xiao.rou,"Min, ini tugas akhirnya ada pilihan gak? Skripsi, Artikel Ilmiah, Proyek gtu gak?",1,1,5,Ada S2 Rpl,0.6735039949417114,12,Umur Yang Semangat,0.6831874847412109,0,Tidak Ada Jurusan,0.6564186811447144
7652952678444155656,univsiberasia,"Hi Kak, untuk tugas akhir di UNSIA menggunakan skripsi yaa",0,0,16,100 Tugas Skripsi,0.8863563537597656,6,Dibuka Saat Mahasiswa,0.7936264276504517,0,Tidak Ada Jurusan,0.7815629243850708
7645596086493987605,ancetana,Baru liburan aja ke taman mini keliling sampai panik kelamaan balik pintu utama😁soalnya sewa sepeda buat keliling taman mini .btw berkesan sekali aku dari malaysia ke jakarta cmn buat ambil jas almamater ke unsia🤭,0,0,23,Jakarta Selatan Kota,0.5981751084327698,12,Umur Yang Semangat,0.7190117239952087,7,Daftar Aku Sudah,0.6508345603942871
7647143796463813394,feya0228,ini masih bisa daftar ga sih?,1,2,1,Berapa Buka Kapan,0.813779354095459,7,Daftar Aku Sudah,0.7643036842346191,4,Online Offline Full,0.76213538646698
7647385587599360786,univsiberasia,"Hi Kak Feya, Sudah dibuka nih Kakak pendaftaran mahasiswa baru
Hari ini resmi pendaftaran Mahasiswa Baru UNSIA dimulai. Jadi Kakak bisa langsung daftar sekarang di pmb.unsia.ac.id, pilih jurusan favorit, dan mulai kuliah online fleksibel dari mana aja😊",3,0,9,Id Ac Pmb,0.9231612682342529,6,Dibuka Saat Mahasiswa,0.8268660306930542,27,Pt Terakreditasi Ban,0.7541025280952454
7647387160575951624,feya0228,"ka ak kan dh daftar gel 3 ya ka,aku juga dh bayar uang pendaftaran nya tapi skl aku belom keluar itu gimana ya ka jadinya?",2,0,1,Berapa Buka Kapan,0.7678215503692627,7,Daftar Aku Sudah,0.7336097359657288,0,Tidak Ada Jurusan,0.7285061478614807
7647399266646508295,nike.januard,ada beasiswanya ga kak?,0,1,1,Berapa Buka Kapan,0.8671736121177673,0,Tidak Ada Jurusan,0.8345523476600647,5,Ada S2 Rpl,0.822405219078064
7653033636497769224,univsiberasia,"Hi Kakak, saat ini UNSIA sedang membuka program beasiswa lhoo🤩",0,0,6,Dibuka Saat Mahasiswa,0.8533884286880493,9,Id Ac Pmb,0.7684257626533508,27,Pt Terakreditasi Ban,0.745955228805542
7649643516394111764,yuliantoiyann,masih bisa daftar?,1,1,1,Berapa Buka Kapan,0.6852519512176514,13,Info Bagaimana Cara,0.717593789100647,7,Daftar Aku Sudah,0.6971296072006226
7650017254230868754,univsiberasia,"Hi Kak, masih dibuka lho pendaftaran mahasiswa baru🤩",0,0,6,Dibuka Saat Mahasiswa,0.8940752148628235,9,Id Ac Pmb,0.7521342039108276,16,100 Tugas Skripsi,0.7456263899803162
7646742487663395605,lybura08,izin min ini full online gak ya?,0,1,4,Online Offline Full,0.8412727117538452,1,Berapa Buka Kapan,0.8300472497940063,5,Ada S2 Rpl,0.7580270171165466
7646794910180279047,univsiberasia,"Hi Kak, 100% fully online lhoo di UNSIA🤗",0,0,16,100 Tugas Skripsi,0.853714108467102,6,Dibuka Saat Mahasiswa,0.8047459721565247,9,Id Ac Pmb,0.791250467300415
7650324372453196564,starcndyyz,saya mau daftar sekarang masi bisa ga ya?,1,1,1,Berapa Buka Kapan,0.842587947845459,0,Tidak Ada Jurusan,0.7622061371803284,13,Info Bagaimana Cara,0.7516298294067383
7650483710614487816,univsiberasia,"Hi Kakak, masih bisa banget yaa🤩",0,0,8,Dm Admin Halo,0.8084517121315002,7,Daftar Aku Sudah,0.758215069770813,11,Terima Kasih Salam,0.7411920428276062
7645687913507209992,nonames89_,ig nya unsia apasi,1,0,7,Daftar Aku Sudah,0.7585181593894958,15,Dimana Daerah Pjj,0.7884567379951477,1,Berapa Buka Kapan,0.7172037363052368
7647464264833418004,lexus.morning,kampusnya kalo kita lulus nanti bisa minta tolong promosi ke perusahaan perusahaan gtu gak kak? aku maju mundur bgt daftar di univ ini udh 2 tahun 😭 sekarang aku 20 tahun weh blm kuliah2 karena kena juga kan di klinik,0,0,0,Tidak Ada Jurusan,0.7604278326034546,12,Umur Yang Semangat,0.8016067147254944,27,Pt Terakreditasi Ban,0.7116159796714783
7647127392359777044,hahalifyou_,Min banyakin konten tentang unsia nya 😍 biar pada tertarik hihi,0,1,2,Iya Kak Dong,0.6218922138214111,7,Daftar Aku Sudah,0.7466341257095337,1,Berapa Buka Kapan,0.6970184445381165
7647385750842131207,univsiberasia,"Hi Kak, siapp🫡",0,0,8,Dm Admin Halo,0.7138750553131104,11,Terima Kasih Salam,0.7850992679595947,2,Iya Kak Dong,0.7499493956565857
7651029819161445140,dave1808rosemary,pendaftaran terakhir sampai kapan,0,0,1,Berapa Buka Kapan,0.7095375061035156,22,Biayanya Berapa Biaya,0.7070096731185913,13,Info Bagaimana Cara,0.700341522693634
7647173570560639752,destiiokt,kak pendaftaran nya lewat mana ya,0,1,1,Berapa Buka Kapan,0.8857967853546143,15,Dimana Daerah Pjj,0.8145076632499695,13,Info Bagaimana Cara,0.8018321990966797
7647385517747995399,univsiberasia,"Hi Kakak, bisa langsung daftar sekarang di pmb.unsia.ac.id, pilih jurusan favorit, dan mulai kuliah online fleksibel dari mana aja.",0,0,9,Id Ac Pmb,0.9268613457679749,6,Dibuka Saat Mahasiswa,0.7637069225311279,0,Tidak Ada Jurusan,0.7195009589195251
7646469936815145748,nahozie100,Bismillah datang langsung besok pas wisuda,0,0,6,Dibuka Saat Mahasiswa,0.5411069393157959,26,Bismillah Depan Bismillahirrahmanirrahim,0.667453408241272,10,Selalu Amin Semoga,0.6262553930282593
7648863027496649492,dipnot.1,"kak aku kan dari jatim , nah kalo daftar itu onnline juga kak soalnya jauh",0,1,4,Online Offline Full,0.7511651515960693,7,Daftar Aku Sudah,0.7680677771568298,1,Berapa Buka Kapan,0.7660967111587524
7648874815687787282,univsiberasia,"Hi Kak, pendaftarannya juga online lhoo🤩",0,0,6,Dibuka Saat Mahasiswa,0.8366441130638123,16,100 Tugas Skripsi,0.7881317138671875,1,Berapa Buka Kapan,0.7823119163513184
7645560982580527880,ninaafiatulnisa,buka kembali kapan ka pendaftarannya,0,1,1,Berapa Buka Kapan,0.8534066081047058,13,Info Bagaimana Cara,0.8069421648979187,6,Dibuka Saat Mahasiswa,0.7748456597328186
7645575154248254226,univsiberasia,"Hi Kak, pendaftaran mahasiswa baru masih dibuka lhoo🤩🤩",0,0,6,Dibuka Saat Mahasiswa,0.9060606360435486,9,Id Ac Pmb,0.7541900873184204,16,100 Tugas Skripsi,0.7326732873916626
7645755785708995348,gubernur.gimhae,s2 ada,0,0,5,Ada S2 Rpl,0.7569796442985535,2,Iya Kak Dong,0.7221360206604004,18,100 Universitas Siber,0.7174663543701172
7646044210042618631,razzr._,min di unsia gaada pdh ya?,0,0,0,Tidak Ada Jurusan,0.8195847272872925,1,Berapa Buka Kapan,0.7931402921676636,16,100 Tugas Skripsi,0.7788199186325073
7646224545863222023,nokomen1e,kak kalau ngambil almamater boleh nggk datang kekampus soalnya aku pengen datang kekampus nya,0,1,1,Berapa Buka Kapan,0.7522577047348022,0,Tidak Ada Jurusan,0.7592360377311707,7,Daftar Aku Sudah,0.7394832372665405
7646794969122849554,univsiberasia,"Hi Kak, boleh bangett koo🤗",0,0,8,Dm Admin Halo,0.8174840807914734,11,Terima Kasih Salam,0.7709335088729858,7,Daftar Aku Sudah,0.7699605226516724
7646063363412443922,lnxyq,kak kalau mau lanjut s1 di unsia ada program nya ngga,0,0,0,Tidak Ada Jurusan,0.8770368099212646,1,Berapa Buka Kapan,0.8095377683639526,6,Dibuka Saat Mahasiswa,0.7966536283493042
7646099573652390677,anjassss2905,Pengen😭,0,0,1,Berapa Buka Kapan,0.4004119336605072,3,Menyimak Nrrjml Binus,0.9120852947235107,21,Nitip Nitipp Kabarin,0.7336238026618958
7647837907193332488,nudrsg,Jurusannya apa aja kak,1,0,0,Tidak Ada Jurusan,0.7031307220458984,15,Dimana Daerah Pjj,0.8194780349731445,13,Info Bagaimana Cara,0.7458370327949524
7645590753237992212,inicupinn,Pendaftaran di buka kapan lagi minn?,0,1,1,Berapa Buka Kapan,0.7934882640838623,13,Info Bagaimana Cara,0.7563110589981079,4,Online Offline Full,0.7474256753921509
7645619736135729938,univsiberasia,"Hi Ka, saat ini pendaftaran mahasiswa baru masih dibuka lhoo🤩🤩",0,0,6,Dibuka Saat Mahasiswa,0.9165412187576294,9,Id Ac Pmb,0.7652153968811035,16,100 Tugas Skripsi,0.7204249501228333
7646400254547428117,a_yun21,ini cara beli almetnya gmn ya?,0,0,1,Berapa Buka Kapan,0.7442007064819336,13,Info Bagaimana Cara,0.7367713451385498,15,Dimana Daerah Pjj,0.7237303853034973
7645562580216431381,lisa_siregar.03,Aku mau offline nanti 🥰,0,1,4,Online Offline Full,0.6987133622169495,2,Iya Kak Dong,0.7657158374786377,7,Daftar Aku Sudah,0.7377161979675293
7645575315345916690,univsiberasia,"Waaa, sampai berjumpa di Sasana Kriya ya Kak🤩",0,0,2,Iya Kak Dong,0.5948089361190796,10,Selalu Amin Semoga,0.7278165817260742,11,Terima Kasih Salam,0.7240403294563293
7645622432103531271,heyme0623,"aa iri sekali kak, pengen juga wisuda di TMII tapi saya Alhamdulillah sudah wisuda 😂😇☺️",2,0,10,Selalu Amin Semoga,0.7297226190567017,12,Umur Yang Semangat,0.7617402076721191,7,Daftar Aku Sudah,0.7210026383399963
7645829617333568276,sukmanilasuciati233,Ada jurusan PGSD ga ka ??,0,0,0,Tidak Ada Jurusan,0.8718390464782715,5,Ada S2 Rpl,0.8166279792785645,1,Berapa Buka Kapan,0.7919044494628906
7608912528541877013,ajiiiiii___,ka pendaftaran nya masih buka ga yaa?,0,1,1,Berapa Buka Kapan,0.8805423974990845,6,Dibuka Saat Mahasiswa,0.8067399263381958,13,Info Bagaimana Cara,0.7792168855667114
7608953498763281159,univsiberasia,"Hai Kak, masih dibuka nih pendaftaran mahasiswa baru di UNSIA🤩",0,0,6,Dibuka Saat Mahasiswa,0.8932262659072876,9,Id Ac Pmb,0.7990767955780029,16,100 Tugas Skripsi,0.7494453191757202
7632467540133118741,ceoofgabutnasional,syulit ditiru min 😭🥰🤣,0,0,2,Iya Kak Dong,0.7803490161895752,20,Betul Keren Banget,0.7353222966194153,11,Terima Kasih Salam,0.7306170463562012
7613053906440405781,vyaw30,ka blm ada jurusan pgsd ya?,0,1,0,Tidak Ada Jurusan,0.8701880574226379,5,Ada S2 Rpl,0.8046051859855652,1,Berapa Buka Kapan,0.7989654541015625
7613054384385393415,univsiberasia,"Hi Kak, saat ini untuk jurusan PGSD belum tersedia ya😊",0,0,6,Dibuka Saat Mahasiswa,0.8360002636909485,19,Jalur Konversi Melalui,0.7282761335372925,0,Tidak Ada Jurusan,0.7242567539215088
7609872954121437972,najef.rahid,TEKNIK INDUSTRI MIN,0,3,0,Tidak Ada Jurusan,0.5384836196899414,17,Informasi Informatika Akuntansi,0.6280304193496704,5,Ada S2 Rpl,0.5736392736434937
7609892034606236434,univsiberasia,Ditunggu ya Kakak 😊,1,0,11,Terima Kasih Salam,0.8686118125915527,8,Dm Admin Halo,0.74882572889328,10,Selalu Amin Semoga,0.7344731688499451
7610398792322237204,najef.rahid,"Semoga UNSIA semakin baik, dan dapat akreditasi A. Amiinn",0,0,10,Selalu Amin Semoga,0.7811318039894104,27,Pt Terakreditasi Ban,0.6612324714660645,26,Bismillah Depan Bismillahirrahmanirrahim,0.5991078615188599
7638503938203157249,askjd69,Pliss adain TEKNIK INDUSTRI PJJ min banyak pekerja di sektor industri/tambang pengen kuliah secara pjj😁,0,0,15,Dimana Daerah Pjj,0.4783112406730652,17,Informasi Informatika Akuntansi,0.6688908934593201,0,Tidak Ada Jurusan,0.655194878578186
7657126691508880135,taroooo_1610,min klo gelar lulus S1 teknik informatika apa ya,0,0,0,Tidak Ada Jurusan,0.8406140804290771,1,Berapa Buka Kapan,0.7620974779129028,5,Ada S2 Rpl,0.7474358081817627
7651804909360759569,bidannir,S2 min,0,0,0,Tidak Ada Jurusan,0.5367026925086975,28,Juta 3Jt Serius,0.6679482460021973,3,Menyimak Nrrjml Binus,0.6431794166564941
7609901353549415185,rb.gunawan85,titel gelarnya apa nanti kak,0,1,0,Tidak Ada Jurusan,0.721788763999939,15,Dimana Daerah Pjj,0.7625055313110352,1,Berapa Buka Kapan,0.7463803887367249
7609914109702357778,univsiberasia,Untuk gelar Prodi Teknologi Informasi S.Kom ya Kakak🤗,0,0,17,Informasi Informatika Akuntansi,0.7783535718917847,0,Tidak Ada Jurusan,0.7951952219009399,5,Ada S2 Rpl,0.7598845958709717
7609922914590638865,anggi_imnida,agrari ada ga ya min,0,0,1,Berapa Buka Kapan,0.8176223635673523,5,Ada S2 Rpl,0.7880069017410278,15,Dimana Daerah Pjj,0.7850579023361206
7638764154543948545,fmanusiaabumiz,"Prodi sistem informasi unsia, ada matkul berprakteknya ga kak?",0,0,0,Tidak Ada Jurusan,0.8024266362190247,17,Informasi Informatika Akuntansi,0.7656350135803223,16,100 Tugas Skripsi,0.7467215657234192
7636806754404647701,yassss1608,kak ada ekonomi gak?,0,0,5,Ada S2 Rpl,0.8369728326797485,2,Iya Kak Dong,0.7905696630477905,15,Dimana Daerah Pjj,0.7897331714630127
7639329820523266833,brend_alguera,jurusan informatika berapa persemesternya ka,0,0,0,Tidak Ada Jurusan,0.8140407800674438,1,Berapa Buka Kapan,0.8130702972412109,15,Dimana Daerah Pjj,0.7647515535354614
7610623287983588114,frustdev,bisa rpl prodi baru,0,0,5,Ada S2 Rpl,0.7399356961250305,18,100 Universitas Siber,0.6632686257362366,4,Online Offline Full,0.6580594778060913
7618559902247813904,ora.nana,pasca sarjana prodi apa aja ka?,0,0,0,Tidak Ada Jurusan,0.8058311939239502,5,Ada S2 Rpl,0.7410939931869507,17,Informasi Informatika Akuntansi,0.700617253780365
7612600595409322772,ai_miraa3,boleh pindah prodi gasih😞,0,3,0,Tidak Ada Jurusan,0.8109205961227417,5,Ada S2 Rpl,0.7823206782341003,1,Berapa Buka Kapan,0.7757129669189453
7612667734383674119,univsiberasia,"Wahhh, di prodi apa nih Kakak sekarang?",0,0,17,Informasi Informatika Akuntansi,0.6155409216880798,15,Dimana Daerah Pjj,0.8131881356239319,0,Tidak Ada Jurusan,0.7504429221153259
7612871278743880469,ai_miraa3,tpii kmrin udah pindah dari managemen ke informatika 😞,0,0,0,Tidak Ada Jurusan,0.6867309212684631,4,Online Offline Full,0.6949751377105713,12,Umur Yang Semangat,0.6824420690536499
7632485371133625095,onyourlii,informatika aman ga kak? rencananya mau daftar jga,0,0,0,Tidak Ada Jurusan,0.7791784405708313,1,Berapa Buka Kapan,0.8547536134719849,7,Daftar Aku Sudah,0.8460984826087952
7620750526926373639,nonarunesi107,pendaftaran masih d buka kak?,0,2,1,Berapa Buka Kapan,0.777694821357727,6,Dibuka Saat Mahasiswa,0.806207001209259,7,Daftar Aku Sudah,0.7627384662628174
7638201572589667080,cchocopiee3,min pendaftaran ada gelombang 2 nggak?,0,0,1,Berapa Buka Kapan,0.8049278259277344,0,Tidak Ada Jurusan,0.779335618019104,5,Ada S2 Rpl,0.7645080089569092
7622527156458898183,nonarunesi107,oke kak,1,0,2,Iya Kak Dong,0.8286677598953247,11,Terima Kasih Salam,0.8184610605239868,20,Betul Keren Banget,0.7553865909576416
7614294876222817042,pwitty016,"Lebih santai lebih asikkk , kalian ga salah pilih calon unsia 👌",0,3,9,Id Ac Pmb,0.6005601286888123,12,Umur Yang Semangat,0.6566604375839233,7,Daftar Aku Sudah,0.6194382905960083
7614303644471477000,univsiberasia,Mantap Kakak🤩🤩,0,0,11,Terima Kasih Salam,0.7665618658065796,20,Betul Keren Banget,0.8714649677276611,2,Iya Kak Dong,0.7990997433662415
7632289911874077448,mulqitsani,Kamu unsia juga kak?,0,0,0,Tidak Ada Jurusan,0.7182654738426208,7,Daftar Aku Sudah,0.8057283163070679,2,Iya Kak Dong,0.7835129499435425
7632779491517154056,pwitty016,Iyah hahaha,0,0,2,Iya Kak Dong,0.8204043507575989,20,Betul Keren Banget,0.7970191240310669,11,Terima Kasih Salam,0.6701390147209167
7608830092369822465,jp83263,"kaa mau tanyaa, aku kan lulus nnti mei tahun ini, tapi kalau mau kerja dulu baru daftar ke UNSIA bisa ga yaa?",3,3,0,Tidak Ada Jurusan,0.8363853693008423,1,Berapa Buka Kapan,0.8253154158592224,9,Id Ac Pmb,0.7556884288787842
7608953977934267154,univsiberasia,"Bisa banget dong, kerja sambil kuliah juga bisa Kak🤗",1,0,0,Tidak Ada Jurusan,0.7484095096588135,12,Umur Yang Semangat,0.7515536546707153,7,Daftar Aku Sudah,0.7297217845916748
7610734436409590549,_ale4aa,ka ini dari awal full online?,0,0,4,Online Offline Full,0.7663347721099854,7,Daftar Aku Sudah,0.690804123878479,12,Umur Yang Semangat,0.6722718477249146
7610798551509943058,univsiberasia,Betul banget Kak😊,0,0,20,Betul Keren Banget,0.9214138984680176,2,Iya Kak Dong,0.7612767219543457,11,Terima Kasih Salam,0.7434011697769165
7608082675584418576,olabisie_,kakk pendaftaran nya masih buka ga ya?,2,2,1,Berapa Buka Kapan,0.8805423974990845,6,Dibuka Saat Mahasiswa,0.8067399263381958,13,Info Bagaimana Cara,0.7792168855667114
7608089491568722706,univsiberasia,"Hi Kak, pendaftaran masih dibuka lho 🤩🤩",0,0,6,Dibuka Saat Mahasiswa,0.8708055019378662,8,Dm Admin Halo,0.7557786107063293,7,Daftar Aku Sudah,0.7488405108451843
7608262131339412232,ikutikutan,Halo kak masih bisa bgt kak😍 ditungguuu,0,0,8,Dm Admin Halo,0.8491531610488892,7,Daftar Aku Sudah,0.7842066884040833,11,Terima Kasih Salam,0.7649738788604736
7651766680725635847,satriska_ljs,ini yg bener warna jas nya biru muda atau biru tua kak,1,0,12,Umur Yang Semangat,0.5593945384025574,15,Dimana Daerah Pjj,0.5754849910736084,4,Online Offline Full,0.573631763458252
7637361422163821320,ucan.dam,kak ini klo kelas karyawan gk akan prnah ke kampus kan?,0,0,1,Berapa Buka Kapan,0.7097302675247192,12,Umur Yang Semangat,0.7698626518249512,0,Tidak Ada Jurusan,0.763278603553772
7634048544869040904,maniknpnpnp,prodi keguruan ada ga kak,0,0,0,Tidak Ada Jurusan,0.8477025032043457,5,Ada S2 Rpl,0.8414697647094727,1,Berapa Buka Kapan,0.7912784814834595
7608785318300746514,gataiiah,min kolo mau tanya tanya harus kemanah?,1,1,1,Berapa Buka Kapan,0.7462368011474609,15,Dimana Daerah Pjj,0.7164074182510376,13,Info Bagaimana Cara,0.6997804641723633
7608954079767102215,univsiberasia,"Hi Kak, boleh DM Mimin ya ☺️",0,0,8,Dm Admin Halo,0.9294470548629761,1,Berapa Buka Kapan,0.7262176275253296,11,Terima Kasih Salam,0.7227748036384583
7606355963397866260,faiinotion,kak di Unsia kalo daftar kipk boleh sejak kls 12 atau harus jadi mhs nya dl ya?,1,0,0,Tidak Ada Jurusan,0.822429895401001,1,Berapa Buka Kapan,0.797023355960846,6,Dibuka Saat Mahasiswa,0.7721792459487915
7610941235498337031,rxxviis,udh terakreditasi blm min?,1,0,5,Ada S2 Rpl,0.7645572423934937,0,Tidak Ada Jurusan,0.7088896036148071,1,Berapa Buka Kapan,0.7087694406509399
7616570263379362577,nandarisk41,"min aku maba unsia informatika. niat mau ikut pmk dari pemerintah kayak lomba inivasi antar kampus. tpi blum kenal siapa pun di unsia, perlu tim😭",0,1,0,Tidak Ada Jurusan,0.7614734172821045,12,Umur Yang Semangat,0.7381702661514282,27,Pt Terakreditasi Ban,0.7034215927124023
7616573985757561607,univsiberasia,"Hi Kakak, sudah masuk grup whatsapp kah?",0,0,7,Daftar Aku Sudah,0.7218657732009888,8,Dm Admin Halo,0.730014443397522,1,Berapa Buka Kapan,0.6567142009735107
7609149221258314513,lukman_gansz,prasaan almet my warna biru telur,0,2,18,100 Universitas Siber,0.5745744705200195,2,Iya Kak Dong,0.5855618715286255,24,Ilkom Ieu Balang,0.566796064376831
7609904686007190290,univsiberasia,betul ko Kak. Ini almet Siswa yang hadir di booth UNSIA ya Kakak🤗,0,0,6,Dibuka Saat Mahasiswa,0.7825555801391602,16,100 Tugas Skripsi,0.7838050127029419,9,Id Ac Pmb,0.7537816166877747
7616274633004434196,casheri19,"tapi almet nya bagusan yang biru tua, gk ada niatan ganti warna kah kak🔥",0,0,5,Ada S2 Rpl,0.6342971324920654,1,Berapa Buka Kapan,0.6971019506454468,15,Dimana Daerah Pjj,0.6742262244224548
7609362388878279425,himakom_unsia,Anak komunikasi mana nie ????🤙🏻,1,1,15,Dimana Daerah Pjj,0.7024263143539429,2,Iya Kak Dong,0.6835333704948425,24,Ilkom Ieu Balang,0.6403498649597168
7609996998594511617,himakom_unsia,🤙🏻🤙🏻,0,0,3,Menyimak Nrrjml Binus,0.995229959487915,21,Nitip Nitipp Kabarin,0.6757673621177673,2,Iya Kak Dong,0.6486166715621948
7617500805126685458,aku_harnum,di unsia brp tahun yah 8 semester 4 tahun juga kan yah?,0,0,0,Tidak Ada Jurusan,0.7988276481628418,12,Umur Yang Semangat,0.7645572423934937,1,Berapa Buka Kapan,0.7423794269561768
7608137233203217170,arjun._.raj7,adain jurusan cyber security dong min,0,0,5,Ada S2 Rpl,0.7835906147956848,0,Tidak Ada Jurusan,0.8073635101318359,1,Berapa Buka Kapan,0.7384986877441406
7603596578657698581,novaputriyanti5,"kak izin bertanya, kita nnti dapet buku ga ya",2,3,1,Berapa Buka Kapan,0.8288873434066772,7,Daftar Aku Sudah,0.7886583805084229,8,Dm Admin Halo,0.7880752682685852
7603712641860879125,einaafets,"Engga ka, softcopy semuaa ya",0,0,26,Bismillah Depan Bismillahirrahmanirrahim,0.573189377784729,7,Daftar Aku Sudah,0.7730565071105957,4,Online Offline Full,0.7658299803733826
7603743810778039061,novaputriyanti5,tapi Almer dapet kan ya?,0,0,4,Online Offline Full,0.6626372337341309,2,Iya Kak Dong,0.6963735818862915,7,Daftar Aku Sudah,0.6710872650146484
7603744036663837461,einaafets,Almet beli terpisah 😊tp gak wajib beli juga kok..,0,0,4,Online Offline Full,0.6283531188964844,7,Daftar Aku Sudah,0.6012344360351562,12,Umur Yang Semangat,0.5934319496154785
7603812151044768520,billl.akhh,kak kalo mau daftar ada priode bulan khusus utk daftar sbg maba ga sih???,0,1,7,Daftar Aku Sudah,0.7371160984039307,1,Berapa Buka Kapan,0.8344171643257141,0,Tidak Ada Jurusan,0.8063973784446716
7604356174326219527,cantikaidaf,saat ini sudah dibuka kak pendaftaran untuk periode genap,0,0,6,Dibuka Saat Mahasiswa,0.7225974798202515,9,Id Ac Pmb,0.6143012046813965,1,Berapa Buka Kapan,0.6010420322418213
7603323809014711060,achaanyss,unsia masih buka pendaftaran sampai kapann?,0,2,1,Berapa Buka Kapan,0.7360128164291382,6,Dibuka Saat Mahasiswa,0.7877132892608643,9,Id Ac Pmb,0.7162624001502991
7603340084720468743,univsiberasia,"Hi Kak, sampa awal Maret masih dibuka ya pendaftarannya 🤗",0,0,6,Dibuka Saat Mahasiswa,0.8792777061462402,1,Berapa Buka Kapan,0.7778969407081604,7,Daftar Aku Sudah,0.7352383136749268
7610431841585857281,laalallainbali,Kak tapi di web yg reguler mentok di gel 7 maax 12 February,0,0,1,Berapa Buka Kapan,0.7241241931915283,4,Online Offline Full,0.7294562458992004,0,Tidak Ada Jurusan,0.6931013464927673
7602942250684318465,valexaadya,iii mauuu kesanaa minnn tapi jauhh,0,2,2,Iya Kak Dong,0.6982195377349854,7,Daftar Aku Sudah,0.7461822032928467,12,Umur Yang Semangat,0.721089243888855
7602966227413123848,univsiberasia,Huhu;( Kakak dari daerah mana nih?,1,0,15,Dimana Daerah Pjj,0.7733832597732544,1,Berapa Buka Kapan,0.6836787462234497,7,Daftar Aku Sudah,0.6784685850143433
7602988699089978129,valexaadya,"dari purwakarta kak, nanti mw daftar ke unsiaaa",0,0,0,Tidak Ada Jurusan,0.7758513689041138,7,Daftar Aku Sudah,0.8360365033149719,1,Berapa Buka Kapan,0.7747972011566162
7603177168868606741,elmiputra96,ini ada S2-nya gak ya?,1,1,5,Ada S2 Rpl,0.8779144287109375,0,Tidak Ada Jurusan,0.8651437759399414,1,Berapa Buka Kapan,0.8359388709068298
7603210462411621137,odeeunoia,belum yaaa doain tahun depan,1,0,7,Daftar Aku Sudah,0.725756049156189,26,Bismillah Depan Bismillahirrahmanirrahim,0.671730637550354,12,Umur Yang Semangat,0.6632835865020752
7603007748170597128,bookieschu,ada yg mau bareng ga bsk?,2,3,1,Berapa Buka Kapan,0.6822887063026428,7,Daftar Aku Sudah,0.717994213104248,4,Online Offline Full,0.671868085861206
7603562609870422800,xyyta_rii,"@Ririiii:aku masih cari"" info s1 manajemen",1,0,12,Umur Yang Semangat,0.7481399774551392,0,Tidak Ada Jurusan,0.7840152978897095,17,Informasi Informatika Akuntansi,0.714560866355896
7605062906334118673,rb.gunawan85,"sama nih, saya juga mau dftar manajemen",1,0,1,Berapa Buka Kapan,0.6829291582107544,7,Daftar Aku Sudah,0.7165565490722656,0,Tidak Ada Jurusan,0.6828076243400574
7603565421928825607,bookieschu,ayo bareng kak ke balai kartini,1,0,7,Daftar Aku Sudah,0.6867293119430542,10,Selalu Amin Semoga,0.6163514852523804,2,Iya Kak Dong,0.602747917175293
7605608343148118805,anaafifah231,Kok waktu itu ada wisudanya di Unas ya kak ?,0,1,1,Berapa Buka Kapan,0.7658300399780273,0,Tidak Ada Jurusan,0.7748152017593384,4,Online Offline Full,0.7700907588005066
7606325996576490248,univsiberasia,"Betul Kak, karena UNSIA masih satu yayasan dengan Unas🤗",0,0,5,Ada S2 Rpl,0.6702333688735962,16,100 Tugas Skripsi,0.7548723220825195,27,Pt Terakreditasi Ban,0.7526512145996094
7602982097757930247,stragazabell,ada jurusan teknik ga kak,0,1,0,Tidak Ada Jurusan,0.8740220069885254,5,Ada S2 Rpl,0.8411660194396973,1,Berapa Buka Kapan,0.7956719398498535
7603014089154167560,univsiberasia,"Hi Kak, di UNSIA memiliki 6 prodi ya, akuntansi, sistem informasi, informatika, manajemen, komunikasi, dan teknologi informasi🤗🤗",0,0,17,Informasi Informatika Akuntansi,0.9368340969085693,27,Pt Terakreditasi Ban,0.7008797526359558,9,Id Ac Pmb,0.6835727095603943
7604635273829450504,m.tiaayxq_,BISAA DAFTAR OFFLINE GAA MINN MAU KESANA LANGSUNG NIEH,1,1,4,Online Offline Full,0.7924975752830505,1,Berapa Buka Kapan,0.8147120475769043,7,Daftar Aku Sudah,0.7930925488471985
7605099352013308693,einaafets,"Ga bisaa, tp main aja ke kampus ka 😁",0,0,1,Berapa Buka Kapan,0.6622155904769897,7,Daftar Aku Sudah,0.7287728786468506,12,Umur Yang Semangat,0.724406361579895
7603400743563002631,happyfit0211,Aku SMA lulusan thn 2010 mau kuliah masih bisa gaksih min😌😌,0,1,0,Tidak Ada Jurusan,0.8163713216781616,1,Berapa Buka Kapan,0.7934560775756836,12,Umur Yang Semangat,0.7502650618553162
7603618548888863496,univsiberasia,Masih bisa dong Kakak🤩,0,0,2,Iya Kak Dong,0.8122888207435608,7,Daftar Aku Sudah,0.7618802189826965,8,Dm Admin Halo,0.715949296951294
7613733971193479954,srvnaandinn,pengen daftar jurusan ilmu komunikasi kaaaa,0,1,0,Tidak Ada Jurusan,0.8065313696861267,17,Informasi Informatika Akuntansi,0.771536648273468,5,Ada S2 Rpl,0.7616320848464966
7613746753972339464,univsiberasia,Wahh Gasss daftar Kak Andinn🤩,0,0,7,Daftar Aku Sudah,0.7876855731010437,11,Terima Kasih Salam,0.7918943762779236,2,Iya Kak Dong,0.7310512065887451
7630696305358717703,cecinacan,infol thun ini s1 sistem informasi,0,0,0,Tidak Ada Jurusan,0.6511452198028564,17,Informasi Informatika Akuntansi,0.7555255889892578,5,Ada S2 Rpl,0.6291998624801636
7602945431510008596,choasahi,kalo jurusan informatika sama sistem informasi dapet gelar apa? S T atau S Kom,0,2,17,Informasi Informatika Akuntansi,0.70936119556427,0,Tidak Ada Jurusan,0.7379467487335205,5,Ada S2 Rpl,0.681870698928833
7602966348440027922,univsiberasia,"Hi Kak, untuk gelar S.Kom ya Kak nanti",0,0,6,Dibuka Saat Mahasiswa,0.762434720993042,8,Dm Admin Halo,0.7964192628860474,7,Daftar Aku Sudah,0.7874014377593994
7603562663964148497,xyyta_rii,"@Ririiii:aku masih cari"" info s1 manajemen",1,0,12,Umur Yang Semangat,0.7481399774551392,0,Tidak Ada Jurusan,0.7840152978897095,17,Informasi Informatika Akuntansi,0.714560866355896
7602941168003990280,zee23____,Acarnya sampe jam berapa ka?,0,1,1,Berapa Buka Kapan,0.7478801608085632,15,Dimana Daerah Pjj,0.7505080699920654,7,Daftar Aku Sudah,0.6731626987457275
7602966129383899911,univsiberasia,"Sampai jam 15.00, yuk yuk yuk ajak teman kamu yaa Kak🤩",0,0,2,Iya Kak Dong,0.5566391944885254,7,Daftar Aku Sudah,0.6687964200973511,8,Dm Admin Halo,0.6594510078430176
7604406053980095252,iklimaamliya09,"@Ririiii:aku masih cari"" info s1 manajemen",0,0,12,Umur Yang Semangat,0.7481399774551392,0,Tidak Ada Jurusan,0.7840152978897095,17,Informasi Informatika Akuntansi,0.714560866355896
7603460271290008327,simikhaaa,tadinya mau hukum min tapi belum ada yaudah menejemen aja,1,0,5,Ada S2 Rpl,0.6569156050682068,12,Umur Yang Semangat,0.6984536647796631,7,Daftar Aku Sudah,0.6714572310447693
7603263069279879954,4nnaa02,tunggu taunn depannn eaaa,0,0,7,Daftar Aku Sudah,0.6912299990653992,26,Bismillah Depan Bismillahirrahmanirrahim,0.6940774321556091,10,Selalu Amin Semoga,0.6829755306243896
7603562528882819857,xyyta_rii,"@Ririiii:aku masih cari"" info s1 manajemen",0,0,12,Umur Yang Semangat,0.7481399774551392,0,Tidak Ada Jurusan,0.7840152978897095,17,Informasi Informatika Akuntansi,0.714560866355896
7610282993747886869,revinazzh,kak kapan ke kampus ambil almet ?,2,3,0,Tidak Ada Jurusan,0.7581577301025391,15,Dimana Daerah Pjj,0.7837783098220825,7,Daftar Aku Sudah,0.7773858308792114
7643421016358306581,pmycslw,Biaya almet dll berapa si😭,0,0,1,Berapa Buka Kapan,0.6723226308822632,22,Biayanya Berapa Biaya,0.7483322620391846,15,Dimana Daerah Pjj,0.662445068359375
7610287903780045588,sulyani.putri,😌😌,0,0,3,Menyimak Nrrjml Binus,0.995229959487915,21,Nitip Nitipp Kabarin,0.6757673621177673,2,Iya Kak Dong,0.6486166715621948
7610811279511044882,riskamawati.p,disini anak komunikasi~😋🫶🏻,14,5,17,Informasi Informatika Akuntansi,0.5165905952453613,18,100 Universitas Siber,0.6379638910293579,3,Menyimak Nrrjml Binus,0.5966943502426147
7636108990951572242,jsyllk,aww,1,0,2,Iya Kak Dong,0.6613894701004028,3,Menyimak Nrrjml Binus,0.7628530263900757,21,Nitip Nitipp Kabarin,0.6744779944419861
7638277941524906770,ruisen77,halo kak 👋,0,0,8,Dm Admin Halo,0.7662204504013062,11,Terima Kasih Salam,0.7771275043487549,2,Iya Kak Dong,0.7636499404907227
7638287288027644679,riskamawati.p,halo 😚,0,0,8,Dm Admin Halo,0.5004382729530334,3,Menyimak Nrrjml Binus,0.771192193031311,21,Nitip Nitipp Kabarin,0.7019187211990356
7612326428911469328,another.cruss,kak mau tau dong awal masuk harus bayar berapa dan /semester berapa??,0,0,1,Berapa Buka Kapan,0.8097426891326904,0,Tidak Ada Jurusan,0.7879120111465454,14,Dicicil 3Jt Biaya,0.7484166622161865
7610487204929962760,khadijah.safiyyah,kampus dimaaaana kak,2,2,0,Tidak Ada Jurusan,0.679318904876709,2,Iya Kak Dong,0.7800268530845642,15,Dimana Daerah Pjj,0.7670708894729614
7638505928404878101,dxyy11,ujian juga online?,1,0,4,Online Offline Full,0.7062654495239258,18,100 Universitas Siber,0.7460415363311768,2,Iya Kak Dong,0.6911430954933167
7634573344596165393,memskuy21,"kak kalau waktunya magang gimna, misal posisi lagi kerja diluar negeri",1,0,0,Tidak Ada Jurusan,0.7923871874809265,1,Berapa Buka Kapan,0.7742382287979126,4,Online Offline Full,0.7111414670944214
7641884934123602709,bunny59__,kalo tinggal di sumatera bisa gak ??,1,2,7,Daftar Aku Sudah,0.5990369319915771,5,Ada S2 Rpl,0.7134890556335449,0,Tidak Ada Jurusan,0.6881645917892456
7642163009444217608,univsiberasia,"Bisa banget dong Kak, karena UNSIA 100% fully online🤗",2,0,16,100 Tugas Skripsi,0.8738377094268799,4,Online Offline Full,0.8123810291290283,9,Id Ac Pmb,0.7593457698822021
7642636767560418068,bunny59__,yg mau lanjutin S1 dari D3 dah buka belum ya?,0,0,0,Tidak Ada Jurusan,0.7907229661941528,12,Umur Yang Semangat,0.7324894070625305,5,Ada S2 Rpl,0.7279922962188721
7610859121882432263,joererh,prodi apa saja dan Strata berapa,1,3,0,Tidak Ada Jurusan,0.7002552151679993,5,Ada S2 Rpl,0.6644559502601624,17,Informasi Informatika Akuntansi,0.6348243355751038
7611101036275303186,joererh,"kalau itu aku tahu, aku kan mahasiswa manajemen semester 5 sama mahasiswa SI semester 2, maksud ku prodi yang mau dibuka apa lagi, katanya TI dan Hukum ya?",1,0,0,Tidak Ada Jurusan,0.7826098799705505,12,Umur Yang Semangat,0.7605094909667969,17,Informasi Informatika Akuntansi,0.7591921091079712
7615586990147502865,yuda.alone,"Itu kan di VT ada bro, perhatikan baik-baik napah 😁",1,0,4,Online Offline Full,0.6486886739730835,12,Umur Yang Semangat,0.6493146419525146,15,Dimana Daerah Pjj,0.6484956741333008
7615613099488215815,joererh,"saya kan mahasiswa unsia prodi manajemen sama sistem informasi, udah tau, yang ga tau itu prodi yang mau dibuka",0,0,17,Informasi Informatika Akuntansi,0.7561508417129517,0,Tidak Ada Jurusan,0.7727406024932861,12,Umur Yang Semangat,0.7426176071166992
7610354053868323605,arimbyy7,pengennya sih adm bisnis tp blum ada ya 🥺,1,1,0,Tidak Ada Jurusan,0.713941216468811,12,Umur Yang Semangat,0.7479383945465088,4,Online Offline Full,0.7140038013458252
7610475717549507336,ppmbunsia,boleh manajemen atau akutansi Kak mirip2 loh,1,0,0,Tidak Ada Jurusan,0.7427449226379395,4,Online Offline Full,0.7273086309432983,5,Ada S2 Rpl,0.7245140075683594
7614666387085263636,omo_shiroi,"Halo kak, pendaftaran teknologi informasi belum bisa yaah?",0,2,6,Dibuka Saat Mahasiswa,0.833443284034729,1,Berapa Buka Kapan,0.7835536003112793,16,100 Tugas Skripsi,0.77210533618927
7614726476064195335,univsiberasia,"Hi Kakak, untuk pendaftaran prodi teknologi informasi akan dibuka di semester ganjil yahh🤗",0,0,6,Dibuka Saat Mahasiswa,0.9005464911460876,9,Id Ac Pmb,0.7954182624816895,16,100 Tugas Skripsi,0.7616735100746155
7614789593191777045,omo_shiroi,Semester ganjil pendaftarannya kapan ya kak?,0,0,1,Berapa Buka Kapan,0.8491616249084473,6,Dibuka Saat Mahasiswa,0.8086833953857422,0,Tidak Ada Jurusan,0.7880538105964661
7610454116564910869,afldh,pendaftaran tgl berpa kasi tau plisss,1,3,1,Berapa Buka Kapan,0.7363501787185669,7,Daftar Aku Sudah,0.7577214241027832,13,Info Bagaimana Cara,0.7399892807006836
7610457210598195976,univsiberasia,"Hai Kak, saat ini masih dibuka lhoo pendaftaran mahasiswa baru 🤩",0,0,6,Dibuka Saat Mahasiswa,0.8854253888130188,9,Id Ac Pmb,0.7538633346557617,16,100 Tugas Skripsi,0.7015473246574402
7610431529173713665,laalallainbali,Jalur reguler sudah di tutup kah ? Karna tadi cek yg open hanya transfer samma keerjasamma saja,1,3,1,Berapa Buka Kapan,0.7268920540809631,4,Online Offline Full,0.7046202421188354,19,Jalur Konversi Melalui,0.6875479817390442
7610457298616632082,univsiberasia,"Hi Kak, saat ini masih dibuka lho pendaftaran mahasiswa baru🤩",1,0,6,Dibuka Saat Mahasiswa,0.9027600288391113,9,Id Ac Pmb,0.7475008964538574,16,100 Tugas Skripsi,0.7223512530326843
7610457512781742849,laalallainbali,"Yg reguler gel 7 sampai 12 feb kak . Sissanya yg maasi open yg tranfer , atau aada cara laain buat daftar kaak ?",0,0,7,Daftar Aku Sudah,0.7377432584762573,1,Berapa Buka Kapan,0.763370156288147,4,Online Offline Full,0.7232317924499512
7610458073894994696,univsiberasia,Untuk informasi lebih detailnya silahkan DM ya Kakak🤗,0,0,8,Dm Admin Halo,0.7756791710853577,13,Info Bagaimana Cara,0.6786901950836182,1,Berapa Buka Kapan,0.6341793537139893
7638485427700417298,fahpatdawn,pendaftarannya dibuka kapan?,0,1,1,Berapa Buka Kapan,0.7499532699584961,13,Info Bagaimana Cara,0.7603003978729248,4,Online Offline Full,0.7137026786804199
7638517475865051911,univsiberasia,"Hi Kak, saat ini pendaftaran mahasiswa baru di UNSIA lagi dibuka lhoo🤩",0,0,6,Dibuka Saat Mahasiswa,0.9131295680999756,9,Id Ac Pmb,0.807196319103241,16,100 Tugas Skripsi,0.7569584846496582
7611969581850166036,buttercuppiey,pendaftaran terakhir bulan apa ya?,0,1,1,Berapa Buka Kapan,0.8231761455535889,15,Dimana Daerah Pjj,0.7486905455589294,0,Tidak Ada Jurusan,0.7357220649719238
7612511945670017810,univsiberasia,"Hi Kakak, pendaftaran dibuka sampai Maret nih🤗",0,0,6,Dibuka Saat Mahasiswa,0.8690673112869263,7,Daftar Aku Sudah,0.7550799250602722,1,Berapa Buka Kapan,0.7390004992485046
7610675337823421191,erika_ams,Modal 3 lembar,0,0,28,Juta 3Jt Serius,0.7385170459747314,22,Biayanya Berapa Biaya,0.5913025140762329,18,100 Universitas Siber,0.5416867733001709
7612182723826991880,keropiioo,"ka pendaftaran masih buka ga?, atau jalur mandiri gitu?",0,1,1,Berapa Buka Kapan,0.7873583436012268,19,Jalur Konversi Melalui,0.7865391373634338,4,Online Offline Full,0.7797815203666687
7612511958156690183,univsiberasia,"Hi, masih dibuka nih Kakak pendaftaran mahasiswa baru di UNSIA🤩",0,0,6,Dibuka Saat Mahasiswa,0.8594756126403809,9,Id Ac Pmb,0.7610605359077454,16,100 Tugas Skripsi,0.7182306051254272
7643446051118940936,afnibae_,"pengen banget tau info tntg kampus ini, pliss jelasin",0,1,7,Daftar Aku Sudah,0.6809905767440796,0,Tidak Ada Jurusan,0.665524423122406,12,Umur Yang Semangat,0.6601918339729309
7643834635743462162,univsiberasia,"Hai Kakak, untuk informasi lebih lengkapnya, boleh banget lho DM Mimin😊",0,0,8,Dm Admin Halo,0.8714897632598877,13,Info Bagaimana Cara,0.7268998622894287,7,Daftar Aku Sudah,0.7154182195663452
7612345331850347284,gabrieellaa0,masih bisa daftar g kak?,0,1,1,Berapa Buka Kapan,0.8533669710159302,13,Info Bagaimana Cara,0.7989820241928101,7,Daftar Aku Sudah,0.7975155711174011
7612511733572535058,univsiberasia,Hi masih dibuka nih Kakak pendaftaran mahasiswa baru di UNSIA🤩,0,0,6,Dibuka Saat Mahasiswa,0.8594756126403809,9,Id Ac Pmb,0.7610605359077454,16,100 Tugas Skripsi,0.7182306051254272
7616554527689671442,zizelllllll,buka sastra inggris pleaseee aku minat kalo ada sasing 😭,0,2,0,Tidak Ada Jurusan,0.7154262065887451,7,Daftar Aku Sudah,0.7171697020530701,5,Ada S2 Rpl,0.69562166929245
7616573383656030983,univsiberasia,"Wah Mimin nungguin juga nih, pleasee tunggu yaa😭",0,0,11,Terima Kasih Salam,0.7886559367179871,7,Daftar Aku Sudah,0.7414342164993286,8,Dm Admin Halo,0.7242738008499146
7636426069050376980,kyoci03,Iya bener minnn.. nunggu sasing😭,0,0,2,Iya Kak Dong,0.7444820404052734,7,Daftar Aku Sudah,0.722954273223877,11,Terima Kasih Salam,0.7154743671417236
7617572520120140552,_gna66,bisa s2 di unsia ga?,0,0,0,Tidak Ada Jurusan,0.8548985719680786,5,Ada S2 Rpl,0.8073487281799316,1,Berapa Buka Kapan,0.7285789847373962
7615484807737787154,mas.er1_,kabarin ya kalo udah ada prodi hukum,0,1,0,Tidak Ada Jurusan,0.7116904854774475,7,Daftar Aku Sudah,0.7481610178947449,1,Berapa Buka Kapan,0.6991227865219116
7616573518528267016,univsiberasia,"Wah banyak juga ya peminat prodi hukum😊, ditunggu ya Kak prodi baru selanjutnya di UNSIA",0,0,11,Terima Kasih Salam,0.7174185514450073,6,Dibuka Saat Mahasiswa,0.7966101169586182,9,Id Ac Pmb,0.7661228179931641
7621796807676298005,___oranglain,"Ka aku kan maba dan pembelajaran mulai April kan,nah tapi saya belum punya laptop.kebetulan mau beli di awal mei gimna ?",0,0,0,Tidak Ada Jurusan,0.7781331539154053,1,Berapa Buka Kapan,0.780145525932312,4,Online Offline Full,0.756297767162323
7611471899366130440,nyssisme,aku butuh S duaaaa😭,0,0,2,Iya Kak Dong,0.7069806456565857,15,Dimana Daerah Pjj,0.6261020302772522,24,Ilkom Ieu Balang,0.6257478594779968
7613808476373386002,username123ly,bismillah tahun depan!!!,0,1,26,Bismillah Depan Bismillahirrahmanirrahim,0.8948110342025757,10,Selalu Amin Semoga,0.6881839632987976,25,Semangat Wah Tetap,0.676921010017395
7613960051464667922,univsiberasia,"Aamiin, mimin tunggu yah Kak🤩🤩",1,0,11,Terima Kasih Salam,0.8367117643356323,8,Dm Admin Halo,0.778048574924469,10,Selalu Amin Semoga,0.7653577327728271
7610314180294640400,noviharyani16,almet nyabeda yaa,1,1,5,Ada S2 Rpl,0.6815897226333618,2,Iya Kak Dong,0.7597841024398804,24,Ilkom Ieu Balang,0.7279694080352783
7610458835552158471,univsiberasia,Ini almet Siswa yang hadir di booth UNSIA ya Kakak🤗,0,0,6,Dibuka Saat Mahasiswa,0.7350096106529236,9,Id Ac Pmb,0.6978504657745361,16,100 Tugas Skripsi,0.6934344172477722
7635901210885260050,well.oy,untuk sistem uts/uas nya online juga yah? atau offline?,0,0,4,Online Offline Full,0.8557165265083313,1,Berapa Buka Kapan,0.7920587658882141,16,100 Tugas Skripsi,0.7429686784744263
7630832715622056724,rrrskadjsu,prodi pendidikan ada g ka,0,0,0,Tidak Ada Jurusan,0.8419143557548523,5,Ada S2 Rpl,0.8441396951675415,1,Berapa Buka Kapan,0.7970642447471619
7610821288290288391,taurusstory_,S2 nya blm ada ya,1,0,5,Ada S2 Rpl,0.8421908617019653,0,Tidak Ada Jurusan,0.8109523057937622,1,Berapa Buka Kapan,0.7971943616867065
7640123623768802069,nofi.susilawati_,kasih aku rekomen dftr sini/ ut 😭,0,0,11,Terima Kasih Salam,0.6190224885940552,7,Daftar Aku Sudah,0.6745504140853882,8,Dm Admin Halo,0.628331184387207
7611567552897467153,himakom_unsia,Mantab sekali 🔥,2,0,-1,Mantab Uk Belakang,0.0,20,Betul Keren Banget,0.838650107383728,11,Terima Kasih Salam,0.677588939666748
7628484573227991826,sntaaaa_10,min ga ada prodi hukum yah😔,0,0,0,Tidak Ada Jurusan,0.8208972215652466,5,Ada S2 Rpl,0.8360636234283447,1,Berapa Buka Kapan,0.7631038427352905
7638156222344790802,exchorinawitha,"prodi hukum ada nggk kak?, dan saya bisa lanjut rpl kah? dl S1 Komunikasi UPN Surabaya, mau ambil hukum bisa?
dan Akreditasi nya apa ya?",1,0,5,Ada S2 Rpl,0.7287771701812744,0,Tidak Ada Jurusan,0.8367331027984619,1,Berapa Buka Kapan,0.7444248199462891
7630024256860848914,toko.elfatih,untuk lanjut dari D3 ke S1 bisa ga dan berapa biaya semester nya,0,0,0,Tidak Ada Jurusan,0.7858759164810181,14,Dicicil 3Jt Biaya,0.7335965633392334,1,Berapa Buka Kapan,0.7274889945983887
7626952151948018433,rzmaliaaa,"izin tanyaa ka, kalau wisuda dan ijazahnya nantii gmna kalau ga bisa ke kampusnyaa langsung?",0,0,0,Tidak Ada Jurusan,0.8170871138572693,1,Berapa Buka Kapan,0.8339167833328247,4,Online Offline Full,0.7599001526832581
7611774810297402132,danisphase,bayar biaya daftar ulang terakhir kapan yah?,0,5,1,Berapa Buka Kapan,0.7588189244270325,14,Dicicil 3Jt Biaya,0.6979421973228455,22,Biayanya Berapa Biaya,0.6846694946289062
7612511884285854472,univsiberasia,"Hi, masih dibuka nih Kakak pendaftaran mahasiswa baru di UNSIA🤩",1,0,6,Dibuka Saat Mahasiswa,0.8594756126403809,9,Id Ac Pmb,0.7610605359077454,16,100 Tugas Skripsi,0.7182306051254272
7614115920794288897,alvyi1,kak masih buka pendaftaran?,0,0,1,Berapa Buka Kapan,0.8004135489463806,6,Dibuka Saat Mahasiswa,0.7998371124267578,7,Daftar Aku Sudah,0.7847145795822144
7614461302320694023,nelissahara,Ada jurusan business administration gak ya?,0,0,0,Tidak Ada Jurusan,0.8679976463317871,5,Ada S2 Rpl,0.836139440536499,1,Berapa Buka Kapan,0.7711248397827148
7612512318530650900,danisphase,aku gelombang 7,0,0,1,Berapa Buka Kapan,0.46355268359184265,18,100 Universitas Siber,0.6536211967468262,2,Iya Kak Dong,0.6334806680679321
7610305754247824149,revinazzh,kak adain ospek ih biar seru,0,1,20,Betul Keren Banget,0.6075731515884399,7,Daftar Aku Sudah,0.7794612646102905,12,Umur Yang Semangat,0.7346930503845215
7612077954876932885,revinazzh,pensamaku apa ka?,0,0,15,Dimana Daerah Pjj,0.831915020942688,7,Daftar Aku Sudah,0.7308239936828613,2,Iya Kak Dong,0.7292712926864624
7614901959737574161,galllll17,setelah daftar dan dapet NIM sandi dll itu buat apa ya ka? udah coba login siakad tapi gabisa,0,1,1,Berapa Buka Kapan,0.7586295008659363,0,Tidak Ada Jurusan,0.6997492909431458,7,Daftar Aku Sudah,0.6995369791984558
7616573144900403975,univsiberasia,"Hi Kakak, SIAKAD bisa diakses setelah PENSAMAKU dilaksanakan yahh😊",0,0,6,Dibuka Saat Mahasiswa,0.8018693327903748,9,Id Ac Pmb,0.7564371824264526,16,100 Tugas Skripsi,0.7554686665534973
7610779925083128597,ceoofgabutnasional,anak manajemen hadir 😁🙏,2,1,10,Selalu Amin Semoga,0.532418966293335,18,100 Universitas Siber,0.7030385732650757,26,Bismillah Depan Bismillahirrahmanirrahim,0.6696118712425232
7611967143060095764,ceoofgabutnasional,"aamiin, makasih semangatnya ka🙏🥰",2,0,11,Terima Kasih Salam,0.8863421082496643,10,Selalu Amin Semoga,0.8404715061187744,25,Semangat Wah Tetap,0.7760131359100342
7612963432324858632,crynzyy,kak masih di buka ga pendaftarannya?,0,0,1,Berapa Buka Kapan,0.8730878829956055,6,Dibuka Saat Mahasiswa,0.8033186197280884,13,Info Bagaimana Cara,0.7918404936790466
7612795287451796245,jasapijatfavoritku,bedanya sm sistem informasi ap dek kalau boleh tau ?,0,0,0,Tidak Ada Jurusan,0.6890857219696045,15,Dimana Daerah Pjj,0.6849112510681152,5,Ada S2 Rpl,0.6834490299224854
7611856113454220039,mieayamluvt,tunggu aku taun depan yaa!!,1,0,11,Terima Kasih Salam,0.6813405752182007,7,Daftar Aku Sudah,0.7114511132240295,10,Selalu Amin Semoga,0.683305025100708
7611162332819096340,whos.caaa,ini full online kah kak kelasnya? aku pengen banget kuliah yg bisa sambil kerja huhu,0,1,0,Tidak Ada Jurusan,0.8206229209899902,12,Umur Yang Semangat,0.8294377326965332,4,Online Offline Full,0.8041583299636841
7611169676450415367,univsiberasia,"Betul banget dong Kak, UNSIA 100% full online learning🤗 jadi memudahkan Kakak yang mau kerja tapi mau sambil kuliah juga🤗",0,0,9,Id Ac Pmb,0.8016939163208008,16,100 Tugas Skripsi,0.8276371955871582,12,Umur Yang Semangat,0.8030153512954712
7610698096221504277,sucierahmah,please bikin program S2,0,0,5,Ada S2 Rpl,0.7533101439476013,18,100 Universitas Siber,0.7078535556793213,0,Tidak Ada Jurusan,0.7031289339065552
7610644745338422033,rezaamand_a,kak saya dah daftar dan lulus kapan ya dikirim almet nya,0,0,7,Daftar Aku Sudah,0.7714216709136963,1,Berapa Buka Kapan,0.8041465282440186,0,Tidak Ada Jurusan,0.752857506275177
7613760306239111944,semangatberproses0,bukaaaa S2 dong 😭,0,1,5,Ada S2 Rpl,0.7232323288917542,7,Daftar Aku Sudah,0.7272253632545471,2,Iya Kak Dong,0.7053532600402832
7613960430894138120,univsiberasia,"Ditunggu ya Kakak, Mimin juga nunggu nihh🤩",1,0,11,Terima Kasih Salam,0.8178954720497131,8,Dm Admin Halo,0.7504135966300964,7,Daftar Aku Sudah,0.7435916662216187
7600039723637195528,nuarlingga,tugas akhirnya itu skripsi atau apa min?,0,2,16,100 Tugas Skripsi,0.6899430751800537,0,Tidak Ada Jurusan,0.7339723110198975,5,Ada S2 Rpl,0.7087436318397522
7608094593737392904,univsiberasia,"Hi Kak, untuk tugas akhir menggunakan skripsi ya 🤩",1,0,16,100 Tugas Skripsi,0.8627308011054993,0,Tidak Ada Jurusan,0.7558560371398926,6,Dibuka Saat Mahasiswa,0.7356547713279724
7608095142172984071,nuarlingga,cuma skripsi aja min? ga ada opsi opsi lain ya?,0,0,5,Ada S2 Rpl,0.7332045435905457,4,Online Offline Full,0.7398802042007446,0,Tidak Ada Jurusan,0.7214784622192383
7599574250840113940,owinee_,tau hasil ujian seleksi kapan ya kak? ak baru kerjain ujiannya semalam,1,9,1,Berapa Buka Kapan,0.7442407608032227,4,Online Offline Full,0.7470667362213135,12,Umur Yang Semangat,0.7369494438171387
7599578975628133128,univsiberasia,Untuk hasilnya akan keluar 2 x 24 jam setelah selesai mengerjakan testnya ya Kak😊,1,0,1,Berapa Buka Kapan,0.6205447912216187,4,Online Offline Full,0.6558992862701416,14,Dicicil 3Jt Biaya,0.6374960541725159
7601028914702910226,originalreksa,lhoo samaaa,0,0,2,Iya Kak Dong,0.7928934097290039,20,Betul Keren Banget,0.7223734855651855,15,Dimana Daerah Pjj,0.6356496214866638
7599685496189371156,milham_mihikaww,bayar ukt nya nunggu daftar ulang ya kak?,0,0,1,Berapa Buka Kapan,0.7852860689163208,14,Dicicil 3Jt Biaya,0.8068890571594238,6,Dibuka Saat Mahasiswa,0.7612442970275879
7599921840412214036,owinee_,iyaaa kakk,0,0,2,Iya Kak Dong,0.8862804174423218,20,Betul Keren Banget,0.818972647190094,11,Terima Kasih Salam,0.7698267698287964
7599571736192090901,38hisb98,Dikampus ada perpus engga min?,0,3,5,Ada S2 Rpl,0.7157056331634521,1,Berapa Buka Kapan,0.6793444752693176,15,Dimana Daerah Pjj,0.6792376041412354
7599572081970578184,univsiberasia,Ada ya Kakak☺️,0,0,2,Iya Kak Dong,0.8583444356918335,7,Daftar Aku Sudah,0.7656353712081909,8,Dm Admin Halo,0.7649653553962708
7599715252935049992,edogusrifanytys,"min mau nanya, ada batas usia maksimal untuk jadi maba unsia?",0,0,1,Berapa Buka Kapan,0.7219821810722351,0,Tidak Ada Jurusan,0.7382878065109253,6,Dibuka Saat Mahasiswa,0.6810210347175598
7599882881942766343,univsiberasia,"Nggak ada batasan umur kok Kakak
Di UNSIA, yang penting semangat belajarnya, bukan usianya 🙌
Karena belajar itu nggak kenal umur, yang muda semangat, yang udah berpengalaman juga makin keren",0,0,12,Umur Yang Semangat,0.7619580030441284,9,Id Ac Pmb,0.6420131921768188,0,Tidak Ada Jurusan,0.6259138584136963
7603780363462132496,americano_girlll,kak jurusan hukum ada ga?,0,0,0,Tidak Ada Jurusan,0.8570252656936646,5,Ada S2 Rpl,0.8613056540489197,1,Berapa Buka Kapan,0.7697264552116394
7600594180927701781,mbohlah_blas,Prodi bahasa korea kapan dibuka mint?,0,0,0,Tidak Ada Jurusan,0.743556022644043,6,Dibuka Saat Mahasiswa,0.7279489040374756,1,Berapa Buka Kapan,0.6995443105697632
7599603353132253972,aron22018,min biasanya hasil seleksi untuk jalur konversi butuh waktu berapa hari baru keluar hasilnya? punyaku udah 2 Minggu belum keluar keluar🙏,4,1,1,Berapa Buka Kapan,0.6998400688171387,12,Umur Yang Semangat,0.6885591745376587,4,Online Offline Full,0.6879875659942627
7599646440076788500,ahnafmuhammadd,up,3,0,3,Menyimak Nrrjml Binus,0.9185839891433716,21,Nitip Nitipp Kabarin,0.697151780128479,2,Iya Kak Dong,0.6836460828781128
7599670556409103122,tulisterus,"ka adikku br lulusan sma bulan 4 ini, bingung kapan daftarnya , tunggu lulusan atau gimanaa?😳",0,1,13,Info Bagaimana Cara,0.6930170655250549,1,Berapa Buka Kapan,0.8205544948577881,0,Tidak Ada Jurusan,0.8137688636779785
7599883409998250759,univsiberasia,"Hi Kak, bisa mendaftar di semester ganjil ya, itu dibuka di bulan Agustus🤗",0,0,6,Dibuka Saat Mahasiswa,0.8551264405250549,1,Berapa Buka Kapan,0.798560619354248,0,Tidak Ada Jurusan,0.776592493057251
7599595869364765457,hasanaja45,"ada jurusan yg rpl ngk, sm biayanya brp",0,0,22,Biayanya Berapa Biaya,0.7189823389053345,0,Tidak Ada Jurusan,0.7874689102172852,1,Berapa Buka Kapan,0.7463343143463135
7599804254254269202,nuranisaaja_,Ka uas nya online juga ga ka?,0,2,4,Online Offline Full,0.8607127070426941,1,Berapa Buka Kapan,0.8399698734283447,0,Tidak Ada Jurusan,0.7854632139205933
7599882769493426951,univsiberasia,Betul banget dong Kak🤗,0,0,20,Betul Keren Banget,0.8954119682312012,2,Iya Kak Dong,0.7571214437484741,11,Terima Kasih Salam,0.739415168762207
7599933384132379400,nuranisaaja_,Ka ada magang/kkn ga ka?,0,0,1,Berapa Buka Kapan,0.8288514018058777,0,Tidak Ada Jurusan,0.8332270383834839,5,Ada S2 Rpl,0.8014247417449951
7603707198330405639,nonawav0,kakk dia kebingungan itu😭😭😭,0,0,3,Menyimak Nrrjml Binus,0.5532584190368652,2,Iya Kak Dong,0.7101498246192932,20,Betul Keren Banget,0.643079936504364
7599224276835123989,einaafets,LUCU BGT TOLONG🤣,0,0,20,Betul Keren Banget,0.8300719261169434,2,Iya Kak Dong,0.7123845815658569,11,Terima Kasih Salam,0.6011242866516113
7601764911965913874,acyardmm,itu klo test nya dh pasti keterima apa nga ka?,0,0,7,Daftar Aku Sudah,0.7576998472213745,4,Online Offline Full,0.784170389175415,1,Berapa Buka Kapan,0.7706727981567383
7599203273955345173,yulianieka123,😂,0,0,3,Menyimak Nrrjml Binus,0.995229959487915,21,Nitip Nitipp Kabarin,0.6757673621177673,2,Iya Kak Dong,0.6486166715621948
7599185139893584648,4nnaa02,😭😭😭,0,0,3,Menyimak Nrrjml Binus,0.995229959487915,21,Nitip Nitipp Kabarin,0.6757673621177673,2,Iya Kak Dong,0.6486166715621948
7599526736145629959,duuro__,min pendaftaran sdh tutup ya?,0,3,1,Berapa Buka Kapan,0.7786262035369873,6,Dibuka Saat Mahasiswa,0.7687827348709106,7,Daftar Aku Sudah,0.73721843957901
7599566872732320520,univsiberasia,Saat ini UNSIA masih membuka pendaftaran mahasiswa baru lho Kak🤩,0,0,6,Dibuka Saat Mahasiswa,0.8575916290283203,9,Id Ac Pmb,0.7871890068054199,27,Pt Terakreditasi Ban,0.6951831579208374
7599575523464364821,meatbal2nd,sampai kapan min?🙏🏻,0,0,1,Berapa Buka Kapan,0.6793435215950012,15,Dimana Daerah Pjj,0.7341263890266418,22,Biayanya Berapa Biaya,0.6976532936096191
7599578816823231250,univsiberasia,Pendaftaran dibuka sampai awal Maret ya Kak😊,0,0,6,Dibuka Saat Mahasiswa,0.8368775248527527,1,Berapa Buka Kapan,0.7450938820838928,7,Daftar Aku Sudah,0.7272477149963379
7599862373705237266,shut77_4,"saya dari mluku utara bsa ga ya kuliah disana, tkut krna jraknya jauh",0,3,0,Tidak Ada Jurusan,0.7934665083885193,1,Berapa Buka Kapan,0.736998438835144,5,Ada S2 Rpl,0.7056772708892822
7599882583405773576,univsiberasia,"Hi Kak, bisa banget dong. UNSIA menerapkan sistem perkuliahan secara online maka kakak bisa berkuliah dimana saja dan kapan saja. Nah UNSIA bisa menjadi tujuan kakak yg ingin kuliah sambil bekerja kak karena memang waktunya fleksibel dan bisa dilaksanakan kapanpun dan dimanapun🤩",1,0,9,Id Ac Pmb,0.8303449749946594,16,100 Tugas Skripsi,0.7135096788406372,27,Pt Terakreditasi Ban,0.7097408771514893
7601134890633413394,univsiberasia,"Hi Kak, bisa ya melalui jalur konversi",0,0,19,Jalur Konversi Melalui,0.9428322315216064,1,Berapa Buka Kapan,0.7644650340080261,8,Dm Admin Halo,0.7620248794555664
7601107013091885844,zukisaaaa,ekstensi dari d3 bisa kah kak?,0,0,0,Tidak Ada Jurusan,0.8381680250167847,5,Ada S2 Rpl,0.8118076920509338,1,Berapa Buka Kapan,0.8104287385940552
7599986270215013141,wishlistcheckout,kak kalau double degree bisa ?,0,2,0,Tidak Ada Jurusan,0.7808265686035156,5,Ada S2 Rpl,0.7695732116699219,4,Online Offline Full,0.7549842596054077
7599998633082372871,univsiberasia,Bisa dong Kak🤗,0,0,2,Iya Kak Dong,0.8299328684806824,8,Dm Admin Halo,0.7937266826629639,7,Daftar Aku Sudah,0.7721319198608398
7616278855187940117,i.love.you.aja,berarti UKT nya double dong?,0,0,1,Berapa Buka Kapan,0.6682212352752686,5,Ada S2 Rpl,0.7060788869857788,0,Tidak Ada Jurusan,0.6870162487030029
7599496662461956881,adysadewa46,apakah ada pmb gel 7 min?,0,1,5,Ada S2 Rpl,0.6999316215515137,1,Berapa Buka Kapan,0.688016414642334,0,Tidak Ada Jurusan,0.6709616184234619
7599566764348162823,univsiberasia,Ada ya Kak😊,0,0,2,Iya Kak Dong,0.8433409333229065,8,Dm Admin Halo,0.8281912803649902,7,Daftar Aku Sudah,0.8040438294410706
7599562801153524487,asriy19,hallo kak uang regis persemestr brpa ya,0,1,1,Berapa Buka Kapan,0.7890841960906982,14,Dicicil 3Jt Biaya,0.7458735704421997,13,Info Bagaimana Cara,0.7188603281974792
7599566958241219336,univsiberasia,"Hi Kak, hanya 100rb ya Kak biaya pendaftaran🤗",0,0,14,Dicicil 3Jt Biaya,0.7761024832725525,1,Berapa Buka Kapan,0.7390594482421875,13,Info Bagaimana Cara,0.732662558555603
7602302901821883156,zihnnz,pendaftaran nya msih ada?,0,1,1,Berapa Buka Kapan,0.747703492641449,13,Info Bagaimana Cara,0.7500852346420288,4,Online Offline Full,0.7410387396812439
7608094687010472712,univsiberasia,"Hi Kak, pendaftaran masih dibuka lhoo🤩",0,0,6,Dibuka Saat Mahasiswa,0.8704741597175598,8,Dm Admin Halo,0.7551597356796265,7,Daftar Aku Sudah,0.748676598072052
7599579726767866644,lihafariha,Gimna cara daftar ka,0,1,1,Berapa Buka Kapan,0.7802739143371582,13,Info Bagaimana Cara,0.8634216785430908,22,Biayanya Berapa Biaya,0.6937026381492615
7599587289609880328,univsiberasia,"Kakak bisa langsung daftar sekarang di pmb.unsia.ac.id, pilih jurusan favorit, dan mulai kuliah online fleksibel dari mana aja🤗",0,0,9,Id Ac Pmb,0.9071130752563477,6,Dibuka Saat Mahasiswa,0.7225440740585327,0,Tidak Ada Jurusan,0.7095905542373657
7601564970886890258,krndhrm,ka saya kalo mau pindahan bisa melalui mana ?,0,2,1,Berapa Buka Kapan,0.7919821739196777,19,Jalur Konversi Melalui,0.7674412131309509,15,Dimana Daerah Pjj,0.7312779426574707
7601572804631233288,univsiberasia,"Hi Kak, bisa melalui jalur konversi ya🤗",0,0,19,Jalur Konversi Melalui,0.9375621676445007,8,Dm Admin Halo,0.8077460527420044,1,Berapa Buka Kapan,0.7887786626815796
7601585700690248455,krndhrm,Kalau pindah dari semester 1 bisa ka saya mau pindah semester 2 tahun ini,0,0,0,Tidak Ada Jurusan,0.801017165184021,1,Berapa Buka Kapan,0.7925726175308228,14,Dicicil 3Jt Biaya,0.7364479303359985
7604516198203130631,cenath123,😂,0,0,3,Menyimak Nrrjml Binus,0.995229959487915,21,Nitip Nitipp Kabarin,0.6757673621177673,2,Iya Kak Dong,0.6486166715621948
7599145274871939860,an_nissaaaa,"ini kan 100% online ya kak kuliah nya, kalo ke kampus nya pada saat apa saja kak?
saat UAS dan wisuda saja atau bagaimana 🙏",0,3,0,Tidak Ada Jurusan,0.7655677795410156,4,Online Offline Full,0.7935642004013062,12,Umur Yang Semangat,0.7539637088775635
7599224740700734229,einaafets,"Namanya 100% online kak, gak perlu ke kampus2 😉 uas ujian wisuda smua by online aja~
Tp kalo mau main2 ke kampus ya bolee bgtt",1,0,4,Online Offline Full,0.7824833989143372,12,Umur Yang Semangat,0.787394642829895,16,100 Tugas Skripsi,0.6972414255142212
7610302742398206740,an_nissaaaa,ok kak makasih info nya,0,0,11,Terima Kasih Salam,0.8754258155822754,8,Dm Admin Halo,0.757015585899353,13,Info Bagaimana Cara,0.6959383487701416
7610319521220281108,einaafets,Tp klo wisuda bs pilih mau onsite/online,1,0,4,Online Offline Full,0.7882472276687622,1,Berapa Buka Kapan,0.6986672282218933,7,Daftar Aku Sudah,0.6900606751441956
7602870285373702933,amawa52,Klo magang gmn ya?,0,0,1,Berapa Buka Kapan,0.807462215423584,15,Dimana Daerah Pjj,0.7958542108535767,0,Tidak Ada Jurusan,0.78326815366745
7599128330818552584,maleo_99,untuk ujian bisa di rumah ga,0,1,4,Online Offline Full,0.7559458017349243,5,Ada S2 Rpl,0.6988439559936523,1,Berapa Buka Kapan,0.6940487623214722
7599142680254759698,univsiberasia,Bisa banget dong Kak🤗,0,0,2,Iya Kak Dong,0.8023838996887207,20,Betul Keren Banget,0.7659246921539307,8,Dm Admin Halo,0.7585396766662598
7598963413356495633,arhaz.rz,kapan buka pendaftaran lg kak?,0,1,1,Berapa Buka Kapan,0.8493998050689697,6,Dibuka Saat Mahasiswa,0.8085591793060303,7,Daftar Aku Sudah,0.801399290561676
7599142830447035144,univsiberasia,Saat ini UNSIA sedang membuka pendaftaran mahasiswa baru lho Kak🤩,0,0,6,Dibuka Saat Mahasiswa,0.85340416431427,9,Id Ac Pmb,0.7907085418701172,27,Pt Terakreditasi Ban,0.7098317742347717
7598996126742496008,ini.alexa01,umur 20 baru niat kuliah boleh ga ya daftar unsia😭,0,2,0,Tidak Ada Jurusan,0.8237626552581787,1,Berapa Buka Kapan,0.7765038013458252,6,Dibuka Saat Mahasiswa,0.7534637451171875
7599113819525038866,zaheirr_,"lah gua baru masuk, umur juga 20",0,0,0,Tidak Ada Jurusan,0.569927453994751,12,Umur Yang Semangat,0.6720693707466125,7,Daftar Aku Sudah,0.6266448497772217
7599347650018804488,ini.alexa01,alhamdulillah ada temen,0,0,26,Bismillah Depan Bismillahirrahmanirrahim,0.7795628905296326,2,Iya Kak Dong,0.6902273297309875,10,Selalu Amin Semoga,0.6747915744781494
7598515486042080021,nuy_242,Kampus utama unsia itu ada dmna ya min,0,1,15,Dimana Daerah Pjj,0.7874264717102051,0,Tidak Ada Jurusan,0.7842221260070801,1,Berapa Buka Kapan,0.7712335586547852
7598535058479825685,kunkunitaro,jakarta selatan kak,0,0,23,Jakarta Selatan Kota,0.7324724197387695,28,Juta 3Jt Serius,0.5207961797714233,18,100 Universitas Siber,0.5197895765304565
7636817648902750996,xiaojunrvld,pliss bantu rekomen better ut / unsia?,2,3,1,Berapa Buka Kapan,0.6051661968231201,11,Terima Kasih Salam,0.7059861421585083,10,Selalu Amin Semoga,0.6950157880783081
7656337532796617493,yyyyyyhykpncdz,plss sama bingung,0,0,2,Iya Kak Dong,0.7193641066551208,20,Betul Keren Banget,0.6476819515228271,21,Nitip Nitipp Kabarin,0.6418606042861938
7642128011697210130,tteteh9,unsia ga seribet ut,0,0,5,Ada S2 Rpl,0.6898348331451416,18,100 Universitas Siber,0.7504446506500244,24,Ilkom Ieu Balang,0.6972142457962036
7640761346526577416,cappuonzz,unsia walaupun harganya lebih tinggi tpi lebih fleksibel aja,0,0,5,Ada S2 Rpl,0.6088253259658813,4,Online Offline Full,0.6060754656791687,12,Umur Yang Semangat,0.5964373350143433
7608588901284004609,rb.gunawan85,"Maju mundur masuk Unsia, bingung mau UNSIA atau GLOBAL MULIA, Please komen yang",2,1,0,Tidak Ada Jurusan,0.7100045084953308,18,100 Universitas Siber,0.6972177624702454,12,Umur Yang Semangat,0.6966696977615356
7613371156095615752,vivianstar888,unsia aj,0,0,18,100 Universitas Siber,0.7438201904296875,3,Menyimak Nrrjml Binus,0.7433288097381592,2,Iya Kak Dong,0.7041202187538147
7614471294529504018,zaoliz,maaf mau nanya test masuk kuliah nya apa aja ya 😭 terus test nya online atau offline 😭,1,1,4,Online Offline Full,0.7633017897605896,0,Tidak Ada Jurusan,0.7851717472076416,1,Berapa Buka Kapan,0.7827675342559814
7615064262969869057,nengginaaaaa,online kak tes nya,1,0,4,Online Offline Full,0.8053281903266907,7,Daftar Aku Sudah,0.7851656675338745,13,Info Bagaimana Cara,0.7759503126144409
7599611109485970193,firaaaa.22,kaaaa Kenapa aku baru daftar tapi malah ada tulisan nik sudah terdaftar 1 kali padahal aku mau bayar biaya pendaftaran mau lanjut tapi g bisa,0,3,1,Berapa Buka Kapan,0.7214666604995728,12,Umur Yang Semangat,0.6970816254615784,0,Tidak Ada Jurusan,0.6831799745559692
7599926962652070657,firaaaa.22,saya barusan daftar reguler gelombang 6 apakah langsung bisa daftar beasiswa kipk? atau nunggu lulus baru daftar,0,0,7,Daftar Aku Sudah,0.6298889517784119,1,Berapa Buka Kapan,0.7491054534912109,0,Tidak Ada Jurusan,0.7490156292915344
7599905105211147026,univsiberasia,"Hi Kak, pendaftaran beasiswa KIP melalui website resmi kemdiktisaintek https://kip-kuliah.kemdiktisaintek.go.id/ yang kemudian bakal calonnya akan diseleksi dan ditentukan oleh perguruan tinggi berdasarkan kuota dan jadwal periode pembukaan yang ditetapkan oleh LLDIKTI😊",0,0,9,Id Ac Pmb,0.7335124015808105,6,Dibuka Saat Mahasiswa,0.6537253856658936,27,Pt Terakreditasi Ban,0.6431341767311096
7600788587245077255,546iol,ini bisa kuliah online kah,1,3,4,Online Offline Full,0.7919673919677734,5,Ada S2 Rpl,0.7879857420921326,0,Tidak Ada Jurusan,0.7755625247955322
7600792884505723655,univsiberasia,"KAK, UNSIA 100% full online🤗",1,0,18,100 Universitas Siber,0.8608494997024536,16,100 Tugas Skripsi,0.7353937029838562,4,Online Offline Full,0.7001273036003113
7602164912270017297,sylvia_manohara,Wisuda nya gimana kak? Online juga kh,0,0,1,Berapa Buka Kapan,0.8632333278656006,4,Online Offline Full,0.8358395099639893,0,Tidak Ada Jurusan,0.8063451051712036
7602196006139446023,univsiberasia,wisuda dilaksanakan secara hybrid ya Kakak,0,0,6,Dibuka Saat Mahasiswa,0.7424170970916748,10,Selalu Amin Semoga,0.7174810171127319,4,Online Offline Full,0.7136598825454712
7599229692826092304,ci45666,masuk UNSIA pake nilai apa ya,0,0,0,Tidak Ada Jurusan,0.8364601135253906,1,Berapa Buka Kapan,0.7949241399765015,5,Ada S2 Rpl,0.7617700099945068
7599293785646547732,th_v222,hallo min mau daftar please persyaratan berkas dll apa ya 🙏,2,1,1,Berapa Buka Kapan,0.800658106803894,0,Tidak Ada Jurusan,0.761225700378418,13,Info Bagaimana Cara,0.7487395405769348
7599508094997873416,kkaluela,nitipp,0,0,21,Nitip Nitipp Kabarin,0.9220758676528931,2,Iya Kak Dong,0.7354280948638916,3,Menyimak Nrrjml Binus,0.7320672273635864
7625183419434058516,aininur712,ini bisa full online ga yaaa😭,0,2,4,Online Offline Full,0.83814537525177,1,Berapa Buka Kapan,0.7939342260360718,5,Ada S2 Rpl,0.7487051486968994
7625479438800945938,univsiberasia,"Hi Kak, UNSIA menerapkan sistem perkuliahan secara online maka kakak bisa berkuliah dimana saja dan kapan saja. Nah UNSIA bisa menjadi tujuan kakak yg ingin kuliah sambil bekerja kak karena memang waktunya fleksibel dan bisa dilaksanakan kapanpun dan dimanapun🤩",0,0,9,Id Ac Pmb,0.8267144560813904,27,Pt Terakreditasi Ban,0.6959414482116699,16,100 Tugas Skripsi,0.6876761317253113
7625482657527612180,aininur712,wahhh bisa bnget untuk yang kerjanya full time ya😭,0,0,0,Tidak Ada Jurusan,0.6789067387580872,12,Umur Yang Semangat,0.7260494232177734,4,Online Offline Full,0.6868518590927124
7599211975196951312,inun_194,"halo ka, kalo daftar sekarang mulai pembelajaran nya kapan?",1,1,7,Daftar Aku Sudah,0.7905369997024536,1,Berapa Buka Kapan,0.8087172508239746,6,Dibuka Saat Mahasiswa,0.7849385738372803
7599214140901540626,univsiberasia,"Hi Kak, perkuliahan akan dimulai di bulan April yah🤗",1,0,6,Dibuka Saat Mahasiswa,0.8752481937408447,9,Id Ac Pmb,0.7538254261016846,16,100 Tugas Skripsi,0.7373719215393066
7637031710614340373,costa.mariano.hen,"saya sudah Banga jadi sala satu Mahasiswa dari UNSIA
Saya dari Timor Leste",0,0,0,Tidak Ada Jurusan,0.6572308540344238,12,Umur Yang Semangat,0.6549750566482544,27,Pt Terakreditasi Ban,0.6318092346191406
7641969852933423892,keepcalm130998,"AQ Lulusan UT untuk daftar S2 di UNSIA gmna kak
apa saja persyaratannya",0,0,6,Dibuka Saat Mahasiswa,0.7343337535858154,0,Tidak Ada Jurusan,0.83748459815979,1,Berapa Buka Kapan,0.7869709134101868
7599286265897157397,anslzhrrr,smpai gelombang brp dan ttup bln apa kak pendaftarannya?,1,2,1,Berapa Buka Kapan,0.811823844909668,0,Tidak Ada Jurusan,0.723006010055542,13,Info Bagaimana Cara,0.7051889896392822
7599321099013980946,univsiberasia,Pendaftaran dibuka sampai awal Maret ya Kakak🤩,0,0,6,Dibuka Saat Mahasiswa,0.836834192276001,9,Id Ac Pmb,0.7246187329292297,1,Berapa Buka Kapan,0.7234002351760864
7599293437628400405,th_v222,nitip,1,0,21,Nitip Nitipp Kabarin,0.9735068678855896,3,Menyimak Nrrjml Binus,0.7572670578956604,2,Iya Kak Dong,0.7146409749984741
7642536428174492434,bintavers_tiwi28,bismillah unsia tahun depan🥺😊,0,0,26,Bismillah Depan Bismillahirrahmanirrahim,0.8425151109695435,10,Selalu Amin Semoga,0.729613721370697,18,100 Universitas Siber,0.6921527981758118
7628993010391794452,user1371881312632,Ka aku dibsi mau pindah ke unsia baru semester 2 bisa g,0,0,0,Tidak Ada Jurusan,0.8568065166473389,1,Berapa Buka Kapan,0.8244407176971436,16,100 Tugas Skripsi,0.7761242389678955
7639351239113999122,themaestro_11,Min s1 akuntansi apakah bisa rpl pindahan dari kampus lain ?,0,0,0,Tidak Ada Jurusan,0.7786297798156738,5,Ada S2 Rpl,0.698480486869812,1,Berapa Buka Kapan,0.6533430218696594
7625266809029018376,meeey.me,min pendaftaran uda di tutup yaaa???,0,1,1,Berapa Buka Kapan,0.7604403495788574,6,Dibuka Saat Mahasiswa,0.7575501203536987,7,Daftar Aku Sudah,0.714176595211029
7625478633687565063,univsiberasia,"Hi Kak, Saat ini untuk pendaftaran mahasiswa baru sudah ditutup nih Kakak. Namun, jangan khawatir dibuka kembali di semester ganjil yaa yaitu di bulan Juni🤗",1,0,6,Dibuka Saat Mahasiswa,0.8637482523918152,9,Id Ac Pmb,0.76323401927948,27,Pt Terakreditasi Ban,0.69658362865448
7632622032394109714,gregoriusherz05,min pendaftaran udah di tutup??,0,0,1,Berapa Buka Kapan,0.7113186120986938,6,Dibuka Saat Mahasiswa,0.7006075382232666,13,Info Bagaimana Cara,0.6884430646896362
7644880159154242324,hideeeeeee23,Infokan UKT,0,0,13,Info Bagaimana Cara,0.6049922704696655,18,100 Universitas Siber,0.6595622897148132,3,Menyimak Nrrjml Binus,0.6518228054046631
7604476722188223249,ferianggarzm,kak mulai kapan ya gelombang 4 ini perkuliahan nya,0,0,6,Dibuka Saat Mahasiswa,0.782355010509491,1,Berapa Buka Kapan,0.8008421063423157,0,Tidak Ada Jurusan,0.7756319642066956
7599206363336262417,byeonwooseok39,Kk lirik dm aku🙏🏻,0,1,8,Dm Admin Halo,0.6834288835525513,2,Iya Kak Dong,0.6975072026252747,7,Daftar Aku Sudah,0.6470929980278015
7599206894426653458,univsiberasia,Otw Kak🚴🏼‍♂️,1,0,2,Iya Kak Dong,0.7910094261169434,21,Nitip Nitipp Kabarin,0.7264485359191895,11,Terima Kasih Salam,0.6823193430900574
7602717320432796437,casheri19,apakah ada jurusan psikologi,0,0,5,Ada S2 Rpl,0.8075820207595825,0,Tidak Ada Jurusan,0.7656792402267456,15,Dimana Daerah Pjj,0.7124741673469543
7599206311633388296,llxhss_,min kpn gelombang 1 2026 bukanya,0,1,1,Berapa Buka Kapan,0.7604860067367554,5,Ada S2 Rpl,0.7008058428764343,4,Online Offline Full,0.6990951299667358
7599207349992129287,univsiberasia,Saat ini UNSIA masih membuka pendaftaran mahasiswa baru lho Kak🤩,0,0,6,Dibuka Saat Mahasiswa,0.8575916290283203,9,Id Ac Pmb,0.7871890068054199,27,Pt Terakreditasi Ban,0.6951831579208374
7602879008292668178,zycnzaa,Min ini pendaftaran nya sampai bulan berapa ya,0,0,1,Berapa Buka Kapan,0.8567380309104919,13,Info Bagaimana Cara,0.7504276037216187,0,Tidak Ada Jurusan,0.7462536096572876
7601793554822513415,cacaa1112_,"Ka aku mau lanjut S2, klo tesis online apa offline?",0,0,0,Tidak Ada Jurusan,0.8575301170349121,1,Berapa Buka Kapan,0.7891782522201538,4,Online Offline Full,0.7849557399749756
7603252271463727880,benawangs,"mending d ut,negeri,ptnbh,akreditasi A",3,7,0,Tidak Ada Jurusan,0.7403592467308044,5,Ada S2 Rpl,0.71037757396698,4,Online Offline Full,0.6797868013381958
7631897542544458516,ayudewadanu,aku di UT ambil bahasa inggris di unsia management 😁,0,0,0,Tidak Ada Jurusan,0.7576442360877991,16,100 Tugas Skripsi,0.7090380191802979,9,Id Ac Pmb,0.6692037582397461
7634157430802006805,hilobaby7,Pusing ga kak? Aku mau ngambil 2 jurusan juga tp takut kelabakan soalnya smbil kerja,0,0,0,Tidak Ada Jurusan,0.8047845363616943,12,Umur Yang Semangat,0.8268460035324097,1,Berapa Buka Kapan,0.7423893809318542
7636573329751933697,ayudewadanu,enggak ka... aku suka sama jurusan yg ku pilih soalnya,0,0,0,Tidak Ada Jurusan,0.7720233798027039,12,Umur Yang Semangat,0.7572382092475891,7,Daftar Aku Sudah,0.7285014390945435
7636568108553159431,hallobrow20,enak dimana ka😭,0,0,15,Dimana Daerah Pjj,0.8388182520866394,2,Iya Kak Dong,0.8030121326446533,7,Daftar Aku Sudah,0.7100415825843811
7636573203201065744,ayudewadanu,Aku suka dua duanya....,0,0,2,Iya Kak Dong,0.7217844724655151,20,Betul Keren Banget,0.7248989939689636,11,Terima Kasih Salam,0.5917555093765259
7634322269729063700,ayudewadanu,gak ka... aku ibu rumah tangga... urus rumah sama urus usaha sndri .. kuliah doble degree 😁😁,0,0,0,Tidak Ada Jurusan,0.6595073342323303,12,Umur Yang Semangat,0.7157233953475952,7,Daftar Aku Sudah,0.6132674217224121
7608856819155419911,jongeheer,kelasss browww🚀🚀,0,0,2,Iya Kak Dong,0.7341552972793579,20,Betul Keren Banget,0.7363623380661011,25,Semangat Wah Tetap,0.6828802824020386
7599181303175217940,lisa_siregar.03,Aku terlambat tau🥹 Jadinya tahun ini baru daftar🫢,0,1,7,Daftar Aku Sudah,0.7338937520980835,12,Umur Yang Semangat,0.7317119240760803,4,Online Offline Full,0.6624597907066345
7599183677704536853,lisa_siregar.03,UNSIA sangat membantu kami para perantau di Malaysia jadi bisa Kuliah sambil kerja🥰🥰 Keinginan kuliah 5 tahun lalu yg sudah terkubur akhirnya dapat tercapai di tahun ini🤗😇Tiada kata terlambat untuk memulai kuliah💪,1,0,0,Tidak Ada Jurusan,0.5670715570449829,12,Umur Yang Semangat,0.6471255421638489,10,Selalu Amin Semoga,0.6380486488342285
7600347030821667600,vinamlnii_,unsia untuk thn ini buka pendaftaran sampe bulan apa kak? mohon dijawab ya kk,0,1,1,Berapa Buka Kapan,0.8187477588653564,6,Dibuka Saat Mahasiswa,0.8704429864883423,9,Id Ac Pmb,0.806984543800354
7600353112729518856,univsiberasia,"Hi Kak, sampai awal Maret ya Ka",1,0,6,Dibuka Saat Mahasiswa,0.7861793637275696,8,Dm Admin Halo,0.776147186756134,7,Daftar Aku Sudah,0.7300752997398376
7595588418064646930,limafebruary51,ka ini kelas reguler yaa gk ada kelas karyawannya?,1,1,1,Berapa Buka Kapan,0.7465955018997192,4,Online Offline Full,0.7639411687850952,0,Tidak Ada Jurusan,0.7466626167297363
7595594353294082834,ikutikutan,"Sama semua kakk, ini seperti kuliah karyawan kok kuliahnya gak setiap hari bisa kapan aja di mana aja 😍",1,0,9,Id Ac Pmb,0.7056323885917664,12,Umur Yang Semangat,0.7716025710105896,4,Online Offline Full,0.727939248085022
7598159108382130964,ria_na.s,Muncul lah wahai marketing UNSIA bantu tuntun saya mendaftar jalur konversi😭,1,2,0,Tidak Ada Jurusan,0.6215090751647949,16,100 Tugas Skripsi,0.6599889397621155,18,100 Universitas Siber,0.6385319232940674
7598493107831030546,univsiberasia,"Hai Kak, yuk Mimin tuntun cara daftarnya🤩",1,0,13,Info Bagaimana Cara,0.7886041402816772,8,Dm Admin Halo,0.7959572076797485,7,Daftar Aku Sudah,0.7415952682495117
7598481658282869512,ikutikutan,Halo kak cek dm ya😍,0,0,8,Dm Admin Halo,0.9048978090286255,11,Terima Kasih Salam,0.7162951827049255,7,Daftar Aku Sudah,0.701528787612915
7595562370983330580,vanidanurul7,Kak sampe bulan berapa di tutup pendaftaran nya? Aku blum siap klo tanggal 15 januari huhu jd ga daftar skrgg bakalan ada lagi ga yaa dibulan berikutnya u/ pendaftaran nya,1,4,1,Berapa Buka Kapan,0.779331624507904,12,Umur Yang Semangat,0.7351049184799194,7,Daftar Aku Sudah,0.7325717210769653
7595842864480142088,univsiberasia,"Halo Kak, pendaftaran dibuka sampai bulan Maret ya🤗",2,0,6,Dibuka Saat Mahasiswa,0.8795680999755859,1,Berapa Buka Kapan,0.7607702612876892,8,Dm Admin Halo,0.7369215488433838
7597639657572057863,kyyadi8,pgen daftar nmr ap yg bsa d hub,0,2,1,Berapa Buka Kapan,0.6081798076629639,13,Info Bagaimana Cara,0.5749152302742004,15,Dimana Daerah Pjj,0.5726662874221802
7598493250730738450,univsiberasia,Bisa DM Mimin ya Kak,0,0,8,Dm Admin Halo,0.8824546337127686,1,Berapa Buka Kapan,0.7270874381065369,13,Info Bagaimana Cara,0.7170859575271606
7596772953221989140,gen.z2606,mau daftar bisa lewat mana ya,0,3,1,Berapa Buka Kapan,0.8041985034942627,15,Dimana Daerah Pjj,0.7567934989929199,13,Info Bagaimana Cara,0.7439211010932922
7598493352006959880,univsiberasia,Bisa melalui website resmi UNSIA ya Kak di pmb.unsia.ac.id 😊,0,0,9,Id Ac Pmb,0.8541088104248047,6,Dibuka Saat Mahasiswa,0.7476427555084229,16,100 Tugas Skripsi,0.705433189868927
7598794563520332564,gen.z2606,berati masih buka pendaftaran ya kak,0,0,1,Berapa Buka Kapan,0.8257391452789307,6,Dibuka Saat Mahasiswa,0.8280472755432129,7,Daftar Aku Sudah,0.794297456741333
7598867994056884999,univsiberasia,Betul bangettt🤩,1,0,20,Betul Keren Banget,0.8876440525054932,2,Iya Kak Dong,0.7132380604743958,11,Terima Kasih Salam,0.6250259876251221
7595475496537162503,sofhaljemil,Pendaftaran di tutup sampai bulan berapa tanggal berapa?,0,2,1,Berapa Buka Kapan,0.7518479824066162,4,Online Offline Full,0.6881994009017944,13,Info Bagaimana Cara,0.6729159355163574
7595554359141106450,sukminecloud_05,gelombang 5 hari ini tutup,0,0,1,Berapa Buka Kapan,0.45184388756752014,18,100 Universitas Siber,0.5814372301101685,26,Bismillah Depan Bismillahirrahmanirrahim,0.5733345746994019
7595493020058567445,einaafets,Jalur Reguler 25 maret kak kl sesuai kaldik sih😁,0,0,6,Dibuka Saat Mahasiswa,0.7284201383590698,1,Berapa Buka Kapan,0.7629562616348267,19,Jalur Konversi Melalui,0.7609546184539795
7598401786966524690,georjenous.6,pendaftaran nya dibukaa kapan yaa minn?,0,3,1,Berapa Buka Kapan,0.8529141545295715,13,Info Bagaimana Cara,0.7861306667327881,6,Dibuka Saat Mahasiswa,0.7608187198638916
7598402332649014024,univsiberasia,"Hai Kak, saat ini sedang dibuka pendaftaran mahasiswa baru lho🤗",0,0,6,Dibuka Saat Mahasiswa,0.8777773380279541,9,Id Ac Pmb,0.7512840032577515,16,100 Tugas Skripsi,0.7100021839141846
7598481410865955591,ikutikutan,Kak cek dm yaaa😍,0,0,8,Dm Admin Halo,0.8665846586227417,7,Daftar Aku Sudah,0.6971186399459839,11,Terima Kasih Salam,0.69019615650177
7598436682773349128,georjenous.6,link pendaftaran nyaa miinnn,0,0,13,Info Bagaimana Cara,0.8332964181900024,1,Berapa Buka Kapan,0.7500858306884766,7,Daftar Aku Sudah,0.7497598528862
7597802418633736967,sshaarss,"kak, kalo misalkan mau pindah dari kampus sebelumnya ke univ ini, itu harus mulai dari awal ya?😭",2,3,0,Tidak Ada Jurusan,0.7637152075767517,1,Berapa Buka Kapan,0.7236351370811462,6,Dibuka Saat Mahasiswa,0.7029546499252319
7597818468504568583,univsiberasia,"Hi Kak, bisa melanjutkan melalui jalur konversi yahhh🤗",1,0,19,Jalur Konversi Melalui,0.9347890615463257,1,Berapa Buka Kapan,0.7781907320022583,8,Dm Admin Halo,0.7768811583518982
7596318464691094280,dheaa_107,kerja di malaysia bisa gk yah kuliah di unsia🥺,0,3,0,Tidak Ada Jurusan,0.8472737073898315,5,Ada S2 Rpl,0.7560492753982544,1,Berapa Buka Kapan,0.741461992263794
7596335265301807880,univsiberasia,Bisa banget dong. Karena UNSIA 100% full online🤩,2,0,16,100 Tugas Skripsi,0.8219529390335083,4,Online Offline Full,0.7893964648246765,18,100 Universitas Siber,0.7339351773262024
7597405706954556167,nfndn_7,Ini kaya ut kak?,1,0,1,Berapa Buka Kapan,0.5574840307235718,2,Iya Kak Dong,0.7715907096862793,20,Betul Keren Banget,0.6969786882400513
7597411945395192584,dheaa_107,🥰,0,0,3,Menyimak Nrrjml Binus,0.995229959487915,21,Nitip Nitipp Kabarin,0.6757673621177673,2,Iya Kak Dong,0.6486166715621948
7596250446678278919,sukanuliss_,"minn, pendaftarannya wajib punya ijazah smk ngga? punyaku masih belum bisa diambil huhuhuu🥲",0,1,1,Berapa Buka Kapan,0.7668797969818115,0,Tidak Ada Jurusan,0.7795453071594238,12,Umur Yang Semangat,0.7708982825279236
7598493420713476872,univsiberasia,"Wajib nih Kak, huhu;(",0,0,2,Iya Kak Dong,0.7996447086334229,7,Daftar Aku Sudah,0.7559496164321899,20,Betul Keren Banget,0.7540233135223389
7597674356282753799,repamoja,kk pendaftaran beasiswa dh tutup belum ya🥺,0,0,1,Berapa Buka Kapan,0.8162037134170532,6,Dibuka Saat Mahasiswa,0.8192291259765625,7,Daftar Aku Sudah,0.7801436185836792
7598997248550191890,ini.alexa01,gapyear boleh ga minn,0,1,2,Iya Kak Dong,0.745616614818573,7,Daftar Aku Sudah,0.7063948512077332,5,Ada S2 Rpl,0.6859512329101562
7599142591338119944,univsiberasia,Boleh dong Kak🤩,0,0,2,Iya Kak Dong,0.839853823184967,8,Dm Admin Halo,0.808687150478363,7,Daftar Aku Sudah,0.8002200126647949
7600724607934513928,albertin_santi,Bisa gk ya double degree?,1,0,0,Tidak Ada Jurusan,0.6945045590400696,5,Ada S2 Rpl,0.7374478578567505,4,Online Offline Full,0.6749616861343384
7603272922471400199,benawangs,"mendingan d UT Perguruan Tinggi Negeri PTNBH,Akreditasi A",0,0,0,Tidak Ada Jurusan,0.668419599533081,18,100 Universitas Siber,0.652941882610321,27,Pt Terakreditasi Ban,0.6527802348136902
7596772992211665685,gen.z2606,ini swasta atau negeri,0,4,5,Ada S2 Rpl,0.6421959400177002,2,Iya Kak Dong,0.6360139846801758,18,100 Universitas Siber,0.6299738883972168
7603272970135700231,benawangs,swasta,0,0,3,Menyimak Nrrjml Binus,0.886386513710022,28,Juta 3Jt Serius,0.6769909262657166,21,Nitip Nitipp Kabarin,0.6416139602661133
7598204438641705749,ceoofgabutnasional,swasta,0,0,3,Menyimak Nrrjml Binus,0.886386513710022,28,Juta 3Jt Serius,0.6769909262657166,21,Nitip Nitipp Kabarin,0.6416139602661133
7598425222681723669,gen.z2606,ohh ya bukan negeri,0,0,2,Iya Kak Dong,0.6457972526550293,20,Betul Keren Banget,0.6180886626243591,18,100 Universitas Siber,0.6080193519592285
7598439621261034260,ceoofgabutnasional,yess,0,0,3,Menyimak Nrrjml Binus,0.821587085723877,2,Iya Kak Dong,0.7009863257408142,20,Betul Keren Banget,0.6918694972991943
7596773749224899348,gen.z2606,ada jurusan sistem komputer gak kak,1,3,0,Tidak Ada Jurusan,0.8432422876358032,5,Ada S2 Rpl,0.8039072751998901,17,Informasi Informatika Akuntansi,0.7475232481956482
7597254381373080340,einaafets,"Informatika, atau sistem informasi jg lumayan masukk..",0,0,17,Informasi Informatika Akuntansi,0.6705753803253174,5,Ada S2 Rpl,0.6253672242164612,0,Tidak Ada Jurusan,0.5859954953193665
7595803914945250065,r12drmn,🔥,0,0,3,Menyimak Nrrjml Binus,0.995229959487915,21,Nitip Nitipp Kabarin,0.6757673621177673,2,Iya Kak Dong,0.6486166715621948
7601700539882586901,sunnnkissed_,wajib skripsi ngga kak,3,1,5,Ada S2 Rpl,0.7845969200134277,2,Iya Kak Dong,0.7504240274429321,0,Tidak Ada Jurusan,0.7397373914718628
7633450443738235669,nmahsa2,ntp,0,0,3,Menyimak Nrrjml Binus,0.8220715522766113,21,Nitip Nitipp Kabarin,0.6704832911491394,2,Iya Kak Dong,0.6091698408126831
7599248682176856833,terserah1921,Akreditasinya apa ?,3,5,0,Tidak Ada Jurusan,0.6868772506713867,5,Ada S2 Rpl,0.7616655826568604,15,Dimana Daerah Pjj,0.7528865337371826
7603914822489490183,_humble401,"Universitas Siber Asia (UNSIA) telah meraih akreditasi institusi dengan peringkat ""Baik Sekali"" dari Badan Akreditasi Nasional Perguruan Tinggi (BAN-PT) berdasarkan SK No. 324/SK/BAN-PT/Ak/PT/III/2024",7,0,27,Pt Terakreditasi Ban,0.7281284332275391,17,Informasi Informatika Akuntansi,0.5866442918777466,18,100 Universitas Siber,0.5349231958389282
7605208542673519376,dam2_26,baik sekali itu B ya min?,0,0,11,Terima Kasih Salam,0.7278121113777161,20,Betul Keren Banget,0.7064868211746216,2,Iya Kak Dong,0.6770174503326416
7605237267150570247,_humble401,iya bang,0,0,2,Iya Kak Dong,0.8367549777030945,20,Betul Keren Banget,0.808182418346405,11,Terima Kasih Salam,0.6991506814956665
7607289629959963410,sulistiani878,C+,1,0,-1,Mantab Uk Belakang,0.0,3,Menyimak Nrrjml Binus,0.8976892232894897,2,Iya Kak Dong,0.6880486607551575
7603264587588322055,benawangs,C,0,0,-1,Mantab Uk Belakang,0.0,3,Menyimak Nrrjml Binus,0.8976892232894897,2,Iya Kak Dong,0.6880486607551575
7606710899088687892,shikamheki,bisa offline juga ga,2,1,4,Online Offline Full,0.7164101600646973,5,Ada S2 Rpl,0.6882861256599426,22,Biayanya Berapa Biaya,0.6192156076431274
7607239543578116880,rkyy_yy,full online seperti nya,1,0,4,Online Offline Full,0.6666649580001831,18,100 Universitas Siber,0.7270267009735107,2,Iya Kak Dong,0.6829281449317932
7598581616189260564,elang_syafira,bisa pindah dari UT tak ya,9,7,1,Berapa Buka Kapan,0.7877694368362427,0,Tidak Ada Jurusan,0.8092806339263916,5,Ada S2 Rpl,0.7772460579872131
7598867481952830215,univsiberasia,"Hi Kak, bisa melalui jalur alih jenjang ya 🤗",9,0,19,Jalur Konversi Melalui,0.926131010055542,6,Dibuka Saat Mahasiswa,0.7859295010566711,1,Berapa Buka Kapan,0.7607474327087402
7598885232133358357,elang_syafira,caranya kak,0,0,13,Info Bagaimana Cara,0.790550172328949,2,Iya Kak Dong,0.7229296565055847,22,Biayanya Berapa Biaya,0.6545320749282837
7598903859100795655,univsiberasia,"Kakak bisa langsung daftar sekarang di pmb.unsia.ac.id, pilih jalur alih jenjang atau konversi, pilih jurusan favorit, dan mulai kuliah online fleksibel dari mana aja🤩",5,0,9,Id Ac Pmb,0.8891768455505371,0,Tidak Ada Jurusan,0.7225624322891235,6,Dibuka Saat Mahasiswa,0.7177313566207886
7616237277393486609,unser12918753,"ka kalo pindah awal smstr 2 bsa ngga ka? ak br msuk smstr 2 jurusan pariwisata prodi manajemen bisnis pariwisata, tapi ak pngn pindah ke unsia ambl manajemen bsa ka?",0,0,0,Tidak Ada Jurusan,0.8287190198898315,1,Berapa Buka Kapan,0.7690523862838745,9,Id Ac Pmb,0.7610784769058228
7599039480876811028,adzikriza,ada S2 hukum min,0,0,0,Tidak Ada Jurusan,0.7458243370056152,5,Ada S2 Rpl,0.7850776314735413,17,Informasi Informatika Akuntansi,0.6491528749465942
7599305224381481748,yudhi_saputtra,emang gak pake surat pindah dulu ya kak dari UT nya,0,0,1,Berapa Buka Kapan,0.7688844799995422,4,Online Offline Full,0.7765218019485474,0,Tidak Ada Jurusan,0.758057177066803
7603560154084868865,xyyta_rii,"@Ririiii:aku masih cari"" info s1 manajemen",0,0,12,Umur Yang Semangat,0.7481399774551392,0,Tidak Ada Jurusan,0.7840152978897095,17,Informasi Informatika Akuntansi,0.714560866355896
7600388320149635860,ameliaputriyudistira_26,Spil jurusan ka,3,2,0,Tidak Ada Jurusan,0.6664423942565918,2,Iya Kak Dong,0.7886776924133301,5,Ada S2 Rpl,0.7459800243377686
7600397210359022354,univsiberasia,"Hi Kakak, di UNSIA memiliki 5 prodi lho, ada Akuntansi, Komunikasi, Manajemen, Sistem Informasi, dan Informatika🤗",2,0,17,Informasi Informatika Akuntansi,0.9433964490890503,27,Pt Terakreditasi Ban,0.7249879240989685,16,100 Tugas Skripsi,0.720116376876831
7600413511131038484,ameliaputriyudistira_26,Apakah menerima mahasiswa pindahan ka? Sistem informasi,1,0,1,Berapa Buka Kapan,0.580990195274353,17,Informasi Informatika Akuntansi,0.6499543786048889,5,Ada S2 Rpl,0.6440122723579407
7609311836441641735,elviaaa05,UAS UTS online semua ka?ada skripsi gak?,10,1,4,Online Offline Full,0.8335193991661072,16,100 Tugas Skripsi,0.7981120944023132,0,Tidak Ada Jurusan,0.7786661386489868
7609318478042514183,akirakun_kultivator77,🤔keren sih kalo g ad skripsi 🤔,1,0,20,Betul Keren Banget,0.6544111967086792,12,Umur Yang Semangat,0.7452094554901123,5,Ada S2 Rpl,0.6997764706611633
7600644727251239698,_nndhrni,kuliah nya mulai kapan sih?😭,5,2,0,Tidak Ada Jurusan,0.7399471402168274,15,Dimana Daerah Pjj,0.7709580063819885,1,Berapa Buka Kapan,0.756570041179657
7600645356687524615,univsiberasia,Perkuliahan dimulai dibulan April Kakak😭,6,0,6,Dibuka Saat Mahasiswa,0.5917726159095764,18,100 Universitas Siber,0.5727721452713013,9,Id Ac Pmb,0.525322437286377
7600645520555016968,_nndhrni,"lama banget ya, gak sabar mau stresss mikirin tugas😭😭",5,0,12,Umur Yang Semangat,0.7259207367897034,7,Daftar Aku Sudah,0.5460221171379089,4,Online Offline Full,0.5416795611381531
7608621783747183367,larsati_27,kak ini masuk kuliah nya bulan apa,1,3,0,Tidak Ada Jurusan,0.7982177138328552,1,Berapa Buka Kapan,0.8008917570114136,15,Dimana Daerah Pjj,0.7568511962890625
7608954210018591495,univsiberasia,Perkuliahan akan dimulai di bulan April ya Kakak🤗,0,0,6,Dibuka Saat Mahasiswa,0.8164204359054565,9,Id Ac Pmb,0.7223588228225708,1,Berapa Buka Kapan,0.6928170919418335
7603915060490076936,_humble401,kalo wisuda apakah harus hadir kak?,1,1,1,Berapa Buka Kapan,0.8238885998725891,4,Online Offline Full,0.7919537425041199,0,Tidak Ada Jurusan,0.7843976020812988
7603915109262066440,_humble401,@univsiberasia ?,0,0,18,100 Universitas Siber,0.6523252725601196,3,Menyimak Nrrjml Binus,0.6942541599273682,2,Iya Kak Dong,0.5754576921463013
7598430334455333652,ria_na.s,Konversi sampe tanggal brp min?,6,4,1,Berapa Buka Kapan,0.7505527138710022,22,Biayanya Berapa Biaya,0.7236837148666382,13,Info Bagaimana Cara,0.6947495937347412
7598457803774460693,mellstore_5,29 Januari kak,1,0,1,Berapa Buka Kapan,0.5244934558868408,28,Juta 3Jt Serius,0.6928021907806396,18,100 Universitas Siber,0.669329822063446
7598962021400888084,einaafets,12 januari sprtinya terakhir,0,0,1,Berapa Buka Kapan,0.4838397204875946,26,Bismillah Depan Bismillahirrahmanirrahim,0.5959627032279968,18,100 Universitas Siber,0.5950096845626831
7598452705417872135,frustdev,29 januari kl gak salah,0,0,1,Berapa Buka Kapan,0.5415750741958618,2,Iya Kak Dong,0.6043146848678589,18,100 Universitas Siber,0.5984238386154175
7598443106883437333,ahnafmuhammadd,up,0,0,3,Menyimak Nrrjml Binus,0.9185839891433716,21,Nitip Nitipp Kabarin,0.697151780128479,2,Iya Kak Dong,0.6836460828781128
7603358575927673621,yy446r,kak bisa perpindahan UT ke unsia ga si kak ?,1,2,1,Berapa Buka Kapan,0.8451755046844482,0,Tidak Ada Jurusan,0.8489500284194946,19,Jalur Konversi Melalui,0.7980368733406067
7647897851909128981,salonpastgahot,kenapa mau pindah ka?,0,0,0,Tidak Ada Jurusan,0.6782286763191223,15,Dimana Daerah Pjj,0.7716231942176819,2,Iya Kak Dong,0.7662166357040405
7647898212657595156,yy446r,ut ujian ofline keteter kerjaan,0,0,4,Online Offline Full,0.5704023241996765,18,100 Universitas Siber,0.6140198111534119,5,Ada S2 Rpl,0.5867859125137329
7598451624218706689,anistu36,ada jurusan hukum GK?,2,2,5,Ada S2 Rpl,0.8724222183227539,0,Tidak Ada Jurusan,0.7784329056739807,18,100 Universitas Siber,0.7190806269645691
7599139189745763079,thisisikiii,gaada,0,0,2,Iya Kak Dong,0.7543153762817383,3,Menyimak Nrrjml Binus,0.7148873805999756,20,Betul Keren Banget,0.668344259262085
7598457351100711701,mellstore_5,belum ada kak,0,0,2,Iya Kak Dong,0.8106393814086914,7,Daftar Aku Sudah,0.8010063171386719,8,Dm Admin Halo,0.7397453784942627
7598460423222592264,yousheysa,Mau daftar caranya gimana?,0,7,1,Berapa Buka Kapan,0.7527510523796082,13,Info Bagaimana Cara,0.8273372650146484,22,Biayanya Berapa Biaya,0.7045763731002808
7598460755311395591,univsiberasia,"Kakak bisa langsung daftar sekarang di pmb.unsia.ac.id, pilih jurusan favorit, dan mulai kuliah online fleksibel dari mana aja🤩",1,0,9,Id Ac Pmb,0.9071130752563477,6,Dibuka Saat Mahasiswa,0.7225440740585327,0,Tidak Ada Jurusan,0.7095905542373657
7598542846508974856,nnnaaov,banyakin prodi nya dong minn,0,0,7,Daftar Aku Sudah,0.7108880877494812,2,Iya Kak Dong,0.7077267169952393,13,Info Bagaimana Cara,0.6830588579177856
7598868104781890311,univsiberasia,Noted Kak!!!🥳,0,0,2,Iya Kak Dong,0.8118206858634949,20,Betul Keren Banget,0.7710831165313721,11,Terima Kasih Salam,0.7580348253250122
7598461175253648146,yousheysa,S1 berapa tahun ya?,0,0,1,Berapa Buka Kapan,0.7621866464614868,0,Tidak Ada Jurusan,0.802472710609436,5,Ada S2 Rpl,0.7723430395126343
7598492866151219986,univsiberasia,"Minimal 3,5 tahun ya Kakak😊",0,0,14,Dicicil 3Jt Biaya,0.6779118776321411,0,Tidak Ada Jurusan,0.6585853099822998,5,Ada S2 Rpl,0.6570699214935303
7598863815670006549,alanaannanoo,kak Ini kalo tinggal di luar negeri bisa daftar ga ya di unsia?,0,0,7,Daftar Aku Sudah,0.7299777865409851,0,Tidak Ada Jurusan,0.8483262658119202,1,Berapa Buka Kapan,0.8099345564842224
7598867943514407687,univsiberasia,"Hi Kak, bisa dong karena UNSIA 100% full online learning🤗",0,0,16,100 Tugas Skripsi,0.9230145215988159,9,Id Ac Pmb,0.7920817732810974,6,Dibuka Saat Mahasiswa,0.7721883058547974
7600667433401991956,dewirani917,Jadi pengin pindah,1,1,0,Tidak Ada Jurusan,0.5741806626319885,2,Iya Kak Dong,0.7486294507980347,20,Betul Keren Banget,0.6740282773971558
7607239668908704528,rkyy_yy,pindah aja ka,0,0,0,Tidak Ada Jurusan,0.6076084971427917,2,Iya Kak Dong,0.8433876633644104,7,Daftar Aku Sudah,0.742634654045105
7598465307791262480,ptriikamysr_,Pengen pindah tapi aku non sipas bisa ga yaa,4,1,0,Tidak Ada Jurusan,0.7735066413879395,1,Berapa Buka Kapan,0.7696168422698975,4,Online Offline Full,0.7425528764724731
7598962254923645716,einaafets,"Bisa bgt kaa, dr prodi apa udh smt brp?",0,0,2,Iya Kak Dong,0.5595542788505554,0,Tidak Ada Jurusan,0.8266410231590271,1,Berapa Buka Kapan,0.8039507865905762
7609773970719556369,syfdlhlvyo,Masih bisa daftar gk ya,0,2,1,Berapa Buka Kapan,0.8448313474655151,13,Info Bagaimana Cara,0.7746445536613464,7,Daftar Aku Sudah,0.7692142724990845
7609901459807470344,univsiberasia,"Masih bisa nih Kakak. Untuk pendaftaran mahasiswa baru ditutup 3 hari lagi lhoo. Jadi Kakak bisa langsung daftar sekarang di pmb.unsia.ac.id, pilih jurusan favorit, dan mulai kuliah online fleksibel dari mana aja😊",1,0,9,Id Ac Pmb,0.931761622428894,6,Dibuka Saat Mahasiswa,0.811549723148346,0,Tidak Ada Jurusan,0.7400939464569092
7610197068866781960,y11a24,kalo lulusan SMA thn kpn ka daftarnya,0,0,1,Berapa Buka Kapan,0.8531035780906677,0,Tidak Ada Jurusan,0.8002128601074219,4,Online Offline Full,0.7556899785995483
7625992857060475668,alwaysinloveee0,ADMINNN tambahan prodii DESAIN PLISS😭😭😭,1,2,2,Iya Kak Dong,0.6376535892486572,5,Ada S2 Rpl,0.7251099944114685,18,100 Universitas Siber,0.7178288698196411
7626292279536780040,univsiberasia,"Noted Kakak, semoga bisa tambah prodi baru ya di UNSIA🤩",3,0,10,Selalu Amin Semoga,0.8381475210189819,6,Dibuka Saat Mahasiswa,0.7691189050674438,9,Id Ac Pmb,0.7524486780166626
7626818392112071444,alwaysinloveee0,aduh minn udah berharap banget bisa disitu sambil prodi desain produk😭😭😭,0,0,12,Umur Yang Semangat,0.802098274230957,7,Daftar Aku Sudah,0.7305164337158203,4,Online Offline Full,0.6857318878173828
7599503003452146452,whyy.1555,pembukaan untuk maba kapan ya kak?,0,4,1,Berapa Buka Kapan,0.8260618448257446,6,Dibuka Saat Mahasiswa,0.7947516441345215,0,Tidak Ada Jurusan,0.7510607242584229
7599567253936800520,univsiberasia,Hi Kak. Saat ini UNSIA masih membuka pendaftaran mahasiswa baru lho🤩,0,0,6,Dibuka Saat Mahasiswa,0.909121572971344,9,Id Ac Pmb,0.7994937896728516,16,100 Tugas Skripsi,0.7454192638397217
7599639934811554568,univsiberasia,@univsiberasia Kak akunnya,0,0,8,Dm Admin Halo,0.6936842203140259,7,Daftar Aku Sudah,0.7604109048843384,2,Iya Kak Dong,0.7519775032997131
7599612273989518101,whyy.1555,nama ig nya unsia apa kak?,0,0,7,Daftar Aku Sudah,0.7377254962921143,15,Dimana Daerah Pjj,0.7826582193374634,1,Berapa Buka Kapan,0.7662361860275269
7599567252242137873,sanitasi29,nitip,0,0,21,Nitip Nitipp Kabarin,0.9735068678855896,3,Menyimak Nrrjml Binus,0.7572670578956604,2,Iya Kak Dong,0.7146409749984741
7605251356304589576,jehhaaaaaaa,Ini ada biaya sumbangan gedung ga ya? Atau smesteran aja?,0,1,14,Dicicil 3Jt Biaya,0.7748021483421326,1,Berapa Buka Kapan,0.7268273830413818,0,Tidak Ada Jurusan,0.7261245250701904
7608089981026910984,univsiberasia,Di UNSIA tidak ada biaya gedung ya Kakak🤩,0,0,0,Tidak Ada Jurusan,0.7924266457557678,6,Dibuka Saat Mahasiswa,0.774966835975647,16,100 Tugas Skripsi,0.773059606552124
7601322251950899989,annsyagstna,disini bisa kuliah sambil kerja g ya???,0,2,0,Tidak Ada Jurusan,0.8161442875862122,5,Ada S2 Rpl,0.7739484310150146,1,Berapa Buka Kapan,0.753039538860321
7601323630358004498,univsiberasia,UNSIA menerapkan sistem perkuliahan secara online maka kakak bisa berkuliah dimana saja dan kapan saja. Nah UNSIA bisa menjadi tujuan kakak yg ingin kuliah sambil bekerja kak karena memang waktunya fleksibel dan bisa dilaksanakan kapanpun dan dimanapun🤩,2,0,9,Id Ac Pmb,0.8030000925064087,27,Pt Terakreditasi Ban,0.6489601135253906,16,100 Tugas Skripsi,0.6480634212493896
7603561022696473360,xyyta_rii,"@Ririiii:aku masih cari"" info s1 manajemen",0,0,12,Umur Yang Semangat,0.7481399774551392,0,Tidak Ada Jurusan,0.7840152978897095,17,Informasi Informatika Akuntansi,0.714560866355896
7598416258653324053,lisa_siregar.03,UNSIA Keren🔥🥰,3,1,18,100 Universitas Siber,0.7845686674118042,2,Iya Kak Dong,0.7391771078109741,20,Betul Keren Banget,0.738940417766571
7603560953724912385,xyyta_rii,"@Ririiii:aku masih cari"" info s1 manajemen",0,0,12,Umur Yang Semangat,0.7481399774551392,0,Tidak Ada Jurusan,0.7840152978897095,17,Informasi Informatika Akuntansi,0.714560866355896
7651512595173671700,ramyeon122,Boleh liat web resminya ga ka untuk kepoin,1,1,8,Dm Admin Halo,0.7887793183326721,1,Berapa Buka Kapan,0.7747976779937744,7,Daftar Aku Sudah,0.7562457323074341
7651836062525129479,univsiberasia,"Hi Kak, website resmi UNSIA di unsia.ac.id yaa🤗",0,0,9,Id Ac Pmb,0.7917320728302002,16,100 Tugas Skripsi,0.7634742259979248,6,Dibuka Saat Mahasiswa,0.7551840543746948
7608526265922208519,user088888122,kak beneran bisa dicicil 3X persemster?,1,1,14,Dicicil 3Jt Biaya,0.8350920677185059,1,Berapa Buka Kapan,0.6912722587585449,13,Info Bagaimana Cara,0.6725471019744873
7609901518766834450,univsiberasia,Bener banget dong Kakak🤗,0,0,20,Betul Keren Banget,0.888113260269165,2,Iya Kak Dong,0.7624374032020569,11,Terima Kasih Salam,0.7097915410995483
7640423635958121224,miaamelia_99,benar² full online kah?,0,1,4,Online Offline Full,0.6445204019546509,18,100 Universitas Siber,0.7308746576309204,5,Ada S2 Rpl,0.6410725116729736
7651836194837693192,univsiberasia,100% fully online Kakak🤗,0,0,18,100 Universitas Siber,0.7504138946533203,28,Juta 3Jt Serius,0.6382009983062744,24,Ilkom Ieu Balang,0.5990360975265503
7600259095514399508,akuatia94,hah serius 3jt,1,1,28,Juta 3Jt Serius,0.7972002029418945,2,Iya Kak Dong,0.6752230525016785,5,Ada S2 Rpl,0.6596976518630981
7600265237418738439,univsiberasia,Kak? Mimin ga bohong ko🤓,1,0,2,Iya Kak Dong,0.7413009405136108,11,Terima Kasih Salam,0.7129999399185181,7,Daftar Aku Sudah,0.6997484564781189
7621633420066865938,_yourkeisuu,ada skripsi ka?,1,1,2,Iya Kak Dong,0.8492826223373413,5,Ada S2 Rpl,0.8077822327613831,15,Dimana Daerah Pjj,0.7818230986595154
7622624257956315922,univsiberasia,Untuk tugas akhir menggunakan skripsi ya Kakak di UNSIA🤗,0,0,16,100 Tugas Skripsi,0.8473738431930542,0,Tidak Ada Jurusan,0.775229811668396,4,Online Offline Full,0.7464100122451782
7602976271321482002,nuna17906,min bisa buat program ekstensi dari d3 ke s1?,1,1,0,Tidak Ada Jurusan,0.7442135810852051,5,Ada S2 Rpl,0.6878262758255005,1,Berapa Buka Kapan,0.6346055269241333
7608090232168792840,univsiberasia,"Hi Kak, bisa ya melalui jalur alih jenjang atau konversi 🤗",0,0,19,Jalur Konversi Melalui,0.9374274015426636,0,Tidak Ada Jurusan,0.7448109984397888,1,Berapa Buka Kapan,0.7334040403366089
7614910218657432338,enaf2709,biaya?,2,1,22,Biayanya Berapa Biaya,0.7669746279716492,3,Menyimak Nrrjml Binus,0.7987232804298401,28,Juta 3Jt Serius,0.6959044933319092
7614914652926116616,univsiberasia,"Hi Kak, UKT di UNSIA hanya 3jt lho persemesternya😊",0,0,14,Dicicil 3Jt Biaya,0.8617268204689026,16,100 Tugas Skripsi,0.7702919244766235,6,Dibuka Saat Mahasiswa,0.7651270627975464
7611115176805057287,juniassss_,dari jepang bisa ga min?,0,1,1,Berapa Buka Kapan,0.7423654794692993,5,Ada S2 Rpl,0.7558194994926453,0,Tidak Ada Jurusan,0.7235381603240967
7611169802787783431,univsiberasia,"Hi Kak, bisa banget dong. Karena UNSIA 100% full online learning lhoo😊",0,0,16,100 Tugas Skripsi,0.9100351333618164,9,Id Ac Pmb,0.807862401008606,6,Dibuka Saat Mahasiswa,0.7742674350738525
7630903383252026119,nova_suhasti,Mau daftar kuliah ka? Kapan di buka nya?,0,1,1,Berapa Buka Kapan,0.8570479154586792,0,Tidak Ada Jurusan,0.8149826526641846,7,Daftar Aku Sudah,0.7946922779083252
7631061754059604754,univsiberasia,"Saat ini untuk pendaftaran mahasiswa baru sudah ditutup nih Kakak. Namun, jangan khawatir dibuka kembali di semester ganjil yaa yaitu di bulan Juni🤗",0,0,6,Dibuka Saat Mahasiswa,0.8139468431472778,9,Id Ac Pmb,0.7256238460540771,27,Pt Terakreditasi Ban,0.6274750232696533
7647538767615787797,berkahilmuchannel,RPL dari D3 ke S1 brpa smester ka?,0,0,0,Tidak Ada Jurusan,0.7649126052856445,14,Dicicil 3Jt Biaya,0.7229085564613342,1,Berapa Buka Kapan,0.7227840423583984
7611153214276666128,itsmeveedella_,ada jalur RPL ga akak?,1,0,5,Ada S2 Rpl,0.8112649917602539,18,100 Universitas Siber,0.7081233859062195,0,Tidak Ada Jurusan,0.7065209150314331
7601458808771216146,aaddeyyaa,semesteran nya bisa lebih murah ga ya,0,1,-1,Mantab Uk Belakang,0.0,1,Berapa Buka Kapan,0.7996228933334351,14,Dicicil 3Jt Biaya,0.7676550149917603
7608090054028903176,univsiberasia,"Hi Kakk, bisa dicicil sebanyak 3x lho di UNSIA🤗",0,0,14,Dicicil 3Jt Biaya,0.8133916854858398,16,100 Tugas Skripsi,0.7341834902763367,6,Dibuka Saat Mahasiswa,0.7257784008979797
7643828295662912276,vlinderasvt_,yang belakang joget nya😭😭😭,0,0,-1,Mantab Uk Belakang,0.0,2,Iya Kak Dong,0.6563885807991028,7,Daftar Aku Sudah,0.6321473121643066
7642886550036218645,vid1_0,ini pendaftarannya udah buka blm? aku pernah kuliah sebelumnya ada sistem pindah kaya RPL ga,0,0,0,Tidak Ada Jurusan,0.7752044200897217,4,Online Offline Full,0.7526804208755493,12,Umur Yang Semangat,0.7424662709236145
7633963831031546631,lifeofdedep,Halo kak bisa jalur Rpl gak?,1,0,5,Ada S2 Rpl,0.7674528360366821,19,Jalur Konversi Melalui,0.8435400724411011,1,Berapa Buka Kapan,0.8226200342178345
7613807668880868116,puspita.janwalia,ka ini kapan ada buka pendaftaran lagi ya?,1,1,1,Berapa Buka Kapan,0.8488636612892151,6,Dibuka Saat Mahasiswa,0.8168352246284485,7,Daftar Aku Sudah,0.8150343894958496
7613960294122439442,univsiberasia,"Hi Kakak, UNSIA saat ini masih membuka pendaftaran mahasiswa baru lho🤩",0,0,6,Dibuka Saat Mahasiswa,0.8935971260070801,9,Id Ac Pmb,0.7864241003990173,16,100 Tugas Skripsi,0.7393854856491089
7631415651957768961,_ettyyy18_,cara daftarnya gimana kak?,0,1,1,Berapa Buka Kapan,0.845534086227417,13,Info Bagaimana Cara,0.8816962242126465,15,Dimana Daerah Pjj,0.7374295592308044
7631423647374738184,univsiberasia,"Hi Kak, bisa langsung daftar nanti di pmb.unsia.ac.id, pilih jurusan favorit, dan mulai kuliah online fleksibel dari mana aja🥳",0,0,9,Id Ac Pmb,0.934236466884613,6,Dibuka Saat Mahasiswa,0.7976889610290527,0,Tidak Ada Jurusan,0.7626309394836426
7615886548017365780,4n4knyaopung,"unsia sm ut 11/12 ga sih kya jarak ny bisa jauuh, soalnya aku bingung ni antara ut atau unsia😳",1,1,2,Iya Kak Dong,0.5669094324111938,0,Tidak Ada Jurusan,0.7635148763656616,12,Umur Yang Semangat,0.7378106117248535
7618560575450776328,univsiberasia,UNSIA 100% fully online learning 🤗,0,0,18,100 Universitas Siber,0.8170483112335205,16,100 Tugas Skripsi,0.6590631008148193,17,Informasi Informatika Akuntansi,0.5817794799804688
7599058229632910098,rajamurahatk,lokasi dimna,1,1,15,Dimana Daerah Pjj,0.6691815853118896,18,100 Universitas Siber,0.6852666139602661,2,Iya Kak Dong,0.684382438659668
7599142522502677256,univsiberasia,"Kampus UNSIA terletak di Jl. Harsono RM No.1, RT.5/RW.7, Ragunan, Kec. Ps. Minggu, Kota Jakarta Selatan, Daerah Khusus Ibukota Jakarta 😊",1,0,23,Jakarta Selatan Kota,0.8597024083137512,17,Informasi Informatika Akuntansi,0.45961833000183105,18,100 Universitas Siber,0.43476834893226624
7630124990315676424,inceslyy7,udah gabisa daftar ya min?,1,1,1,Berapa Buka Kapan,0.7784563302993774,7,Daftar Aku Sudah,0.7758816480636597,4,Online Offline Full,0.7369009256362915
7630731528594653959,univsiberasia,"Hi Kakak, Saat ini untuk pendaftaran mahasiswa baru sudah ditutup nih Kakak. Namun, jangan khawatir dibuka kembali di semester ganjil yaa yaitu di bulan Juni🤗",0,0,6,Dibuka Saat Mahasiswa,0.8526808023452759,9,Id Ac Pmb,0.7576816082000732,27,Pt Terakreditasi Ban,0.685261607170105
7604103590609912594,picreamyyu,Bisa ekstensi ga?,0,1,3,Menyimak Nrrjml Binus,0.6670894622802734,2,Iya Kak Dong,0.7411246299743652,5,Ada S2 Rpl,0.6617200374603271
7608089858687877895,univsiberasia,Bisa Kakak melalui jalur alih jenjang atau konversi yahh🤗,0,0,19,Jalur Konversi Melalui,0.8731092810630798,0,Tidak Ada Jurusan,0.6986370086669922,4,Online Offline Full,0.6975971460342407
7599193843120358165,bluuniverse19,tugas akhirnya apa kak? skripsi gak?,0,0,5,Ada S2 Rpl,0.766667366027832,0,Tidak Ada Jurusan,0.7530783414840698,15,Dimana Daerah Pjj,0.7372738122940063
7605480828415705876,zahratul.qolby05,ada magang sama KKN nya kah ka?,0,0,1,Berapa Buka Kapan,0.824862539768219,0,Tidak Ada Jurusan,0.84550940990448,5,Ada S2 Rpl,0.8136699199676514
7601133275440022292,chlsrmd_,daftarnya gimana ya kak?,1,1,1,Berapa Buka Kapan,0.8662201166152954,13,Info Bagaimana Cara,0.8635635375976562,15,Dimana Daerah Pjj,0.7838746309280396
7601135046946767634,univsiberasia,"Kakak bisa langsung daftar sekarang di pmb.unsia.ac.id, pilih jurusan favorit, dan mulai kuliah online fleksibel dari mana aja🤩",1,0,9,Id Ac Pmb,0.9071130752563477,6,Dibuka Saat Mahasiswa,0.7225440740585327,0,Tidak Ada Jurusan,0.7095905542373657
7611022755668460295,alchemy302,ini ada skripsiannya ga ya😭🙏,1,0,5,Ada S2 Rpl,0.8268216252326965,1,Berapa Buka Kapan,0.8154982328414917,0,Tidak Ada Jurusan,0.8135366439819336
7606512460427182856,aple7703,3 juta itu persemeester? gak ada UKT nya?,0,0,14,Dicicil 3Jt Biaya,0.8048962354660034,5,Ada S2 Rpl,0.686618447303772,4,Online Offline Full,0.6860103011131287
7618212949408350997,ika07876,itu per semester 4/6bln ka?,1,1,14,Dicicil 3Jt Biaya,0.7997976541519165,4,Online Offline Full,0.7036844491958618,0,Tidak Ada Jurusan,0.7028967142105103
7618560477937828626,univsiberasia,1 semester 6 bulan ya Kakak🤗,0,0,14,Dicicil 3Jt Biaya,0.7114437818527222,0,Tidak Ada Jurusan,0.6734817028045654,5,Ada S2 Rpl,0.6718292832374573
7608551784307573522,andiniiii230,"kalo kerja di pertokoan kayak indogrosir itu, baiknya di jurusan apa min?",1,0,0,Tidak Ada Jurusan,0.763791561126709,1,Berapa Buka Kapan,0.6751747131347656,5,Ada S2 Rpl,0.6617725491523743
7598464961367458568,saagi48,Ut jga sama bisa uas dmna aja. Klo gtu dlu pindah ke unsia 🙂‍↕️tpi skrng udh tinggal yudisium,0,0,0,Tidak Ada Jurusan,0.7812073230743408,12,Umur Yang Semangat,0.7724411487579346,9,Id Ac Pmb,0.7510071396827698
7598578488831951634,nctraaad,info magister FKIP adanya prodi apa aja yaa min,0,0,0,Tidak Ada Jurusan,0.808296799659729,1,Berapa Buka Kapan,0.7455285787582397,5,Ada S2 Rpl,0.741113007068634
7631250703932261128,panggilakubagindaratuuu_,Siber asia ga ada di batam ya ?😔,0,0,18,100 Universitas Siber,0.6620314717292786,15,Dimana Daerah Pjj,0.7086222171783447,5,Ada S2 Rpl,0.7082280516624451
7600656375169712897,who_797,aduh,0,0,2,Iya Kak Dong,0.7133010029792786,3,Menyimak Nrrjml Binus,0.7211112976074219,20,Betul Keren Banget,0.7170360684394836
7602946279518126866,anjing78725quwh,ada program magister g,0,0,5,Ada S2 Rpl,0.8434745073318481,0,Tidak Ada Jurusan,0.7274580001831055,18,100 Universitas Siber,0.7081186175346375
7599192892011627284,ekalastrianaa,Kak disini ada problem gram s2 tidak? Mohon jawabannya,0,0,1,Berapa Buka Kapan,0.771842360496521,0,Tidak Ada Jurusan,0.7944830060005188,5,Ada S2 Rpl,0.7545205950737
7599255167247139591,bolo97.97weeeeeeeee,Untuk s2 ada ngak kk,0,0,0,Tidak Ada Jurusan,0.8453251123428345,5,Ada S2 Rpl,0.8274047374725342,1,Berapa Buka Kapan,0.7838433384895325
7601763673904644882,hambarrrrr17,infonya dongs ka,0,0,11,Terima Kasih Salam,0.8383347988128662,13,Info Bagaimana Cara,0.8021683692932129,8,Dm Admin Halo,0.7976070642471313
7600237596337603349,machalatte.cup,S2 ny ada g,0,0,5,Ada S2 Rpl,0.8963038921356201,0,Tidak Ada Jurusan,0.8113299608230591,15,Dimana Daerah Pjj,0.7863380908966064
7621585821111976712,nabilahyuga,"kak,beasiswa ada lagi kapan yaa",1,0,1,Berapa Buka Kapan,0.8386220932006836,15,Dimana Daerah Pjj,0.7819195985794067,7,Daftar Aku Sudah,0.7549217939376831
7602930346597876501,risknikey,Kak ini ada S2 nya gak ??,0,0,0,Tidak Ada Jurusan,0.8905356526374817,5,Ada S2 Rpl,0.8893666863441467,1,Berapa Buka Kapan,0.8569992780685425
7599305514510500628,zihnnz,disini ada sidang skripsi ga?,0,0,5,Ada S2 Rpl,0.7837543487548828,4,Online Offline Full,0.7325534820556641,0,Tidak Ada Jurusan,0.7043529748916626
7600425118233674503,dandelion.f444,daerah mana ini kaa,0,0,15,Dimana Daerah Pjj,0.8709753751754761,1,Berapa Buka Kapan,0.6869089603424072,2,Iya Kak Dong,0.6842988729476929
7598526328585585415,uljiimaaaaa,pengen pindah tapi nanggung 1 smt lagi di ut,2,0,0,Tidak Ada Jurusan,0.6679384708404541,12,Umur Yang Semangat,0.6999419927597046,4,Online Offline Full,0.6520774364471436
7600418936626348807,ajun1724,ada S2 akutansi nga kak,0,0,0,Tidak Ada Jurusan,0.8743131160736084,5,Ada S2 Rpl,0.8303056955337524,1,Berapa Buka Kapan,0.7844966650009155
7600774962156815112,faen_onglee,kak daftar RPL nya gimana,0,0,1,Berapa Buka Kapan,0.85186368227005,13,Info Bagaimana Cara,0.8264673948287964,15,Dimana Daerah Pjj,0.7819567322731018
7626595712298058514,ba.bayu01,"kalau wisudah harus ke sana y
bisa wisuda online aj ngk",0,0,4,Online Offline Full,0.7712119817733765,12,Umur Yang Semangat,0.7227745652198792,0,Tidak Ada Jurusan,0.7045011520385742
7607470939152581396,sinay.kaf,kalo zoom itu waktunya bisa dimajuin apa diundur gitu ngga..soalnya sambil kerjaa,2,0,1,Berapa Buka Kapan,0.7046021223068237,4,Online Offline Full,0.7422433495521545,12,Umur Yang Semangat,0.728023886680603
7633383073099219730,heiiiacaaa,kak mau tanya biaya persemester itu beda kah tiap jurusan?,0,0,1,Berapa Buka Kapan,0.7817664742469788,0,Tidak Ada Jurusan,0.7751708030700684,14,Dicicil 3Jt Biaya,0.7429823279380798
7600790934569812754,axyzulia2,info biaya ukt nya ka,0,1,1,Berapa Buka Kapan,0.7590973973274231,13,Info Bagaimana Cara,0.7916111946105957,14,Dicicil 3Jt Biaya,0.7759608626365662
7600792778989880072,univsiberasia,"Hi Kak, biayanya hanya 3juta lho persemester🤩",0,0,14,Dicicil 3Jt Biaya,0.8389272689819336,1,Berapa Buka Kapan,0.7293338775634766,13,Info Bagaimana Cara,0.723321795463562
7599309449090745108,refianna_,ada jurusan Kewirausahaan tidak min?,0,0,0,Tidak Ada Jurusan,0.8389682769775391,5,Ada S2 Rpl,0.8346847891807556,1,Berapa Buka Kapan,0.7634842991828918
7599919880720302865,luxetha,biaya wisuda berapa ya,0,0,1,Berapa Buka Kapan,0.8122636675834656,22,Biayanya Berapa Biaya,0.8546779155731201,15,Dimana Daerah Pjj,0.7789673805236816
7610784393158787861,yuga_baex,"apakah bisa jalur RPL kak, aku lulusan D3 teknik informatika mau lanjut s1 teknik informatika, teknik komputer atau sistem informasi",0,0,0,Tidak Ada Jurusan,0.7948100566864014,17,Informasi Informatika Akuntansi,0.7686482667922974,5,Ada S2 Rpl,0.6894672513008118
7623407171636249364,mbuemobwkakakak,daftar masi bisa ga si?,1,0,1,Berapa Buka Kapan,0.804659903049469,5,Ada S2 Rpl,0.7484004497528076,4,Online Offline Full,0.7482422590255737
7600238539556799252,skss90ok,@🧃 msuk sini aja addk,0,1,2,Iya Kak Dong,0.7497713565826416,7,Daftar Aku Sudah,0.6910204887390137,21,Nitip Nitipp Kabarin,0.6488678455352783
7600250630368838418,univsiberasia,"Bener Kak, kata temennya. Masuk sini aja🤗",0,0,7,Daftar Aku Sudah,0.716110348701477,2,Iya Kak Dong,0.7183816432952881,12,Umur Yang Semangat,0.6699916124343872
7598467509843444487,chocochipzzzz00,soon kamu nih🥰 @febipramadi,0,1,2,Iya Kak Dong,0.7099114656448364,7,Daftar Aku Sudah,0.6627515554428101,24,Ilkom Ieu Balang,0.6609920859336853
7598476072028668673,febipramadi,uhuyyy bismillah tahun depan🥰,0,0,26,Bismillah Depan Bismillahirrahmanirrahim,0.8032002449035645,10,Selalu Amin Semoga,0.6952951550483704,2,Iya Kak Dong,0.6492839455604553
7598952668325905169,ikaandriani30,@Haibara boleh nih wkwkw,1,3,2,Iya Kak Dong,0.7693879008293152,7,Daftar Aku Sudah,0.7805697321891785,8,Dm Admin Halo,0.7262985706329346
7599176953456247568,ewwpeople06,hahaha,0,0,2,Iya Kak Dong,0.7462965846061707,3,Menyimak Nrrjml Binus,0.7462921142578125,20,Betul Keren Banget,0.7312866449356079
7599176143841100560,ikaandriani30,"kelarin dulu deh S1 yang ini wkkwkw
belum ada info S2 deh disini😂😂😂",0,0,5,Ada S2 Rpl,0.6358416080474854,12,Umur Yang Semangat,0.7370069026947021,0,Tidak Ada Jurusan,0.678841233253479
7599175626406757137,ewwpeople06,lanjut lagi a iki😂,0,0,2,Iya Kak Dong,0.6856679320335388,26,Bismillah Depan Bismillahirrahmanirrahim,0.6496111750602722,24,Ilkom Ieu Balang,0.6449053287506104
7603560114788041473,xyyta_rii,"@Ririiii:aku masih cari"" info s1 manajemen",1,0,12,Umur Yang Semangat,0.7481399774551392,0,Tidak Ada Jurusan,0.7840152978897095,17,Informasi Informatika Akuntansi,0.714560866355896
7599198736648471303,rindu_cahaya01,UTS UAS nya gimana min? diwaktu kah? aku baru cek tadi ada konten kreator Unsia dia Tugas2 Deadline 2 minggu yah kaya UT? tapi UAS nya Dmna ajh yah unsia sistemnya gimana? soalnya saya UT ribet harus kelokasi😂😅,0,0,0,Tidak Ada Jurusan,0.7349691390991211,12,Umur Yang Semangat,0.7624650597572327,4,Online Offline Full,0.7271431684494019
7598570766208451344,andikibra7,@albarismail_ full online,0,0,18,100 Universitas Siber,0.6652814745903015,24,Ilkom Ieu Balang,0.5924767255783081,3,Menyimak Nrrjml Binus,0.5456565022468567
7601854425422594836,jonserknz,"berapa thun sih kira"" wisudanya",0,0,1,Berapa Buka Kapan,0.6858046054840088,22,Biayanya Berapa Biaya,0.6923892498016357,15,Dimana Daerah Pjj,0.667404294013977
7592950775094625032,user158090619,min apakah ada calon mahasiswa yang tidak lolos masuk ke universitas siber asia?,1,4,0,Tidak Ada Jurusan,0.7183467149734497,6,Dibuka Saat Mahasiswa,0.6748718023300171,1,Berapa Buka Kapan,0.6726317405700684
7593553323156914962,hainisa31,Kebanyakan lolos kak,1,0,0,Tidak Ada Jurusan,0.5912859439849854,2,Iya Kak Dong,0.837726891040802,20,Betul Keren Banget,0.7356970310211182
7593197325880115986,kaoskwos,mau pindah kampus kah kak?,0,0,0,Tidak Ada Jurusan,0.8342587947845459,1,Berapa Buka Kapan,0.8195437788963318,15,Dimana Daerah Pjj,0.8043931722640991
7593206151706575624,user158090619,"masih SMA kak, rencana pgn ambil unsia tahun depan",1,0,0,Tidak Ada Jurusan,0.7970623970031738,7,Daftar Aku Sudah,0.7893600463867188,1,Berapa Buka Kapan,0.7741154432296753
7593218947055518482,kaoskwos,"kalau tidak lolos itu karena biasanya berkas berkasnya tidak lengkap, tapi kalau lengkap pasti lolos kok",1,0,1,Berapa Buka Kapan,0.5903891324996948,12,Umur Yang Semangat,0.6772596836090088,4,Online Offline Full,0.64836585521698
7595198800031318804,wishlistcheckout,serius nanya bisa double degree gak?,0,1,28,Juta 3Jt Serius,0.6266846656799316,5,Ada S2 Rpl,0.7589542865753174,0,Tidak Ada Jurusan,0.7191253304481506
7595433217277297426,univsiberasia,"Hi Kakak, bisa yaa🤩",0,0,8,Dm Admin Halo,0.8467124700546265,11,Terima Kasih Salam,0.781853199005127,2,Iya Kak Dong,0.7714887261390686
7622773927462617877,wahyu_delima5,kalau boleh tau biaya toga outfit di unsia berapa min,0,0,1,Berapa Buka Kapan,0.802513837814331,0,Tidak Ada Jurusan,0.7735326886177063,14,Dicicil 3Jt Biaya,0.7488433122634888
7616274272810124052,yushalistiono,Tambahin prodi,0,1,0,Tidak Ada Jurusan,0.38713276386260986,3,Menyimak Nrrjml Binus,0.7185315489768982,21,Nitip Nitipp Kabarin,0.6070501804351807
7616574070142386962,univsiberasia,"Wahh, ditungguu ya Kakak🤗",0,0,11,Terima Kasih Salam,0.8629643321037292,10,Selalu Amin Semoga,0.7423308491706848,20,Betul Keren Banget,0.736863374710083
7613298524999205653,meiiilliaa_,hai min ada s2 nya ga??,0,1,0,Tidak Ada Jurusan,0.8446507453918457,5,Ada S2 Rpl,0.8374044299125671,1,Berapa Buka Kapan,0.8090044856071472
7613299747927720722,univsiberasia,"Hi Kakak, saat ini belum tersedia ya program S2 di UNSIA😊",0,0,6,Dibuka Saat Mahasiswa,0.8791248202323914,9,Id Ac Pmb,0.7926547527313232,16,100 Tugas Skripsi,0.7779226303100586
7596268920995300103,byyourneed88,min di unsia ada kuliah offline yaa gakk,0,4,0,Tidak Ada Jurusan,0.852236270904541,16,100 Tugas Skripsi,0.7978758811950684,1,Berapa Buka Kapan,0.7963517904281616
7596277831778239239,zzara75,ga ada ka ku cri jg full online aku jg rencana 2027 mau kuliah d sini jg tp tkut nya nanti ijazah nya ga di akuin negara msh maju mundur hehe,1,0,0,Tidak Ada Jurusan,0.7697051763534546,12,Umur Yang Semangat,0.8012932538986206,4,Online Offline Full,0.7456629276275635
7599899641732662034,iamyouranaa,eh serius? ga di akuin negara? aku mau di sini juga tahun depan insyallah,0,0,5,Ada S2 Rpl,0.643528401851654,12,Umur Yang Semangat,0.7404565811157227,7,Daftar Aku Sudah,0.7213158011436462
7599904830962123528,univsiberasia,"Hi Kak, UNSIA sudah terdaftar secara resmi dan memiliki izin pendirian dengan SK dari mentri pendidikan dan kebudayaan (SK Menteri Nomor 757-M-2020)☺️",2,0,27,Pt Terakreditasi Ban,0.7444764375686646,9,Id Ac Pmb,0.6116421818733215,17,Informasi Informatika Akuntansi,0.585912823677063
7599900372966966024,iamyouranaa,kak ternyata unsia udh di akuin negara dan unsia juga terakreditas EAHEA untuk info lengkap kamu liat gg aja ka,2,0,27,Pt Terakreditasi Ban,0.8500646948814392,9,Id Ac Pmb,0.7784278392791748,7,Daftar Aku Sudah,0.715772271156311
7607884553978413845,zul.kfl91,😭😭😭,0,0,3,Menyimak Nrrjml Binus,0.995229959487915,21,Nitip Nitipp Kabarin,0.6757673621177673,2,Iya Kak Dong,0.6486166715621948
7595221820611478292,putridevi558,😁😁😁,0,0,3,Menyimak Nrrjml Binus,0.995229959487915,21,Nitip Nitipp Kabarin,0.6757673621177673,2,Iya Kak Dong,0.6486166715621948
7593350972626518804,nettyk12,🥰,0,0,3,Menyimak Nrrjml Binus,0.995229959487915,21,Nitip Nitipp Kabarin,0.6757673621177673,2,Iya Kak Dong,0.6486166715621948
7593542683738833682,semangatberproses0,ayooo dong Adain S2 nyaaaa😭,0,0,5,Ada S2 Rpl,0.7225522994995117,7,Daftar Aku Sudah,0.7301920652389526,0,Tidak Ada Jurusan,0.7048965692520142
7594880599153509121,_.gipsummental,almetnya beli dimana min? sama ada saluran wa gasih?,1,3,15,Dimana Daerah Pjj,0.7663455009460449,1,Berapa Buka Kapan,0.7368956804275513,4,Online Offline Full,0.7152544856071472
7595595942901629703,ikutikutan,Ada kakk,0,0,2,Iya Kak Dong,0.8884873986244202,21,Nitip Nitipp Kabarin,0.7539201378822327,7,Daftar Aku Sudah,0.7535897493362427
7595959849852191495,sukawarnahijau4,Aku juga kak info saluran,0,0,2,Iya Kak Dong,0.7399134635925293,7,Daftar Aku Sudah,0.7839903831481934,11,Terima Kasih Salam,0.7651841044425964
7595630013052584705,_.gipsummental,info saluran ka,0,0,13,Info Bagaimana Cara,0.802757203578949,8,Dm Admin Halo,0.7586451768875122,2,Iya Kak Dong,0.7383264303207397
7597730187660559124,aivilo1815,kak kalo mau kuliah disini tapi kerjanya di jatim Pasuruan gimana yaa aku mau lulus smk,1,2,0,Tidak Ada Jurusan,0.8424843549728394,1,Berapa Buka Kapan,0.7965633273124695,4,Online Offline Full,0.7186341285705566
7597730171470430996,aivilo1815,apakah bisa full online,0,0,4,Online Offline Full,0.7359685301780701,5,Ada S2 Rpl,0.7297687530517578,1,Berapa Buka Kapan,0.707557201385498
7597772543956845330,univsiberasia,"Hi Kakak, bisa banget dong. UNSIA 100% full online learning🤩",0,0,16,100 Tugas Skripsi,0.9047465324401855,9,Id Ac Pmb,0.7661844491958618,4,Online Offline Full,0.7371615767478943
7594704531393692423,xyf_ya01,wisudanya tetep pke kebaya kan kak?,0,1,1,Berapa Buka Kapan,0.6965473294258118,4,Online Offline Full,0.7528198957443237,7,Daftar Aku Sudah,0.7303938269615173
7595596003684778759,ikutikutan,Hahaha iya kak normal seperti pd umumnyaaa,0,0,2,Iya Kak Dong,0.6744334101676941,20,Betul Keren Banget,0.6711040735244751,11,Terima Kasih Salam,0.6502706408500671
7594411276551586576,odeeunoia,aku udah daftar. btw boleh aku nanya ngk??,0,2,15,Dimana Daerah Pjj,0.6837154030799866,7,Daftar Aku Sudah,0.7946043014526367,1,Berapa Buka Kapan,0.7590142488479614
7594412065231045393,odeeunoia,untuk pembayaran UKT 2 sama UKT 3 kapan ya??,0,0,14,Dicicil 3Jt Biaya,0.7634419202804565,1,Berapa Buka Kapan,0.7285321354866028,0,Tidak Ada Jurusan,0.6697481274604797
7594411761143628552,univsiberasia,Boleh dong Kakak🤗,0,0,2,Iya Kak Dong,0.8360596299171448,7,Daftar Aku Sudah,0.7584384083747864,8,Dm Admin Halo,0.7454264163970947
7597469785227625223,eksaa__,adaa jurusan psikologi ga kakk,0,1,0,Tidak Ada Jurusan,0.874987006187439,5,Ada S2 Rpl,0.8357679843902588,1,Berapa Buka Kapan,0.8082232475280762
7598482692179903240,ikutikutan,Belum ada kak,0,0,2,Iya Kak Dong,0.8106393814086914,7,Daftar Aku Sudah,0.8010063171386719,8,Dm Admin Halo,0.7397453784942627
7594737022314349329,xzy.728,Pendaftaran nya sampai berapa gelombang ya? Apakah bulan Februari masih bisa daftar?,0,7,1,Berapa Buka Kapan,0.8378431797027588,0,Tidak Ada Jurusan,0.7450251579284668,13,Info Bagaimana Cara,0.7262658476829529
7594856383913362196,einaafets,Masihh kakk. Kl skrg ini kayaknya 10 gelombang kl yg reguler ya,1,0,2,Iya Kak Dong,0.661099910736084,4,Online Offline Full,0.7891381978988647,7,Daftar Aku Sudah,0.782233715057373
7595414266758087425,rindalljenner,Ada batas usia nda ka🥺,1,0,0,Tidak Ada Jurusan,0.675154447555542,5,Ada S2 Rpl,0.7198008298873901,1,Berapa Buka Kapan,0.716659426689148
7595423338932110100,einaafets,Tentu tidakk kakk,1,0,2,Iya Kak Dong,0.8155884146690369,20,Betul Keren Banget,0.7425428628921509,7,Daftar Aku Sudah,0.642028272151947
7594803277784761106,whosuw44,nitip kak,0,0,21,Nitip Nitipp Kabarin,0.9475067853927612,2,Iya Kak Dong,0.8148009181022644,11,Terima Kasih Salam,0.7176977396011353
7594856405993751316,einaafets,Msh buka ka,1,0,1,Berapa Buka Kapan,0.6864278316497803,2,Iya Kak Dong,0.7863427400588989,7,Daftar Aku Sudah,0.7472777962684631
7594867881188819720,cipay0709,Skrng masih gelombang 5 yg buka ka ..,0,0,1,Berapa Buka Kapan,0.7419134378433228,4,Online Offline Full,0.7450723648071289,7,Daftar Aku Sudah,0.7412680387496948
7594853946607338257,nikieliza28,Nitip nyari tau jg,0,0,21,Nitip Nitipp Kabarin,0.7814989686012268,2,Iya Kak Dong,0.6939007639884949,7,Daftar Aku Sudah,0.6564564108848572
7594871556401955591,fdillaaas,kak untuk biaya persemester itu dicicil 3 kali jangka waktu 6bulan ya kak?,0,1,14,Dicicil 3Jt Biaya,0.8456770777702332,1,Berapa Buka Kapan,0.7305711507797241,4,Online Offline Full,0.6687187552452087
7595044549039424277,einaafets,"Betul 3x, tp gak 6 bulan, krn efektif perkuliahan itu 4-5 bulan.. 😁",0,0,14,Dicicil 3Jt Biaya,0.7192245721817017,12,Umur Yang Semangat,0.6559678912162781,4,Online Offline Full,0.6379798650741577
7595172224040321809,softbabel0,Kak TA 2025/2026 itu nanti wisudanya di bulan apa ya,0,2,1,Berapa Buka Kapan,0.8177698850631714,0,Tidak Ada Jurusan,0.7902392745018005,15,Dimana Daerah Pjj,0.7449737787246704
7595423616977486613,einaafets,Ini yg skrg lg tugas akhri kah? Kl sesuai kaldik sih juli🤣,0,0,0,Tidak Ada Jurusan,0.7141417264938354,12,Umur Yang Semangat,0.741296648979187,4,Online Offline Full,0.7269036769866943
7595443857162470160,softbabel0,Belum masih semester 7 tapi pgn buru2 wisuda😫,0,0,12,Umur Yang Semangat,0.7797405123710632,0,Tidak Ada Jurusan,0.6912042498588562,7,Daftar Aku Sudah,0.6863985061645508
7594910418918654741,clyiraaa,"kak, kalau daftar bulan ini yang gelombang 5, berarti masuknya bulan apaa ya, kak?",1,2,1,Berapa Buka Kapan,0.801102340221405,6,Dibuka Saat Mahasiswa,0.7419634461402893,0,Tidak Ada Jurusan,0.7365561723709106
7595044871200342805,clyiraaa,"thankyouu, kakk-!",0,0,11,Terima Kasih Salam,0.8512449264526367,10,Selalu Amin Semoga,0.7178933024406433,25,Semangat Wah Tetap,0.7083984613418579
7595044264498758420,einaafets,April kak😉,0,0,2,Iya Kak Dong,0.8248652219772339,20,Betul Keren Banget,0.7435171604156494,25,Semangat Wah Tetap,0.7109198570251465
7594414543447671560,axioxioiii,ka alu boleh minta nomer adminnya ga??mau dsftar ga tau daftarnya gimna,1,1,13,Info Bagaimana Cara,0.7312136888504028,1,Berapa Buka Kapan,0.7657626271247864,4,Online Offline Full,0.7114213705062866
7594468012116902674,univsiberasia,"Hi Kakak, berikut nomor whatsapp admin UNSIA ya +62 881-5608-001🤩",0,0,8,Dm Admin Halo,0.6690700650215149,9,Id Ac Pmb,0.60776686668396,13,Info Bagaimana Cara,0.5826539993286133
7595172607838896914,nrmla.sarii,"semoga thn depan wisuda, dan ketemu temen temen di unsia🥰",0,1,10,Selalu Amin Semoga,0.8129594326019287,26,Bismillah Depan Bismillahirrahmanirrahim,0.6913992762565613,6,Dibuka Saat Mahasiswa,0.6707521677017212
7595433619905053447,univsiberasia,"Wah, aamiin.. ketemu sama Mimin juga ya kita bikin konten bareng🤩",0,0,10,Selalu Amin Semoga,0.6937434673309326,7,Daftar Aku Sudah,0.7309248447418213,11,Terima Kasih Salam,0.6804571747779846
7595428561478877969,hany13670,"aku mau daftar dimana office
aku di Johor",1,2,15,Dimana Daerah Pjj,0.7489556074142456,1,Berapa Buka Kapan,0.7640381455421448,0,Tidak Ada Jurusan,0.7375544309616089
7595749158737675028,einaafets,Daftar smpe perkuliahan full online kak.. Gk perlu dtg tp kl mau dtg ke kampus bolehh,1,0,4,Online Offline Full,0.7869923114776611,9,Id Ac Pmb,0.7950693368911743,1,Berapa Buka Kapan,0.7565649151802063
7595432760950211335,univsiberasia,"Kakak bisa langsung daftar sekarang di pmb.unsia.ac.id, pilih jurusan favorit, dan mulai kuliah online fleksibel dari mana aja.🤩",1,0,9,Id Ac Pmb,0.9071130752563477,6,Dibuka Saat Mahasiswa,0.7225440740585327,0,Tidak Ada Jurusan,0.7095905542373657
7594868559932031751,cipay0709,Kalo cuti boleh mampir ke kampus ga min?,0,1,1,Berapa Buka Kapan,0.7603105306625366,0,Tidak Ada Jurusan,0.7477397918701172,5,Ada S2 Rpl,0.7138350605964661
7595061422708802322,univsiberasia,Boleh dong Kak🤩,0,0,2,Iya Kak Dong,0.839853823184967,8,Dm Admin Halo,0.808687150478363,7,Daftar Aku Sudah,0.8002200126647949
7597069585863836423,falanscaa_,"bisa sambil kerja ka?, pusatnya dimana btw aku dari Cirebon",1,1,0,Tidak Ada Jurusan,0.7845727801322937,15,Dimana Daerah Pjj,0.7941869497299194,1,Berapa Buka Kapan,0.7809767723083496
7597111775406818068,einaafets,"Sangat bisakak, fleksibel.. Kampusnya ada di jakarta selatan",0,0,23,Jakarta Selatan Kota,0.7489424347877502,0,Tidak Ada Jurusan,0.6927708983421326,4,Online Offline Full,0.678254246711731
7595117079121134344,sofhaljemil,Kalau daftar bulan depan bisa gak?,1,1,1,Berapa Buka Kapan,0.797200083732605,4,Online Offline Full,0.7592635154724121,0,Tidak Ada Jurusan,0.7358015179634094
7595445741717832468,einaafets,Bisa ka,0,0,2,Iya Kak Dong,0.8483531475067139,8,Dm Admin Halo,0.759137749671936,13,Info Bagaimana Cara,0.7533248662948608
7595415569848976146,dwithhyunjin,gap year bisa ga kak,0,1,0,Tidak Ada Jurusan,0.7399036884307861,2,Iya Kak Dong,0.7899585962295532,7,Daftar Aku Sudah,0.7806828022003174
7595432836385194759,univsiberasia,Bisa dong Kakak,0,0,2,Iya Kak Dong,0.833686888217926,7,Daftar Aku Sudah,0.7328617572784424,20,Betul Keren Banget,0.7316076755523682
7594390974478959381,ancetana,Smoga NIMku cepat keluar gk sabar pakai toga🗿🗿🗿😁,2,1,10,Selalu Amin Semoga,0.7380225658416748,12,Umur Yang Semangat,0.6883853673934937,7,Daftar Aku Sudah,0.6817739605903625
7594405039142699794,univsiberasia,Semangat PO 4 tahunnya ya Kak🤗,1,0,10,Selalu Amin Semoga,0.8085263967514038,25,Semangat Wah Tetap,0.7965731620788574,11,Terima Kasih Salam,0.745836615562439
7596021698875704072,uzhraaa,"Disini bs RPL kak? Kalau iya, Di buka pendaftarannya sampai kapan? Dan biaya nya brp ya kak?",0,0,2,Iya Kak Dong,0.5466163158416748,1,Berapa Buka Kapan,0.8425816297531128,14,Dicicil 3Jt Biaya,0.7653588056564331
7609485362385912597,jasapijatfavoritku,wisuda offline nya dimana,0,1,4,Online Offline Full,0.7945804595947266,15,Dimana Daerah Pjj,0.8113933801651001,5,Ada S2 Rpl,0.7553784847259521
7609901759416222482,univsiberasia,Di Jakarta Selatan ya Kakak😊,0,0,15,Dimana Daerah Pjj,0.7433778047561646,23,Jakarta Selatan Kota,0.7273513674736023,11,Terima Kasih Salam,0.7044781446456909
7595073199672738568,arisakapashter,Akuuu,0,0,3,Menyimak Nrrjml Binus,0.8802098035812378,2,Iya Kak Dong,0.7110781073570251,21,Nitip Nitipp Kabarin,0.6537196636199951
7594398755526394642,nunapi221,"Selamattt wisuda kakak2, angkatan 2025 soon😂",4,0,1,Berapa Buka Kapan,0.4972008466720581,10,Selalu Amin Semoga,0.7780205011367798,11,Terima Kasih Salam,0.6510834693908691
7594475796748747528,chocomaltlovers,unsia gaada jurusan sosiologi kah?,0,0,0,Tidak Ada Jurusan,0.841825008392334,5,Ada S2 Rpl,0.8043365478515625,1,Berapa Buka Kapan,0.7323365211486816
7594436319746507536,hatusaka_,Bismillah log ini Unsia di Unsia di umur 30++ 🔥🔥,2,0,10,Selalu Amin Semoga,0.6790213584899902,26,Bismillah Depan Bismillahirrahmanirrahim,0.6819419860839844,18,100 Universitas Siber,0.6678981781005859
7594414274782282504,axioxioiii,emma beneran wisuda nya offline kan kuliahnya onlinee,0,2,4,Online Offline Full,0.8201508522033691,12,Umur Yang Semangat,0.7776789665222168,7,Daftar Aku Sudah,0.708952784538269
7595286893673612040,bar18528,"Wisuda Hybrid, bisa Online dan Offline",1,0,4,Online Offline Full,0.7161696553230286,18,100 Universitas Siber,0.6495070457458496,5,Ada S2 Rpl,0.6285879611968994
7594735367242187540,einaafets,Bisa offline,0,0,3,Menyimak Nrrjml Binus,0.6893122792243958,2,Iya Kak Dong,0.6712085008621216,28,Juta 3Jt Serius,0.6446869373321533
7594474139160429332,prettygrilsss17,Wisudanya ofline tapi ka?,0,3,4,Online Offline Full,0.7788230776786804,7,Daftar Aku Sudah,0.7815263271331787,2,Iya Kak Dong,0.7541576623916626
7594475884913165063,univsiberasia,"Hi Kakak, wisuda dilaksanakan hybrid ya 🤗",2,0,6,Dibuka Saat Mahasiswa,0.7854134440422058,16,100 Tugas Skripsi,0.7381598353385925,10,Selalu Amin Semoga,0.734286904335022
7594704426884186887,xyf_ya01,hybrid itu apa yah kak?,0,0,15,Dimana Daerah Pjj,0.8295658826828003,1,Berapa Buka Kapan,0.7444132566452026,5,Ada S2 Rpl,0.7042589783668518
7594764530683003666,k3ylaaaa_0,"ada yg ikut nya dateng langsung, ada juga yg ikut online",2,0,4,Online Offline Full,0.6677805185317993,7,Daftar Aku Sudah,0.5825332403182983,12,Umur Yang Semangat,0.5796395540237427
7594777627693794066,shut77_4,🥰,0,0,3,Menyimak Nrrjml Binus,0.995229959487915,21,Nitip Nitipp Kabarin,0.6757673621177673,2,Iya Kak Dong,0.6486166715621948
7596457708304728849,alinisyawaliaaa,bayar berapa min toganya?,0,1,1,Berapa Buka Kapan,0.7643656730651855,22,Biayanya Berapa Biaya,0.8112334609031677,15,Dimana Daerah Pjj,0.729701042175293
7597112321556038420,einaafets,Wisuda itu 1.75,0,0,4,Online Offline Full,0.5263168215751648,18,100 Universitas Siber,0.6711612343788147,5,Ada S2 Rpl,0.5992904305458069
7601059515056767764,riyanie80,kalau tinggal dipapua wisudanya gimana?,0,1,1,Berapa Buka Kapan,0.7724398374557495,0,Tidak Ada Jurusan,0.7406021952629089,4,Online Offline Full,0.734419047832489
7631883912059388680,univsiberasia,"Wisuda dilaksanakan di Jakarta Kak, jadi jika Kakak bersedia hadir secara langsung bisa ke Jakarta, namun jika tidak bisa, bisa secara online 😊",0,0,6,Dibuka Saat Mahasiswa,0.6962899565696716,9,Id Ac Pmb,0.743087887763977,4,Online Offline Full,0.6990128755569458
7604387944342864658,mbakartnkucintk,😭,0,0,3,Menyimak Nrrjml Binus,0.995229959487915,21,Nitip Nitipp Kabarin,0.6757673621177673,2,Iya Kak Dong,0.6486166715621948
7592935891938460434,valentinostanleyy,☺️☺️☺️,0,0,3,Menyimak Nrrjml Binus,0.995229959487915,21,Nitip Nitipp Kabarin,0.6757673621177673,2,Iya Kak Dong,0.6486166715621948
7593431907342320392,nu.ruru,tambah jurusan dong min😭,0,0,0,Tidak Ada Jurusan,0.7780126929283142,5,Ada S2 Rpl,0.7884945869445801,7,Daftar Aku Sudah,0.7666890621185303
7592403954427134728,galuh.agustian,cara masuk unsia gima min,1,3,0,Tidak Ada Jurusan,0.794703483581543,1,Berapa Buka Kapan,0.7998607158660889,13,Info Bagaimana Cara,0.7698532342910767
7592461245534618376,univsiberasia,"Hai Kak, Kakak bisa langsung daftar sekarang di pmb.unsia.ac.id, pilih jurusan favorit, dan mulai kuliah online fleksibel dari mana aja🤩",0,0,9,Id Ac Pmb,0.9308422803878784,6,Dibuka Saat Mahasiswa,0.7771847248077393,27,Pt Terakreditasi Ban,0.7375423312187195
7592636176247915284,rinnn4_4,bener pembayaran bisa dicicil?,1,0,14,Dicicil 3Jt Biaya,0.6848907470703125,22,Biayanya Berapa Biaya,0.5938040018081665,13,Info Bagaimana Cara,0.5753947496414185
7592865762671756039,univsiberasia,"Bener dong Kak, bisa dicicil sebanyak 3x ya🤗",0,0,14,Dicicil 3Jt Biaya,0.8297005891799927,1,Berapa Buka Kapan,0.7385337352752686,13,Info Bagaimana Cara,0.7006536722183228
7592608408031118100,yulianieka123,Happy new year bapak ibu dosen dan seluruh civitas akademisi UNSIA🥳🎉🫶,0,0,10,Selalu Amin Semoga,0.6964946985244751,18,100 Universitas Siber,0.5577067732810974,26,Bismillah Depan Bismillahirrahmanirrahim,0.5557883977890015
7592841376351175445,kencanawulan26,kalau yang dari papua bisa gak kak daftar.. trus kalau ujiannya gimana?,1,2,1,Berapa Buka Kapan,0.8399920463562012,0,Tidak Ada Jurusan,0.8010814785957336,4,Online Offline Full,0.7796103954315186
7593814521464488722,ikutikutan,"Bantu jwb ya kak, bisa bgt disini jgnkan papua kak, luar benua juga banyak hihi 😂",1,0,8,Dm Admin Halo,0.7158656120300293,7,Daftar Aku Sudah,0.7271427512168884,11,Terima Kasih Salam,0.6799384355545044
7592865369010914055,univsiberasia,"Bisa banget Kakak, kan UNSIA 100% full online learning🤩",1,0,16,100 Tugas Skripsi,0.8683075904846191,4,Online Offline Full,0.7816412448883057,18,100 Universitas Siber,0.7537202835083008
7593572598245425921,ferianggarzm,minn ini gelombang 4 mulai perkuliahan kapan ya,0,9,6,Dibuka Saat Mahasiswa,0.7664827704429626,1,Berapa Buka Kapan,0.8176884651184082,0,Tidak Ada Jurusan,0.7953997850418091
7593576616648606471,univsiberasia,"Hi Kak, untuk perkuliahan dimulai di bulan April yaa🤩",0,0,6,Dibuka Saat Mahasiswa,0.8815470933914185,1,Berapa Buka Kapan,0.7587727308273315,9,Id Ac Pmb,0.7567347288131714
7593847209252422420,chocolavaa_2,kaa batas pendaftaran kapan yaa,0,0,1,Berapa Buka Kapan,0.8627530932426453,13,Info Bagaimana Cara,0.7859720587730408,6,Dibuka Saat Mahasiswa,0.7770313024520874
7595434573463814933,mybaddie09_,ka datfar 2026 mulai tanggal brpa ya,2,3,1,Berapa Buka Kapan,0.8065235018730164,15,Dimana Daerah Pjj,0.7416629791259766,7,Daftar Aku Sudah,0.7239624857902527
7595435868883976968,univsiberasia,Hari ini sudah dibuka ya Kak pendaftaran mahasiswa baru🤗,1,0,6,Dibuka Saat Mahasiswa,0.8939157724380493,9,Id Ac Pmb,0.7673474550247192,1,Berapa Buka Kapan,0.7347244024276733
7593574948960011029,elpauuuu,"ka aku masih kelas 12,berarti daftar nya mulai kapan ya?",2,4,1,Berapa Buka Kapan,0.821661114692688,7,Daftar Aku Sudah,0.7930423617362976,0,Tidak Ada Jurusan,0.7698647975921631
7593576812091097874,univsiberasia,"Kakak bisa mendaftar di semester ganjil ya Kak, dibukanya di bulan Juni 🤗",5,0,6,Dibuka Saat Mahasiswa,0.8425338268280029,9,Id Ac Pmb,0.7838767170906067,1,Berapa Buka Kapan,0.7771726250648499
7593579844936549141,elpauuuu,mulai kuliah nya bulan apa berarti?,0,0,0,Tidak Ada Jurusan,0.7155090570449829,1,Berapa Buka Kapan,0.7142958641052246,12,Umur Yang Semangat,0.6977543830871582
7593606221141672724,einaafets,Oktober biasanya 😁,0,0,3,Menyimak Nrrjml Binus,0.7571896314620972,26,Bismillah Depan Bismillahirrahmanirrahim,0.6929405927658081,2,Iya Kak Dong,0.6689207553863525
7593709885218177813,elpauuuu,makasihh ka infonya🙏,0,0,11,Terima Kasih Salam,0.8942351341247559,20,Betul Keren Banget,0.7477409839630127,10,Selalu Amin Semoga,0.729292631149292
7594083044291216146,itscicits,kak ini berarti masuknya angkatan 2025-2026 ya bukan 2026-2027?,0,1,1,Berapa Buka Kapan,0.6448522210121155,0,Tidak Ada Jurusan,0.6556314826011658,7,Daftar Aku Sudah,0.647862434387207
7594146842888520469,einaafets,"Btul msh genap 25/26, next baru ganjil 26/27 (cmiiw)",0,0,3,Menyimak Nrrjml Binus,0.30307650566101074,12,Umur Yang Semangat,0.5982573628425598,4,Online Offline Full,0.5567188262939453
7593616493997966101,butterflyblue_24,min ada beasiswa kip-k?atau beasiswa yang lain GTUU min?,0,9,1,Berapa Buka Kapan,0.7768237590789795,0,Tidak Ada Jurusan,0.7916239500045776,19,Jalur Konversi Melalui,0.7646306753158569
7593624040914076436,fsya.2,"banyak kak, bisa lgsng cek di web nya, kebetulan aku maba juga yg dpt beasiswanya😍",3,0,1,Berapa Buka Kapan,0.748700737953186,0,Tidak Ada Jurusan,0.7498612999916077,7,Daftar Aku Sudah,0.7444292902946472
7595278886348604177,tilipitappy,kaa lulus beasiswa apaa ya?,0,0,0,Tidak Ada Jurusan,0.8294681906700134,1,Berapa Buka Kapan,0.8212440609931946,15,Dimana Daerah Pjj,0.8018900752067566
7595390462472340244,fsya.2,sosial ekonomi ka,0,0,5,Ada S2 Rpl,0.6042587161064148,3,Menyimak Nrrjml Binus,0.647514820098877,28,Juta 3Jt Serius,0.6446600556373596
7595440024373723920,tilipitappy,"samaaa ka, mau mutualan gaa? ambil jurusan apa kaa?",1,0,2,Iya Kak Dong,0.6937065720558167,0,Tidak Ada Jurusan,0.7909045219421387,7,Daftar Aku Sudah,0.7768993377685547
7595488344248582932,fsya.2,manajemen ka,0,0,2,Iya Kak Dong,0.6826797723770142,3,Menyimak Nrrjml Binus,0.7926610112190247,18,100 Universitas Siber,0.6811093688011169
7593625545447965460,butterflyblue_24,kak mau chatt mau tanya-tanya boleh gaaa,1,0,1,Berapa Buka Kapan,0.7657521367073059,8,Dm Admin Halo,0.8039518594741821,7,Daftar Aku Sudah,0.7772947549819946
7593625654232302356,fsya.2,iyapp,0,0,2,Iya Kak Dong,0.8072686791419983,20,Betul Keren Banget,0.793994665145874,21,Nitip Nitipp Kabarin,0.6831790208816528
7593905118368023314,i0.dna,kak boleh bagi ini ga,1,0,2,Iya Kak Dong,0.7417648434638977,7,Daftar Aku Sudah,0.7449311017990112,8,Dm Admin Halo,0.7318401336669922
7596067043805004551,arifaaawww,"izin kak, kk dpt beasiswa berarti ga bayar uktnyaa gmn kak?",0,0,13,Info Bagaimana Cara,0.7381660342216492,1,Berapa Buka Kapan,0.7983912229537964,0,Tidak Ada Jurusan,0.761974573135376
7593977807169094420,d1l4hh236,"izin bertanya ka apa pas wisuda di unsia itu ada kuota batasan nya atau semua mahasiswa yang pengen wisuda offline itu bakal bisa ikut semua ka? mohon untuk dibantu jawab ya ka, terimakasih🙏",0,1,0,Tidak Ada Jurusan,0.771521270275116,1,Berapa Buka Kapan,0.7916949987411499,9,Id Ac Pmb,0.7587512731552124
7594146734444577556,einaafets,"Setau ku gada kuota sih ka, yg mau offline pasti boleh bgt. Klo kampus penuh, mau sewa gedung lg kata mimin nya😁",0,0,0,Tidak Ada Jurusan,0.7161037921905518,12,Umur Yang Semangat,0.7912087440490723,4,Online Offline Full,0.7596398591995239
7593654965047231248,shinchankicil,"mw di unsia, tp gaada jurusan administrasi bisnis 😭",0,1,0,Tidak Ada Jurusan,0.8466958403587341,5,Ada S2 Rpl,0.7524298429489136,12,Umur Yang Semangat,0.7310848236083984
7593961809175085841,elsanindiaa,Akuntansi aja 😅,0,0,3,Menyimak Nrrjml Binus,0.8275117874145508,2,Iya Kak Dong,0.6945286393165588,28,Juta 3Jt Serius,0.677645206451416
7597390337720943368,im_zarr1,"bs utk yg krj shif gk ka, trus ntar wisudanya offline atau online ka",0,1,4,Online Offline Full,0.8293795585632324,1,Berapa Buka Kapan,0.8177875280380249,0,Tidak Ada Jurusan,0.7863631248474121
7598482820403888903,ikutikutan,Halo kak bisa bgt ya kak sangat fleksibel. Wisuda boleh online atau offline 😍,0,0,8,Dm Admin Halo,0.7983894348144531,4,Online Offline Full,0.7789573669433594,16,100 Tugas Skripsi,0.7754662036895752
7597805061464982290,firdahma,pendaftarannya sampai kapan kak?,0,1,1,Berapa Buka Kapan,0.8659006357192993,13,Info Bagaimana Cara,0.8063668012619019,15,Dimana Daerah Pjj,0.7682963609695435
7597818074771718920,univsiberasia,"Hi Kak, sampai Maret masih dibuka ya pendaftarannya🤗",0,0,6,Dibuka Saat Mahasiswa,0.8835198879241943,1,Berapa Buka Kapan,0.7798961400985718,8,Dm Admin Halo,0.7509952783584595
7593802585698927368,ryndnva,Sampe gelombang berapa yaa pendaftaran nya,1,1,1,Berapa Buka Kapan,0.8319239616394043,13,Info Bagaimana Cara,0.7531936764717102,22,Biayanya Berapa Biaya,0.7254817485809326
7594005672791327509,einaafets,Smpe gelombang 10 ini kayaknya kak,0,0,2,Iya Kak Dong,0.7026746869087219,7,Daftar Aku Sudah,0.7408310770988464,4,Online Offline Full,0.7153871655464172
7593574582558376711,urprety.08,otw min,0,2,2,Iya Kak Dong,0.7348709106445312,21,Nitip Nitipp Kabarin,0.7175971865653992,3,Menyimak Nrrjml Binus,0.6498038172721863
7593576669362275079,univsiberasia,"Wahhh Kakak, Mimin tunggu ya🤗",0,0,11,Terima Kasih Salam,0.8518883585929871,8,Dm Admin Halo,0.7624865174293518,7,Daftar Aku Sudah,0.7500496506690979
7593643752436400903,igramsky,Ditunggu kak sama maba2 😎,0,0,11,Terima Kasih Salam,0.7877674102783203,7,Daftar Aku Sudah,0.7647629976272583,10,Selalu Amin Semoga,0.742615818977356
7593993890484585236,abciaaaa123,"halo kak, kalau misalnya lulusan D3 mau lanjut ambil S1 bisa g disini? kira² durasi kuliahnya brp tahun?",0,1,0,Tidak Ada Jurusan,0.8390525579452515,1,Berapa Buka Kapan,0.7696462869644165,9,Id Ac Pmb,0.7513428926467896
7594005602793128724,einaafets,"Bisa kak, start 2 smt aja bs kelar kokk asal sksnya banyak yg bs dikonversi 😉😉",0,0,2,Iya Kak Dong,0.5525988340377808,12,Umur Yang Semangat,0.7561395168304443,14,Dicicil 3Jt Biaya,0.7501974701881409
7595071971659989767,notyouralpukat,kak kalau dr kampus lain pindah ke sini bisa gkk?,0,1,0,Tidak Ada Jurusan,0.8421998620033264,1,Berapa Buka Kapan,0.8174434900283813,19,Jalur Konversi Melalui,0.7671875357627869
7595596274603934471,ikutikutan,"Bantu jawab kak, bisa kakkk",0,0,8,Dm Admin Halo,0.8706669807434082,7,Daftar Aku Sudah,0.7695871591567993,11,Terima Kasih Salam,0.7688553929328918
7596045091589964551,muggle252,hallo kak ijin bertanya saya mahasiswa semester satu D3 ekowisata kalo mau pindah ke unsia bisa atau harus ulang Dari awal?,0,1,0,Tidak Ada Jurusan,0.7897301316261292,1,Berapa Buka Kapan,0.7415974140167236,16,100 Tugas Skripsi,0.7303453683853149
7598139269056496405,einaafets,Tergantung ke hasil sks yg dikonversi kak..,0,0,1,Berapa Buka Kapan,0.6381676197052002,4,Online Offline Full,0.6737192273139954,14,Dicicil 3Jt Biaya,0.6545566916465759
7594311467727749908,meisitompul17,"masih bisa daftar gk kk
apa pendaftaraan nya udah tutup",0,1,1,Berapa Buka Kapan,0.8141093254089355,6,Dibuka Saat Mahasiswa,0.7552944421768188,4,Online Offline Full,0.7303601503372192
7594379001017352968,univsiberasia,"Hai Kakak, UNSIA saat ini masih membuka pendaftaran mahasiswa baru lhoo 🤗🤗",0,0,6,Dibuka Saat Mahasiswa,0.893574595451355,9,Id Ac Pmb,0.7959365844726562,16,100 Tugas Skripsi,0.7292429208755493
7593669797218190087,anssvelss,tutup pendaftarannya kapan ka,0,1,1,Berapa Buka Kapan,0.8856146335601807,13,Info Bagaimana Cara,0.8281494379043579,4,Online Offline Full,0.7849674820899963
7593783379079381778,univsiberasia,Pendaftaran mahasiswa baru dibuka sampai awal Maret ya Kakak🤗,0,0,6,Dibuka Saat Mahasiswa,0.878250241279602,9,Id Ac Pmb,0.7619538307189941,1,Berapa Buka Kapan,0.7123161554336548
7593637428935443207,dasyfahh,"Kak, kan tahun lalu aku udah daftar. Udah sampai di tahap bayar cicilan pertama, tapi blm aku bayar. Kalau misal ini aku bayar, masih berlaku nggak? Atau mengulang pendaftaran dari awal?",0,1,1,Berapa Buka Kapan,0.699687123298645,14,Dicicil 3Jt Biaya,0.6983289122581482,12,Umur Yang Semangat,0.693793773651123
7594379676140110599,univsiberasia,"Halo Kak, mohon maaf sudah tidak bisa ya. Akunnya sudah hangus, jadi Kakak mendaftar lagi di periode ini☺️",0,0,9,Id Ac Pmb,0.7080150842666626,6,Dibuka Saat Mahasiswa,0.7550238370895386,8,Dm Admin Halo,0.7110400795936584
7593685436695757576,tenenggtenengg,kaa yg hasil konversi 2025 gel 1 masih belum ya? udah 1 bulan nungguinnya,0,4,1,Berapa Buka Kapan,0.7536746263504028,4,Online Offline Full,0.722975492477417,0,Tidak Ada Jurusan,0.7044283151626587
7594005866648158996,einaafets,Iya kak ditunggu aja,1,0,11,Terima Kasih Salam,0.8091292977333069,2,Iya Kak Dong,0.7978179454803467,8,Dm Admin Halo,0.7713360786437988
7594098746830816018,hainisa31,Aku gelombang 5 nih kak belum juga nunggu nim,0,0,7,Daftar Aku Sudah,0.7837430238723755,6,Dibuka Saat Mahasiswa,0.7690871953964233,1,Berapa Buka Kapan,0.7450345754623413
7594099251501499154,tenenggtenengg,gelombang 5 bukannya yg paling baru ya ka,0,0,1,Berapa Buka Kapan,0.7264150381088257,7,Daftar Aku Sudah,0.7239878177642822,4,Online Offline Full,0.7153805494308472
7594099440098099975,hainisa31,"Iya baru 😭cuma gak sabar aja ,maklum kak 😭😭",0,0,2,Iya Kak Dong,0.697777509689331,12,Umur Yang Semangat,0.7066647410392761,7,Daftar Aku Sudah,0.6916423439979553
7594270163362104065,joki.tugas2025,"ga ada kata terlambat, gas kejar semuaa💃🏻🔥",0,1,26,Bismillah Depan Bismillahirrahmanirrahim,0.6826412677764893,10,Selalu Amin Semoga,0.5918817520141602,25,Semangat Wah Tetap,0.5853711366653442
7594379377652368135,univsiberasia,Teman-teman kerjain tugasnya gaboleh joki ya🤩,0,0,12,Umur Yang Semangat,0.7546756267547607,7,Daftar Aku Sudah,0.7009620666503906,4,Online Offline Full,0.669074535369873
7594697022456759058,azzahra085__,Kak mau tanya kalau daerah samarinda apakah bisa daftar dan sistem belajarnya gimana?,0,1,1,Berapa Buka Kapan,0.8068175315856934,0,Tidak Ada Jurusan,0.7523189783096313,13,Info Bagaimana Cara,0.7358198165893555
7594748426089874194,univsiberasia,"Hi Kak, bisa banget dong, karena UNSIA 100% full online. Jadi bisa berkuliah darimana saja dan kapan saja🤩",0,0,9,Id Ac Pmb,0.860615611076355,16,100 Tugas Skripsi,0.8302043080329895,0,Tidak Ada Jurusan,0.7662479877471924
7594770669931070226,pinkyy._717,"min, untuk yang gapyear ikut daftar gelombang ini kah?",0,1,1,Berapa Buka Kapan,0.8120650053024292,0,Tidak Ada Jurusan,0.7736833095550537,7,Daftar Aku Sudah,0.7537103891372681
7594839784590443272,univsiberasia,"Hai, bisa ya daftar di gelombang yang sekarang🤗",0,0,1,Berapa Buka Kapan,0.7842299342155457,7,Daftar Aku Sudah,0.8110077977180481,13,Info Bagaimana Cara,0.7760652303695679
7594087503973024529,aulia.17.08,min terima aku yaaaa tahun ini wkwk,0,1,7,Daftar Aku Sudah,0.7456129789352417,12,Umur Yang Semangat,0.7045333981513977,10,Selalu Amin Semoga,0.6979973316192627
7594379195984347922,univsiberasia,Ini Mimin ditembak??😳😳,1,0,8,Dm Admin Halo,0.4804009199142456,2,Iya Kak Dong,0.6522457599639893,3,Menyimak Nrrjml Binus,0.6182785034179688
7596201880638096135,kirana.rie_,pendaftaran beasiswa kapan kak?,0,0,1,Berapa Buka Kapan,0.8530747890472412,13,Info Bagaimana Cara,0.8215901851654053,6,Dibuka Saat Mahasiswa,0.7846997976303101
7599205911324934913,byeonwooseok39,Ka lirik dm ku🙏🏻,0,0,8,Dm Admin Halo,0.7071439027786255,2,Iya Kak Dong,0.6892456412315369,15,Dimana Daerah Pjj,0.6608796119689941
7595759848890516245,ryhannnn6,ada jalur rpl ngga kak,0,0,5,Ada S2 Rpl,0.826807975769043,1,Berapa Buka Kapan,0.8316625356674194,0,Tidak Ada Jurusan,0.8038793802261353
7595187968881705744,the_mutiara03,"min, mau tanya kan saya jauh ni di Riau terus ujian nya gimana?? apa online juga ? atau harus datang ? mohon di jawab ya min...lagi bimbang mau masuk mana 😭",0,1,0,Tidak Ada Jurusan,0.7516759634017944,1,Berapa Buka Kapan,0.7714301943778992,4,Online Offline Full,0.7139121294021606
7595433421535560466,univsiberasia,"Hi Kak, ujian di UNSIA 100% full online ya🤗 jadi jangan khawatir..🤩",0,0,16,100 Tugas Skripsi,0.8661365509033203,6,Dibuka Saat Mahasiswa,0.8448158502578735,9,Id Ac Pmb,0.8359956741333008
7594248346227852050,fatihatunnisa_,pengen s2 nyaaa,0,0,5,Ada S2 Rpl,0.790591835975647,2,Iya Kak Dong,0.7461322546005249,0,Tidak Ada Jurusan,0.7112226486206055
7602491183391015687,rmunchild,ada sistem skripsi atau sidang ga kk,0,0,5,Ada S2 Rpl,0.7389735579490662,4,Online Offline Full,0.7134032249450684,0,Tidak Ada Jurusan,0.6910808086395264
7593955317341750037,masheriiiiiiiiiiiii,Kak ada program s2 kah?,0,0,6,Dibuka Saat Mahasiswa,0.7117926478385925,0,Tidak Ada Jurusan,0.8607994318008423,5,Ada S2 Rpl,0.829750120639801
7594291792058303249,jualgaunlabuanbajo,s2 nya blm ada ya?,0,0,5,Ada S2 Rpl,0.8421909213066101,0,Tidak Ada Jurusan,0.810952365398407,1,Berapa Buka Kapan,0.7971943616867065
7599988653003424533,mbohlah_blas,BAHASA KOREA KAPAN DIBUKA MINTT😭😭,0,0,0,Tidak Ada Jurusan,0.659345805644989,5,Ada S2 Rpl,0.6964229345321655,1,Berapa Buka Kapan,0.6754014492034912
7590709965028262664,noprianti_,prodi s2 ada ga min?,0,1,0,Tidak Ada Jurusan,0.8450018167495728,5,Ada S2 Rpl,0.8330543041229248,1,Berapa Buka Kapan,0.7527552843093872
7592109443257860882,univsiberasia,Saat ini untuk program S2 belum dibuka nih Kakak di UNSIA;(,0,0,6,Dibuka Saat Mahasiswa,0.8645188808441162,9,Id Ac Pmb,0.7901952862739563,0,Tidak Ada Jurusan,0.7756805419921875
7590451636334625543,potretgemoy_serang,"min, aku mau tanya, aku kan dari kampus swasta udh semester 6 nah tpi karena kerja aku jadi cuti klo misal mau pindah kira2 bisa ga ya ? bisa lanjut smester ga ya",0,1,0,Tidak Ada Jurusan,0.799526572227478,1,Berapa Buka Kapan,0.7483202219009399,12,Umur Yang Semangat,0.7370910048484802
7592109565308568327,univsiberasia,"Hi Kakak, bisa ya melalu jalur alih jenjang atau konversi🤗",0,0,19,Jalur Konversi Melalui,0.9232794046401978,0,Tidak Ada Jurusan,0.7602857351303101,1,Berapa Buka Kapan,0.7286034226417542
7594464781290439441,ammarmaruf44,ada teknik ga,0,3,5,Ada S2 Rpl,0.6626847982406616,2,Iya Kak Dong,0.6587779521942139,3,Menyimak Nrrjml Binus,0.6379846334457397
7594468842261627655,univsiberasia,"UNSIA memiliki 5 prodi ya Kak yaitu akuntansi, informatika, sistem informasi, komunikasi dan manajemen 😊",0,0,17,Informasi Informatika Akuntansi,0.9362039566040039,27,Pt Terakreditasi Ban,0.6958420276641846,9,Id Ac Pmb,0.6853283643722534
7595959099931476737,teh.neng80,spill biayanya min🙏jurusan S1 prodi manajemen,0,0,7,Daftar Aku Sudah,0.4289471209049225,17,Informasi Informatika Akuntansi,0.6485060453414917,0,Tidak Ada Jurusan,0.610031008720398
7596165335674962695,univsiberasia,Semua jurusan UKTnya hanya 3jt ya Kakak🤩,0,0,14,Dicicil 3Jt Biaya,0.8430496454238892,0,Tidak Ada Jurusan,0.7922019958496094,1,Berapa Buka Kapan,0.7516932487487793
7591572061160702740,antxsd,Apakah bisa RPL?,0,1,5,Ada S2 Rpl,0.7525486946105957,22,Biayanya Berapa Biaya,0.7269695997238159,15,Dimana Daerah Pjj,0.6886154413223267
7591720618930029332,einaafets,Bisa tp bukan rpl pengalaman kerja,0,0,5,Ada S2 Rpl,0.7104881405830383,0,Tidak Ada Jurusan,0.662273108959198,4,Online Offline Full,0.647220253944397
7591730619387151112,dheaa_107,aku stay malaysia pengen,2,1,0,Tidak Ada Jurusan,0.488836407661438,2,Iya Kak Dong,0.5776847004890442,26,Bismillah Depan Bismillahirrahmanirrahim,0.5414657592773438
7591770336301269768,univsiberasia,"Bisa banget karena UNSIA 100% full online, jadi Kakak bisa langsung daftar sekarang di pmb.unsia.ac.id, pilih jurusan favorit, dan mulai kuliah online fleksibel dari mana aja🤩",1,0,9,Id Ac Pmb,0.9268937110900879,16,100 Tugas Skripsi,0.7490848302841187,6,Dibuka Saat Mahasiswa,0.7460989952087402
7591720751725740818,imaiwd,cara pendaftaran min,1,1,13,Info Bagaimana Cara,0.7884441614151001,22,Biayanya Berapa Biaya,0.64600670337677,1,Berapa Buka Kapan,0.6453855633735657
7591770129957929735,univsiberasia,"Kakak bisa langsung daftar sekarang di pmb.unsia.ac.id, pilih jurusan favorit, dan mulai kuliah online fleksibel dari mana aja🤩",0,0,9,Id Ac Pmb,0.9071130752563477,6,Dibuka Saat Mahasiswa,0.7225440740585327,0,Tidak Ada Jurusan,0.7095905542373657
7592294991268037383,ariiwiijayaa,jurusan SMK Akuntansi apakah harus ke jurusan yg berhubungan dengan akuntansi juga ka?,0,1,0,Tidak Ada Jurusan,0.7956063151359558,5,Ada S2 Rpl,0.7246307134628296,17,Informasi Informatika Akuntansi,0.7237514853477478
7592461498262487826,univsiberasia,"Hai Kak, ngga juga ko Kak, kalau Kakak minat ke jurusan lain gapapa 🤩",0,0,0,Tidak Ada Jurusan,0.7868126630783081,7,Daftar Aku Sudah,0.7529478073120117,12,Umur Yang Semangat,0.7362964749336243
7599993923075080981,blu3berryy11,untuk tugas akhir apakah cuman skripsi? apa ada opsi lain?,216,9,16,100 Tugas Skripsi,0.6811894178390503,0,Tidak Ada Jurusan,0.7431184649467468,5,Ada S2 Rpl,0.7388278245925903
7602867597458555669,einaafets,"Tugas akhir ada 3 pilihan ka, penelitian kuantitatif kualitatif, prototype, dan kolaborasi antar prodi",47,0,16,100 Tugas Skripsi,0.5584330558776855,17,Informasi Informatika Akuntansi,0.6061837077140808,18,100 Universitas Siber,0.5008530616760254
7603381278146560776,akupadamu4325,"ini mah jenis metode penelitian ,klo tugas akhir ada 2 skripsi & komprehensif .",14,0,16,100 Tugas Skripsi,0.6545509099960327,0,Tidak Ada Jurusan,0.5993979573249817,12,Umur Yang Semangat,0.5971968770027161
7604115966671438599,agungperdana52,kalau ujiannya itu online kan ka? atau offline? soalnya diut itu offline kalau ujiannya,0,0,4,Online Offline Full,0.8258732557296753,1,Berapa Buka Kapan,0.7215292453765869,12,Umur Yang Semangat,0.6943385601043701
7604116291830874898,akupadamu4325,𝙖𝙠𝙪 𝙤𝙛𝙛𝙡𝙞𝙣𝙚,0,0,3,Menyimak Nrrjml Binus,0.7794592976570129,2,Iya Kak Dong,0.657058596611023,21,Nitip Nitipp Kabarin,0.6506304740905762
7604116792038474514,agungperdana52,bsa online ga ka?,0,0,4,Online Offline Full,0.8284990787506104,1,Berapa Buka Kapan,0.8424857258796692,13,Info Bagaimana Cara,0.7984426617622375
7604131968289571602,akupadamu4325,tergantung kampusnya kak,0,0,1,Berapa Buka Kapan,0.6964659094810486,2,Iya Kak Dong,0.7524007558822632,15,Dimana Daerah Pjj,0.7431809902191162
7604505075838665473,rey33_yeah,Ut ada uas online kali,1,0,4,Online Offline Full,0.8095847368240356,5,Ada S2 Rpl,0.750485360622406,16,100 Tugas Skripsi,0.735431432723999
7603417998447837972,blu3berryy11,maaf kak komprehensif apa ya?,2,0,11,Terima Kasih Salam,0.7290319204330444,8,Dm Admin Halo,0.7940875887870789,15,Dimana Daerah Pjj,0.7911334037780762
7603560256199099157,aga.ee,"biasanua setiap kmpus ad 3 opsi, skripsi, upload sinta dan upload scopus",0,0,16,100 Tugas Skripsi,0.6372326612472534,4,Online Offline Full,0.6422543525695801,12,Umur Yang Semangat,0.61735999584198
7655907287390864148,sweetpotatosca,tes seleksi Unsia susah ga gais? yg udh pernah bisa tolong spill🙏,0,1,7,Daftar Aku Sudah,0.7264060974121094,1,Berapa Buka Kapan,0.7718302011489868,0,Tidak Ada Jurusan,0.7698311805725098
7655963728505291538,nominomii06,"engga susah ka, aman aja",0,0,5,Ada S2 Rpl,0.5945903062820435,2,Iya Kak Dong,0.6402745246887207,4,Online Offline Full,0.5971354246139526
7604294101979431701,anie9838,Udah gak sabar padhl baru semester satu 😭😭😭,15,7,12,Umur Yang Semangat,0.7478526830673218,7,Daftar Aku Sudah,0.6389870643615723,4,Online Offline Full,0.6241427063941956
7607490993906533140,laelaaaa244,kaa kuliahnya full online?,1,0,4,Online Offline Full,0.8307842016220093,18,100 Universitas Siber,0.8107768297195435,5,Ada S2 Rpl,0.7675260305404663
7607632452463444757,anie9838,Iyah kak🤣,0,0,2,Iya Kak Dong,0.8862804174423218,20,Betul Keren Banget,0.818972647190094,11,Terima Kasih Salam,0.7698267698287964
7609419150222148360,xyzzz488,Ngambil prodi apa kak?,0,0,0,Tidak Ada Jurusan,0.8261746764183044,15,Dimana Daerah Pjj,0.8648034334182739,5,Ada S2 Rpl,0.8120996952056885
7609462077380805396,anie9838,Komunikasi kak,0,0,2,Iya Kak Dong,0.8468483686447144,21,Nitip Nitipp Kabarin,0.7389187812805176,20,Betul Keren Banget,0.7224625945091248
7613807179271996180,makanapaaaaaa,Halo ka bole tau jadwal jamberapa kl zoom? Dan brp hari dlm seminggu,0,0,1,Berapa Buka Kapan,0.7711426615715027,4,Online Offline Full,0.7082538604736328,0,Tidak Ada Jurusan,0.7051993608474731
7613950206413439765,anie9838,Tergantung dosen kak 😁,0,0,10,Selalu Amin Semoga,0.581572413444519,2,Iya Kak Dong,0.7908958196640015,20,Betul Keren Banget,0.692993700504303
7609462144656048916,anie9838,Yes,0,0,3,Menyimak Nrrjml Binus,0.8646694421768188,21,Nitip Nitipp Kabarin,0.6868691444396973,2,Iya Kak Dong,0.678602933883667
7623249304946049809,aguuinaldo,unsia akreditasi apa ya?,8,1,0,Tidak Ada Jurusan,0.8032770752906799,15,Dimana Daerah Pjj,0.8052806258201599,5,Ada S2 Rpl,0.7838292121887207
7623427330426684178,fajril445,B k,0,0,-1,Mantab Uk Belakang,0.0,3,Menyimak Nrrjml Binus,0.8188794851303101,28,Juta 3Jt Serius,0.648317813873291
7644596462315701008,kaysnnnnak,kk jurusan hukum ada gk y?,0,1,0,Tidak Ada Jurusan,0.8674044013023376,5,Ada S2 Rpl,0.8383057117462158,1,Berapa Buka Kapan,0.7832410335540771
7644779374736605973,mac_berlin,gaada kak,0,0,2,Iya Kak Dong,0.8436534404754639,20,Betul Keren Banget,0.7205937504768372,7,Daftar Aku Sudah,0.6806906461715698
7621902486475145991,kamuhrustau,ada almet nya ga sih?,3,1,5,Ada S2 Rpl,0.7821369171142578,15,Dimana Daerah Pjj,0.8006415367126465,1,Berapa Buka Kapan,0.762465238571167
7639644016405709588,ferdiansyah7474,beli almet USIA dimana kak?,0,0,15,Dimana Daerah Pjj,0.7977026700973511,1,Berapa Buka Kapan,0.7203949689865112,13,Info Bagaimana Cara,0.6768522262573242
7604891134972691221,mikael._06,ini gada offline nya gitu sekali minimal seminggu pgn bgt😭,15,7,4,Online Offline Full,0.7095788717269897,12,Umur Yang Semangat,0.7024779319763184,7,Daftar Aku Sudah,0.6198116540908813
7639643481598329621,ferdiansyah7474,beli almet USIA dimana ya kak?,0,0,15,Dimana Daerah Pjj,0.7934707999229431,1,Berapa Buka Kapan,0.7415693998336792,13,Info Bagaimana Cara,0.6833617091178894
7622504666987135751,whyfaahh_,"ka, aku mau nanya2 boleh ga??",0,0,1,Berapa Buka Kapan,0.7792450785636902,8,Dm Admin Halo,0.8183742165565491,7,Daftar Aku Sudah,0.7800189256668091
7611940577470645013,pinaravit17,mau tanya lagi ka klo misal ada zoom gtu biasanya wktu nya kapan ya? apakah mlm? soalnya saya kerja dri pgi smpe aga malem🙏🏻,0,0,0,Tidak Ada Jurusan,0.7041032314300537,1,Berapa Buka Kapan,0.7542845010757446,4,Online Offline Full,0.7190828919410706
7611939309415629589,pinaravit17,makasi kaka🙏🏻,0,0,11,Terima Kasih Salam,0.8300994634628296,25,Semangat Wah Tetap,0.6939288377761841,20,Betul Keren Banget,0.68961501121521
7611931536121004821,pinaravit17,pendaftaran maba kapan ka?,0,0,1,Berapa Buka Kapan,0.8376264572143555,13,Info Bagaimana Cara,0.7806408405303955,6,Dibuka Saat Mahasiswa,0.7727394104003906
7611872696995382036,pinaravit17,ka berarti ga dapet almet gitu ya atau tetep dapet?,0,0,5,Ada S2 Rpl,0.6794581413269043,4,Online Offline Full,0.7226581573486328,1,Berapa Buka Kapan,0.7223424911499023
7610005410113110791,xbz85,klo mau ikut kegiatan itu gimana ya kak?,0,0,2,Iya Kak Dong,0.6236211061477661,1,Berapa Buka Kapan,0.8238929510116577,0,Tidak Ada Jurusan,0.767315149307251
7602137177627640594,iniisshaaa,haii kakk unsia ada program beasiswa?,1,3,6,Dibuka Saat Mahasiswa,0.8241956830024719,16,100 Tugas Skripsi,0.7842837572097778,9,Id Ac Pmb,0.7537293434143066
7602196143972533010,univsiberasia,"Ada lho Kak, dan saat ini sedang dibuka kembali program beasiswa🤩",0,0,6,Dibuka Saat Mahasiswa,0.8237733840942383,9,Id Ac Pmb,0.7223858833312988,27,Pt Terakreditasi Ban,0.7059696316719055
7602294242744124168,iniisshaaa,info min,0,0,13,Info Bagaimana Cara,0.7573503255844116,28,Juta 3Jt Serius,0.6847314834594727,21,Nitip Nitipp Kabarin,0.6630571484565735
7602252302158267137,saskiiiiaaprrr,Mau ka,0,0,2,Iya Kak Dong,0.871541440486908,7,Daftar Aku Sudah,0.7552838325500488,21,Nitip Nitipp Kabarin,0.7398101091384888
7601194973350494997,ftrynii_6,"haiii kakk. kalo di unsia ada maksimal umur gak?, semisal pas baru lulus smk aku gak ngambil gapyear duluu itu masih bisa gak ka?",0,1,0,Tidak Ada Jurusan,0.820990264415741,1,Berapa Buka Kapan,0.7855747938156128,12,Umur Yang Semangat,0.761360764503479
7601415938752185106,niliee_,bisa ka,0,0,2,Iya Kak Dong,0.8483531475067139,8,Dm Admin Halo,0.759137749671936,13,Info Bagaimana Cara,0.7533248662948608
7604250611253068551,tempat.naruh.capek,apakah ada beasiswa disana gak kak?,2,2,1,Berapa Buka Kapan,0.8188334703445435,0,Tidak Ada Jurusan,0.8171497583389282,5,Ada S2 Rpl,0.7935343980789185
7604839770656899847,cantikaidaf,"ada kakk, saat ini sedang dibuka jalur beasiswa yaww",0,0,6,Dibuka Saat Mahasiswa,0.8408228158950806,19,Jalur Konversi Melalui,0.7707799673080444,1,Berapa Buka Kapan,0.7609926462173462
7604839918132675346,tempat.naruh.capek,dimana tuh,0,0,15,Dimana Daerah Pjj,0.7889789342880249,2,Iya Kak Dong,0.7546360492706299,22,Biayanya Berapa Biaya,0.6784035563468933
7604115821229769490,agungperdana52,kalau ujiannya itu offline atau online ka?,2,1,4,Online Offline Full,0.861792802810669,1,Berapa Buka Kapan,0.7807936668395996,0,Tidak Ada Jurusan,0.7436183094978333
7604839814005392135,cantikaidaf,ujian nya full online ya kak,1,0,4,Online Offline Full,0.8667287230491638,1,Berapa Buka Kapan,0.8138260841369629,16,100 Tugas Skripsi,0.8133882284164429
7599946066389353217,henimutiy,kk kalo domisili lampung ada gk,1,9,0,Tidak Ada Jurusan,0.8048911094665527,1,Berapa Buka Kapan,0.8337148427963257,15,Dimana Daerah Pjj,0.7999268174171448
7599993208772379399,voilla98,"Saya juga dari Lampung Timur, kuliah di UNSIA, skrng domisili di Taiwan, dari prodi Akuntansi... 🥰🙏",4,0,0,Tidak Ada Jurusan,0.7371417284011841,17,Informasi Informatika Akuntansi,0.6687635183334351,9,Id Ac Pmb,0.6532548069953918
7600006287145829140,lisa_siregar.03,"Kak aku dari Lampung tengah, stay Malaysia, prodi akuntansi juga🥰",2,0,0,Tidak Ada Jurusan,0.8213104009628296,7,Daftar Aku Sudah,0.7360460758209229,12,Umur Yang Semangat,0.7330089807510376
7639272818932269842,rilan_salontulangbawang,Susah tidak kk diunsia?dan zoom trus kh?,1,0,4,Online Offline Full,0.6537946462631226,1,Berapa Buka Kapan,0.6408017873764038,5,Ada S2 Rpl,0.6383463144302368
7610710951596278549,prettymom97_,"Kak,izin dm",1,0,8,Dm Admin Halo,0.8558105230331421,11,Terima Kasih Salam,0.748806893825531,7,Daftar Aku Sudah,0.7454434037208557
7599954893861126933,dwiimup4,Kak aku dri lmpung merantau di jkt dan kuliah online,1,0,0,Tidak Ada Jurusan,0.7116954326629639,12,Umur Yang Semangat,0.6734395027160645,4,Online Offline Full,0.6444620490074158
7599956002742125313,henimutiy,kalo ambil kuliah onlennya di lampung bisa gk karna kerja di lampung jga kk,1,0,0,Tidak Ada Jurusan,0.8069359064102173,4,Online Offline Full,0.7223254442214966,1,Berapa Buka Kapan,0.7183382511138916
7599956324902060821,dwiimup4,Bisa kak bhkn kk di luar negeri pun bisa,1,0,1,Berapa Buka Kapan,0.6166579127311707,4,Online Offline Full,0.6481773853302002,0,Tidak Ada Jurusan,0.6463362574577332
7599955484410462983,anias_mimy,Kak q dari palembang kk kuliah di unsia juga,0,0,0,Tidak Ada Jurusan,0.7954757809638977,9,Id Ac Pmb,0.7391810417175293,16,100 Tugas Skripsi,0.7382227182388306
7599980658441945863,univsiberasia,"Hai Kakak, UNSIA menerapkan sistem perkuliahan secara online maka kakak bisa berkuliah dimana saja dan kapan saja. Nah UNSIA bisa menjadi tujuan kakak yg ingin kuliah sambil bekerja kak karena memang waktunya fleksibel dan bisa dilaksanakan kapanpun dan dimanapun🤩",4,0,9,Id Ac Pmb,0.8213911652565002,27,Pt Terakreditasi Ban,0.6847324371337891,16,100 Tugas Skripsi,0.67729651927948
7611976370348524309,siapaajh12,persemester bayar brpa ka,3,4,1,Berapa Buka Kapan,0.8449510335922241,15,Dimana Daerah Pjj,0.8083634376525879,22,Biayanya Berapa Biaya,0.794022798538208
7612513243387970312,univsiberasia,"Hi Kak, persemester hanya 3jt lhoo🤩",0,0,14,Dicicil 3Jt Biaya,0.8358152508735657,1,Berapa Buka Kapan,0.7038110494613647,13,Info Bagaimana Cara,0.6870454549789429
7639643912525447956,ferdiansyah7474,apakah bisa dicicil setiap semesternya apa tidak kak?,0,0,14,Dicicil 3Jt Biaya,0.8016092777252197,1,Berapa Buka Kapan,0.7557946443557739,0,Tidak Ada Jurusan,0.7157349586486816
7629595979609047815,agathaamokosuli,nitip kak klw jurusan pskolog brp per bulan yh?🙏🏻,0,0,21,Nitip Nitipp Kabarin,0.4454728662967682,1,Berapa Buka Kapan,0.8000925779342651,0,Tidak Ada Jurusan,0.7995184063911438
7620107207816332040,misslatiefah24,kalau jurusan PAI per semester brp kk,0,0,1,Berapa Buka Kapan,0.7257639169692993,0,Tidak Ada Jurusan,0.756372332572937,14,Dicicil 3Jt Biaya,0.6843973398208618
7599986170571981589,wishlistcheckout,kak kalau yang baru lulus SMA daftar nya ikut gelombang mana ya ?,4,2,1,Berapa Buka Kapan,0.850653886795044,0,Tidak Ada Jurusan,0.8049885630607605,19,Jalur Konversi Melalui,0.7594138979911804
7608083919409611521,olabisie_,"kak kalau bulan 3 nanti baru lulus nyaa, daftar ikut gelombang mana ya?",0,0,1,Berapa Buka Kapan,0.852857232093811,0,Tidak Ada Jurusan,0.81578129529953,7,Daftar Aku Sudah,0.7820146083831787
7608088547534586632,univsiberasia,"Hi Kak, Kakak bisa mendaftar di semester ganjil yahh, dan pendaftarannya dibuka di bulan Juli🤗",2,0,6,Dibuka Saat Mahasiswa,0.8835120797157288,9,Id Ac Pmb,0.8038092851638794,1,Berapa Buka Kapan,0.7782522439956665
7600058378082534162,xbz85,cari temen baru dri aku anak ilkom,3,1,0,Tidak Ada Jurusan,0.5718128085136414,7,Daftar Aku Sudah,0.6259918212890625,18,100 Universitas Siber,0.61790531873703
7610003772273705736,xbz85,kirakira kapan kak masuk grup nyaa,0,0,1,Berapa Buka Kapan,0.8263918161392212,7,Daftar Aku Sudah,0.841438889503479,15,Dimana Daerah Pjj,0.7954918146133423
7600027717597971220,adelmasiidup,daftarnya dimana ya kak?,0,4,1,Berapa Buka Kapan,0.8513554930686951,15,Dimana Daerah Pjj,0.8318130373954773,13,Info Bagaimana Cara,0.8292815089225769
7600031594287809298,univsiberasia,"Gampang banget tau Kak, Kakak bisa langsung daftar sekarang di pmb.unsia.ac.id, pilih jurusan favorit, dan mulai kuliah online fleksibel dari mana aja🤩",3,0,9,Id Ac Pmb,0.9256225824356079,6,Dibuka Saat Mahasiswa,0.7490318417549133,0,Tidak Ada Jurusan,0.7453454732894897
7600166831248818964,hi.ay__,Semester akhr ada skripsi gak min?,0,0,5,Ada S2 Rpl,0.7959434390068054,0,Tidak Ada Jurusan,0.8052169680595398,1,Berapa Buka Kapan,0.7822504043579102
7600209605617353490,univsiberasia,Untuk tugas akhir di UNSIA menggunakan skripsi ya Kak,0,0,16,100 Tugas Skripsi,0.8707666993141174,0,Tidak Ada Jurusan,0.8027251362800598,6,Dibuka Saat Mahasiswa,0.7743270397186279
7600713503120638728,lesykatanya98,kalau skripsi di ACC nya lewat online kah kak atau offline,0,0,4,Online Offline Full,0.8483395576477051,1,Berapa Buka Kapan,0.8026530146598816,0,Tidak Ada Jurusan,0.7697963714599609
7603392384365380359,kiki.fatmawati11,"ya allah mau kuliah, tapi umur ku 28 🥲",0,4,0,Tidak Ada Jurusan,0.6591718792915344,12,Umur Yang Semangat,0.6980307102203369,10,Selalu Amin Semoga,0.6054911613464355
7603619173410865928,univsiberasia,"Nggak ada batasan umur kok Kakak
Di UNSIA, yang penting semangat belajarnya, bukan usianya 🙌
Karena belajar itu nggak kenal umur, yang muda semangat, yang udah berpengalaman juga makin keren",2,0,12,Umur Yang Semangat,0.7619580030441284,9,Id Ac Pmb,0.6420131921768188,0,Tidak Ada Jurusan,0.6259138584136963
7605903069357228818,indriyan384,Aku juga kak bhkan aku udh nikah dan punya anak . Hari ini kau baru daftr kaka ..,0,0,7,Daftar Aku Sudah,0.7131812572479248,12,Umur Yang Semangat,0.6498392224311829,27,Pt Terakreditasi Ban,0.6443403959274292
7607490838192751381,laelaaaa244,di unsia ka? prodi apa?,0,0,0,Tidak Ada Jurusan,0.8483563661575317,15,Dimana Daerah Pjj,0.8053407669067383,5,Ada S2 Rpl,0.7939520478248596
7607640909723026183,indriyan384,Manajemn kak,0,0,2,Iya Kak Dong,0.8334472179412842,11,Terima Kasih Salam,0.7466187477111816,25,Semangat Wah Tetap,0.7149980068206787
7600058062284981013,wesskincf,"Aku udh daftar dan tahun ini jadi mahasiswi unsia,🥺🥰",0,2,0,Tidak Ada Jurusan,0.7442067861557007,7,Daftar Aku Sudah,0.7374070882797241,6,Dibuka Saat Mahasiswa,0.7244285941123962
7600311582774657810,univsiberasia,"Wahhh, semoga Mimin bisa bikin konten bareng Kakak ya pas wisuda🤩",2,0,6,Dibuka Saat Mahasiswa,0.6814294457435608,10,Selalu Amin Semoga,0.7743706107139587,7,Daftar Aku Sudah,0.7462161779403687
7600324110191231765,wesskincf,"semoga ya min,mau bgt bikin konten bareng mimin pas wisuda nanti🥰",0,0,10,Selalu Amin Semoga,0.7631139755249023,7,Daftar Aku Sudah,0.7503165006637573,12,Umur Yang Semangat,0.746407151222229
7610641961607889672,rastia_0,Akku umur 23 pengen bngeet daftar kuliah disni bissa ikutan daftar beasiswa ga?:(,7,1,0,Tidak Ada Jurusan,0.7798817157745361,9,Id Ac Pmb,0.7189792394638062,7,Daftar Aku Sudah,0.71764075756073
7611472176763634440,ppmbunsia,"Halo Kak, bisa banget Kak",0,0,8,Dm Admin Halo,0.8561345338821411,11,Terima Kasih Salam,0.7633849382400513,7,Daftar Aku Sudah,0.750699520111084
7621408127620104968,zillazippy,Sumut bisa kuliah di sini ga sih? Soalnya takut tiba-tiba offline,2,2,0,Tidak Ada Jurusan,0.7990505695343018,4,Online Offline Full,0.7601964473724365,12,Umur Yang Semangat,0.7578679323196411
7621466617171591943,ppmbunsia,Bisa Kak,1,0,2,Iya Kak Dong,0.8483531475067139,8,Dm Admin Halo,0.759137749671936,13,Info Bagaimana Cara,0.7533248662948608
7634168218860978960,unknown1110718,kak kalo misal nih wisuda itu nanti online atau datang ke univ?,1,0,4,Online Offline Full,0.8161753416061401,1,Berapa Buka Kapan,0.7684587836265564,0,Tidak Ada Jurusan,0.7632117867469788
7639040557163397895,riyanhalawa_,kak dimedan ada ngak ya,1,2,2,Iya Kak Dong,0.6777184009552002,15,Dimana Daerah Pjj,0.8139636516571045,1,Berapa Buka Kapan,0.782139241695404
7639237293329171218,univsiberasia,UNSIA menerapkan sistem perkuliahan secara online maka kakak bisa berkuliah dimana saja dan kapan saja. Nah UNSIA bisa menjadi tujuan kakak yg ingin kuliah sambil bekerja kak karena memang waktunya fleksibel dan bisa dilaksanakan kapanpun dan dimanapun🤩,0,0,9,Id Ac Pmb,0.8030000925064087,27,Pt Terakreditasi Ban,0.6489601135253906,16,100 Tugas Skripsi,0.6480634212493896
7639390415845901063,riyanhalawa_,lokasi pusat kampus nya dimana kak,0,0,15,Dimana Daerah Pjj,0.8560328483581543,1,Berapa Buka Kapan,0.8098297119140625,13,Info Bagaimana Cara,0.7604248523712158
7610472717750453013,lovarys26,"Kak mau tanya kalau wisudanya offline nanti dimana ya, apa nyewa gedung sendiri seperti kampus sebelah?",2,1,4,Online Offline Full,0.778107762336731,1,Berapa Buka Kapan,0.8147115707397461,0,Tidak Ada Jurusan,0.8116229772567749
7611472316451750674,ppmbunsia,wisuda offline ada di jakarta Kak mempunyai gedung sendiri,1,0,4,Online Offline Full,0.6811405420303345,0,Tidak Ada Jurusan,0.6483839750289917,5,Ada S2 Rpl,0.6461890935897827
7613188774446007047,shasamicinn,"Kak , Aku kan mahasiswa S1 PGSD UT smt 1 , ap bs double degree ke unsia? Dan papaku kan almarhum pensiun kepala sekolah apa bisa mendapat beasiswa keluarga guru ? 😳",0,3,10,Selalu Amin Semoga,0.5575485229492188,0,Tidak Ada Jurusan,0.8054348826408386,27,Pt Terakreditasi Ban,0.7118430137634277
7613230577797874439,univsiberasia,"Di UNSIA bisa double degree ya Kak, untuk program beasiswa PGRI bisa ya, namun saat ini belum dibuka kembali program beasiswanya😊",0,0,6,Dibuka Saat Mahasiswa,0.8333702683448792,9,Id Ac Pmb,0.7875596880912781,0,Tidak Ada Jurusan,0.7736409902572632
7631896947204358932,ayudewadanu,ka sama aku pemdidikan bahasa inggris di UT mau Doble degree di unsian ambil management,0,0,0,Tidak Ada Jurusan,0.8172644376754761,16,100 Tugas Skripsi,0.7261693477630615,12,Umur Yang Semangat,0.7163169384002686
7631897063411794695,shasamicinn,Wah semangat kakkk 😁,0,0,25,Semangat Wah Tetap,0.9013149738311768,11,Terima Kasih Salam,0.8204939365386963,20,Betul Keren Banget,0.8050743341445923
7605788653130777352,__ara0,Untuk daerah Tasikmalaya bisa gak ya?,4,3,15,Dimana Daerah Pjj,0.692858099937439,1,Berapa Buka Kapan,0.7623071670532227,13,Info Bagaimana Cara,0.7008700370788574
7606326451563119368,univsiberasia,"Bisa banget dong Kak, karena UNSIA 100% full online, jadi bisa kuliah darimana saja dan kapan saja🤗",2,0,9,Id Ac Pmb,0.8424927592277527,16,100 Tugas Skripsi,0.7989177703857422,0,Tidak Ada Jurusan,0.7812943458557129
7606701719116497682,yanpii11,daerah jabodetabek ada dimana aja ka,0,0,15,Dimana Daerah Pjj,0.7566391229629517,1,Berapa Buka Kapan,0.7017926573753357,13,Info Bagaimana Cara,0.6760392189025879
7606622385923949319,iniloiyy,kak cara daftar nya gimna pendaftaran tahun ini kapan ya kak? dan btw ini 3 atau 4 thn?,0,0,7,Daftar Aku Sudah,0.7456952333450317,1,Berapa Buka Kapan,0.8437795639038086,6,Dibuka Saat Mahasiswa,0.7847305536270142
7625260432936403720,ruuhymedia,ada prodi psikolog kak?,0,2,0,Tidak Ada Jurusan,0.8093827962875366,5,Ada S2 Rpl,0.8417287468910217,15,Dimana Daerah Pjj,0.7858322858810425
7625478860334760712,univsiberasia,"Saat ini UNSIA memiliki 6 prodi Kak yaitu, akuntansi, manajemen, komunikasi, sistem informasi, teknik informatika, dan teknologi informasi🤩",2,0,17,Informasi Informatika Akuntansi,0.8657659888267517,27,Pt Terakreditasi Ban,0.5971028804779053,9,Id Ac Pmb,0.582926869392395
7626177230003864341,diinaa_zahh,rekomendasiin jurusan yg cocok dong min buat saya yg pngn bgt kuliah pertanian tapi keterbatasan biaya 😔🙏🏻,0,0,1,Berapa Buka Kapan,0.6744914054870605,0,Tidak Ada Jurusan,0.7783383131027222,12,Umur Yang Semangat,0.7354916930198669
7612092629745369874,babykoya18,kira2 S2 hukum di unsia bagus ngga ya soalnya Nyambi kerja,0,0,0,Tidak Ada Jurusan,0.8343536853790283,16,100 Tugas Skripsi,0.7329460978507996,5,Ada S2 Rpl,0.7294129133224487
7628030488569725717,ty37756,Kak pendaftaran unsia berikutnya kapan,0,2,1,Berapa Buka Kapan,0.8076115846633911,6,Dibuka Saat Mahasiswa,0.793415904045105,0,Tidak Ada Jurusan,0.7647964358329773
7628083201013646087,univsiberasia,"Hi Kak, pendaftaran dibuka kembali di bulan Juni ya🤩",1,0,6,Dibuka Saat Mahasiswa,0.8685235977172852,1,Berapa Buka Kapan,0.7296411991119385,9,Id Ac Pmb,0.7093015909194946
7628120625760568072,nupaalll,pendaftaran nya dibuka lagi bulan Juni ya kaa?,0,0,6,Dibuka Saat Mahasiswa,0.8442293405532837,1,Berapa Buka Kapan,0.7854504585266113,7,Daftar Aku Sudah,0.7537524104118347
7599950333413950228,ancetana,orang lain bisa kenapa aku gk bisa🗿🔊,46,1,0,Tidak Ada Jurusan,0.5022515058517456,2,Iya Kak Dong,0.5520273447036743,12,Umur Yang Semangat,0.530021607875824
7599980832406078216,univsiberasia,"Bener Kak, pasti bisa juga dong kerja sambil kuliah🤗",11,0,0,Tidak Ada Jurusan,0.7624202370643616,12,Umur Yang Semangat,0.7779324650764465,7,Daftar Aku Sudah,0.7396070957183838
7621961675498947335,kaka_pethu,Sekarang posisi lagi galau kerja skripsi sama kerja laporan kerja mana waktu nya bersamaan dan lihat file skripsi saja udah mumet 😏🥹tapi mau wisuda 👨‍🎓 cepat,6,1,12,Umur Yang Semangat,0.7724887728691101,4,Online Offline Full,0.6522138714790344,0,Tidak Ada Jurusan,0.6434947848320007
7622247340484723463,kaka_pethu,"Siappp benar skali, sukses terus ya k",1,0,10,Selalu Amin Semoga,0.7849137783050537,11,Terima Kasih Salam,0.756229043006897,20,Betul Keren Banget,0.7000651359558105
7638284903859700496,brend_alguera,daftarnya oline juga apa si web situsnya unsia ka...?,1,2,1,Berapa Buka Kapan,0.7899037599563599,0,Tidak Ada Jurusan,0.7608192563056946,15,Dimana Daerah Pjj,0.7584455013275146
7638518090922361618,univsiberasia,"Kakak bisa langsung daftar sekarang di pmb.unsia.ac.id, pilih jurusan favorit, dan mulai kuliah online fleksibel dari mana aja🤩",0,0,9,Id Ac Pmb,0.9071130752563477,6,Dibuka Saat Mahasiswa,0.7225440740585327,0,Tidak Ada Jurusan,0.7095905542373657
7638532925597106945,brend_alguera,wajib beli almamater...?,0,0,2,Iya Kak Dong,0.6727324724197388,18,100 Universitas Siber,0.6533759832382202,5,Ada S2 Rpl,0.6342378854751587
7609337920654721813,chacakiara,"unsia, aku calon mahasiswa 2027 nanti, S1 teknik informatika, aku dari Kalsel, semoga nanti bisaa dapetin kamu ya🥺",31,2,10,Selalu Amin Semoga,0.7271527647972107,0,Tidak Ada Jurusan,0.724183201789856,9,Id Ac Pmb,0.7192540764808655
7609902210894332679,univsiberasia,Wahh.. Aamiin Kak. Semoga bisa menjadi mahasiswa UNSIA yang unggul dan impian Kakak terwujud😊,4,0,10,Selalu Amin Semoga,0.8520658016204834,27,Pt Terakreditasi Ban,0.7248313426971436,9,Id Ac Pmb,0.7144001722335815
7611919576134058760,hisindya,"kakkk, kan unisa kampus baru yaa, kenapa ga toganya ga dibuat yg beda misal kek binus, unpad gitu hehee",0,0,0,Tidak Ada Jurusan,0.7788602709770203,12,Umur Yang Semangat,0.7634052634239197,4,Online Offline Full,0.7327747344970703
7635206694151521044,brian_erlangga07,dari pekanbaru bisa kuliah online ga kak,0,3,1,Berapa Buka Kapan,0.8163195252418518,0,Tidak Ada Jurusan,0.8211387395858765,4,Online Offline Full,0.7606920003890991
7635248456210826002,univsiberasia,"Hi Kak, bisa banget dong karena UNSIA 100% fully online🤩",0,0,16,100 Tugas Skripsi,0.9034773111343384,4,Online Offline Full,0.7830567359924316,9,Id Ac Pmb,0.7658097743988037
7635286052799038226,aisyah_faroha,ka .. cara daftar y gmne ad jalur rpl gak yah🤭,0,0,1,Berapa Buka Kapan,0.8516112565994263,19,Jalur Konversi Melalui,0.8042615652084351,13,Info Bagaimana Cara,0.7909300327301025
7635850315762090770,cavi902,halo kak blh dm?,0,0,8,Dm Admin Halo,0.9179224967956543,7,Daftar Aku Sudah,0.7394061088562012,11,Terima Kasih Salam,0.7328671216964722
7619205251696149268,harimjamilah.99,ada batasan usia ga ?,0,1,0,Tidak Ada Jurusan,0.47437161207199097,5,Ada S2 Rpl,0.6063253879547119,22,Biayanya Berapa Biaya,0.5942387580871582
7619205532817376018,univsiberasia,"Nggak ada batasan umur kok Kakak
Di UNSIA, yang penting semangat belajarnya, bukan usianya 🙌
Karena belajar itu nggak kenal umur, yang muda semangat, yang udah berpengalaman juga makin keren",0,0,12,Umur Yang Semangat,0.7619580030441284,9,Id Ac Pmb,0.6420131921768188,0,Tidak Ada Jurusan,0.6259138584136963
7600000698932019986,satu_toko0,"udh gak sabar gw. .padhl
maba😀",2,2,12,Umur Yang Semangat,0.6839863061904907,7,Daftar Aku Sudah,0.6564642190933228,2,Iya Kak Dong,0.6354939937591553
7600006086187352840,univsiberasia,Mimin juga gasabar bikin konten bareng Kakak pas wisuda nanti🤩,0,0,6,Dibuka Saat Mahasiswa,0.6656978726387024,7,Daftar Aku Sudah,0.7603693008422852,12,Umur Yang Semangat,0.738222599029541
7600031161561547538,satu_toko0,haaaa... siapppp lah pokoknya 🤭😀😀,0,0,0,Tidak Ada Jurusan,0.4413922429084778,20,Betul Keren Banget,0.6493192315101624,2,Iya Kak Dong,0.6363966464996338
7632917509734482696,mp.dhany,"Kak, kalo kuliah sambil kerja di jepang bisa?",2,1,0,Tidak Ada Jurusan,0.833842933177948,1,Berapa Buka Kapan,0.7582598924636841,12,Umur Yang Semangat,0.745647668838501
7633321891516973831,univsiberasia,"Hi Kak, bisa banget dong karena UNSIA 100% fully online🤗",1,0,16,100 Tugas Skripsi,0.9034773111343384,4,Online Offline Full,0.7830567359924316,9,Id Ac Pmb,0.7658097743988037
7611892395576034069,sabrina.zulfawa,"Bismillah semoga bisa wisuda tahun ini, aamiin🤍. Terima kasih udah hadir Unsia ✨",0,0,10,Selalu Amin Semoga,0.8470972776412964,26,Bismillah Depan Bismillahirrahmanirrahim,0.7079436779022217,6,Dibuka Saat Mahasiswa,0.6784058213233948
7605622182513558289,secc.match44,gpyear bisa masuk unsia ga si kak?,0,1,0,Tidak Ada Jurusan,0.8297461271286011,1,Berapa Buka Kapan,0.8009427785873413,5,Ada S2 Rpl,0.7532908320426941
7606325873441096455,univsiberasia,Bisa dong Kak🤩,0,0,2,Iya Kak Dong,0.8299328088760376,8,Dm Admin Halo,0.7937267422676086,7,Daftar Aku Sudah,0.7721319198608398
7606920305411998484,vinnnn.r2,"masyallah kak hebat banget udah tercapai sukses kak ga sia sia kak kuliah sambil kerja akhirnya kak tercapai pake toga wisuda
semoga saya bisa seperti kak kehebat seperti kak supaya ortu bahagia melihat anak nya bahagia suskes 🥺🥺🥺🤲🤲🤲",0,2,10,Selalu Amin Semoga,0.7045620679855347,12,Umur Yang Semangat,0.6667076349258423,27,Pt Terakreditasi Ban,0.6531376242637634
7609902849363903250,univsiberasia,Wah.. Aamiin Ka. Sukses selalu untuk Kakak dan semoga impiannya terwujud🤗,0,0,10,Selalu Amin Semoga,0.8623749613761902,11,Terima Kasih Salam,0.7790002226829529,25,Semangat Wah Tetap,0.7220642566680908
7609941896437236500,vinnnn.r2,iya kak aminn mksh do'a nya,0,0,11,Terima Kasih Salam,0.8746418952941895,10,Selalu Amin Semoga,0.7745565176010132,8,Dm Admin Halo,0.7446285486221313
7600449095195525904,keyyynn2,doain aku ya tahun dpn mau masuk unsia 🥺🙏,1,1,10,Selalu Amin Semoga,0.7680748701095581,7,Daftar Aku Sudah,0.6949893236160278,0,Tidak Ada Jurusan,0.6560585498809814
7608089335196648210,univsiberasia,"Aamiin, semangat selalu Kakak🤩",0,0,10,Selalu Amin Semoga,0.8503448963165283,25,Semangat Wah Tetap,0.8657371997833252,11,Terima Kasih Salam,0.7403995394706726
7621565353240052501,__belov3d.soul__,"[Sticker] bismillahirrahmanirrahim , nularrr kakkkk",2,1,26,Bismillah Depan Bismillahirrahmanirrahim,0.6825577020645142,10,Selalu Amin Semoga,0.5729235410690308,11,Terima Kasih Salam,0.5410653948783875
7622323452162245383,ppmbunsia,Aminn Kak,2,0,10,Selalu Amin Semoga,0.7869008779525757,25,Semangat Wah Tetap,0.8020399212837219,11,Terima Kasih Salam,0.7561154365539551
7607471873022051088,_halloww._,aku bisa ga yaa kek gini:(,3,1,0,Tidak Ada Jurusan,0.5878729224205017,2,Iya Kak Dong,0.6827970743179321,12,Umur Yang Semangat,0.6369078159332275
7608088583354188562,univsiberasia,Bisa dong Kakak🤗,0,0,2,Iya Kak Dong,0.8336869478225708,7,Daftar Aku Sudah,0.7328618168830872,20,Betul Keren Banget,0.7316076755523682
7601290889109062418,linggaajura,"kk bagi informasinya tentang unsia ini, utk anak saya ditahun ini masuk",0,1,0,Tidak Ada Jurusan,0.7439346313476562,16,100 Tugas Skripsi,0.7561632394790649,6,Dibuka Saat Mahasiswa,0.7271569967269897
7608088992840598279,univsiberasia,"Hi Mom, untuk lebih detailnya bisa menghubungi melalui DM yahh🤗",1,0,8,Dm Admin Halo,0.7546812295913696,13,Info Bagaimana Cara,0.6174301505088806,11,Terima Kasih Salam,0.6092265844345093
7632500717086245652,cwesongkangaja,pengen daftar bisa paket ijazah paket c?,1,2,1,Berapa Buka Kapan,0.7124428749084473,4,Online Offline Full,0.7327473163604736,0,Tidak Ada Jurusan,0.7196465730667114
7634409683282314005,univsiberasia,"Hi Kak, bisa menggunakan ijazah paket C yahhh",0,0,19,Jalur Konversi Melalui,0.82869553565979,1,Berapa Buka Kapan,0.8219247460365295,8,Dm Admin Halo,0.7984249591827393
7635301833327018773,cwesongkangaja,kalo di UNSIA ada skripsi engga kak?,0,0,0,Tidak Ada Jurusan,0.8806743621826172,1,Berapa Buka Kapan,0.8501542210578918,5,Ada S2 Rpl,0.8214813470840454
7642355436943442696,sshhvv_fa,Pendaftaran nya buka lagi kapan ya kak,0,1,1,Berapa Buka Kapan,0.8713384866714478,6,Dibuka Saat Mahasiswa,0.8013629913330078,4,Online Offline Full,0.7793335914611816
7642628218788692743,univsiberasia,"Hi Kakak, saat ini masih dibuka ya pendaftaran mahasiswa baru🤩",0,0,6,Dibuka Saat Mahasiswa,0.9058773517608643,9,Id Ac Pmb,0.7437004446983337,16,100 Tugas Skripsi,0.7305871248245239
7625598929732403989,user9286581160600,"bismillah semoga selalu disehatkan,dimudahkan segala jugaa biar bisa ngerasain moment ituu😭🤲🏻",0,2,10,Selalu Amin Semoga,0.7112809419631958,26,Bismillah Depan Bismillahirrahmanirrahim,0.6607605218887329,12,Umur Yang Semangat,0.5564045310020447
7625601505957987079,univsiberasia,"Aamiin, semoga Kakak juga bisa merasakan wisuda ya, semangat selalu untuk Kakak😊",0,0,10,Selalu Amin Semoga,0.88524329662323,25,Semangat Wah Tetap,0.7671226263046265,11,Terima Kasih Salam,0.719374418258667
7625606097340203796,user9286581160600,aminnn,0,0,10,Selalu Amin Semoga,0.6313438415527344,25,Semangat Wah Tetap,0.6589148044586182,26,Bismillah Depan Bismillahirrahmanirrahim,0.656618058681488
7600415720720155410,rajamurahatk,berapa biayanya,0,1,22,Biayanya Berapa Biaya,0.9198194742202759,13,Info Bagaimana Cara,0.7052673101425171,15,Dimana Daerah Pjj,0.676529049873352
7608089240745181959,univsiberasia,"Hi Kak, untuk UKT hanya 3jt persemester lhoo🤩",0,0,14,Dicicil 3Jt Biaya,0.88653165102005,1,Berapa Buka Kapan,0.7201097011566162,6,Dibuka Saat Mahasiswa,0.7126148343086243
7614727354229097224,rahayuu_58,untuk kelas nya bisa di hari minggu ngga,1,1,23,Jakarta Selatan Kota,0.5750019550323486,4,Online Offline Full,0.7450820207595825,1,Berapa Buka Kapan,0.7258440256118774
7616996135988134663,univsiberasia,"Hi Kakak, bisa yahh🤗",0,0,8,Dm Admin Halo,0.8467125296592712,11,Terima Kasih Salam,0.7818533182144165,2,Iya Kak Dong,0.7714887857437134
7603751912887190293,r.a.a.m.a,UKT nya mahal ga sih,1,1,1,Berapa Buka Kapan,0.7178570032119751,15,Dimana Daerah Pjj,0.7206933498382568,5,Ada S2 Rpl,0.7174059152603149
7603774767660811016,cantikaidaf,3 jt per semester dan bisa dicicil 3x lho kak,2,0,14,Dicicil 3Jt Biaya,0.8442254066467285,9,Id Ac Pmb,0.6209439039230347,28,Juta 3Jt Serius,0.6147915124893188
7615131955030803220,inthansa01,mauu kuliah lagiii 🥹🥺,1,1,0,Tidak Ada Jurusan,0.6929908990859985,5,Ada S2 Rpl,0.7288750410079956,2,Iya Kak Dong,0.723802387714386
7616573638447776519,univsiberasia,Yuk Yuk kuliah lagi Kak🤗,0,0,2,Iya Kak Dong,0.7067825794219971,7,Daftar Aku Sudah,0.7721014022827148,10,Selalu Amin Semoga,0.7268365621566772
7601751265169687317,renmn35,"Kak, kalau yang kerha di luar negeri kalau mau wisuda gimana?",0,1,0,Tidak Ada Jurusan,0.8175595998764038,1,Berapa Buka Kapan,0.8029618859291077,4,Online Offline Full,0.7536517977714539
7609902385754145544,univsiberasia,Bisa mengikuti secara online ya Kakak wisudanya😊,0,0,1,Berapa Buka Kapan,0.7737582325935364,4,Online Offline Full,0.8189386129379272,6,Dibuka Saat Mahasiswa,0.7733495235443115
7600241262600438536,yaaayaaly,ini ada skripsi ya ka?,0,1,16,100 Tugas Skripsi,0.7964343428611755,7,Daftar Aku Sudah,0.8120153546333313,4,Online Offline Full,0.7945394515991211
7602196182140027666,univsiberasia,Untuk tugas akhir menggunakan skripsi ya Kak,0,0,16,100 Tugas Skripsi,0.8321026563644409,4,Online Offline Full,0.7711881995201111,0,Tidak Ada Jurusan,0.7705018520355225
7622178607590376213,lailiavidda,one day yaallahh 🥺🤲,1,2,3,Menyimak Nrrjml Binus,0.5644164085388184,26,Bismillah Depan Bismillahirrahmanirrahim,0.7495452761650085,2,Iya Kak Dong,0.6869852542877197
7625478915285533448,univsiberasia,"Aamiin aamiin, semoga Kakak bisa merasakannya juga 🤗",1,0,10,Selalu Amin Semoga,0.7913092374801636,11,Terima Kasih Salam,0.7099525928497314,26,Bismillah Depan Bismillahirrahmanirrahim,0.6500676870346069
7625549012591444757,lailiavidda,yaallah kak aminn 🤲,0,0,10,Selalu Amin Semoga,0.7573971748352051,11,Terima Kasih Salam,0.6973103284835815,26,Bismillah Depan Bismillahirrahmanirrahim,0.685916006565094
7623429473380582164,nbillaaaaaaaaaaaaaa,uktnya brp ya,1,0,1,Berapa Buka Kapan,0.7844594120979309,22,Biayanya Berapa Biaya,0.7650592923164368,15,Dimana Daerah Pjj,0.7559694051742554
7626574899167052564,miya_mily222,info cara daftarnya min,0,1,13,Info Bagaimana Cara,0.8820469379425049,1,Berapa Buka Kapan,0.7591429352760315,7,Daftar Aku Sudah,0.6948086619377136
7626588364929925896,univsiberasia,"Hi Kak, daftarnya gampang banget lho, cukup melalui website resmi UNSIA di pmb.unsia.ac.id 🤗",0,0,9,Id Ac Pmb,0.8739831447601318,6,Dibuka Saat Mahasiswa,0.7687233686447144,16,100 Tugas Skripsi,0.735526442527771
7623301488114418440,ig.heyyygis_,Bismillah one day,1,0,26,Bismillah Depan Bismillahirrahmanirrahim,0.8409894704818726,25,Semangat Wah Tetap,0.678654670715332,18,100 Universitas Siber,0.6131373643875122
7605953879293182740,elvina16297,"bisa GK yahh nanti aku di fase kaya gini pas udah gede,, pengennn🥺🥺",0,1,0,Tidak Ada Jurusan,0.5178785920143127,12,Umur Yang Semangat,0.5987706184387207,7,Daftar Aku Sudah,0.5366214513778687
7608088729534907154,univsiberasia,Pasti Kakak bisa koo🤗,1,0,2,Iya Kak Dong,0.787833571434021,7,Daftar Aku Sudah,0.7178107500076294,20,Betul Keren Banget,0.7065722346305847
7623792878762001172,diah83746,"aku pengen daftar ihh gimna caranyaa, terus waktu belajarnya gimna yah?",1,2,1,Berapa Buka Kapan,0.8332992792129517,13,Info Bagaimana Cara,0.7851964235305786,0,Tidak Ada Jurusan,0.7745855450630188
7623793130316677895,univsiberasia,"Ihh Kakak, info lebih detailnya bisa DM Mimin yaa🤩",0,0,8,Dm Admin Halo,0.8667268753051758,13,Info Bagaimana Cara,0.7332338094711304,7,Daftar Aku Sudah,0.715096652507782
7623793265946772245,diah83746,ok kak aku dm yaaa,0,0,8,Dm Admin Halo,0.87610924243927,11,Terima Kasih Salam,0.7592740058898926,7,Daftar Aku Sudah,0.7352237105369568
7603614087814578964,riskalaia1,untuk lokasinya dimana kak?,0,1,15,Dimana Daerah Pjj,0.8369055986404419,13,Info Bagaimana Cara,0.8020331859588623,1,Berapa Buka Kapan,0.7976694107055664
7609902537932866312,univsiberasia,"Kampus UNSIA terletak di Jl. Harsono RM No.1, RT.5/RW.7, Ragunan, Kec. Ps. Minggu, Kota Jakarta Selatan, Daerah Khusus Ibukota Jakarta",0,0,23,Jakarta Selatan Kota,0.8597024083137512,17,Informasi Informatika Akuntansi,0.45961833000183105,18,100 Universitas Siber,0.43476834893226624
7623791984240493333,dwicitraanggraini5,ukt nya berapa kk,1,1,1,Berapa Buka Kapan,0.7650089263916016,15,Dimana Daerah Pjj,0.7645959258079529,22,Biayanya Berapa Biaya,0.73125159740448
7623793212780266248,univsiberasia,Untuk UKT hanya 3jt persemester lho Kakak🤩,0,0,14,Dicicil 3Jt Biaya,0.866500735282898,0,Tidak Ada Jurusan,0.6817863583564758,1,Berapa Buka Kapan,0.6768218278884888
7617360313663259412,wiidddyyyaaa,pround of you kaa🥺🥺🥺,1,0,5,Ada S2 Rpl,0.5570642948150635,2,Iya Kak Dong,0.6864740252494812,25,Semangat Wah Tetap,0.6714702844619751
7620999360868778773,wanikesel09,Mau nyoba kuliah sambil kerja twpi bingunggg dftrnyaa,0,2,0,Tidak Ada Jurusan,0.7452033162117004,12,Umur Yang Semangat,0.7476411461830139,1,Berapa Buka Kapan,0.715340793132782
7621041038442545938,univsiberasia,"Hi Kak, kalau bingung bisa DM Mimin ya, nanti akan dipandu cara pendaftarannya🤗",0,0,8,Dm Admin Halo,0.8224284052848816,1,Berapa Buka Kapan,0.7317032814025879,13,Info Bagaimana Cara,0.7298747301101685
7621060862253630228,wanikesel09,Bolh,0,0,2,Iya Kak Dong,0.7688983082771301,3,Menyimak Nrrjml Binus,0.7646859884262085,21,Nitip Nitipp Kabarin,0.7128297686576843
7605461484784665365,morra1957,semoga 2028 bisa sampe tahap seperti kk yah aku juga kuliah kerja🥺,0,1,10,Selalu Amin Semoga,0.780247688293457,12,Umur Yang Semangat,0.7481909394264221,0,Tidak Ada Jurusan,0.725982666015625
7606326145672315656,univsiberasia,"Aamiin, semangat Kakak kuliahnya🤗",0,0,10,Selalu Amin Semoga,0.8542135953903198,25,Semangat Wah Tetap,0.8550869226455688,11,Terima Kasih Salam,0.743775486946106
7599993121799160592,seni19964,masih buka pendaftaran gak sih?,0,1,1,Berapa Buka Kapan,0.8234601616859436,4,Online Offline Full,0.77009516954422,5,Ada S2 Rpl,0.749078631401062
7599998879489442567,univsiberasia,"Hi Kak, UNSIA masih membuka pendaftaran mahasiswa baru nih🤗",0,0,6,Dibuka Saat Mahasiswa,0.8999580144882202,9,Id Ac Pmb,0.7795089483261108,16,100 Tugas Skripsi,0.7601596713066101
7612889199206007559,riajulianni,"Terima kasih sudah hadir dan menjadi pilihanku untuk berkuliah disini untuk menggapai apa yang ku harapkan dari dulu, terus tumbuh dan berkembang dengan baik Unsia 🤍",0,1,11,Terima Kasih Salam,0.5369194746017456,10,Selalu Amin Semoga,0.7190282344818115,9,Id Ac Pmb,0.6122301816940308
7612897279876219666,univsiberasia,"Hi Kakak, terima kasih sudah menjadi bagian dari UNSIA, sukses dan bahagia selalu untuk Kakak🤗",0,0,11,Terima Kasih Salam,0.7032158970832825,10,Selalu Amin Semoga,0.8052175641059875,25,Semangat Wah Tetap,0.6353079080581665
7601922269313975048,cahayadaun1232,uang semesternya brp kk,0,1,1,Berapa Buka Kapan,0.7557226419448853,22,Biayanya Berapa Biaya,0.7863817811012268,15,Dimana Daerah Pjj,0.7309215068817139
7602196362192683783,univsiberasia,"Hi Kak, hanya 3juta persemester lho🤩",0,0,14,Dicicil 3Jt Biaya,0.8406724333763123,1,Berapa Buka Kapan,0.717461109161377,7,Daftar Aku Sudah,0.7056070566177368
7622486027164713745,efuell123,congrats ya Kaka 💕🫶,2,0,20,Betul Keren Banget,0.7094494104385376,11,Terima Kasih Salam,0.7722295522689819,10,Selalu Amin Semoga,0.7443515062332153
7611977308689957650,denaa313,pendaftaran buka bulan apa ya?,1,1,1,Berapa Buka Kapan,0.8300744295120239,15,Dimana Daerah Pjj,0.7534077167510986,4,Online Offline Full,0.752052903175354
7612513137841750802,univsiberasia,"Hi Kak, saat ini pendaftaran masih dibuka lhoo🤩🤩",0,0,6,Dibuka Saat Mahasiswa,0.8770517706871033,9,Id Ac Pmb,0.7335065603256226,8,Dm Admin Halo,0.7329453229904175
7600853305284674312,4nnaa02,"bismillah bulan Desember nantii, tunggu aku ya unsia🥺🫵🏼",0,1,7,Daftar Aku Sudah,0.7241446375846863,10,Selalu Amin Semoga,0.7950842380523682,26,Bismillah Depan Bismillahirrahmanirrahim,0.7374803423881531
7608088835897885448,univsiberasia,"Aamiin, ayo selesai skripsinya Kak, biar bisa cepat wisuda 🤩",0,0,10,Selalu Amin Semoga,0.8268359899520874,12,Umur Yang Semangat,0.7425956726074219,7,Daftar Aku Sudah,0.7393633127212524
7623064720735896338,s1nta1995,lokasi mana kak,1,0,15,Dimana Daerah Pjj,0.8849297761917114,1,Berapa Buka Kapan,0.7616868615150452,13,Info Bagaimana Cara,0.7483471632003784
7606982562527183637,rezamager_,pendaftaran nya sampai kapan kak?,0,1,1,Berapa Buka Kapan,0.878132164478302,13,Info Bagaimana Cara,0.8168746829032898,15,Dimana Daerah Pjj,0.7795205116271973
7608088637112337160,univsiberasia,"Hi Kak, pendaftaran dibuka sampai awal Maret lhoo🤩",0,0,6,Dibuka Saat Mahasiswa,0.8798320293426514,9,Id Ac Pmb,0.7501678466796875,1,Berapa Buka Kapan,0.729285478591919
7620407073993491207,user2006ni,masyaAllah taun dpn nular ke aku yaa🤍,1,1,7,Daftar Aku Sudah,0.6722369194030762,12,Umur Yang Semangat,0.6746940016746521,10,Selalu Amin Semoga,0.6742022037506104
7620407448695915272,univsiberasia,"Aamiin, semangat Kakak kuliahnya🤗",1,0,10,Selalu Amin Semoga,0.8542135953903198,25,Semangat Wah Tetap,0.8550869226455688,11,Terima Kasih Salam,0.743775486946106
7614481050975109906,monagege_,25 tahun masih worth it gak sih kak,0,1,0,Tidak Ada Jurusan,0.6745991706848145,12,Umur Yang Semangat,0.6969825625419617,5,Ada S2 Rpl,0.6704074144363403
7614509822369710866,univsiberasia,"Worth it banget dong Kak, Nggak ada batasan umur kok Kakak
Di UNSIA, yang penting semangat belajarnya, bukan usianya 🙌
Karena belajar itu nggak kenal umur, yang muda semangat, yang udah berpengalaman juga makin keren",0,0,12,Umur Yang Semangat,0.7794327735900879,9,Id Ac Pmb,0.6621846556663513,0,Tidak Ada Jurusan,0.6475181579589844
7602898916237427463,ekapkyekapky,ya allah senang hti orangtua😭😭bismillah ankku tahun ini bulan juni😭🙏🏼,0,1,10,Selalu Amin Semoga,0.6826896667480469,26,Bismillah Depan Bismillahirrahmanirrahim,0.6448091268539429,12,Umur Yang Semangat,0.5698400139808655
7608089146368393992,univsiberasia,"Aamiin Mom, semangat dan sehat selalu ya 🤗",0,0,10,Selalu Amin Semoga,0.8209128379821777,25,Semangat Wah Tetap,0.7445720434188843,11,Terima Kasih Salam,0.6690537333488464
7611378973591962376,zulra_25,Masyaallah 😍,1,0,2,Iya Kak Dong,0.5666120052337646,20,Betul Keren Banget,0.6429234743118286,3,Menyimak Nrrjml Binus,0.6222702264785767
7614754389349335815,iam_sapta,"bismillah, one day ada di titik ini",144,1,26,Bismillah Depan Bismillahirrahmanirrahim,0.7243067026138306,10,Selalu Amin Semoga,0.5701265335083008,25,Semangat Wah Tetap,0.5396231412887573
7614767173097800455,univsiberasia,"Aaminn, semangat selalu untuk Kakak🤗🤗",7,0,10,Selalu Amin Semoga,0.8041970729827881,25,Semangat Wah Tetap,0.8086180686950684,11,Terima Kasih Salam,0.6991807222366333
7600000869329814279,mr19643,"baru saja diterima di unsia, prodi Ilkom. Gas sambil kerja 😅",0,1,0,Tidak Ada Jurusan,0.6868245601654053,17,Informasi Informatika Akuntansi,0.6965587139129639,9,Id Ac Pmb,0.6683721542358398
7600005934392673032,univsiberasia,Yeyy.. soon bikin konten kaya gini ya Kak pas wisuda🤩,1,0,4,Online Offline Full,0.6411871910095215,12,Umur Yang Semangat,0.6959078311920166,7,Daftar Aku Sudah,0.6939512491226196
7600035149434831617,karinayasmin3,congrats kaa,1,0,20,Betul Keren Banget,0.7282900810241699,25,Semangat Wah Tetap,0.7416703701019287,11,Terima Kasih Salam,0.7369306683540344
7632883199664521992,lyrical.ly69,"kak aku d3 teknik pengolahan, rencana mau ambil s1 manajemen di unsia, saat ini sedang bekerja full senin - minggu, cuma malam yang kosong, apakah bisa mengikuti?",1,0,0,Tidak Ada Jurusan,0.8072315454483032,1,Berapa Buka Kapan,0.7119264602661133,9,Id Ac Pmb,0.7061913013458252
7603648390896288528,rdhn92,"kak gimana caranya, umur 24 boleh mendaftar? apakah ada kuliah offline nya juga?",0,2,0,Tidak Ada Jurusan,0.8149690628051758,1,Berapa Buka Kapan,0.8502059578895569,4,Online Offline Full,0.7715249061584473
7622624135373636370,univsiberasia,"Nggak ada batasan umur kok Kakak
Di UNSIA, yang penting semangat belajarnya, bukan usianya 🙌
Karena belajar itu nggak kenal umur, yang muda semangat, yang udah berpengalaman juga makin keren",0,0,12,Umur Yang Semangat,0.7619578838348389,9,Id Ac Pmb,0.6420131325721741,0,Tidak Ada Jurusan,0.6259138584136963
7622624399707013889,rdhn92,Kak masih buka pendaftaran ?,0,0,1,Berapa Buka Kapan,0.8004135489463806,6,Dibuka Saat Mahasiswa,0.7998371124267578,7,Daftar Aku Sudah,0.7847145795822144
7644384342106768135,asescjia,"kak nitip mau nanya, kalo kuliah di unsia nyari prospek kerjanya nanti setelah lulus susah ga ya??",0,0,0,Tidak Ada Jurusan,0.8549935221672058,1,Berapa Buka Kapan,0.7993556261062622,16,100 Tugas Skripsi,0.7593737244606018
7616993044688388885,wanikesel09,Mau kuliah masih bingung ngambil jurusan apa😭😂,0,1,0,Tidak Ada Jurusan,0.7426833510398865,12,Umur Yang Semangat,0.7308844327926636,5,Ada S2 Rpl,0.6732586622238159
7616995956312441618,univsiberasia,"Hi Kakak, bisa DM Mimin ya kalau masih bingung mau ambil jurusan apa🤩",0,0,8,Dm Admin Halo,0.822281002998352,1,Berapa Buka Kapan,0.7911334037780762,0,Tidak Ada Jurusan,0.7851428389549255
7636273461006598932,batari.indira.a,Usia 26/27 bisa gak,1,0,0,Tidak Ada Jurusan,0.5401946306228638,5,Ada S2 Rpl,0.6176485419273376,22,Biayanya Berapa Biaya,0.5528565645217896
7601052202606068500,noval.story01,itu campuran dari kampus lain apa universitas Nasional doang kak,0,1,0,Tidak Ada Jurusan,0.7715064287185669,5,Ada S2 Rpl,0.7117754220962524,15,Dimana Daerah Pjj,0.708825945854187
7601055600139830023,univsiberasia,Wisudawan/ti Universitas Siber Asia ya Kak🤩,0,0,18,100 Universitas Siber,0.7431438565254211,6,Dibuka Saat Mahasiswa,0.7373890280723572,10,Selalu Amin Semoga,0.7298958897590637
7654057822766039828,user33745216,Ada prodi apa aja ka ??,1,0,0,Tidak Ada Jurusan,0.8313252329826355,1,Berapa Buka Kapan,0.8115897178649902,5,Ada S2 Rpl,0.8081879615783691
7648120066797863688,ptrisphiaa_,unsia ada skripsi ga ya? trs ada pilihan bisa lulus cepet dengan ambil sks banyak ga ya?,0,0,16,100 Tugas Skripsi,0.7433106899261475,0,Tidak Ada Jurusan,0.8293862342834473,12,Umur Yang Semangat,0.7732365727424622
7646604735383077652,sapaakurk,kak boleh tau pakai toga sz apa?,0,0,10,Selalu Amin Semoga,0.5357576012611389,15,Dimana Daerah Pjj,0.7362680435180664,1,Berapa Buka Kapan,0.7319968938827515
7624741649361142535,yangt73,mau masuk unsia tp GK ada jurusan yg aku pengen 💔,1,0,0,Tidak Ada Jurusan,0.8019641637802124,12,Umur Yang Semangat,0.7182291746139526,5,Ada S2 Rpl,0.697521984577179
7622137806047888148,teer_akk,kak maaf tanya misal kita kerja diluar negeri apa bisa daftar kuliah disini?,1,0,0,Tidak Ada Jurusan,0.8200682401657104,1,Berapa Buka Kapan,0.7786715030670166,9,Id Ac Pmb,0.709937572479248
7623377185064108821,estehsegeer8,nyari temen Maba prodi manejemen,1,0,5,Ada S2 Rpl,0.6219143867492676,18,100 Universitas Siber,0.6154313087463379,17,Informasi Informatika Akuntansi,0.6102943420410156
7616962503121928981,foxyan51,pengen daftar tapi di kota Ku gak ada kampus ini,0,1,1,Berapa Buka Kapan,0.7038316130638123,0,Tidak Ada Jurusan,0.7489237785339355,4,Online Offline Full,0.6945773959159851
7616996097575437063,univsiberasia,"Hi Kakak, UNSIA menerapkan sistem perkuliahan secara online maka kakak bisa berkuliah dimana saja dan kapan saja. Nah UNSIA bisa menjadi tujuan kakak yg ingin kuliah sambil bekerja kak karena memang waktunya fleksibel dan bisa dilaksanakan kapanpun dan dimanapun🤩",1,0,9,Id Ac Pmb,0.8194717764854431,27,Pt Terakreditasi Ban,0.684355616569519,16,100 Tugas Skripsi,0.6796914935112
7626945160639103745,avar.aze,anaku saking pengen bgt kuliah katanya mau sambil kerja sebagai ibu aq maunya reguler aja tp masih mikirin biaya nya ya Allah lancarkan rejeki hambamu🙏,2,0,0,Tidak Ada Jurusan,0.6363213062286377,12,Umur Yang Semangat,0.760438859462738,10,Selalu Amin Semoga,0.6496888399124146
7621825274430456596,__amliaa2,bismillah semoga bisa seperti kakak🤲,1,0,26,Bismillah Depan Bismillahirrahmanirrahim,0.7889478206634521,10,Selalu Amin Semoga,0.8181242942810059,25,Semangat Wah Tetap,0.7093584537506104
7632065830620300039,valerieejv,tugas di unsia tu ada tugas2 kelompok gitu ga ya nantinya? atau full sendiri2?,1,0,0,Tidak Ada Jurusan,0.7551385164260864,4,Online Offline Full,0.7587217688560486,12,Umur Yang Semangat,0.7555631995201111
7632248994009760520,mamaput39,Mending ini atau UT plis jawab bingung,2,0,0,Tidak Ada Jurusan,0.6000608205795288,12,Umur Yang Semangat,0.6672302484512329,7,Daftar Aku Sudah,0.6631559133529663
7632704406638707476,sec_563,Aku di jambi apa bisa aku juga mahasiswi universitas terbuka baru semester 2 aku niat pengen double degree cmn pngen yg kuliahnya online smua,1,0,0,Tidak Ada Jurusan,0.8105847835540771,12,Umur Yang Semangat,0.7716026306152344,1,Berapa Buka Kapan,0.7178936004638672
7614137301404254994,x.irmaa,masyaallah mbakk kamuu hebatt bangett🥰🥰🥰,1,0,20,Betul Keren Banget,0.7576029300689697,10,Selalu Amin Semoga,0.6468753814697266,11,Terima Kasih Salam,0.6339952945709229
7610057645407552263,mimiaziid,minta doanya semoga anak ku taun depan bisa masuk ke UNSIA ambil S1🥰,2,0,10,Selalu Amin Semoga,0.7473516464233398,0,Tidak Ada Jurusan,0.725203275680542,6,Dibuka Saat Mahasiswa,0.6909133195877075
7621114983154287376,matcha.yuu,inii sistemnya kan online yaa tapi masii di arahin kan yaa ga dilepas gitu aja?😭,1,1,2,Iya Kak Dong,0.556832492351532,4,Online Offline Full,0.7040945291519165,12,Umur Yang Semangat,0.662724494934082
7621115416827675412,univsiberasia,"Betul banget Kakak, kalau bingung mengenai sistem pembelajaran di UNSIA, Kakak bisa DM Mimin yaa🤗",0,0,8,Dm Admin Halo,0.7967547178268433,16,100 Tugas Skripsi,0.8161349296569824,9,Id Ac Pmb,0.8055156469345093
7615060630791324436,onceuponatimee00,"kak, pendaftarannya kapan buat non RPL?",2,0,1,Berapa Buka Kapan,0.8543775081634521,6,Dibuka Saat Mahasiswa,0.7805124521255493,0,Tidak Ada Jurusan,0.7750086784362793
7636273362326684436,batari.indira.a,Maksimal usia brp ka,0,0,1,Berapa Buka Kapan,0.7605307102203369,15,Dimana Daerah Pjj,0.7679504156112671,22,Biayanya Berapa Biaya,0.7360015511512756
7634461175883449096,nadhiracredits,assalamu'alaikum ka. untuk jurusan apa saja?,0,0,0,Tidak Ada Jurusan,0.7740334868431091,1,Berapa Buka Kapan,0.7432345747947693,6,Dibuka Saat Mahasiswa,0.7251163125038147
7634414620341453576,naelaleea22,Ini termasuk UT?,0,0,3,Menyimak Nrrjml Binus,0.6588496565818787,2,Iya Kak Dong,0.5985330939292908,20,Betul Keren Banget,0.5818029642105103
7627049818262897409,dianaross385,"hebat , keren kamu kak, krn prosesnya ga mudah ❤️❤️",0,0,2,Iya Kak Dong,0.6739328503608704,20,Betul Keren Banget,0.7246840000152588,12,Umur Yang Semangat,0.6948789358139038
7614685458577179410,semangatberproses0,min apakah S2 nya ada,0,0,5,Ada S2 Rpl,0.8107762932777405,0,Tidak Ada Jurusan,0.8004567623138428,1,Berapa Buka Kapan,0.7642136812210083
7614585235296944913,namanyadewim,bismillah mau ngumpulin buat beli laptop dlu,0,0,26,Bismillah Depan Bismillahirrahmanirrahim,0.6196352243423462,7,Daftar Aku Sudah,0.6509876847267151,12,Umur Yang Semangat,0.6394208073616028
7613260700320170760,000001234waw,adakah s2 pendidikan,0,0,0,Tidak Ada Jurusan,0.6877566576004028,5,Ada S2 Rpl,0.7542591094970703,18,100 Universitas Siber,0.6621620059013367
7612294103686497045,vian_ney90,ada S2 gk kak,0,0,0,Tidak Ada Jurusan,0.88262939453125,5,Ada S2 Rpl,0.9004436731338501,1,Berapa Buka Kapan,0.828101634979248
7612234571622384405,rstksrha,semangat kak,0,0,25,Semangat Wah Tetap,0.9707878828048706,2,Iya Kak Dong,0.7723875045776367,10,Selalu Amin Semoga,0.7713335156440735
7612204491694523143,suciputry30,"aku baru daftar kak,doa in lulus seleksi 😭🙏🏻",0,0,7,Daftar Aku Sudah,0.8202434778213501,12,Umur Yang Semangat,0.7438141107559204,1,Berapa Buka Kapan,0.7338812351226807
7610264128963543815,sisfor_itats,Salam kenal dr Prodi Sistem Informasi ITATS kak,0,0,11,Terima Kasih Salam,0.7157968878746033,17,Informasi Informatika Akuntansi,0.7669581770896912,16,100 Tugas Skripsi,0.7157560586929321
7608569952853164807,lamanik4,semangat [wronged][flushed],0,0,25,Semangat Wah Tetap,0.6978684663772583,26,Bismillah Depan Bismillahirrahmanirrahim,0.619900107383728,20,Betul Keren Banget,0.6007454991340637
7606668055048897298,000286362686637_,keren,0,0,20,Betul Keren Banget,0.8424503803253174,3,Menyimak Nrrjml Binus,0.7566592693328857,2,Iya Kak Dong,0.7527029514312744
7605880875717640981,amawa52,Bagus sih kalo ditambah logo unsia dibajunya🥰,0,0,20,Betul Keren Banget,0.6206480264663696,12,Umur Yang Semangat,0.7221587300300598,7,Daftar Aku Sudah,0.7172808647155762
7605266704025453320,jv.vibe,gada s1 psikologi?🥺,0,0,0,Tidak Ada Jurusan,0.7668868899345398,5,Ada S2 Rpl,0.8066784143447876,4,Online Offline Full,0.6787256002426147
7603999755292066581,im_ilhamdai1602,Moment yg gw tunggu2. Sekarang baru masuk semester 4,0,0,12,Umur Yang Semangat,0.7089047431945801,7,Daftar Aku Sudah,0.6440523266792297,4,Online Offline Full,0.6245167255401611
7602892644599071506,by.mikaylapajamas,belum ada s2 ya kk?,0,0,5,Ada S2 Rpl,0.8251515626907349,0,Tidak Ada Jurusan,0.8168227076530457,7,Daftar Aku Sudah,0.765271782875061
7600439067322909448,diyayaya_23,kalok untuk s2 ada gak sih kak kalok ada syaratnya IPK berapa,0,0,0,Tidak Ada Jurusan,0.8438156843185425,1,Berapa Buka Kapan,0.7747664451599121,5,Ada S2 Rpl,0.7424721121788025
7600323508254196501,yulianieka123,"Bissmillah, semoga bisa lancar sampe pakai toga yang didapat dari hasil jadi TKW di Taiwan🤲",0,0,10,Selalu Amin Semoga,0.7075013518333435,12,Umur Yang Semangat,0.6492609977722168,26,Bismillah Depan Bismillahirrahmanirrahim,0.5835074782371521
7613231564772508432,nihartinimci,[Sticker] ,0,0,26,Bismillah Depan Bismillahirrahmanirrahim,0.6047762632369995,3,Menyimak Nrrjml Binus,0.9119384288787842,21,Nitip Nitipp Kabarin,0.683590829372406
7603210592690488071,thvxxxxyy,"kak kalo program rpl paling cepat berapa tahu kak? harus punya pengalaman kerja nya minimal brapa tahun juga kak, aku ada rencana masuk unsia nih kak🙏",0,0,0,Tidak Ada Jurusan,0.8118063807487488,1,Berapa Buka Kapan,0.786421000957489,12,Umur Yang Semangat,0.7347124814987183
7623457661837607687,aksaramahariku,"Entah kapan aku bisa kuliah, setiap rencana selalu diputar arah oleh Allah yang Maha Perencana dan Maha Mengatur seisi dunia. Kalaupun memang bukan jalan takdirku, semoga Allah beri aku suami yang berpendidikan, dan keturunanku yang bisa dengan mudah mengenyam pendidikan setinggi-tingginya ya Allah. Saudara2ku yang dapat dengan mudah mendapatkan pendidikan dan pekerjaan yang bagus, aamiin",10,0,10,Selalu Amin Semoga,0.6205644607543945,12,Umur Yang Semangat,0.5532397031784058,26,Bismillah Depan Bismillahirrahmanirrahim,0.5180336236953735
7630434785563149077,pieceslia2,"minnn, skrg udh tutup yaaa pendaftarannya😕",0,5,1,Berapa Buka Kapan,0.7939189672470093,6,Dibuka Saat Mahasiswa,0.7913867235183716,7,Daftar Aku Sudah,0.7628246545791626
7630731015715816199,univsiberasia,"Iya nih Kakak;( Saat ini untuk pendaftaran mahasiswa baru sudah ditutup. Namun, jangan khawatir dibuka kembali di semester ganjil yaa yaitu di bulan Juni🤗",6,0,6,Dibuka Saat Mahasiswa,0.8385862708091736,9,Id Ac Pmb,0.7482152581214905,27,Pt Terakreditasi Ban,0.6699796915054321
7630803687196263176,rika.dona,KK bayar semester awal harus langsung cas ya??,0,0,1,Berapa Buka Kapan,0.7736285924911499,4,Online Offline Full,0.7799856066703796,14,Dicicil 3Jt Biaya,0.7700439095497131
7631061886582784775,univsiberasia,Untuk UKT dapat dicicil sebanyak 3x ya Kakak😊,0,0,14,Dicicil 3Jt Biaya,0.8226692080497742,1,Berapa Buka Kapan,0.6695218682289124,6,Dibuka Saat Mahasiswa,0.6448514461517334
7630733612203361044,pieceslia2,"terimakasih minnn, semoga aku bisa lolos.",1,0,10,Selalu Amin Semoga,0.8275322318077087,11,Terima Kasih Salam,0.7638950347900391,25,Semangat Wah Tetap,0.7188975811004639
7631112672533037831,scentoo_,juni nanti min?,0,0,7,Daftar Aku Sudah,0.674579381942749,26,Bismillah Depan Bismillahirrahmanirrahim,0.7426323890686035,2,Iya Kak Dong,0.7399394512176514
7628847029561017106,user120222170,@dumpprzkya apa ieu kitu teh full online,0,3,24,Ilkom Ieu Balang,0.807522177696228,18,100 Universitas Siber,0.650571346282959,4,Online Offline Full,0.6502558588981628
7628849866956866305,shakenbutterscotch,Ieu mah anu ceuk ibu tea sanes?,0,0,24,Ilkom Ieu Balang,0.7315404415130615,12,Umur Yang Semangat,0.5752237439155579,2,Iya Kak Dong,0.5501376986503601
7628849938257560341,user120222170,"enya kitu, lebih sae ieu",0,0,24,Ilkom Ieu Balang,0.7863050699234009,2,Iya Kak Dong,0.5875023603439331,12,Umur Yang Semangat,0.5666390657424927
7628849951095587605,user120222170,dibanding ut,0,0,12,Umur Yang Semangat,0.42826351523399353,3,Menyimak Nrrjml Binus,0.8093787431716919,18,100 Universitas Siber,0.6647273302078247
7606353102114915093,melzah182,kalo lulusan paket c kuliah disini bisa gk,0,3,1,Berapa Buka Kapan,0.7440735101699829,0,Tidak Ada Jurusan,0.8356297612190247,5,Ada S2 Rpl,0.7983995676040649
7608088653869417224,univsiberasia,Bisa banget Kakak🤩,0,0,2,Iya Kak Dong,0.8473376631736755,20,Betul Keren Banget,0.8178592920303345,7,Daftar Aku Sudah,0.7031347751617432
7608133272845763348,melzah182,beneran bisa tunggu aku 2 tahun lgi ya setelah aku lulus paket c aku usahain kuliah disin dan senoga jurusan pgsd kedepan nya ada ya,0,0,0,Tidak Ada Jurusan,0.7564913630485535,12,Umur Yang Semangat,0.7891219258308411,7,Daftar Aku Sudah,0.7083818912506104
7612657966659912449,sing_with_indah,"min jawab aku,S2 di kalian persyaratannya apa aja",0,1,0,Tidak Ada Jurusan,0.8272908926010132,1,Berapa Buka Kapan,0.7508852481842041,5,Ada S2 Rpl,0.7463994026184082
7613247813299798801,sing_with_indah,mksh kk,0,0,11,Terima Kasih Salam,0.8300994634628296,25,Semangat Wah Tetap,0.6939288377761841,20,Betul Keren Banget,0.68961501121521
7611792262331122452,giaoktvia,KAA doain yaaa taun ini aku berusaha bgt mau kuliah sambil krja😭,0,1,10,Selalu Amin Semoga,0.7487977743148804,12,Umur Yang Semangat,0.7288392782211304,7,Daftar Aku Sudah,0.7225746512413025
7612222103924425493,giaoktvia,"Amin kaa, always successful kaaa🥰",1,0,10,Selalu Amin Semoga,0.7908849716186523,25,Semangat Wah Tetap,0.7653264999389648,11,Terima Kasih Salam,0.6957757472991943
7634093306053968661,akumell._,Pendaftaran 2026 gimana ka mau daftar😭,0,1,7,Daftar Aku Sudah,0.7617567777633667,1,Berapa Buka Kapan,0.8566890954971313,13,Info Bagaimana Cara,0.8209214210510254
7634409591435428628,univsiberasia,"Saat ini untuk pendaftaran mahasiswa baru sudah ditutup nih Kakak. Tapiii, jangan khawatir Kak, aku kasih bocoran nihh, dibuka kembali pendaftarannya di tanggal 1 Mei 2026 lhoo🤫",0,0,6,Dibuka Saat Mahasiswa,0.8411571979522705,9,Id Ac Pmb,0.7751964330673218,27,Pt Terakreditasi Ban,0.7170856595039368
7604511319585538823,regina_kltng12,kak KLO wisudanya harus dikampusnya kah?,0,2,1,Berapa Buka Kapan,0.798005223274231,0,Tidak Ada Jurusan,0.8069004416465759,4,Online Offline Full,0.7567397356033325
7604839669515174664,cantikaidaf,wisuda bisa pilih kak mau offline atau online,0,0,4,Online Offline Full,0.7904928922653198,1,Berapa Buka Kapan,0.7099658846855164,9,Id Ac Pmb,0.6905181407928467
7621793200697017104,imaghostgurll,kalo online gimana kak?,0,0,1,Berapa Buka Kapan,0.82916259765625,13,Info Bagaimana Cara,0.8102526664733887,15,Dimana Daerah Pjj,0.806158185005188
7601370180233560852,msycinematic,masih setengah perjalanan,0,1,-1,Mantab Uk Belakang,0.0,26,Bismillah Depan Bismillahirrahmanirrahim,0.6442248821258545,2,Iya Kak Dong,0.6311644911766052
7610372475008844565,msycinematic,ok,0,0,2,Iya Kak Dong,0.7030490636825562,3,Menyimak Nrrjml Binus,0.8168818354606628,21,Nitip Nitipp Kabarin,0.7225139141082764
7614714904234869522,styaaaaaaaaaaaaaaaaaaa,karena kaka inii akuu jadii mikirin mau kuliah sebelumnya dah patah semangat thnks ya ka🥹🫂🫂,0,0,10,Selalu Amin Semoga,0.7600075006484985,12,Umur Yang Semangat,0.7863484621047974,7,Daftar Aku Sudah,0.7388326525688171
7613745842428281608,alleyyass,gaada parwis ya,0,0,2,Iya Kak Dong,0.703201174736023,5,Ada S2 Rpl,0.640173077583313,24,Ilkom Ieu Balang,0.6333295106887817
7612429416748679956,nana_njmd,ini bisa dari luar negeri juga ngga ya?,0,0,1,Berapa Buka Kapan,0.6953628063201904,4,Online Offline Full,0.7021682262420654,5,Ada S2 Rpl,0.6835565567016602
7608212452685300500,truly.qq,s2 nya blm ada ya kak?,0,0,5,Ada S2 Rpl,0.8121789693832397,1,Berapa Buka Kapan,0.8341634273529053,0,Tidak Ada Jurusan,0.8226751685142517
7604483006082089745,panggilakumakabigail,sayang sekali belum ada s2,0,0,5,Ada S2 Rpl,0.7667161226272583,0,Tidak Ada Jurusan,0.698226809501648,18,100 Universitas Siber,0.6813064813613892
7604096800894731029,ferianggarzm,Kak gelombang 4 mulai perkuliahan kapan ya belum ada info,0,1,6,Dibuka Saat Mahasiswa,0.8204392790794373,1,Berapa Buka Kapan,0.8354066610336304,0,Tidak Ada Jurusan,0.7891284227371216
7609902663249281800,univsiberasia,Perkuliahan akan dimulai di bulan April ya Kakak😊,0,0,6,Dibuka Saat Mahasiswa,0.8164204359054565,9,Id Ac Pmb,0.7223588228225708,1,Berapa Buka Kapan,0.6928170919418335
7603177743761228565,nothinggood__,kelas karyawan udh buka belom pendaftarannya?,0,0,1,Berapa Buka Kapan,0.7821434736251831,6,Dibuka Saat Mahasiswa,0.7452168464660645,4,Online Offline Full,0.7384591102600098
7603048498171511570,ssosnowflake,Bakalan ada jadwal ke kampus gk sih? Soalnya aku dom bandung jauh bngt kalo harus datang ke kampus,0,0,1,Berapa Buka Kapan,0.6868271827697754,12,Umur Yang Semangat,0.7391868829727173,0,Tidak Ada Jurusan,0.6953886151313782
7602973491332154120,maretha_elza,udah yakin bisa sampai ke titik itu tapi sekarang ekonomi lagi diuji dan untuk semester ini gak tau harus lanjut apa nyerah sampai disini padahal sudah semester 5 tapi apalah daya sedih bgt ya Allah,0,0,0,Tidak Ada Jurusan,0.6196257472038269,12,Umur Yang Semangat,0.7392600774765015,4,Online Offline Full,0.5946779251098633
7602291108715447047,stawbeyiiii_,ini ada program kipk ga kak,0,0,1,Berapa Buka Kapan,0.8045039176940918,5,Ada S2 Rpl,0.7979141473770142,15,Dimana Daerah Pjj,0.7673541307449341
7602041271783326482,alimc0778,Bisa jalur rpl gak kk?,0,0,5,Ada S2 Rpl,0.8110073804855347,19,Jalur Konversi Melalui,0.7871966361999512,1,Berapa Buka Kapan,0.7849190831184387
7600916424231486226,amaaaa.16,bismillah,0,0,26,Bismillah Depan Bismillahirrahmanirrahim,0.8318033814430237,3,Menyimak Nrrjml Binus,0.7626507878303528,25,Semangat Wah Tetap,0.6797683238983154
7600029260686361362,jee.jessyca,"Pengen kuliah ambil prodi berbeda dari sebelumnya , tapi masih dag Dig dug sama ujian Skripsi",0,0,10,Selalu Amin Semoga,0.5386918783187866,12,Umur Yang Semangat,0.7492954134941101,0,Tidak Ada Jurusan,0.6634082794189453
7608485490282578696,yunie7715,"aku pernah ikut gelombang 2 tapi aku berenti disemester 3 karena ada hal.
sekarang teman seangkatanku baru lulus.
aku pengen",0,0,0,Tidak Ada Jurusan,0.6924049854278564,12,Umur Yang Semangat,0.7207220196723938,27,Pt Terakreditasi Ban,0.6232338547706604
7625249783288185620,yuyun.yunengsih34,😂😂😂,0,0,3,Menyimak Nrrjml Binus,0.995229959487915,21,Nitip Nitipp Kabarin,0.6757673621177673,2,Iya Kak Dong,0.6486166715621948
7624055372978078465,ilha775,😅,0,0,3,Menyimak Nrrjml Binus,0.995229959487915,21,Nitip Nitipp Kabarin,0.6757673621177673,2,Iya Kak Dong,0.6486166715621948
7615351419206550273,leaviennara_,🥺,0,0,3,Menyimak Nrrjml Binus,0.995229959487915,21,Nitip Nitipp Kabarin,0.6757673621177673,2,Iya Kak Dong,0.6486166715621948
7605595065960760071,linacasmita0,🥰🥰🥰,0,0,3,Menyimak Nrrjml Binus,0.995229959487915,21,Nitip Nitipp Kabarin,0.6757673621177673,2,Iya Kak Dong,0.6486166715621948
7605284648734819088,an4kkhampung,🥰,0,0,3,Menyimak Nrrjml Binus,0.995229959487915,21,Nitip Nitipp Kabarin,0.6757673621177673,2,Iya Kak Dong,0.6486166715621948
7600078985943417617,sweeutgras,😂😂😂,0,0,3,Menyimak Nrrjml Binus,0.995229959487915,21,Nitip Nitipp Kabarin,0.6757673621177673,2,Iya Kak Dong,0.6486166715621948
7608920929393328904,indriyan384,Kk mau tnya dong pas skripsi itu gimana ya . Presentasi zoom sm beberapa dosen gitu kah ?,0,3,2,Iya Kak Dong,0.5279459357261658,0,Tidak Ada Jurusan,0.7143913507461548,16,100 Tugas Skripsi,0.7055204510688782
7609981448317666066,indriyan384,Maksih kak,0,0,11,Terima Kasih Salam,0.884130597114563,8,Dm Admin Halo,0.7074586153030396,2,Iya Kak Dong,0.7062433958053589
7609976248320312071,indriyan384,Berrti kita memng hsrus pelajari isi materinya ya ka,0,0,1,Berapa Buka Kapan,0.6298651695251465,7,Daftar Aku Sudah,0.6539948582649231,12,Umur Yang Semangat,0.6307132244110107
7599983329298957064,adma._o,"info per semester dong;)
biar bisa nyisih uangnya pas gitu",0,4,13,Info Bagaimana Cara,0.625436544418335,12,Umur Yang Semangat,0.733283281326294,0,Tidak Ada Jurusan,0.71037757396698
7599988315840398098,iyaand__,3jt kak,0,0,28,Juta 3Jt Serius,0.929374098777771,2,Iya Kak Dong,0.7391631007194519,14,Dicicil 3Jt Biaya,0.6960406303405762
7600063801320768277,likaliku_gl,lebih bang,0,0,2,Iya Kak Dong,0.7703726887702942,20,Betul Keren Banget,0.7138086557388306,28,Juta 3Jt Serius,0.7126767039299011
7599992828777497351,adma._o,semua jurusan?,0,0,0,Tidak Ada Jurusan,0.553102433681488,3,Menyimak Nrrjml Binus,0.7253546714782715,18,100 Universitas Siber,0.7025994062423706
7599993320370488072,iyaand__,iyaa,0,0,2,Iya Kak Dong,0.8304998874664307,20,Betul Keren Banget,0.7762936949729919,3,Menyimak Nrrjml Binus,0.7603020071983337
7600014350959821588,istiqomahfitriani,aku di paling belakang dong.. 😁😁,0,2,-1,Mantab Uk Belakang,0.0,2,Iya Kak Dong,0.7063055038452148,7,Daftar Aku Sudah,0.6805281043052673
7600311789141836551,univsiberasia,Wah disebelah mana nih Kakak?🤗,0,0,15,Dimana Daerah Pjj,0.8113195300102234,2,Iya Kak Dong,0.7086702585220337,7,Daftar Aku Sudah,0.6963574886322021
7601082500060594965,jessie19_10,KK Spil jurusannya dong,0,1,7,Daftar Aku Sudah,0.7897615432739258,2,Iya Kak Dong,0.785176157951355,15,Dimana Daerah Pjj,0.7508252263069153
7601134792696644370,univsiberasia,"Hey Ka. Di UNSIA ada 5 prodi lho, komunikasi, akuntansi, manajemen, sistem informasi, dan informatika🤩",1,0,17,Informasi Informatika Akuntansi,0.9354930520057678,16,100 Tugas Skripsi,0.7201492786407471,0,Tidak Ada Jurusan,0.7082486748695374
7600011284466025223,awanhen13,"masih dag dig dug, mudah”an bulan 2 bisa ikut sidang dan lancar🤲",0,1,10,Selalu Amin Semoga,0.6506233215332031,12,Umur Yang Semangat,0.653252363204956,4,Online Offline Full,0.6049939393997192
7600311871254151954,univsiberasia,"Aamiin, yuk semangat Kak biar bisa wisuda tahun ini🤗",1,0,10,Selalu Amin Semoga,0.8442761898040771,25,Semangat Wah Tetap,0.7576702237129211,7,Daftar Aku Sudah,0.7284618616104126
7614753580360942356,hszky,"Temen mess kamar sebelahku pagi sampai sore kuliah, sore berangkat kerja sampai malam jam 12 balik🥺, mana cewek lagi rajin banget",0,0,12,Umur Yang Semangat,0.6957242488861084,4,Online Offline Full,0.5795870423316956,7,Daftar Aku Sudah,0.5573642253875732
7612235515181826836,syududu_45,"boleh lah S1 Ut, S2 di siber",0,0,0,Tidak Ada Jurusan,0.7938965559005737,5,Ada S2 Rpl,0.7656188011169434,12,Umur Yang Semangat,0.6919593811035156
7585487009976926996,simikhaaa,gaada jurusan hukum kak?,0,1,0,Tidak Ada Jurusan,0.7523078918457031,5,Ada S2 Rpl,0.7892928123474121,2,Iya Kak Dong,0.7183631658554077
7587108816991486727,ikutikutan,Belum ada kak huhu,0,0,2,Iya Kak Dong,0.8035684823989868,7,Daftar Aku Sudah,0.7978792190551758,4,Online Offline Full,0.725631833076477
7579832204893700865,shibal.seqya,Ka kalo online dari jepang juga bisa?,1,5,1,Berapa Buka Kapan,0.7813586592674255,4,Online Offline Full,0.7900979518890381,19,Jalur Konversi Melalui,0.7568483352661133
7579844128079594247,univsiberasia,"Hi Ka, bisa banget dong karena UNSIA 100% full online jadi bisa berkuliah darimana saja dan kapan saja🤩",3,0,9,Id Ac Pmb,0.860615611076355,16,100 Tugas Skripsi,0.8302043080329895,0,Tidak Ada Jurusan,0.7662479877471924
7593217410983969543,bttrflyyyyyyyyyyyyy,Wisudanya juga online ya kak??,0,0,4,Online Offline Full,0.8568475246429443,1,Berapa Buka Kapan,0.8012234568595886,7,Daftar Aku Sudah,0.8002890944480896
7593218570667787016,univsiberasia,Wisuda dilaksanakan secara hybrid Kakak🤗,0,0,6,Dibuka Saat Mahasiswa,0.4955565333366394,18,100 Universitas Siber,0.5417641997337341,4,Online Offline Full,0.4905167818069458
7581630430349771536,aiueoipipiu,ujiannya gimana kakkk??,0,0,1,Berapa Buka Kapan,0.8289180994033813,13,Info Bagaimana Cara,0.8294168710708618,15,Dimana Daerah Pjj,0.8135101795196533
7581698004505084690,univsiberasia,Ujiannya full online juga Kakak,0,0,4,Online Offline Full,0.8675220012664795,16,100 Tugas Skripsi,0.7798714637756348,1,Berapa Buka Kapan,0.7599843740463257
7580281846802432789,celsiolivia06082,Kk biyay yang 3 jt persemester itu udah termasuk apa aja apakah ada buku juga ?,0,1,14,Dicicil 3Jt Biaya,0.781965970993042,1,Berapa Buka Kapan,0.7264419198036194,0,Tidak Ada Jurusan,0.7110027074813843
7581356333241647893,einaafets,1 semester kak. Gaada buku ya,0,0,4,Online Offline Full,0.7992644309997559,0,Tidak Ada Jurusan,0.7633009552955627,12,Umur Yang Semangat,0.76265949010849
7581688334469972756,r.lyna4,kakk ada jurusan bahasa inggris engga??,0,1,0,Tidak Ada Jurusan,0.8783068060874939,5,Ada S2 Rpl,0.8143175840377808,1,Berapa Buka Kapan,0.8030451536178589
7583176520795472647,twyah_,"Ngga ada kak, cuma ada komunikasi, manajemen, akuntansi, sistem informasi dan informatika",1,0,17,Informasi Informatika Akuntansi,0.8352981805801392,5,Ada S2 Rpl,0.6339402198791504,0,Tidak Ada Jurusan,0.6078032851219177
7579895644748612370,loovecafa,pendaftaran nya udh dibuka blm kak?,0,1,1,Berapa Buka Kapan,0.8372514247894287,6,Dibuka Saat Mahasiswa,0.793994665145874,7,Daftar Aku Sudah,0.7803465723991394
7579899481492062984,univsiberasia,"Hi Kak, saat iniJadi Kakak bisa langsung daftar sekarang di pmb.unsia.ac.id, pilih jurusan favorit, dan mulai kuliah online fleksibel dari mana aja",0,0,9,Id Ac Pmb,0.929034948348999,6,Dibuka Saat Mahasiswa,0.7980849742889404,27,Pt Terakreditasi Ban,0.7421032190322876
7579851032547033877,boysafterrocky,"Baru daftar kmaren,, nunggu hasil test aja",0,1,1,Berapa Buka Kapan,0.6492945551872253,4,Online Offline Full,0.697443425655365,12,Umur Yang Semangat,0.6969746351242065
7579855832163107591,univsiberasia,"Hi Kak, untuk hasil ujian akan keluar 2 x 24 jam ya🤗",0,0,1,Berapa Buka Kapan,0.7001877427101135,6,Dibuka Saat Mahasiswa,0.7293359041213989,16,100 Tugas Skripsi,0.7075457572937012
7602027601008837393,pelarian34,"bisa gak sih kak,kalau udh lama lulus SMK mau daftar kuliah?",0,1,0,Tidak Ada Jurusan,0.8247606158256531,1,Berapa Buka Kapan,0.7979390621185303,12,Umur Yang Semangat,0.7874552011489868
7602196292206592776,univsiberasia,Bisa banget dong Kakak🤗,0,0,2,Iya Kak Dong,0.812965989112854,20,Betul Keren Banget,0.7897950410842896,7,Daftar Aku Sudah,0.7290148735046387
7589059558750028551,skull_ardii,per semester nya bisa di cicil atau gk ya min,0,1,14,Dicicil 3Jt Biaya,0.7961570024490356,1,Berapa Buka Kapan,0.7818489670753479,0,Tidak Ada Jurusan,0.765657901763916
7589182878639883015,univsiberasia,"Hi Kak, di UNSIA bayar UKT bisa dicicil sebanyak 3x ya🤩",0,0,14,Dicicil 3Jt Biaya,0.8588899374008179,6,Dibuka Saat Mahasiswa,0.7822288274765015,16,100 Tugas Skripsi,0.772932767868042
7582361693398844180,dwimary8,di Unsia dpt modul buku tidak ya?,0,1,0,Tidak Ada Jurusan,0.8149634003639221,1,Berapa Buka Kapan,0.8108828067779541,5,Ada S2 Rpl,0.7937929034233093
7582442435289907975,univsiberasia,"Hai Kak, dapatt yaa😊",0,0,8,Dm Admin Halo,0.8236421346664429,11,Terima Kasih Salam,0.8034687042236328,7,Daftar Aku Sudah,0.7334473729133606
7593947050821337857,hainisa31,kak aku udh daftar kira-kira modul ya dtng ya bulan ke berapa stlh pembayaran?,0,0,7,Daftar Aku Sudah,0.7407714128494263,1,Berapa Buka Kapan,0.8174771070480347,14,Dicicil 3Jt Biaya,0.7436699867248535
7581648983107044114,ini.alexa01,"kak uang pendaftaran nya berapa? ada biaya lagi ga kek ut kn 1,6jt kalo unsia berapaa?",0,0,1,Berapa Buka Kapan,0.8218268156051636,14,Dicicil 3Jt Biaya,0.8056713938713074,0,Tidak Ada Jurusan,0.7998868227005005
7653439862230516496,educational356,kak kira kira tes masuknya apa aja ya,0,0,0,Tidak Ada Jurusan,0.7345999479293823,1,Berapa Buka Kapan,0.7938178777694702,15,Dimana Daerah Pjj,0.7345085144042969
7591673604074570514,vyaw30,kalau nnti wisudanya online gimana ya min,0,1,4,Online Offline Full,0.8323032855987549,1,Berapa Buka Kapan,0.8500868082046509,0,Tidak Ada Jurusan,0.7851155996322632
7592108990784848647,univsiberasia,Wisuda dilaksanakan secara hybrid ya Kakak🤩,0,0,6,Dibuka Saat Mahasiswa,0.7424170970916748,10,Selalu Amin Semoga,0.7174810171127319,4,Online Offline Full,0.7136598825454712
7592820447876694792,99traz_,"ka, kalo yg kerja shift kadang pagi kadang malem dan liburnya ga sabtu minggu bisa ngga ya? liburnya ga nentu misal bulan ini senin selasa kemungkinan bulan depan kamis jumat tapi pengen kuliah juga🥺",0,1,0,Tidak Ada Jurusan,0.6855723261833191,12,Umur Yang Semangat,0.704806923866272,4,Online Offline Full,0.6774898171424866
7592865536516031240,univsiberasia,"Hi Kak, jangan khawatir ya karena di UNSIA sistem pembelajarannya sangat fleksibel, bisa menyesuaikan waktu kerja lho🤗",1,0,9,Id Ac Pmb,0.8320261240005493,16,100 Tugas Skripsi,0.7778805494308472,6,Dibuka Saat Mahasiswa,0.7762999534606934
7579533004244173576,semangatberproses0,ayo dong min S2 diadain,3,0,5,Ada S2 Rpl,0.698082685470581,7,Daftar Aku Sudah,0.7006819248199463,0,Tidak Ada Jurusan,0.6708240509033203
7592192480372998930,atikadwiles,😭,0,0,3,Menyimak Nrrjml Binus,0.9952300190925598,21,Nitip Nitipp Kabarin,0.6757674217224121,2,Iya Kak Dong,0.6486167311668396
7584601235212321544,tati.tmq,😂,0,0,3,Menyimak Nrrjml Binus,0.995229959487915,21,Nitip Nitipp Kabarin,0.6757673621177673,2,Iya Kak Dong,0.6486166715621948
7579534239596643073,nadishapa26,kakkk tambah jurusan dong,0,0,5,Ada S2 Rpl,0.7695416212081909,7,Daftar Aku Sudah,0.809984564781189,0,Tidak Ada Jurusan,0.7827581167221069
7583925996380111623,ivonyny,Nerima yg kejar paket gak kak ???,0,3,1,Berapa Buka Kapan,0.7205931544303894,4,Online Offline Full,0.7184349298477173,5,Ada S2 Rpl,0.7022711038589478
7583929319078331154,univsiberasia,"Hi Kak, kalau sudah paket C boleh Kak",1,0,1,Berapa Buka Kapan,0.7471312284469604,8,Dm Admin Halo,0.8407880067825317,7,Daftar Aku Sudah,0.7939808368682861
7583929147861697288,ivonyny,Alhamdulillah jadi semangat 😅,0,0,10,Selalu Amin Semoga,0.7805079221725464,26,Bismillah Depan Bismillahirrahmanirrahim,0.8214330673217773,25,Semangat Wah Tetap,0.8111226558685303
7587397223362659079,satu_toko0,ayok bareng,0,0,2,Iya Kak Dong,0.6998885869979858,25,Semangat Wah Tetap,0.6634446978569031,21,Nitip Nitipp Kabarin,0.6571840643882751
7581268767876547329,user2166282784644,halo min saya udah daftar udh dapat nim juga langkah selanjutnya harus ngelakuin apa ya min?,0,2,1,Berapa Buka Kapan,0.7186136245727539,13,Info Bagaimana Cara,0.6839788556098938,19,Jalur Konversi Melalui,0.6477680206298828
7581420604835398417,user2166282784644,cara masuk ke grup angkatan ny gimana kak?,0,0,1,Berapa Buka Kapan,0.8074567317962646,13,Info Bagaimana Cara,0.777471125125885,0,Tidak Ada Jurusan,0.7608293890953064
7581428770054882068,einaafets,Nanti di-wa in admin nya ka,0,0,7,Daftar Aku Sudah,0.737061619758606,8,Dm Admin Halo,0.7122042179107666,4,Online Offline Full,0.6872613430023193
7580622433678672648,cookie.time181,Untuk proses daftar ulang nya gimana ya kak?,0,1,1,Berapa Buka Kapan,0.8200265169143677,13,Info Bagaimana Cara,0.8014893531799316,8,Dm Admin Halo,0.7161425352096558
7581378114984264456,univsiberasia,"Hi Ka, Daftar ulang sama saja dengan melakukan pembayaran minimal cicilan 1 ya Kaka",0,0,1,Berapa Buka Kapan,0.667534589767456,14,Dicicil 3Jt Biaya,0.7158706784248352,19,Jalur Konversi Melalui,0.6852103471755981
7580565591279436551,rositasuci1990,Min,0,3,3,Menyimak Nrrjml Binus,0.8849640488624573,2,Iya Kak Dong,0.6945748329162598,21,Nitip Nitipp Kabarin,0.6926713585853577
7581528184967398152,univsiberasia,"Ayo Kak inget-inget lagi, Mimin udah keburu kepo😭",0,0,8,Dm Admin Halo,0.6493160724639893,7,Daftar Aku Sudah,0.7440245151519775,2,Iya Kak Dong,0.6754539608955383
7581435707375289095,rositasuci1990,Aku lupa mau min mau ngomong apa😂,0,0,2,Iya Kak Dong,0.6209392547607422,12,Umur Yang Semangat,0.6515515446662903,7,Daftar Aku Sudah,0.6279206275939941
7581378262397141768,univsiberasia,Halo Kak🤗,1,0,8,Dm Admin Halo,0.7662204504013062,11,Terima Kasih Salam,0.7771275043487549,2,Iya Kak Dong,0.7636499404907227
7589493672362705671,teccaawca,bisa pindah dari STIE SURAKARTA ke UNSIA ga ya? 😭,0,1,1,Berapa Buka Kapan,0.7727131843566895,0,Tidak Ada Jurusan,0.8274635076522827,19,Jalur Konversi Melalui,0.747029185295105
7592109247920800519,univsiberasia,"Halo Kak, bisa melalui jalur konversi ya🤩",0,0,19,Jalur Konversi Melalui,0.9476706385612488,8,Dm Admin Halo,0.8168959021568298,1,Berapa Buka Kapan,0.7987401485443115
7583386829052740368,dixy.gg,info pendaftaran min? usia 28 baru mau lanjut kuliah bisa gak 😭,0,1,13,Info Bagaimana Cara,0.6488806009292603,0,Tidak Ada Jurusan,0.728655219078064,1,Berapa Buka Kapan,0.703697144985199
7583396827275559687,univsiberasia,"Saat ini sedang dibuka nih Kak pendaftaran mahasiswa baru, Nggak ada batasan umur kok Kakak
Di UNSIA, yang penting semangat belajarnya, bukan usianya 🙌
Karena belajar itu nggak kenal umur, yang muda semangat, yang udah berpengalaman juga makin keren..🤩",0,0,12,Umur Yang Semangat,0.7707540392875671,9,Id Ac Pmb,0.7452391386032104,6,Dibuka Saat Mahasiswa,0.7071309089660645
7581462397739647752,dzy_34,di unsia bisa pakek KIPK min?,1,1,0,Tidak Ada Jurusan,0.7534652948379517,5,Ada S2 Rpl,0.7742710113525391,4,Online Offline Full,0.749116063117981
7581527967738708754,univsiberasia,"Hi Kak, bisa yaa🤩",0,0,8,Dm Admin Halo,0.8723907470703125,11,Terima Kasih Salam,0.7731715440750122,7,Daftar Aku Sudah,0.7483357787132263
7580355365340054280,mykaelizee,PGNNN MASUK TI/SI nya tahun depan🙏🏻🙏🏻🙏🏻🙏🏻,1,1,7,Daftar Aku Sudah,0.734168529510498,12,Umur Yang Semangat,0.7350654602050781,0,Tidak Ada Jurusan,0.7295256853103638
7581377695238619922,univsiberasia,Wahh ditunggu Kakak🤩,0,0,11,Terima Kasih Salam,0.8757936954498291,2,Iya Kak Dong,0.7767897844314575,20,Betul Keren Banget,0.7677183151245117
7583367355688092417,alz9.6,mau info lebih lanjut tentang unsia🥺,0,1,1,Berapa Buka Kapan,0.6502490043640137,13,Info Bagaimana Cara,0.6676836013793945,0,Tidak Ada Jurusan,0.6550431251525879
7587316973077775111,univsiberasia,"Halo Kakak, untuk informasi lebih detailnya bisa DM Mimin ya🤗",0,0,8,Dm Admin Halo,0.8599417805671692,13,Info Bagaimana Cara,0.7181012630462646,1,Berapa Buka Kapan,0.6832837462425232
7583396994745320210,univsiberasia,"Hi Kak, bisa whatsapp Mimin aja ya +62 881-5608-001",0,0,8,Dm Admin Halo,0.6951260566711426,1,Berapa Buka Kapan,0.5866416692733765,13,Info Bagaimana Cara,0.5800434947013855
7580926314946953991,dyahantonogistennang,info pendaftaran hubungi kemana ya,1,1,1,Berapa Buka Kapan,0.7813359498977661,13,Info Bagaimana Cara,0.7927290201187134,8,Dm Admin Halo,0.7250787019729614
7581377752344675079,univsiberasia,"Halo Kak, bisa DM Mimin ya🤗",0,0,8,Dm Admin Halo,0.9304805994033813,1,Berapa Buka Kapan,0.7289198637008667,13,Info Bagaimana Cara,0.7255042791366577
7582098202489504532,alessiaazalea,min ayo live🥰,0,1,2,Iya Kak Dong,0.7142766118049622,26,Bismillah Depan Bismillahirrahmanirrahim,0.6608482599258423,18,100 Universitas Siber,0.6540539264678955
7582234684403630856,univsiberasia,Kakak nanti nonton ga tapii nihh kalau mimin live?,0,0,2,Iya Kak Dong,0.6691323518753052,7,Daftar Aku Sudah,0.7253490090370178,4,Online Offline Full,0.7144247889518738
7582601426224923410,detinurmeilani,ka gap year 3 tahun masih bisa?,0,1,0,Tidak Ada Jurusan,0.7048370838165283,14,Dicicil 3Jt Biaya,0.7324042916297913,4,Online Offline Full,0.7065384387969971
7582810656832013063,univsiberasia,Bisa banget Kaak🤩,0,0,2,Iya Kak Dong,0.8424656987190247,20,Betul Keren Banget,0.8055335283279419,7,Daftar Aku Sudah,0.7456209063529968
7594162753473135376,soekacitha,beneran flexible gak min? takut banget bentrok sama jam kerja😭🙏,0,1,1,Berapa Buka Kapan,0.6156947612762451,12,Umur Yang Semangat,0.7290798425674438,4,Online Offline Full,0.6713389158248901
7594380537021268754,univsiberasia,UNSIA menerapkan sistem perkuliahan secara online maka kakak bisa berkuliah dimana saja dan kapan saja. Nah UNSIA bisa menjadi tujuan kakak yg ingin kuliah sambil bekerja kak karena memang waktunya fleksibel dan bisa dilaksanakan kapanpun dan dimanapun🤩🤗,0,0,9,Id Ac Pmb,0.8030000925064087,27,Pt Terakreditasi Ban,0.6489601135253906,16,100 Tugas Skripsi,0.6480634212493896
7582888956783477525,baeee..3,Bisa gk sih pindah ke unsia dari ut,0,1,1,Berapa Buka Kapan,0.7672786712646484,0,Tidak Ada Jurusan,0.8186771869659424,5,Ada S2 Rpl,0.7524018287658691
7586529716762706696,univsiberasia,Bisa ko Kak🤩,0,0,2,Iya Kak Dong,0.8107157945632935,8,Dm Admin Halo,0.741919994354248,13,Info Bagaimana Cara,0.7241823673248291
7583634460118287111,kangfebrian_,cara daftarnya gimana?,0,0,13,Info Bagaimana Cara,0.8595396280288696,22,Biayanya Berapa Biaya,0.7558194398880005,1,Berapa Buka Kapan,0.7489408254623413
7581129764511089416,sejiwa_id,ka.. sistem penilaian di unsia seperti apa?,0,0,0,Tidak Ada Jurusan,0.7637667655944824,1,Berapa Buka Kapan,0.7572382688522339,15,Dimana Daerah Pjj,0.7341351509094238
7581798026021470996,healinghalahhalahealing,"Kalau bisa jangan cuti yah temen temen, gigi 1 dulu aja (pelanpelan) gaperlu ngegassspoll terus nanti juga sampe kok 7-8 semesternya 🙌🏽🤝 #managementstress #managementemotional",0,0,12,Umur Yang Semangat,0.7826884388923645,0,Tidak Ada Jurusan,0.6761779189109802,7,Daftar Aku Sudah,0.6624222993850708
7579905181787341586,milo_mocca,hari ini kuliah besok juga kuliah lantas kuliah lagi dan lagi terus kan karena memang sudah wajar,2,0,12,Umur Yang Semangat,0.7182012796401978,4,Online Offline Full,0.605366051197052,0,Tidak Ada Jurusan,0.5854432582855225
7579892175733048072,chattinghacker,👀,0,0,3,Menyimak Nrrjml Binus,0.9952300190925598,21,Nitip Nitipp Kabarin,0.6757674217224121,2,Iya Kak Dong,0.6486167311668396
7581055288251712276,bontot7_7,Info masuk kontak ke siapa ya min?,1,1,1,Berapa Buka Kapan,0.7779443264007568,13,Info Bagaimana Cara,0.7508988976478577,15,Dimana Daerah Pjj,0.7400482892990112
7581377883257488136,univsiberasia,"Halo Kak, bisa DM Mimin ya🤗",0,0,8,Dm Admin Halo,0.9304805994033813,1,Berapa Buka Kapan,0.7289198637008667,13,Info Bagaimana Cara,0.7255042791366577
7573309668010869524,jum.aini,Di unsia ada jurusan apa aja sih ka?,1,2,0,Tidak Ada Jurusan,0.8387982845306396,1,Berapa Buka Kapan,0.754326581954956,9,Id Ac Pmb,0.7416301965713501
7573945741405815570,univsiberasia,"Di UNSIA kamu bisa pilih jurusan yang nggak cuma keren, tapi juga siap buat masa depan digital.",1,0,9,Id Ac Pmb,0.6644418239593506,0,Tidak Ada Jurusan,0.5977030992507935,12,Umur Yang Semangat,0.5847635865211487
7573946284681511698,univsiberasia,"Seperti Akuntansi, manajemen, sistem informaSemua jurusan ini lagi ‘naik daun’ karena banyak banget perusahaan yang butuh orang yang digitally savvy.",0,0,17,Informasi Informatika Akuntansi,0.7259643077850342,12,Umur Yang Semangat,0.6691821813583374,16,100 Tugas Skripsi,0.6162738800048828
7573685494430565136,moisereneta,sudah ada magister kah kak?,1,1,5,Ada S2 Rpl,0.7974063158035278,15,Dimana Daerah Pjj,0.8061564564704895,1,Berapa Buka Kapan,0.8031313419342041
7576251811938616085,einaafets,Blm ada ka,1,0,2,Iya Kak Dong,0.8106393814086914,7,Daftar Aku Sudah,0.8010063171386719,8,Dm Admin Halo,0.7397453784942627
7577562965123285777,yunnniiiiu,kak kalau dr ut semester 1 pindah ke unsia mulai dr awal lagi atau gimana?,0,3,0,Tidak Ada Jurusan,0.8015612959861755,1,Berapa Buka Kapan,0.7973634004592896,16,100 Tugas Skripsi,0.7343263626098633
7577972919260873492,einaafets,"Blm bisa, minimal smt 2 kl mau pindah",0,0,0,Tidak Ada Jurusan,0.7065707445144653,5,Ada S2 Rpl,0.6947050094604492,14,Dicicil 3Jt Biaya,0.6946219205856323
7595492030857659156,sweetbobba_,"klo uda smt 3, trs mau pindah.. ngulang dr awal ga kak",1,0,0,Tidak Ada Jurusan,0.7485816478729248,1,Berapa Buka Kapan,0.774104118347168,7,Daftar Aku Sudah,0.742470383644104
7582122730721526545,taurus_hr102,kenapa pindah ?,0,0,0,Tidak Ada Jurusan,0.510381817817688,3,Menyimak Nrrjml Binus,0.7075015902519226,2,Iya Kak Dong,0.7004190683364868
7576981008261694216,nothingcf,pindah dari ut semester 6 bisa ga kak??,1,0,0,Tidak Ada Jurusan,0.8178709745407104,1,Berapa Buka Kapan,0.8144769668579102,19,Jalur Konversi Melalui,0.7677663564682007
7577388101513822994,jochristiady,Kak kalau RPL ilmu komuniksi bisa gak ya?,1,2,5,Ada S2 Rpl,0.7576694488525391,1,Berapa Buka Kapan,0.7999563813209534,0,Tidak Ada Jurusan,0.7889429330825806
7636954293240922888,mngdr02,halo kak? maaf mau tanya kk sudah masuk di UNSIA jalur RPL?,0,0,6,Dibuka Saat Mahasiswa,0.8282020092010498,16,100 Tugas Skripsi,0.7954810857772827,9,Id Ac Pmb,0.7908455729484558
7577972968790344468,einaafets,Bisa,0,0,3,Menyimak Nrrjml Binus,0.8394792079925537,2,Iya Kak Dong,0.705260157585144,28,Juta 3Jt Serius,0.6612153649330139
7576279046729499410,ikanbakar261,kalo beda pulau bisa gak kak?,0,1,1,Berapa Buka Kapan,0.777563750743866,15,Dimana Daerah Pjj,0.7492293119430542,0,Tidak Ada Jurusan,0.7420077919960022
7576549965871629064,univsiberasia,"Hi hi Kak, bisa banget dong. Karena UNSIA 100% full online learning🤩",0,0,16,100 Tugas Skripsi,0.911141574382782,9,Id Ac Pmb,0.7829285860061646,6,Dibuka Saat Mahasiswa,0.753808856010437
7574238101348139796,user234h06,Mimin udh buka pendaftaran??,0,1,1,Berapa Buka Kapan,0.6700646877288818,7,Daftar Aku Sudah,0.7151299715042114,13,Info Bagaimana Cara,0.7062134742736816
7574647296651051784,univsiberasia,"Hi Kakak, sudah ni🤩yuk langsung daftar di website resmi UNSIA pmb.unsia.ac.id",1,0,9,Id Ac Pmb,0.8661260604858398,6,Dibuka Saat Mahasiswa,0.7651076316833496,27,Pt Terakreditasi Ban,0.7270489931106567
7574289728834568961,nianikikurnia,ada program lanjutan dari D3 ke S1 ka?,1,3,0,Tidak Ada Jurusan,0.7949475049972534,5,Ada S2 Rpl,0.7322932481765747,6,Dibuka Saat Mahasiswa,0.700339674949646
7574647127612261138,univsiberasia,"Hi Kakak, ada ya Kak melalui jalur konversi🤗",0,0,19,Jalur Konversi Melalui,0.9146504998207092,8,Dm Admin Halo,0.78762286901474,1,Berapa Buka Kapan,0.7647891044616699
7588134787320480528,maidiva.1,jalur konversi nya buka kapan kak ?,0,0,19,Jalur Konversi Melalui,0.8026214838027954,1,Berapa Buka Kapan,0.8912937045097351,4,Online Offline Full,0.8135350942611694
7588139030895493896,univsiberasia,Sudah dibuka nih Kakak jalur konversi🤩,0,0,1,Berapa Buka Kapan,0.7335073947906494,19,Jalur Konversi Melalui,0.7635650634765625,7,Daftar Aku Sudah,0.7616721391677856
7576618637387612946,liaca2,ada jurusan hukum ga,0,1,5,Ada S2 Rpl,0.8724221587181091,0,Tidak Ada Jurusan,0.7784328460693359,18,100 Universitas Siber,0.7190806269645691
7576672884048724744,univsiberasia,"Halo Kak, belum ada nih untuk jurusan hukum",0,0,6,Dibuka Saat Mahasiswa,0.8374522924423218,0,Tidak Ada Jurusan,0.7973090410232544,16,100 Tugas Skripsi,0.7778890132904053
7576127054846231312,per1290__,bisa nanya ga min?,0,1,5,Ada S2 Rpl,0.7397854328155518,13,Info Bagaimana Cara,0.748991847038269,1,Berapa Buka Kapan,0.7283117771148682
7576550004380386056,univsiberasia,"Hi hi, bisa banget dong Kakak🤩",0,0,8,Dm Admin Halo,0.7500893473625183,20,Betul Keren Banget,0.7488157153129578,2,Iya Kak Dong,0.7409576773643494
7572515963740947208,prayunikaa,kalau wisuda dari luar jakarta tuh gimna ka?,0,1,2,Iya Kak Dong,0.5692179203033447,1,Berapa Buka Kapan,0.8044339418411255,0,Tidak Ada Jurusan,0.7710589170455933
7572539141079171848,univsiberasia,"Hi hi Ka, untuk wisuda dilaksanakan secara hybrid ya🤗",0,0,6,Dibuka Saat Mahasiswa,0.8452986478805542,16,100 Tugas Skripsi,0.7521185874938965,9,Id Ac Pmb,0.7449719905853271
7575831674082296594,manikmayajr,ada skripsi + sidang?,0,1,5,Ada S2 Rpl,0.7547124624252319,2,Iya Kak Dong,0.7091777324676514,18,100 Universitas Siber,0.6836480498313904
7576549867565089554,univsiberasia,"Hi hi Kak, ada ya",0,0,8,Dm Admin Halo,0.8172670006752014,7,Daftar Aku Sudah,0.7342603802680969,11,Terima Kasih Salam,0.7305223941802979
7597010908796437266,fadlarida,p,0,0,3,Menyimak Nrrjml Binus,0.8829858899116516,21,Nitip Nitipp Kabarin,0.6719328165054321,2,Iya Kak Dong,0.6481425762176514
7575920447813632786,anita_aneet,ada buat magister tidak yah? kalau ada perkuliah sgsd s2 bisa onile tidak ? dan biaya brpa? klau pkai RPL bisa cepat kan?,1,1,5,Ada S2 Rpl,0.7484975457191467,0,Tidak Ada Jurusan,0.8118861317634583,1,Berapa Buka Kapan,0.7780150175094604
7576550081245184775,univsiberasia,"Hi hi, belum dibuka ya Kak program S2 di UNSIA",0,0,6,Dibuka Saat Mahasiswa,0.902145266532898,9,Id Ac Pmb,0.8132098913192749,16,100 Tugas Skripsi,0.7965905666351318
7576171069434774280,chendrayana,kalau dari ut semester 6 ke unsia bisa ka?,0,1,0,Tidak Ada Jurusan,0.806448221206665,1,Berapa Buka Kapan,0.7871853113174438,19,Jalur Konversi Melalui,0.7843703627586365
7576549812914225927,univsiberasia,"Hi hi Kak, bisa ya melalui jalur konversi🤩",0,0,19,Jalur Konversi Melalui,0.9192614555358887,8,Dm Admin Halo,0.7634804248809814,1,Berapa Buka Kapan,0.7443392276763916
7577069114189464337,szslha,ka full online untuk termasuk ujian nya juga online ga?,0,1,4,Online Offline Full,0.8663653135299683,1,Berapa Buka Kapan,0.8022720217704773,16,100 Tugas Skripsi,0.7746704816818237
7577223269473633042,univsiberasia,"Hi Kak, tentunya dong. UNSIA 100% full online learning🤩",0,0,16,100 Tugas Skripsi,0.8944016695022583,18,100 Universitas Siber,0.7785220146179199,9,Id Ac Pmb,0.7620034217834473
7580620613086757650,aliciadestiani,😍,0,0,3,Menyimak Nrrjml Binus,0.9952300190925598,21,Nitip Nitipp Kabarin,0.6757674217224121,2,Iya Kak Dong,0.6486167311668396
7570670548712456978,xbz85,mau nanyanya kemana ya kak?,1,1,1,Berapa Buka Kapan,0.8260812759399414,8,Dm Admin Halo,0.8247896432876587,15,Dimana Daerah Pjj,0.8210254907608032
7570932038418252562,univsiberasia,"Halo Kakak, bisa DM mimin yah😊",0,0,8,Dm Admin Halo,0.9230868220329285,1,Berapa Buka Kapan,0.7217425107955933,13,Info Bagaimana Cara,0.719709575176239
7569546777897698066,ilovesambelgeprek,nunggu buka s2 nya min😚,0,2,0,Tidak Ada Jurusan,0.8036624193191528,5,Ada S2 Rpl,0.800060510635376,1,Berapa Buka Kapan,0.7847362756729126
7569573198871167762,einaafets,Lagi proses s2 manajemen setau ku kakk,1,0,12,Umur Yang Semangat,0.7526159882545471,0,Tidak Ada Jurusan,0.7782825231552124,5,Ada S2 Rpl,0.7446657419204712
7569564995001090836,airdropscryptotelegram,sama ka😳,1,0,2,Iya Kak Dong,0.8679442405700684,11,Terima Kasih Salam,0.7492332458496094,20,Betul Keren Banget,0.7480812072753906
7584253528975065864,smiling._55,"bener bener gada dateng ke kampusnya kan, full online kan?",0,4,4,Online Offline Full,0.7682626247406006,12,Umur Yang Semangat,0.7481589317321777,0,Tidak Ada Jurusan,0.678028404712677
7584256540941943559,univsiberasia,Betul bangettt dong Kak🤩,3,0,20,Betul Keren Banget,0.8954119682312012,2,Iya Kak Dong,0.7571214437484741,11,Terima Kasih Salam,0.739415168762207
7584296754876334864,hellowleo19,"Min, terus kalau ujian online juga atau gimana? Perlu laptop gak",0,0,0,Tidak Ada Jurusan,0.7657943964004517,4,Online Offline Full,0.8131161332130432,1,Berapa Buka Kapan,0.7952218651771545
7584818018028405525,einaafets,"Sebenernya perlu kak, tergantung bentuk ujiannya😉",0,0,4,Online Offline Full,0.7270259261131287,1,Berapa Buka Kapan,0.6944772601127625,0,Tidak Ada Jurusan,0.6763397455215454
7584825193508487937,hellowleo19,"Iya kak aku udah sharing2 jg sama mahasiswa unsia, makasih ya",0,0,11,Terima Kasih Salam,0.8250330686569214,10,Selalu Amin Semoga,0.7695675492286682,7,Daftar Aku Sudah,0.7640982866287231
7587588028249735957,das_0404,Ada batas usia ga min?,0,1,0,Tidak Ada Jurusan,0.6405225396156311,5,Ada S2 Rpl,0.7099114656448364,1,Berapa Buka Kapan,0.667778730392456
7587796411989148436,einaafets,Tak ada kak😉aman mhs unsia usianya beragam,0,0,5,Ada S2 Rpl,0.66938716173172,18,100 Universitas Siber,0.7184375524520874,0,Tidak Ada Jurusan,0.6424887180328369
7588530614677701392,yuliaaart_,di unsia klo kelas pake zoom gt byar lg ga,0,1,1,Berapa Buka Kapan,0.6494609117507935,4,Online Offline Full,0.7364183068275452,12,Umur Yang Semangat,0.7309231758117676
7588545892610654997,einaafets,Engga kak,0,0,2,Iya Kak Dong,0.8643006682395935,20,Betul Keren Banget,0.7435261011123657,3,Menyimak Nrrjml Binus,0.7076913118362427
7587064029929177864,miraaann11,"kak klo jauh misal di sumbar, wisuda juga bisa online gk?",0,1,4,Online Offline Full,0.8441789150238037,1,Berapa Buka Kapan,0.8272648453712463,0,Tidak Ada Jurusan,0.7996988296508789
7587088886174925589,einaafets,"Bisa kakk, full online sampe lulus😉",0,0,4,Online Offline Full,0.8298395872116089,0,Tidak Ada Jurusan,0.769129753112793,1,Berapa Buka Kapan,0.7618370056152344
7584463639158932231,unknown_user_unkw,Kak syarat percepatan masa kuliah apa yah?,0,0,0,Tidak Ada Jurusan,0.819312334060669,1,Berapa Buka Kapan,0.8134379982948303,14,Dicicil 3Jt Biaya,0.7330557107925415
7585962174057923348,ayy_u123,jurusan nya ada apa aja ya ?,0,1,0,Tidak Ada Jurusan,0.8099438548088074,1,Berapa Buka Kapan,0.7735036611557007,15,Dimana Daerah Pjj,0.773112416267395
7587108157546234642,ikutikutan,"Halo kak ada 5 ya. Akuntansi, komunikasi, manajemen, sistem informasi, informatika. Ayo kak gabung🥰",0,0,17,Informasi Informatika Akuntansi,0.8606472015380859,16,100 Tugas Skripsi,0.7416039705276489,0,Tidak Ada Jurusan,0.7083135843276978
7587818537738224405,njelee.pb,kak ada buat S2 ga si??,0,1,0,Tidak Ada Jurusan,0.880489706993103,5,Ada S2 Rpl,0.8496339321136475,1,Berapa Buka Kapan,0.8268474340438843
7588123926195716885,einaafets,Blm ada kak,0,0,2,Iya Kak Dong,0.8106393814086914,7,Daftar Aku Sudah,0.8010063171386719,8,Dm Admin Halo,0.7397453784942627
7584639391176393490,piineaple_,kak ada s2?,0,1,5,Ada S2 Rpl,0.8709784746170044,0,Tidak Ada Jurusan,0.8057688474655151,2,Iya Kak Dong,0.7684615850448608
7587108379215463176,ikutikutan,Belum ada kak huhu,0,0,2,Iya Kak Dong,0.803568422794342,7,Daftar Aku Sudah,0.7978792190551758,4,Online Offline Full,0.7256317734718323
7584829896166736658,yoibang254,Kak kalau udah tes ujian nya itu udah pasti keterima atau di seleksi dulu sih dan brpa lama waktu nya kak?,0,1,4,Online Offline Full,0.7490169405937195,1,Berapa Buka Kapan,0.7746033668518066,0,Tidak Ada Jurusan,0.7370113134384155
7585731224208065300,einaafets,"Seharusnya lulus kok kaa, 2-3hari udah bisa ada hasill",0,0,0,Tidak Ada Jurusan,0.6677103042602539,12,Umur Yang Semangat,0.7159396409988403,4,Online Offline Full,0.7150179147720337
7584830904038015745,i.sha012,Buat thn ajaran baru nanti nunggu ijazah sma keluar daftarnya skrng apa nanti kak?,0,2,1,Berapa Buka Kapan,0.7858229279518127,0,Tidak Ada Jurusan,0.7604609727859497,4,Online Offline Full,0.7418676614761353
7585765428627391248,i.sha012,Ok ka thxU,0,0,11,Terima Kasih Salam,0.8899526000022888,2,Iya Kak Dong,0.7458009719848633,8,Dm Admin Halo,0.7344633340835571
7585731059237667605,einaafets,"Iya nunggu lulus dulu ya, minimal skl deh",0,0,7,Daftar Aku Sudah,0.711275577545166,12,Umur Yang Semangat,0.7478429079055786,4,Online Offline Full,0.703589916229248
7589626346478027528,warung.gnz2,"kak kalau udah bayar UKT terus lupa up bukti transfer di menu daftar ulang gimana ya nanti,aman ngga, soal udah 1×24 jam nim nya belum muncul masih di proses terus",0,1,1,Berapa Buka Kapan,0.7226886749267578,4,Online Offline Full,0.6802269816398621,12,Umur Yang Semangat,0.6711193919181824
7590680703248532244,einaafets,"Proses nim memakan waktu mingguan kak, jd aman. Tp better diupload aja",0,0,5,Ada S2 Rpl,0.539435863494873,4,Online Offline Full,0.6813814043998718,14,Dicicil 3Jt Biaya,0.6332120299339294
7584771571891471105,michimochaaa,Kaaa bulan depan pendaftaran bakal ada lagi ga ya ?,0,1,1,Berapa Buka Kapan,0.8468303084373474,6,Dibuka Saat Mahasiswa,0.7976919412612915,0,Tidak Ada Jurusan,0.7641520500183105
7584817756962112277,einaafets,Ada kak smpe maret masii,0,0,6,Dibuka Saat Mahasiswa,0.7168660163879395,7,Daftar Aku Sudah,0.7898250818252563,1,Berapa Buka Kapan,0.7622910737991333
7586219503102001938,gadisss____,kalo masuk di semester depan bisa langsung belajar ga kak?,0,1,12,Umur Yang Semangat,0.7413095235824585,0,Tidak Ada Jurusan,0.8318310976028442,1,Berapa Buka Kapan,0.8149322271347046
7587088992752452372,einaafets,"Iya, maret/april mulai kuliahnya",0,0,6,Dibuka Saat Mahasiswa,0.663732647895813,7,Daftar Aku Sudah,0.7116315364837646,4,Online Offline Full,0.6890730857849121
7585081418280567569,sxhearted,kak program magister komunikasi kira kira kapan buka ya? 😢,0,1,1,Berapa Buka Kapan,0.8340234160423279,0,Tidak Ada Jurusan,0.8277868032455444,6,Dibuka Saat Mahasiswa,0.7772225737571716
7587108342524068615,ikutikutan,Belum ada kak huhu,0,0,2,Iya Kak Dong,0.8035684823989868,7,Daftar Aku Sudah,0.7978792190551758,4,Online Offline Full,0.725631833076477
7588467713829520148,unbotheredsoul22,kalau saya di luar negeri bisa min? kuliahnya dari luar?,0,1,0,Tidak Ada Jurusan,0.7640113830566406,1,Berapa Buka Kapan,0.6888582110404968,4,Online Offline Full,0.688377857208252
7588545913998033685,einaafets,sangat bisa kak😉,0,0,2,Iya Kak Dong,0.7801952958106995,20,Betul Keren Banget,0.8156149387359619,11,Terima Kasih Salam,0.74998939037323
7599146917151310613,an_nissaaaa,kalo pengen main ke kampusnya boleh ga kak?,0,1,1,Berapa Buka Kapan,0.8020365238189697,0,Tidak Ada Jurusan,0.7975752949714661,7,Daftar Aku Sudah,0.7825417518615723
7631884081965351688,univsiberasia,Boleh banget dong Kakak🤩,0,0,2,Iya Kak Dong,0.813719630241394,20,Betul Keren Banget,0.7638852596282959,7,Daftar Aku Sudah,0.7595803737640381
7585593379619177236,mocisuchh,minn perlu info biaya pendaftaran dll gimana ya min,0,1,13,Info Bagaimana Cara,0.7836856842041016,1,Berapa Buka Kapan,0.8002173900604248,0,Tidak Ada Jurusan,0.7207862734794617
7585775871383536392,univsiberasia,"Halo Kakak, untuk informasi seputar UNSIA bisa DM Mimin yah🤗",0,0,8,Dm Admin Halo,0.854477047920227,6,Dibuka Saat Mahasiswa,0.7751641273498535,9,Id Ac Pmb,0.7617245316505432
7584037248295994119,ibrahimhusein95,"kak klo misalkan uts/uas bisa ngga sh ngerjainnya malem,soalnya sambil kerja",0,1,0,Tidak Ada Jurusan,0.7700628042221069,4,Online Offline Full,0.785203218460083,1,Berapa Buka Kapan,0.7790784239768982
7584817848066081557,einaafets,"Bisa kak, ujian waktunya 2 mingg ukok😉",1,0,4,Online Offline Full,0.807196855545044,14,Dicicil 3Jt Biaya,0.7786848545074463,1,Berapa Buka Kapan,0.770205557346344
7584131472086156039,mima_10038,"unsia itu bisa pake ijazah paket c ngga sihh, kaloo bisa lengen banget",0,1,1,Berapa Buka Kapan,0.7453046441078186,0,Tidak Ada Jurusan,0.7947919368743896,12,Umur Yang Semangat,0.7671698331832886
7584256691538019080,univsiberasia,"Hai Kak, bisa ya😊",0,0,8,Dm Admin Halo,0.8749479055404663,7,Daftar Aku Sudah,0.7600593566894531,11,Terima Kasih Salam,0.7527933716773987
7583960876127339265,vianandita_mua,"di unsia, skripsi nya dan bimbingan nya full online atauu hrusss datang ketemu dosen?",0,1,16,100 Tugas Skripsi,0.7519366145133972,12,Umur Yang Semangat,0.7403379082679749,4,Online Offline Full,0.7382893562316895
7583978218866230034,univsiberasia,"Hi Kakak, 100% full online🤩",0,0,18,100 Universitas Siber,0.729344367980957,16,100 Tugas Skripsi,0.6587302684783936,4,Online Offline Full,0.6239407658576965
7589490580586939154,yourbabeu1,kalau uas nya online atau ofline kak?,0,0,4,Online Offline Full,0.872086763381958,1,Berapa Buka Kapan,0.8102943897247314,0,Tidak Ada Jurusan,0.7580186128616333
7597368246622847751,yunaldtailorthedoctor,jas dosen universitas siber asia,0,0,18,100 Universitas Siber,0.6901949644088745,17,Informasi Informatika Akuntansi,0.5846595764160156,5,Ada S2 Rpl,0.5425735712051392
7586974088334656274,mrilhmm_,pendaftaran dimana ya kakak?,0,1,15,Dimana Daerah Pjj,0.8363139629364014,1,Berapa Buka Kapan,0.8397891521453857,13,Info Bagaimana Cara,0.8089609146118164
7587088904584250133,einaafets,Di sini ka pmb.unsia.ac.id,1,0,18,100 Universitas Siber,0.8027821779251099,9,Id Ac Pmb,0.7941863536834717,16,100 Tugas Skripsi,0.7194541692733765
7585883741014606600,vakahskwkwvhauy,Program Magister untuk FKIP jurusannya apa aja min?,0,0,0,Tidak Ada Jurusan,0.784233808517456,5,Ada S2 Rpl,0.7224361896514893,1,Berapa Buka Kapan,0.6903817653656006
7583931280372597524,khirunnsaa,Ada S2 nya ka?,0,0,5,Ada S2 Rpl,0.8698780536651611,0,Tidak Ada Jurusan,0.8373050093650818,1,Berapa Buka Kapan,0.7982748746871948
7594814195075203858,xyf_ya01,kalo pengen main ke kampusnya boleh ga kak?,0,0,1,Berapa Buka Kapan,0.8020365238189697,0,Tidak Ada Jurusan,0.7975752949714661,7,Daftar Aku Sudah,0.7825417518615723
7583970982747702023,anotherlisss,"kak, ada agribisnis s2 ngga?",0,0,0,Tidak Ada Jurusan,0.8914821743965149,5,Ada S2 Rpl,0.8803591728210449,1,Berapa Buka Kapan,0.8066955804824829
7584323571405603592,yoibang254,Kak masih buka ga pendaftaran untuk mahasiswa baru?,0,1,6,Dibuka Saat Mahasiswa,0.838645875453949,1,Berapa Buka Kapan,0.7609063982963562,9,Id Ac Pmb,0.7222076654434204
7584340704890127122,univsiberasia,"Hi Kakak, UNSIA masih membuka pendaftaran mahasiswa baru ya🤩",1,0,6,Dibuka Saat Mahasiswa,0.9043086767196655,9,Id Ac Pmb,0.7835444211959839,16,100 Tugas Skripsi,0.7590166330337524
7584667304479884039,oktabrlian_,Pengen masuk unsia tapi belum ada prodi hukum sad😔,0,0,0,Tidak Ada Jurusan,0.7854105234146118,5,Ada S2 Rpl,0.7138895988464355,6,Dibuka Saat Mahasiswa,0.6802221536636353
7590625185583186695,bastian.gavriel,ka wisuda nya ga online kan tp?,1,4,4,Online Offline Full,0.8769229054450989,1,Berapa Buka Kapan,0.8021638989448547,0,Tidak Ada Jurusan,0.7740449905395508
7591712539798291221,ainn_hsimm,mana ada bisa offline onnline doang ka,0,0,4,Online Offline Full,0.7728413939476013,7,Daftar Aku Sudah,0.7298088073730469,1,Berapa Buka Kapan,0.7200082540512085
7591720561445749524,einaafets,"?? Konsep wisuda unsia memang hybrid kok kak, gimana maksudnya?",1,0,6,Dibuka Saat Mahasiswa,0.7134807109832764,16,100 Tugas Skripsi,0.7713602781295776,4,Online Offline Full,0.7452406883239746
7591721283223110421,ainn_hsimm,eh maap ka aku salah replay komen😭,0,0,11,Terima Kasih Salam,0.6890689134597778,8,Dm Admin Halo,0.6681516766548157,7,Daftar Aku Sudah,0.6514508724212646
7583930408414462737,airdropscryptotelegram,🔥🔥🔥,0,0,3,Menyimak Nrrjml Binus,0.9952300190925598,21,Nitip Nitipp Kabarin,0.6757674217224121,2,Iya Kak Dong,0.6486167311668396
7588118948211229460,apasindah,bisa rpl ga?,0,3,5,Ada S2 Rpl,0.7530492544174194,2,Iya Kak Dong,0.7661888003349304,28,Juta 3Jt Serius,0.6862955093383789
7588123863708582676,einaafets,Bisa kakk😉,0,0,2,Iya Kak Dong,0.8483531475067139,8,Dm Admin Halo,0.759137749671936,13,Info Bagaimana Cara,0.7533248662948608
7588124375581360917,apasindah,"yg kuliahnya cum 1 atau 2 tahun gitu kan?pake pengalaman kerja, tadi ada yg bilang gabisa soalnya",0,0,5,Ada S2 Rpl,0.6487202644348145,12,Umur Yang Semangat,0.7752640843391418,0,Tidak Ada Jurusan,0.7201205492019653
7588124656457827092,einaafets,Oh iya bener kak kl rpl itu emg blm ada.,0,0,2,Iya Kak Dong,0.65996915102005,7,Daftar Aku Sudah,0.7021883726119995,4,Online Offline Full,0.6977570652961731
7588731433465643783,piiiyaaaaa28,ada no wa gak biar bisa chat secara lanjut,0,0,1,Berapa Buka Kapan,0.7185903191566467,8,Dm Admin Halo,0.7075887322425842,7,Daftar Aku Sudah,0.6828358769416809
7638239999913165586,yefa_n,"aku baru semester satu di ut, aduh aduh mulu😭
pen pindah",84,41,0,Tidak Ada Jurusan,0.7174588441848755,12,Umur Yang Semangat,0.7942094206809998,7,Daftar Aku Sudah,0.6572598218917847
7638648683118084871,ore0cees,kenapaa kaaa,1,0,2,Iya Kak Dong,0.7988325357437134,20,Betul Keren Banget,0.7351654767990112,15,Dimana Daerah Pjj,0.7069567441940308
7638655620266296072,yefa_n,"agrhhh pengen teriak deh😭
males ah ada bibi aida",5,0,2,Iya Kak Dong,0.6778993606567383,12,Umur Yang Semangat,0.6846485137939453,7,Daftar Aku Sudah,0.66655433177948
7645166870937731861,araaloav_,😭😭😭,0,0,3,Menyimak Nrrjml Binus,0.9952300190925598,21,Nitip Nitipp Kabarin,0.6757674217224121,2,Iya Kak Dong,0.6486167311668396
7638691242835264264,desy.ariska,aku cm sanggup 2 semester 😭,1,0,0,Tidak Ada Jurusan,0.6233450174331665,12,Umur Yang Semangat,0.6481255292892456,5,Ada S2 Rpl,0.6349087953567505
7638771550196892434,yefa_n,semoga pas semester 4 cara belajar nya udah beda,0,0,10,Selalu Amin Semoga,0.6313014030456543,12,Umur Yang Semangat,0.7041347622871399,4,Online Offline Full,0.6423466205596924
7640087587625812756,djisamsoe.samsu,mutasi aja ke unsia ka,0,0,0,Tidak Ada Jurusan,0.7433836460113525,18,100 Universitas Siber,0.7583498954772949,7,Daftar Aku Sudah,0.7501965761184692
7640099225598755591,yefa_n,kalo pindah kesana harus ngulang semester ga?,0,0,0,Tidak Ada Jurusan,0.6975938081741333,12,Umur Yang Semangat,0.7379502654075623,4,Online Offline Full,0.7098293900489807
7640103971504177940,djisamsoe.samsu,kalo udah selesai min 2 semester di ut nanti tinggal konversi sks aja ka. tp harus ngajuin pengunduran diri ke ut dulu ya,0,0,1,Berapa Buka Kapan,0.7386089563369751,0,Tidak Ada Jurusan,0.7857965230941772,12,Umur Yang Semangat,0.7611063718795776
7641236808823849746,sugab_5,ngulang kak,0,0,0,Tidak Ada Jurusan,0.523149311542511,2,Iya Kak Dong,0.793236494064331,25,Semangat Wah Tetap,0.7484592199325562
7641853227433001735,dapp.___,Unsia full online kak?? Kampus nya dimna ya ini,0,0,4,Online Offline Full,0.8182994723320007,16,100 Tugas Skripsi,0.8285647630691528,6,Dibuka Saat Mahasiswa,0.8018134832382202
7641856228867867412,djisamsoe.samsu,"full 100%, wisuda juga bisa milih online
kampus di jaksel",0,0,4,Online Offline Full,0.686127781867981,18,100 Universitas Siber,0.6905490159988403,9,Id Ac Pmb,0.658013105392456
7645137444064461575,noelnoel12,kak km pindah kemana .aku juga pengen teriak 😫,0,0,2,Iya Kak Dong,0.675133466720581,15,Dimana Daerah Pjj,0.7005228996276855,7,Daftar Aku Sudah,0.6943336725234985
7645184211565265682,univsiberasia,"Jangan teriak Kak, sini cerita sama Mimin aja🤗",0,0,8,Dm Admin Halo,0.5991556644439697,7,Daftar Aku Sudah,0.6735385060310364,2,Iya Kak Dong,0.6421341896057129
7654139523638821653,ayuuu_a,😭😭Sama macam gk ada yg arahin,0,0,2,Iya Kak Dong,0.6680309176445007,12,Umur Yang Semangat,0.6239952445030212,5,Ada S2 Rpl,0.5962251424789429
7654142144357122823,yefa_n,"gw lebih hilang arah lagi, ujian tgl 29 dateng ke tempat ujian petantang-petenteng tgl 22😭 mana dateng paling pertama
padahal salah liat tanggal😭😭😭😭😭",1,0,1,Berapa Buka Kapan,0.5592187643051147,12,Umur Yang Semangat,0.6556121110916138,4,Online Offline Full,0.5920526385307312
7654156303137735444,ayuuu_a,Astaga kak 😭 aku malahan masii persiapan ujian entah mau pindah apa tetap di ut 😭,1,0,0,Tidak Ada Jurusan,0.7902867794036865,12,Umur Yang Semangat,0.8247530460357666,4,Online Offline Full,0.7735319137573242
7656024751514092295,arinidwi719,sama kak 😭,0,0,2,Iya Kak Dong,0.8679442405700684,11,Terima Kasih Salam,0.7492332458496094,20,Betul Keren Banget,0.7480812072753906
7655715300453991186,saheksaaa_,aslinya kalo diniati kita ngambil prodi apa mah ga begtu loh ka. aku jalan smt 2 alhamdulillah aman😂,0,0,0,Tidak Ada Jurusan,0.7725656032562256,12,Umur Yang Semangat,0.8080788850784302,4,Online Offline Full,0.7493043541908264
7653844556153340680,_____abcd1230,sama lagi tuh kak😭,0,0,2,Iya Kak Dong,0.8458232283592224,20,Betul Keren Banget,0.793975830078125,7,Daftar Aku Sudah,0.7346447110176086
7653866803829523218,yefa_n,barusan banget nangis karna belajar manajemen buat ujian besok😭,0,0,12,Umur Yang Semangat,0.7467094659805298,7,Daftar Aku Sudah,0.6108840703964233,10,Selalu Amin Semoga,0.6101118922233582
7653466299007435528,yefa_n,"semangat yaaaa, ga se huru hara itu kok ut, semua tergantung kamu
kalo kamu orang nya suka numpuk kerjaan emang bakal berat jadinya
tapi kalo tiap hari minimal satu yg kamu kerjakan insyaallah bakal terasa lebih mudah",0,0,12,Umur Yang Semangat,0.7028509378433228,10,Selalu Amin Semoga,0.5521987676620483,4,Online Offline Full,0.541702389717102
7653388411202175765,scaaynnn,Ka aku maba😭😭😭😭,0,0,2,Iya Kak Dong,0.8282319903373718,7,Daftar Aku Sudah,0.7487643361091614,24,Ilkom Ieu Balang,0.7338913083076477
7653389064247526152,yefa_n,daftar kapan?,0,0,1,Berapa Buka Kapan,0.47374409437179565,3,Menyimak Nrrjml Binus,0.765043318271637,18,100 Universitas Siber,0.6514984369277954
7647180525237879573,fikri.nataya,"percayalahhhh,UT aduh2nya masih lebih mending ternyata dr pada kampus ini. km bukan aduh2 lagi,klo km cew udh nangis2,klo km cow udh banting2 laptop",0,0,0,Tidak Ada Jurusan,0.5763252973556519,12,Umur Yang Semangat,0.7284489274024963,4,Online Offline Full,0.5846961736679077
7646272600683414288,oxeanaya,"aku aja udah pindah kak, padahal baru 1 semester di ut langsung ke unsia",0,0,0,Tidak Ada Jurusan,0.8142176866531372,12,Umur Yang Semangat,0.8001449108123779,4,Online Offline Full,0.7591579556465149
7644040909575553810,alarindaa,nikmatin aja tenang masih ada 7 semestet,0,0,16,100 Tugas Skripsi,0.4616289436817169,5,Ada S2 Rpl,0.600416898727417,18,100 Universitas Siber,0.5888763070106506
7644078189199672072,yefa_n,"ihhh kak, rasa mau tercepirit😭",0,0,2,Iya Kak Dong,0.6922339200973511,20,Betul Keren Banget,0.6372394561767578,7,Daftar Aku Sudah,0.6192941665649414
7644167409147446024,alarindaa,"tahan kak mual nya ntar di semester 5,6,7",0,0,0,Tidak Ada Jurusan,0.6579428315162659,12,Umur Yang Semangat,0.743928849697113,7,Daftar Aku Sudah,0.692124605178833
7640037297706222352,kilsss._,sama lagi manajemen juga lagi😭,0,0,2,Iya Kak Dong,0.6639876961708069,26,Bismillah Depan Bismillahirrahmanirrahim,0.645004153251648,12,Umur Yang Semangat,0.6372249722480774
7640088086533489428,djisamsoe.samsu,"pindah ke unsia aja, manajemen enak sini hehehe",0,0,0,Tidak Ada Jurusan,0.708452045917511,12,Umur Yang Semangat,0.7398504614830017,4,Online Offline Full,0.676852822303772
7640042576825516807,yefa_n,sms berapa kkm,0,0,-1,Mantab Uk Belakang,0.0,22,Biayanya Berapa Biaya,0.7220950126647949,15,Dimana Daerah Pjj,0.6991970539093018
7640043008091751185,kilsss._,"1 juga, tp selagi ga buat vdio aku masi alhamdulillah si😭",0,0,4,Online Offline Full,0.6755256056785583,12,Umur Yang Semangat,0.7191293239593506,7,Daftar Aku Sudah,0.6690804362297058
7640043150187528968,yefa_n,aku sesi 5 ini belum ku kerjain sama sekali,0,0,12,Umur Yang Semangat,0.7072308659553528,7,Daftar Aku Sudah,0.6407402157783508,4,Online Offline Full,0.6384224891662598
7640043247393604360,yefa_n,ayo temenan kak😭,0,0,2,Iya Kak Dong,0.7402764558792114,11,Terima Kasih Salam,0.702547550201416,7,Daftar Aku Sudah,0.6945084929466248
7640043821413204752,kilsss._,hahh iyaa? aku bru kerja 2 matkul aja udh pusing bgt soalny mager bgt mana dkit lg sesi 6😭,0,0,12,Umur Yang Semangat,0.801505446434021,7,Daftar Aku Sudah,0.6370376348495483,4,Online Offline Full,0.634360671043396
7640046265288409863,yefa_n,"tugas 1 kemarin aku hari minggu jam 12 revisian, mana lagi di mall😭",0,0,12,Umur Yang Semangat,0.7181769609451294,4,Online Offline Full,0.6475020051002502,7,Daftar Aku Sudah,0.6221733093261719
7640046386299159313,kilsss._,emg kamu dpt nilai brp kak?,0,0,1,Berapa Buka Kapan,0.7005370855331421,15,Dimana Daerah Pjj,0.7228639125823975,7,Daftar Aku Sudah,0.7009112238883972
7640047105780761360,kilsss._,"ayo aja kak klo emg mau mutualan, nnti ku follow😁",0,0,7,Daftar Aku Sudah,0.7609035968780518,8,Dm Admin Halo,0.7125267386436462,2,Iya Kak Dong,0.659035325050354
7640015489268712213,nishavv0,aku baru sem 1 keluar kak😭🙏🏻,0,0,7,Daftar Aku Sudah,0.7496654987335205,2,Iya Kak Dong,0.6996067762374878,12,Umur Yang Semangat,0.690543532371521
7639826375696728853,crazelll,jurusan apa ka?,0,0,0,Tidak Ada Jurusan,0.7981749773025513,15,Dimana Daerah Pjj,0.8474452495574951,5,Ada S2 Rpl,0.7871371507644653
7639903049734079240,yefa_n,manajemen,0,0,17,Informasi Informatika Akuntansi,0.5064133405685425,3,Menyimak Nrrjml Binus,0.8471207022666931,28,Juta 3Jt Serius,0.60860276222229
7602516474280542997,taurus.__0,min kalau kerjanya 3 shift apakah kuliahnya keganggu?,76,26,13,Info Bagaimana Cara,0.5915089845657349,0,Tidak Ada Jurusan,0.7261505126953125,5,Ada S2 Rpl,0.6929872632026672
7602552044041896711,bar18528,Engga akan mengganggu waktu kerja kak,7,0,0,Tidak Ada Jurusan,0.39889031648635864,4,Online Offline Full,0.48516133427619934,12,Umur Yang Semangat,0.4789218008518219
7605060550826115861,avichayu,"sorry ka, kaka kuliah disini jg ya? sambil kerja jg kah",8,0,0,Tidak Ada Jurusan,0.7770090699195862,12,Umur Yang Semangat,0.7661690711975098,7,Daftar Aku Sudah,0.7453341484069824
7605117493694841608,bar18528,"Iya, kebetulan sambil kerja juga",3,0,2,Iya Kak Dong,0.6805964708328247,12,Umur Yang Semangat,0.7381491661071777,4,Online Offline Full,0.6885635256767273
7606004387056698133,user927282683837,kak kl kelas karyawan gt mulai kelas nya jam berapa ya?,1,0,1,Berapa Buka Kapan,0.8157928586006165,0,Tidak Ada Jurusan,0.757030725479126,15,Dimana Daerah Pjj,0.7435657978057861
7610297894667289365,saycaaaa_,kak itu kalo ga ikut zoom gmn..posisi lagi d jam kerja,0,0,1,Berapa Buka Kapan,0.7198420763015747,4,Online Offline Full,0.7409567832946777,12,Umur Yang Semangat,0.7297132015228271
7610312221558063879,bar18528,"Kalau ga ikut zoom nanti kita harus melihat rekaman zoomnya, Kak",1,0,1,Berapa Buka Kapan,0.6477360725402832,4,Online Offline Full,0.6727988719940186,7,Daftar Aku Sudah,0.665115475654602
7610316004322034453,taurus.__0,kak aku dom surabaya ini bakalan ada Kekampusnya gak?,0,0,1,Berapa Buka Kapan,0.8020449876785278,0,Tidak Ada Jurusan,0.7869668006896973,7,Daftar Aku Sudah,0.7788231372833252
7610316235520475922,bar18528,Ga ada kak,2,0,2,Iya Kak Dong,0.8567016124725342,5,Ada S2 Rpl,0.7143839597702026,7,Daftar Aku Sudah,0.709115207195282
7610397587011961621,saycaaaa_,ohhh gtu yaa..makasih ya kakkk,1,0,11,Terima Kasih Salam,0.8329172134399414,8,Dm Admin Halo,0.7430589199066162,10,Selalu Amin Semoga,0.6891044974327087
7620953160941699847,fadilaho_123,"kak aku boleh tanya"" pliss 🙏🙏",0,0,1,Berapa Buka Kapan,0.644904613494873,8,Dm Admin Halo,0.7265417575836182,11,Terima Kasih Salam,0.684371829032898
7621083142027821842,bar18528,boleh,0,0,-1,Mantab Uk Belakang,0.0,3,Menyimak Nrrjml Binus,0.7899355888366699,2,Iya Kak Dong,0.7833118438720703
7626035085577372433,zzkiiyah,kakak ngambil jurusan apa?,0,0,0,Tidak Ada Jurusan,0.7815843224525452,15,Dimana Daerah Pjj,0.795985221862793,5,Ada S2 Rpl,0.7606422305107117
7626038207465931538,bar18528,Informatika,0,0,3,Menyimak Nrrjml Binus,0.8461960554122925,28,Juta 3Jt Serius,0.6351345181465149,18,100 Universitas Siber,0.6260727643966675
7654558988541018888,achaleyy23,kakak udh daftar?,0,0,7,Daftar Aku Sudah,0.8125306367874146,2,Iya Kak Dong,0.7876126766204834,13,Info Bagaimana Cara,0.7050328254699707
7636558794906338056,hallobrow20,"kalo untuk awal masuk harus ke kampus ga yah? kayak ut kan rame"" ke kampus kayak apasih itu namanya yah😭😭😭😭",1,0,0,Tidak Ada Jurusan,0.7590419054031372,12,Umur Yang Semangat,0.7454473972320557,1,Berapa Buka Kapan,0.7179248929023743
7636691017966437138,bar18528,"Full online ya, jadi orientasi pas awal juga online",1,0,4,Online Offline Full,0.7974990606307983,12,Umur Yang Semangat,0.7219590544700623,7,Daftar Aku Sudah,0.6534097194671631
7645103182792737557,ip3hip3h,"biaya nya brp ka untuk kelas karyawan, dan hari apa aj msuk nya",0,0,1,Berapa Buka Kapan,0.7633486986160278,14,Dicicil 3Jt Biaya,0.7242587208747864,22,Biayanya Berapa Biaya,0.7143154740333557
7657396092905259796,lxxcsh,ka untuk orientasinya online berapa hari ka?,0,0,1,Berapa Buka Kapan,0.8499124646186829,4,Online Offline Full,0.7842265367507935,13,Info Bagaimana Cara,0.7465469837188721
7656728558698939156,widi.kh,Ada program rpl nggk ya kak,0,0,1,Berapa Buka Kapan,0.8195511102676392,5,Ada S2 Rpl,0.794751763343811,15,Dimana Daerah Pjj,0.7892467975616455
7656728923762017032,bar18528,ada kak,0,0,2,Iya Kak Dong,0.8884873986244202,21,Nitip Nitipp Kabarin,0.7539201378822327,7,Daftar Aku Sudah,0.7535897493362427
7656720766499193620,widi.kh,Ada program RPL nggak ya?,0,0,1,Berapa Buka Kapan,0.7902029752731323,5,Ada S2 Rpl,0.8291652202606201,0,Tidak Ada Jurusan,0.7683535814285278
7656682008316330759,ikaw_47,kalau boleh tau ambil prodi apa kk,0,0,0,Tidak Ada Jurusan,0.771765947341919,15,Dimana Daerah Pjj,0.748269259929657,1,Berapa Buka Kapan,0.7313320636749268
7656700910907360007,bar18528,Informatika,0,0,3,Menyimak Nrrjml Binus,0.8461960554122925,28,Juta 3Jt Serius,0.6351345181465149,18,100 Universitas Siber,0.6260727643966675
7656719749645026069,widi.kh,Kak biaya per semester berapa ya kakau boleh tau?,0,0,1,Berapa Buka Kapan,0.8418062329292297,0,Tidak Ada Jurusan,0.794014573097229,14,Dicicil 3Jt Biaya,0.780465841293335
7628272414523753223,user088888122,"engga kak amann""bangettt",0,0,2,Iya Kak Dong,0.8199735879898071,20,Betul Keren Banget,0.7420066595077515,7,Daftar Aku Sudah,0.7241243124008179
7614465834585473799,zaoliz,ka boleh dm gaa pgn tanya” 😭😭,0,0,1,Berapa Buka Kapan,0.7798430919647217,8,Dm Admin Halo,0.8502755165100098,7,Daftar Aku Sudah,0.75863116979599
7656301505338835730,ya2345672,kaa ada sidang skripsi gaa😭,0,4,5,Ada S2 Rpl,0.7960980534553528,0,Tidak Ada Jurusan,0.799630343914032,1,Berapa Buka Kapan,0.7954564094543457
7656662930355733256,univsiberasia,"Hi Kakak, di UNSIA tugas akhirnya menggunakan skripsi yaa🤗",1,0,16,100 Tugas Skripsi,0.8789289593696594,6,Dibuka Saat Mahasiswa,0.7720880508422852,0,Tidak Ada Jurusan,0.7606194615364075
7656664837118165768,ya2345672,disidangin gaa minn?,0,0,2,Iya Kak Dong,0.7506334781646729,7,Daftar Aku Sudah,0.712041974067688,15,Dimana Daerah Pjj,0.704378604888916
7657022103137796884,yyyyyyhykpncdz,Ada WOWKKWK,0,0,2,Iya Kak Dong,0.7350953221321106,20,Betul Keren Banget,0.725147545337677,21,Nitip Nitipp Kabarin,0.6273477077484131
7657193804818875143,user71339795223122,Untuk jurusan nya apa saja kak,0,0,0,Tidak Ada Jurusan,0.8163565993309021,1,Berapa Buka Kapan,0.8121737241744995,15,Dimana Daerah Pjj,0.7684333920478821
7615837393559503623,bubur.digidaww,siapa pun tolong apa bedanya ini unsia sama ut plisss😭,12,7,0,Tidak Ada Jurusan,0.6874580383300781,12,Umur Yang Semangat,0.6998640298843384,5,Ada S2 Rpl,0.6955792307853699
7626317881626116871,xiaoball27,Kali daftar bulan Juni/Juli mulai kuliahnya bulan September ya kak,0,0,6,Dibuka Saat Mahasiswa,0.7420823574066162,7,Daftar Aku Sudah,0.7457988858222961,1,Berapa Buka Kapan,0.7349928617477417
7626323544398480146,bar18528,"Betul, Ikut Semester baru",0,0,0,Tidak Ada Jurusan,0.6352704763412476,2,Iya Kak Dong,0.7063158750534058,26,Bismillah Depan Bismillahirrahmanirrahim,0.6936423778533936
7626317259989058322,xiaoball27,Allhamdulillah masih kebagian tahun ini heheh makasih kakk,0,0,10,Selalu Amin Semoga,0.8085445761680603,11,Terima Kasih Salam,0.7848141193389893,7,Daftar Aku Sudah,0.6983515620231628
7626038689903575815,bar18528,UT PTN dan UNSIA PTS,0,0,0,Tidak Ada Jurusan,0.5691985487937927,18,100 Universitas Siber,0.7428663969039917,5,Ada S2 Rpl,0.6092410087585449
7626302854962660103,xiaoball27,aku lupa PTN dan PTS itu bedanya apaa,0,0,0,Tidak Ada Jurusan,0.7253050804138184,15,Dimana Daerah Pjj,0.6990213394165039,5,Ada S2 Rpl,0.693236768245697
7626306990223065874,bar18528,PTN =Negeri dan PTS = Swasta,0,0,3,Menyimak Nrrjml Binus,0.3859083354473114,18,100 Universitas Siber,0.6180386543273926,5,Ada S2 Rpl,0.5870277881622314
7626307446533112583,xiaoball27,Taun ini kapan ya buka lagi mau daftar di unsiaa😭,0,0,1,Berapa Buka Kapan,0.7756781578063965,6,Dibuka Saat Mahasiswa,0.7795302867889404,0,Tidak Ada Jurusan,0.7703633904457092
7635889216777863957,redvelvett033,bingung bgt ut apa unsia😭,6,16,12,Umur Yang Semangat,0.7313665151596069,15,Dimana Daerah Pjj,0.736099123954773,0,Tidak Ada Jurusan,0.7331587076187134
7635962545584472852,yoliaaaa_,"aku sebagai mahasiswa ut semester dua undur diri kak, just fyi susah lulus sekian terimakasih di tambah tugas ngak tertata dan banyak organisasi ngak jelas makasih",55,0,0,Tidak Ada Jurusan,0.6985596418380737,12,Umur Yang Semangat,0.8019365072250366,16,100 Tugas Skripsi,0.7068964242935181
7636255193131680519,marcelineeee33,jadi better unsia yah?,0,0,0,Tidak Ada Jurusan,0.6039706468582153,2,Iya Kak Dong,0.7426894307136536,10,Selalu Amin Semoga,0.7424335479736328
7636704517932909332,yoliaaaa_,iyaa,0,0,2,Iya Kak Dong,0.8304998874664307,20,Betul Keren Banget,0.7762936949729919,3,Menyimak Nrrjml Binus,0.7603020071983337
7636254669710951189,yoliaaaa_,bener meskipun beda 1.5jt tapi lebih teratur dan tertata ini review jujur,1,0,4,Online Offline Full,0.5393667221069336,14,Dicicil 3Jt Biaya,0.5830107927322388,12,Umur Yang Semangat,0.5801138877868652
7636892230146458388,vvyhana,aku mahasiswa UNSIA best pokoknya,1,0,0,Tidak Ada Jurusan,0.660490870475769,18,100 Universitas Siber,0.7291962504386902,10,Selalu Amin Semoga,0.6851557493209839
7644161176528159509,your_mine025,"@indaaa coba cari kampus ini ada ga di padang, biar bisa sambilan kerja",0,0,8,Dm Admin Halo,0.5970715284347534,0,Tidak Ada Jurusan,0.7983145713806152,12,Umur Yang Semangat,0.7622084617614746
7644167423452873479,urgirl_1026,iyaa kak,0,0,2,Iya Kak Dong,0.8862804174423218,20,Betul Keren Banget,0.818972647190094,11,Terima Kasih Salam,0.7698267698287964
7644988183272538900,jellyspie,bs pake kip gasih kak?,0,0,0,Tidak Ada Jurusan,0.708020806312561,1,Berapa Buka Kapan,0.7420648336410522,4,Online Offline Full,0.7275281548500061
7636255626176447252,redvelvett033,tapi takut kalo tb’ kampus nya ditutup😭,1,0,6,Dibuka Saat Mahasiswa,0.5786868333816528,12,Umur Yang Semangat,0.7350718975067139,4,Online Offline Full,0.6907288432121277
7636366074137264904,marcelineeee33,aku juga udah mau daftar nih kak ngambil ilkom hehe,0,0,7,Daftar Aku Sudah,0.8788142204284668,12,Umur Yang Semangat,0.7591875195503235,1,Berapa Buka Kapan,0.7481203079223633
7637168472627233556,redvelvett033,kak dm aku plis,0,0,8,Dm Admin Halo,0.8002500534057617,7,Daftar Aku Sudah,0.7358739972114563,2,Iya Kak Dong,0.7065759897232056
7637930749790995207,ayufujiyanti,D,0,0,3,Menyimak Nrrjml Binus,0.8863173723220825,21,Nitip Nitipp Kabarin,0.6368144750595093,2,Iya Kak Dong,0.6264236569404602
7638467774582555408,iliyyy13,kak kita sama,0,0,2,Iya Kak Dong,0.7651922702789307,25,Semangat Wah Tetap,0.6522911787033081,24,Ilkom Ieu Balang,0.6339309811592102
7653839516625961736,capricorngirls017,@asa,0,0,3,Menyimak Nrrjml Binus,0.8837261199951172,21,Nitip Nitipp Kabarin,0.6586573123931885,2,Iya Kak Dong,0.6438469290733337
7653860462240695047,accasaaaa,🤔🤔,0,0,3,Menyimak Nrrjml Binus,0.995229959487915,21,Nitip Nitipp Kabarin,0.6757673621177673,2,Iya Kak Dong,0.6486166715621948
7636805887940035346,kanjengwulan_,Unsia kk,0,0,18,100 Universitas Siber,0.7852898836135864,2,Iya Kak Dong,0.7159542441368103,3,Menyimak Nrrjml Binus,0.7071394920349121
7646399491579593480,rikka_yca,"mau nanya ini kan online,kalau pas semester 8 itu tetap online atau gimana ,soalnya aku dikalimantan",9,15,0,Tidak Ada Jurusan,0.7712520360946655,4,Online Offline Full,0.8070028424263,1,Berapa Buka Kapan,0.7848222255706787
7646777431961961237,_sdl8,"bantu jawab, iya ka ttp online, krna aku jg skrg smstr akhir hihii",5,0,7,Daftar Aku Sudah,0.7969071865081787,4,Online Offline Full,0.7615876793861389,8,Dm Admin Halo,0.7557726502418518
7648184235299472149,naninasekay,kak skripsi kah?,0,0,2,Iya Kak Dong,0.7393848299980164,5,Ada S2 Rpl,0.7376669645309448,15,Dimana Daerah Pjj,0.7072721719741821
7648194608837509909,_sdl8,iyaa nih,0,0,2,Iya Kak Dong,0.8407225608825684,20,Betul Keren Banget,0.8081282377243042,21,Nitip Nitipp Kabarin,0.6835593581199646
7646779256189764359,rikka_yca,"worth it gk kak,dan sistem belajarnya itu gimana ,aku liat yg ut tu keknya lebih ribet dan gak fleksibel",0,0,13,Info Bagaimana Cara,0.6267948746681213,12,Umur Yang Semangat,0.7666677236557007,4,Online Offline Full,0.7514273524284363
7646834431320048391,nel_l_,"Aku juga bingung niiiii , btw kita sma tinggal di kalimantan😭",1,0,0,Tidak Ada Jurusan,0.6821943521499634,7,Daftar Aku Sudah,0.723583996295929,12,Umur Yang Semangat,0.7221918106079102
7646838688815055637,rikka_yca,Kakak dikalimantan mana,0,0,15,Dimana Daerah Pjj,0.74028480052948,2,Iya Kak Dong,0.6940999031066895,5,Ada S2 Rpl,0.6438637971878052
7646838801290052359,nel_l_,Kalbarrr,0,0,3,Menyimak Nrrjml Binus,0.7702509164810181,26,Bismillah Depan Bismillahirrahmanirrahim,0.623303234577179,21,Nitip Nitipp Kabarin,0.6130483150482178
7646838920898511623,nel_l_,Kamu dimanaaa,0,0,15,Dimana Daerah Pjj,0.754849910736084,2,Iya Kak Dong,0.7272745370864868,7,Daftar Aku Sudah,0.6222401857376099
7646839754536911636,rikka_yca,Aku Kalbar,0,0,3,Menyimak Nrrjml Binus,0.7987531423568726,2,Iya Kak Dong,0.7247408628463745,20,Betul Keren Banget,0.6374192237854004
7646843480161846036,rikka_yca,Loh sama aku Pontianak,0,0,2,Iya Kak Dong,0.7635647058486938,15,Dimana Daerah Pjj,0.6925841569900513,7,Daftar Aku Sudah,0.6857701539993286
7646844217487328007,nel_l_,wkwkwkwk,0,0,-1,Mantab Uk Belakang,0.0,2,Iya Kak Dong,0.6870336532592773,20,Betul Keren Banget,0.66314697265625
7648911049362457362,frrward,kak sama aku di kaltim boleh tanya tanya gak aku mau daftar,1,0,1,Berapa Buka Kapan,0.8234913945198059,7,Daftar Aku Sudah,0.8143307566642761,0,Tidak Ada Jurusan,0.7970743179321289
7648911192803263240,nel_l_,Aku blm daftar kak,0,0,7,Daftar Aku Sudah,0.8757995963096619,2,Iya Kak Dong,0.803674042224884,8,Dm Admin Halo,0.7640935182571411
7648195023993766677,_sdl8,disini fleksibel si ka,0,0,2,Iya Kak Dong,0.816017746925354,15,Dimana Daerah Pjj,0.7900645732879639,7,Daftar Aku Sudah,0.7588362693786621
7646982081885405959,nel_l_,Masih bingung ni,0,0,2,Iya Kak Dong,0.7210127115249634,7,Daftar Aku Sudah,0.6621328592300415,20,Betul Keren Banget,0.6543426513671875
7633658106744242965,ainisyifaa26,infoin kalo udah buka pendaftaran,17,20,1,Berapa Buka Kapan,0.7236011028289795,7,Daftar Aku Sudah,0.7488598823547363,13,Info Bagaimana Cara,0.7196235656738281
7634046650168558354,univsiberasia,Mau Mimin bocorin ga nih guys kapan dibuka pendaftarannya?🤩,40,0,1,Berapa Buka Kapan,0.7683712244033813,13,Info Bagaimana Cara,0.7339407205581665,7,Daftar Aku Sudah,0.7242313027381897
7634892677515543303,ourstupsss,kapan di bukanya min,0,0,1,Berapa Buka Kapan,0.7733014822006226,15,Dimana Daerah Pjj,0.7625010013580322,13,Info Bagaimana Cara,0.7399563193321228
7635132023435576084,ainisyifaa26,udah buka katanya,1,0,1,Berapa Buka Kapan,0.6470518112182617,2,Iya Kak Dong,0.7572875022888184,7,Daftar Aku Sudah,0.7084870934486389
7635177856621249287,hiceisyaa,mauu,0,0,2,Iya Kak Dong,0.7458591461181641,3,Menyimak Nrrjml Binus,0.8095998167991638,21,Nitip Nitipp Kabarin,0.7318354845046997
7634136643184739093,ainisyifaa26,buru min,0,0,2,Iya Kak Dong,0.7971543073654175,21,Nitip Nitipp Kabarin,0.754223108291626,3,Menyimak Nrrjml Binus,0.688366174697876
7634367789680591634,milkykidd_,udah dapet infonya belom kak kapan bukanya?,0,0,11,Terima Kasih Salam,0.6681504249572754,1,Berapa Buka Kapan,0.7869013547897339,7,Daftar Aku Sudah,0.7753294706344604
7635704580047864583,arumia1012,Nitip min,0,0,21,Nitip Nitipp Kabarin,0.9323512315750122,2,Iya Kak Dong,0.7544206976890564,11,Terima Kasih Salam,0.7110602855682373
7636383058698273552,sskiasalsa,.,0,0,3,Menyimak Nrrjml Binus,0.995229959487915,21,Nitip Nitipp Kabarin,0.6757673621177673,2,Iya Kak Dong,0.6486166715621948
7638186103175185159,skybiii13,Kapan min,0,0,1,Berapa Buka Kapan,0.6995933055877686,15,Dimana Daerah Pjj,0.7465345859527588,2,Iya Kak Dong,0.7357674837112427
7634723716379788039,indahnovv,Min pindahan sati ut bisa ga,0,0,1,Berapa Buka Kapan,0.8065375685691833,0,Tidak Ada Jurusan,0.7854373455047607,5,Ada S2 Rpl,0.7623268365859985
7643793279608505095,masikatunnur,kapan,1,0,-1,Mantab Uk Belakang,0.0,3,Menyimak Nrrjml Binus,0.7840576171875,2,Iya Kak Dong,0.7146037817001343
7634181305106711297,anaknyasriii,buruan min,0,0,13,Info Bagaimana Cara,0.6698744297027588,21,Nitip Nitipp Kabarin,0.715625524520874,2,Iya Kak Dong,0.7091630697250366
7645078320086516498,anohito_1407,kak bisa buat apply visa whv?,0,0,1,Berapa Buka Kapan,0.7962616682052612,0,Tidak Ada Jurusan,0.7816235423088074,19,Jalur Konversi Melalui,0.7744619846343994
7634022828320686868,nrulainiii,KA BARENG DONG,2,0,2,Iya Kak Dong,0.8243981599807739,7,Daftar Aku Sudah,0.779805600643158,15,Dimana Daerah Pjj,0.7104692459106445
7635132578480571156,kenapayakkk,mauuu,0,0,2,Iya Kak Dong,0.7458591461181641,3,Menyimak Nrrjml Binus,0.8095998167991638,21,Nitip Nitipp Kabarin,0.7318354845046997
7634046336383845141,sucii02.7,GAZZZ BARENGAN,1,0,7,Daftar Aku Sudah,0.6838467717170715,2,Iya Kak Dong,0.7844235897064209,20,Betul Keren Banget,0.7013497948646545
7634046401765475092,nrulainiii,AYOOO INFOOO,0,0,13,Info Bagaimana Cara,0.6579865217208862,21,Nitip Nitipp Kabarin,0.6455696821212769,2,Iya Kak Dong,0.644149124622345
7634307263280841490,hyskwlwns,kak udah buka kah pendaftarannya??? 😭😭,0,0,1,Berapa Buka Kapan,0.8452910780906677,13,Info Bagaimana Cara,0.7994909286499023,6,Dibuka Saat Mahasiswa,0.7910564541816711
7634410320027271957,nrulainiii,blm gaa ciw,0,0,2,Iya Kak Dong,0.8017010688781738,20,Betul Keren Banget,0.6893197894096375,7,Daftar Aku Sudah,0.6803708672523499
7634068826077938439,nadineeetvc,mau,0,0,2,Iya Kak Dong,0.7458591461181641,3,Menyimak Nrrjml Binus,0.8095998167991638,21,Nitip Nitipp Kabarin,0.7318354845046997
7646363808898155284,ig_styrhmwty22,ada yg daftar ke unsia ga? hayu breng aku ambil jurusan akuntasi semoga keterima,11,18,0,Tidak Ada Jurusan,0.8297817707061768,12,Umur Yang Semangat,0.7666645646095276,9,Id Ac Pmb,0.7552536129951477
7646991562266624788,nldy_1,bisa terima murid pindahan ga 🙂‍↕️,1,0,11,Terima Kasih Salam,0.50981605052948,5,Ada S2 Rpl,0.7211342453956604,4,Online Offline Full,0.6909021139144897
7650022407624786696,sukakom3nt,ada kok...,0,0,2,Iya Kak Dong,0.8075647354125977,20,Betul Keren Banget,0.703199565410614,21,Nitip Nitipp Kabarin,0.6904692649841309
7656785667573613332,matchamayyra,"aku kaak, udah daftar akuntansi dan baru aja ketrimaa",0,0,7,Daftar Aku Sudah,0.7897926568984985,0,Tidak Ada Jurusan,0.7528841495513916,1,Berapa Buka Kapan,0.7461147904396057
7656849366629040903,akunatjuga,ka skrg masi buka ga aku baru tau univ ini😭,0,0,1,Berapa Buka Kapan,0.7950738072395325,0,Tidak Ada Jurusan,0.8080177307128906,7,Daftar Aku Sudah,0.7704991102218628
7656366154273719058,hiubirukikyy,aku jg camaba akuntansi kak,0,0,2,Iya Kak Dong,0.7931851148605347,7,Daftar Aku Sudah,0.7725195288658142,15,Dimana Daerah Pjj,0.7161420583724976
7655659725186892562,keyi_ci,ka caranya gimana,0,0,13,Info Bagaimana Cara,0.8450472354888916,1,Berapa Buka Kapan,0.7751185894012451,15,Dimana Daerah Pjj,0.7526425719261169
7655728417145717525,ig_styrhmwty22,Liat di ytb ka,0,0,3,Menyimak Nrrjml Binus,0.4745703935623169,2,Iya Kak Dong,0.7009175419807434,18,100 Universitas Siber,0.6905232667922974
7653300751595045640,r.post1,"siap, aku baru aja daftar prodi manajemen",0,0,0,Tidak Ada Jurusan,0.6746035814285278,12,Umur Yang Semangat,0.66510009765625,17,Informasi Informatika Akuntansi,0.6605024933815002
7647776536137794325,althario_mu,Kapan ka pendaftarannya,0,0,1,Berapa Buka Kapan,0.8404931426048279,13,Info Bagaimana Cara,0.8117130398750305,6,Dibuka Saat Mahasiswa,0.757334291934967
7647840883803620117,ig_styrhmwty22,3 hari lalu aku daftar ka alhamdulillah keterima,0,0,7,Daftar Aku Sudah,0.7396703362464905,12,Umur Yang Semangat,0.6927471160888672,1,Berapa Buka Kapan,0.6836724281311035
7653300550268683016,r.post1,nunggu hasil tes.nya berapa hari kak?,0,0,1,Berapa Buka Kapan,0.823379635810852,4,Online Offline Full,0.7614692449569702,13,Info Bagaimana Cara,0.7463904619216919
7652031693768196884,yusufnyunda,"hallo kak, aman??",0,0,5,Ada S2 Rpl,0.5532664060592651,11,Terima Kasih Salam,0.746411919593811,8,Dm Admin Halo,0.7395036220550537
7651581990642123538,enaayeaa,ayo mutualan,0,0,2,Iya Kak Dong,0.6927364468574524,25,Semangat Wah Tetap,0.6733882427215576,21,Nitip Nitipp Kabarin,0.6658284068107605
7649257941249786641,halloaish__,ambil makul apa ka,0,0,15,Dimana Daerah Pjj,0.8182637095451355,5,Ada S2 Rpl,0.7203603982925415,2,Iya Kak Dong,0.7168447971343994
7648191392024888072,meriyem0_0,aku kak baru daftar,0,0,7,Daftar Aku Sudah,0.8588356971740723,2,Iya Kak Dong,0.7852319478988647,1,Berapa Buka Kapan,0.7522745728492737
7648544603503821576,curpcakes,Aku boleh tanya tanya kak?,0,0,1,Berapa Buka Kapan,0.675595760345459,8,Dm Admin Halo,0.7516000270843506,7,Daftar Aku Sudah,0.7163189649581909
7648642648217125650,meriyem0_0,boleh ka mau tanya apa?,0,0,1,Berapa Buka Kapan,0.780510425567627,8,Dm Admin Halo,0.8085921406745911,15,Dimana Daerah Pjj,0.7650438547134399
7647869178070926088,viwwtiara_,kaaa ayo mutual,0,0,2,Iya Kak Dong,0.805909276008606,7,Daftar Aku Sudah,0.7453467845916748,25,Semangat Wah Tetap,0.7279287576675415
7603017876299678482,feliciaelvina15,Beneran bisa online saja?,3,7,4,Online Offline Full,0.7426234483718872,5,Ada S2 Rpl,0.6820821762084961,2,Iya Kak Dong,0.6757106184959412
7605097284631954196,einaafets,Betul betul ka😉,0,0,20,Betul Keren Banget,0.888380229473114,2,Iya Kak Dong,0.7641876935958862,11,Terima Kasih Salam,0.7296434640884399
7600979380945093383,4lphawomen,ad jurusan ap aj min?,1,11,0,Tidak Ada Jurusan,0.828748345375061,5,Ada S2 Rpl,0.7897465229034424,1,Berapa Buka Kapan,0.7693719267845154
7609900243472417543,univsiberasia,"Hi Kakak, UNSIA saat ini memiliki 6 prodi yaitu, Manajemen, sistem informasi, informatika, komunikasi, akuntansi, dan teknologi informasi",6,0,17,Informasi Informatika Akuntansi,0.921002984046936,27,Pt Terakreditasi Ban,0.6817382574081421,9,Id Ac Pmb,0.6632691621780396
7631128021302919943,bysafh,kaa ada pendidikan ga,0,0,0,Tidak Ada Jurusan,0.7625858783721924,5,Ada S2 Rpl,0.8617697954177856,15,Dimana Daerah Pjj,0.798053503036499
7609901390001406727,4lphawomen,ka in full online atau seminggu sekali wajib hadir k kampus ny?,0,0,4,Online Offline Full,0.7968008518218994,12,Umur Yang Semangat,0.7379357814788818,16,100 Tugas Skripsi,0.7330151796340942
7609909566939136786,univsiberasia,100% fully online🤗,0,0,18,100 Universitas Siber,0.6975882053375244,3,Menyimak Nrrjml Binus,0.7050984501838684,28,Juta 3Jt Serius,0.643462061882019
7620383248862724885,bunda_sba,Sampai wisuda kah full online nya?,0,0,4,Online Offline Full,0.7805172204971313,5,Ada S2 Rpl,0.7248337268829346,1,Berapa Buka Kapan,0.7128068804740906
7644474309029364487,seafoodwp,full online sampai lulus kah kak? atau setiap ujian ada offline.nya?,0,0,4,Online Offline Full,0.8625714778900146,1,Berapa Buka Kapan,0.7985329627990723,16,100 Tugas Skripsi,0.7782251238822937
7644871272883749640,univsiberasia,100% full online lho Kakak🤩,0,0,18,100 Universitas Siber,0.7363829016685486,4,Online Offline Full,0.7219638228416443,16,100 Tugas Skripsi,0.6641973257064819
7644878682711966471,seafoodwp,bisa rpl tidak ya kak? belum pernah kuliah cuma udah pengalaman kerja -+10tahun dan punya bisnis sendiri -+8 tahunan,0,0,5,Ada S2 Rpl,0.6526749134063721,0,Tidak Ada Jurusan,0.7312255501747131,12,Umur Yang Semangat,0.723103404045105
7631971629484901137,unge1103,psikolog blm ada ya ka?,0,0,2,Iya Kak Dong,0.7656580209732056,7,Daftar Aku Sudah,0.8330426812171936,8,Dm Admin Halo,0.817822277545929
7635258169069191957,abang.kecil74,psikologi / kriminologi gda ya kak ?,0,0,0,Tidak Ada Jurusan,0.7071832418441772,5,Ada S2 Rpl,0.7237216234207153,4,Online Offline Full,0.7111074924468994
7646724959679349511,itsdptaa_,bisa handle mahasiswa luar negeri ga,0,0,0,Tidak Ada Jurusan,0.7095034122467041,5,Ada S2 Rpl,0.7391396760940552,4,Online Offline Full,0.67598956823349
7602310403536814868,sagiiigirlsssss,worth it ga ngambil S2 nya disini? S1 nya di ut,52,4,0,Tidak Ada Jurusan,0.766980767250061,5,Ada S2 Rpl,0.7283574342727661,12,Umur Yang Semangat,0.7259147763252258
7602552175022228231,bar18528,"Saat ini S2 masih dalam proses kak, jadi belum di buka",6,0,6,Dibuka Saat Mahasiswa,0.730521023273468,4,Online Offline Full,0.6654028296470642,0,Tidak Ada Jurusan,0.6574192047119141
7629596374787031829,1m.yoga,s2 langsung saja ke Binus🗿,4,0,5,Ada S2 Rpl,0.7096865177154541,18,100 Universitas Siber,0.6987886428833008,0,Tidak Ada Jurusan,0.6582602262496948
7603852235495293704,babyyola29,blom ada S2 kak,1,0,5,Ada S2 Rpl,0.8511196970939636,0,Tidak Ada Jurusan,0.8117892742156982,7,Daftar Aku Sudah,0.7806863784790039
7633368038859588360,..ii00i,"Gak ka,",0,0,2,Iya Kak Dong,0.8643006682395935,20,Betul Keren Banget,0.7435261011123657,3,Menyimak Nrrjml Binus,0.7076913118362427
7601470253371048712,blackisfavorit1,syarat umur berapa ya maksimal? terus uktnya berapa persemester?,0,2,1,Berapa Buka Kapan,0.7145388126373291,14,Dicicil 3Jt Biaya,0.7442035675048828,0,Tidak Ada Jurusan,0.6970340013504028
7602552356220371720,bar18528,ga da batasan usia dan biaya hanya 3juta/semester,0,0,14,Dicicil 3Jt Biaya,0.7167863845825195,22,Biayanya Berapa Biaya,0.5905624628067017,28,Juta 3Jt Serius,0.5428515672683716
7645103871481135893,ip3hip3h,biaya dftr brp,0,0,22,Biayanya Berapa Biaya,0.8686344623565674,1,Berapa Buka Kapan,0.7199684977531433,13,Info Bagaimana Cara,0.7193777561187744
7622073083951858453,sideoflunae,"Izin jejak min, ada rencana kuliah onlen sambil kerja di jepang bisa ga yh😭",63,16,0,Tidak Ada Jurusan,0.814586877822876,1,Berapa Buka Kapan,0.782372772693634,5,Ada S2 Rpl,0.7184687852859497
7625484792214487828,h.shoullrrr,kerja apa ka klo boleh tau?,0,0,0,Tidak Ada Jurusan,0.7158088684082031,15,Dimana Daerah Pjj,0.7271813154220581,5,Ada S2 Rpl,0.7040726542472839
7625493194754753301,sideoflunae,Kaigo kak,3,0,2,Iya Kak Dong,0.8107972145080566,24,Ilkom Ieu Balang,0.7540680170059204,21,Nitip Nitipp Kabarin,0.7081988453865051
7625956795802239752,urrkdyi,"sama kak, doain ya sama sama jadi kenshusei trus ambio kuliah online ini😅",8,0,10,Selalu Amin Semoga,0.8088109493255615,7,Daftar Aku Sudah,0.7341336011886597,12,Umur Yang Semangat,0.7185029983520508
7625958829836124948,sideoflunae,Aammiiinnn lancar lancar yaaa!,0,0,10,Selalu Amin Semoga,0.7438552379608154,26,Bismillah Depan Bismillahirrahmanirrahim,0.662959098815918,25,Semangat Wah Tetap,0.6444955468177795
7626055561360933652,h.shoullrrr,lewat lpk kak?,0,0,7,Daftar Aku Sudah,0.7159223556518555,2,Iya Kak Dong,0.7805331945419312,18,100 Universitas Siber,0.7352182865142822
7627380068772299540,sideoflunae,Iya lpk,0,0,2,Iya Kak Dong,0.8422520160675049,20,Betul Keren Banget,0.747735321521759,21,Nitip Nitipp Kabarin,0.7180889844894409
7629437121203569426,el.vlr11,spil lpk nya kak,0,0,7,Daftar Aku Sudah,0.7430627346038818,13,Info Bagaimana Cara,0.7476974129676819,5,Ada S2 Rpl,0.7319307923316956
7629436955873624839,el.vlr11,km kerja di Jepang ikut lpk apa mandiri ka?,0,0,0,Tidak Ada Jurusan,0.8424422740936279,1,Berapa Buka Kapan,0.7688239812850952,5,Ada S2 Rpl,0.750852108001709
7629442155853726484,sideoflunae,"Eh aku blm di jepang ya kak masih proses job matching, btw aku di lpk Jwind Indonesia di Bandung",0,0,0,Tidak Ada Jurusan,0.7489525079727173,7,Daftar Aku Sudah,0.7490190267562866,12,Umur Yang Semangat,0.732698380947113
7629442444341297928,el.vlr11,tapi disitu udh banyak yg brngkt ngga kak?,0,0,1,Berapa Buka Kapan,0.7370514869689941,7,Daftar Aku Sudah,0.7621277570724487,4,Online Offline Full,0.723861038684845
7629442866395153173,sideoflunae,Udh banyak sih kak yg brkt tp job nya cm untuk kaigo aja ngga ada bidang lain,0,0,0,Tidak Ada Jurusan,0.7430912256240845,12,Umur Yang Semangat,0.7672794461250305,4,Online Offline Full,0.714581310749054
7629443099438334738,el.vlr11,habis brp disitu kak?,0,0,1,Berapa Buka Kapan,0.6690627336502075,15,Dimana Daerah Pjj,0.7496110796928406,2,Iya Kak Dong,0.7486875653266907
7628176713206235912,cim44n,Ikut nyari kak kabarin kalo dah nemu😭,1,0,21,Nitip Nitipp Kabarin,0.5127576589584351,7,Daftar Aku Sudah,0.7441365122795105,8,Dm Admin Halo,0.7124438285827637
7627372947397477121,lucidptl,"Kuliah binus online aja kakk, mahasiswa binus online juga ada yg dari jepang. Dan di jepang juga ada Learning Community Binus",1,0,3,Menyimak Nrrjml Binus,0.24980874359607697,9,Id Ac Pmb,0.723895251750946,16,100 Tugas Skripsi,0.7102054357528687
7627380354525561620,sideoflunae,"Baru tau bisa online binus, thx infonya ku cari tau dlu",0,0,11,Terima Kasih Salam,0.6758348345756531,7,Daftar Aku Sudah,0.7231674194335938,4,Online Offline Full,0.722385585308075
7622663351212049170,ppmbunsia,Bisa Kak,1,0,2,Iya Kak Dong,0.8483531475067139,8,Dm Admin Halo,0.759137749671936,13,Info Bagaimana Cara,0.7533248662948608
7602171091356713748,aurelia03.54,Kak ini kalo kuliah online tapi posisi kerja diluar negri bisa kah?,0,3,0,Tidak Ada Jurusan,0.8367037773132324,1,Berapa Buka Kapan,0.7817614078521729,4,Online Offline Full,0.7545570135116577
7605097524185203477,einaafets,Sangat bisa kak,0,0,2,Iya Kak Dong,0.7801952958106995,20,Betul Keren Banget,0.8156149387359619,11,Terima Kasih Salam,0.74998939037323
7602461818775028500,gsxzi,bisa,0,0,3,Menyimak Nrrjml Binus,0.8394792079925537,2,Iya Kak Dong,0.705260157585144,28,Juta 3Jt Serius,0.6612153649330139
7605604663791289096,monaahmad05_,nitip kak,0,0,21,Nitip Nitipp Kabarin,0.9475067853927612,2,Iya Kak Dong,0.8148009181022644,11,Terima Kasih Salam,0.7176977396011353
7646293385011741461,escapesta,nerima mahasiswa pindahan ga ya?,1,1,1,Berapa Buka Kapan,0.758880615234375,5,Ada S2 Rpl,0.7905992269515991,0,Tidak Ada Jurusan,0.7750339508056641
7646987196852093717,nldy_1,nitip,0,0,21,Nitip Nitipp Kabarin,0.9735068678855896,3,Menyimak Nrrjml Binus,0.7572670578956604,2,Iya Kak Dong,0.7146409749984741
7616358870873391888,memeysiapa_,kalo kerjanya waktu shift² nya beda² bisa?,1,5,0,Tidak Ada Jurusan,0.54380202293396,4,Online Offline Full,0.6099032163619995,12,Umur Yang Semangat,0.5892874002456665
7620410477587464976,kareem12726,setauku disini full online kak. UTS dan UAS nya juga online,2,0,4,Online Offline Full,0.8227251768112183,16,100 Tugas Skripsi,0.7625790238380432,12,Umur Yang Semangat,0.7310823202133179
7602897007775253255,oktovianustappe,Paket c bisa kak,2,3,1,Berapa Buka Kapan,0.7351378202438354,2,Iya Kak Dong,0.7645078301429749,4,Online Offline Full,0.7499794960021973
7602962800449930005,ceoofgabutnasional,bisa banget aku juga paket c,0,0,1,Berapa Buka Kapan,0.6121335029602051,2,Iya Kak Dong,0.732018232345581,7,Daftar Aku Sudah,0.7082962989807129
7602904945662313237,gsxzi,bisa keknya bang,0,0,2,Iya Kak Dong,0.8198970556259155,20,Betul Keren Banget,0.7591668963432312,7,Daftar Aku Sudah,0.7028509378433228
7627724043890361095,aquarius__1_8,@f,0,0,-1,Mantab Uk Belakang,0.0,3,Menyimak Nrrjml Binus,0.8955892324447632,21,Nitip Nitipp Kabarin,0.6457456350326538
7601371217828283153,tanggul59,"berkaitan dng pelayanan, yg tanyakan tentang penerbitan surat keterangan bahwa anak saya kuliah di universitas siber asia, kok sdh 2 minggu lebih, blm ada respon, padahal berhubungan dengan pengaktifan BPJS,",42,1,1,Berapa Buka Kapan,0.5740249156951904,0,Tidak Ada Jurusan,0.5877565145492554,27,Pt Terakreditasi Ban,0.5817970037460327
7601877673615688468,naurayasmin0102,up,4,0,3,Menyimak Nrrjml Binus,0.9185839891433716,21,Nitip Nitipp Kabarin,0.697151780128479,2,Iya Kak Dong,0.6836460828781128
7631497158369411857,rizky_radhika1,info daftarnyaa,0,4,13,Info Bagaimana Cara,0.8048683404922485,22,Biayanya Berapa Biaya,0.6443662643432617,7,Daftar Aku Sudah,0.6284810304641724
7631498944304644871,univsiberasia,"Hi Kakak, Saat ini untuk pendaftaran mahasiswa baru sudah ditutup nih Kakak. Namun, jangan khawatir dibuka kembali di semester ganjil yaa yaitu di bulan Juni🤗",3,0,6,Dibuka Saat Mahasiswa,0.8526808023452759,9,Id Ac Pmb,0.7576816082000732,27,Pt Terakreditasi Ban,0.685261607170105
7631569633660748560,ilaaaaa_.___,Kak kalau full online gini wisudanya gimana?,1,0,4,Online Offline Full,0.8684142827987671,1,Berapa Buka Kapan,0.8580095767974854,0,Tidak Ada Jurusan,0.8166093826293945
7631578647698752257,keyyy1301_,nitiip,0,0,21,Nitip Nitipp Kabarin,0.8564819693565369,2,Iya Kak Dong,0.7379330992698669,3,Menyimak Nrrjml Binus,0.695698618888855
7632208477373563669,talitwit,IH KIRAIN BISA IKUT SEMESTER INI HUHU😭,0,0,12,Umur Yang Semangat,0.7820858359336853,7,Daftar Aku Sudah,0.7247019410133362,0,Tidak Ada Jurusan,0.7038524746894836
7601592121988072212,kangcrypto151,"kak kalau ambil 2 prodi sistem informasi dan informatika bakal setres gak yah?
pgn ikutan jalur konversi soalnya pekerjaan terlaru pada jadi gak bisa kuliah hybrid.",5,1,0,Tidak Ada Jurusan,0.8145325779914856,12,Umur Yang Semangat,0.7388066649436951,19,Jalur Konversi Melalui,0.7279380559921265
7636559284918895378,hallobrow20,kalo manajemen gelarnya nanti apa? masih S.M kah?,0,0,0,Tidak Ada Jurusan,0.7142524123191833,5,Ada S2 Rpl,0.7142838835716248,1,Berapa Buka Kapan,0.693682849407196
7633020104217051912,jangkar243,"klo kuliahnya online, wisuda nya online jg ta?",2,2,4,Online Offline Full,0.8549448251724243,0,Tidak Ada Jurusan,0.7723464965820312,12,Umur Yang Semangat,0.7648084759712219
7633321737346450184,univsiberasia,"Hi Kak, wisuda UNSIA dilaksanakan secara hybrid. Jadi, bisa online dan bisa juga secara langsung🤗",2,0,6,Dibuka Saat Mahasiswa,0.7928011417388916,9,Id Ac Pmb,0.8091524839401245,16,100 Tugas Skripsi,0.7637298107147217
7634783209096954640,drn.dg,kak kalau mau ambil berkas kelulusan seperti ijazah dll itu gmna? apakah harus ke kampus nya atau gimna,0,0,0,Tidak Ada Jurusan,0.7761435508728027,1,Berapa Buka Kapan,0.7886115312576294,4,Online Offline Full,0.714470624923706
7647166923332420360,rnty101,ada ilmu hukum ga yaaaaaaa,0,1,5,Ada S2 Rpl,0.7815708518028259,0,Tidak Ada Jurusan,0.7230706214904785,15,Dimana Daerah Pjj,0.717492938041687
7647779743241126677,babyyyygirlsssss,ut kak ada,0,0,2,Iya Kak Dong,0.8716540932655334,15,Dimana Daerah Pjj,0.76674884557724,5,Ada S2 Rpl,0.7664673924446106
7602981761794130706,isssaagn,info biyaua ful per semester,0,2,13,Info Bagaimana Cara,0.5828847885131836,14,Dicicil 3Jt Biaya,0.6692555546760559,18,100 Universitas Siber,0.6517652869224548
7628847765481980679,user120222170,@dumpprzkya,0,0,2,Iya Kak Dong,0.6536628007888794,24,Ilkom Ieu Balang,0.7283535599708557,3,Menyimak Nrrjml Binus,0.692035436630249
7610230120548385556,wullllandari,dalam setahun habisin biaya 6jtan aja kah ka?,1,0,14,Dicicil 3Jt Biaya,0.7832223176956177,1,Berapa Buka Kapan,0.6681332588195801,22,Biayanya Berapa Biaya,0.659614086151123
7604310938577388295,likestar216,ini bisa full online kan jdwlnya gak wajib ke kampus,1,1,4,Online Offline Full,0.8260403871536255,12,Umur Yang Semangat,0.7619390487670898,0,Tidak Ada Jurusan,0.7577696442604065
7604839457585414930,cantikaidaf,betul kak full online ya di unsia,0,0,4,Online Offline Full,0.8526723980903625,16,100 Tugas Skripsi,0.8715850114822388,6,Dibuka Saat Mahasiswa,0.8202177286148071
7602260127265063700,fluxnebulaa,Mana maba manajemen👆,7,10,15,Dimana Daerah Pjj,0.7537939548492432,5,Ada S2 Rpl,0.7196829319000244,2,Iya Kak Dong,0.7173676490783691
7602962318377599764,ceoofgabutnasional,"hadirrr, yuk gabung grub gaes",1,0,7,Daftar Aku Sudah,0.6372008323669434,18,100 Universitas Siber,0.5940954089164734,2,Iya Kak Dong,0.5555741786956787
7637886736882516756,acim178,mau gabung kak,0,0,7,Daftar Aku Sudah,0.8378491997718811,2,Iya Kak Dong,0.7981734275817871,13,Info Bagaimana Cara,0.793019711971283
7637906354304254741,ceoofgabutnasional,maba kah?,0,0,24,Ilkom Ieu Balang,0.709404706954956,3,Menyimak Nrrjml Binus,0.6983776688575745,2,Iya Kak Dong,0.6606636047363281
7637908371634455317,acim178,masih bungung kak ut apa unsia,0,0,0,Tidak Ada Jurusan,0.752655029296875,15,Dimana Daerah Pjj,0.7854253053665161,18,100 Universitas Siber,0.7432917952537537
7637910995680068373,ceoofgabutnasional,😁😁😁 bagusan University of Oxford si,1,0,5,Ada S2 Rpl,0.7039095163345337,0,Tidak Ada Jurusan,0.6899751424789429,12,Umur Yang Semangat,0.6803973913192749
7637911135492080404,acim178,kak 😭,1,0,2,Iya Kak Dong,0.8281770944595337,3,Menyimak Nrrjml Binus,0.8598873615264893,21,Nitip Nitipp Kabarin,0.7470844984054565
7637911642551206676,ceoofgabutnasional,mmm unsia aja jelas flexibel 👀🤌🏻,0,0,5,Ada S2 Rpl,0.6657198667526245,18,100 Universitas Siber,0.6697726249694824,4,Online Offline Full,0.6366427540779114
7626404150427861767,preaasuree,mau gabung grub kak,1,0,7,Daftar Aku Sudah,0.8271769285202026,2,Iya Kak Dong,0.7441598176956177,1,Berapa Buka Kapan,0.735575795173645
7603004873811067668,fluxnebulaa,gass ka👆,1,0,2,Iya Kak Dong,0.8436738848686218,20,Betul Keren Banget,0.7674871683120728,25,Semangat Wah Tetap,0.7531602382659912
7626404218845627143,preaasuree,mau join dong,0,0,7,Daftar Aku Sudah,0.7710517644882202,2,Iya Kak Dong,0.7283218502998352,13,Info Bagaimana Cara,0.6899408102035522
7600106101498446593,dwii.jyntii,masi buka pndftaran ny kk??,7,9,1,Berapa Buka Kapan,0.7116725444793701,7,Daftar Aku Sudah,0.7157880067825317,13,Info Bagaimana Cara,0.7072652578353882
7600311321020367623,univsiberasia,"Hi Kak, saat ini UNSIA masih membuka pendaftaran mahasiswa baru lho. Jadi Kakak bisa langsung daftar sekarang di pmb.unsia.ac.id, pilih jurusan favorit, dan mulai kuliah online fleksibel dari mana aja🤗",11,0,9,Id Ac Pmb,0.9373517632484436,6,Dibuka Saat Mahasiswa,0.8250108361244202,27,Pt Terakreditasi Ban,0.7560447454452515
7600349799389315841,dwii.jyntii,kak . ini kalo ujian kan online ya. trs pas uo nnti kebetulan kena shift pas kerja gimana ya kak ?,0,0,0,Tidak Ada Jurusan,0.7745908498764038,4,Online Offline Full,0.7993311882019043,1,Berapa Buka Kapan,0.798071026802063
7601502644250657554,anise_vallen,"kalo ujiannya gimana min, apakah sama kayak UT?",0,0,4,Online Offline Full,0.7454110383987427,1,Berapa Buka Kapan,0.7879433631896973,0,Tidak Ada Jurusan,0.7817890644073486
7602866441864200980,einaafets,"Ujian online, 2minggu waktu nya ka",0,0,4,Online Offline Full,0.768930971622467,1,Berapa Buka Kapan,0.7152093648910522,16,100 Tugas Skripsi,0.712926983833313
7602260434393023239,angeln113,boleh minta nomor admin yang bisa di hubungi gak? mau daftar kuliah lanjutan D3,0,0,0,Tidak Ada Jurusan,0.7278998494148254,1,Berapa Buka Kapan,0.7024356722831726,5,Ada S2 Rpl,0.6702933311462402
7601027151768666887,asriy19,regis persemestrnya brpa kak?,0,0,1,Berapa Buka Kapan,0.7699753642082214,15,Dimana Daerah Pjj,0.7325148582458496,22,Biayanya Berapa Biaya,0.7222167253494263
7602281351823622930,tonengtonengtonggggg,"kak, kalo aku daftar bulan ini. mulai kelas bulan apa ya kak 🙏",0,0,7,Daftar Aku Sudah,0.7545945644378662,1,Berapa Buka Kapan,0.8217405080795288,0,Tidak Ada Jurusan,0.7622117400169373
7602285915415675666,univsiberasia,Perkuliahan akan dimulai di bulan April ya Kakak🤗,0,0,6,Dibuka Saat Mahasiswa,0.8164204359054565,9,Id Ac Pmb,0.7223588228225708,1,Berapa Buka Kapan,0.6928170919418335
7604155024863724308,spalspil_chiayi,Dari taiwan apa bisa min,0,0,1,Berapa Buka Kapan,0.7696681022644043,0,Tidak Ada Jurusan,0.7392045259475708,5,Ada S2 Rpl,0.7332348823547363
7621974523734672136,rida.kholiza,"untuk biaya masih terjangkau gak ya untuk IRT?..
dulu pernah kuliah tp ga selesai",1,2,0,Tidak Ada Jurusan,0.7954204678535461,1,Berapa Buka Kapan,0.7690764665603638,14,Dicicil 3Jt Biaya,0.7676870822906494
7626038636337939218,bar18528,"Terjangkau, Kak. Hanya 3 Juta/semester",0,0,14,Dicicil 3Jt Biaya,0.7852259874343872,28,Juta 3Jt Serius,0.6795956492424011,4,Online Offline Full,0.6201645731925964
7636558873583895314,hallobrow20,semua jurusan 3jjta?,0,0,5,Ada S2 Rpl,0.7028074264526367,18,100 Universitas Siber,0.7042387127876282,28,Juta 3Jt Serius,0.6792759895324707
7600736971317969665,sylvia_manohara,Saya tinggal di kaltim bisa gak kak?,0,8,7,Daftar Aku Sudah,0.6530320644378662,1,Berapa Buka Kapan,0.7959282398223877,0,Tidak Ada Jurusan,0.7672008872032166
7600792990491443986,univsiberasia,UNSIA menerapkan sistem perkuliahan secara online maka kakak bisa berkuliah dimana saja dan kapan saja. Nah UNSIA bisa menjadi tujuan kakak yg ingin kuliah sambil bekerja kak karena memang waktunya fleksibel dan bisa dilaksanakan kapanpun dan dimanapun🤩🤩,0,0,9,Id Ac Pmb,0.8030000925064087,27,Pt Terakreditasi Ban,0.6489601135253906,16,100 Tugas Skripsi,0.6480634212493896
7650839596108432149,mwildan313,Ujian boleh nyontek ga,0,0,5,Ada S2 Rpl,0.7303637266159058,4,Online Offline Full,0.6911402344703674,0,Tidak Ada Jurusan,0.6751853227615356
7601625267819348757,userrr9998871,kak aku jga dari kaltim udah jdi mahasiswanya unsia😁😁,0,0,0,Tidak Ada Jurusan,0.7840383052825928,7,Daftar Aku Sudah,0.7851579189300537,6,Dibuka Saat Mahasiswa,0.7592024803161621
7623232906421781255,meliaanaa,"halo kak kita sama, aku jga maba dri kaltim 🙆‍♀️",0,0,2,Iya Kak Dong,0.6174353361129761,7,Daftar Aku Sudah,0.7639341354370117,8,Dm Admin Halo,0.7120872139930725
7604504643188572929,rey33_yeah,Uas nya bgmn?,0,0,1,Berapa Buka Kapan,0.7794854640960693,13,Info Bagaimana Cara,0.7881103157997131,22,Biayanya Berapa Biaya,0.7835044860839844
7601769928521270036,userrr9998871,kak aku baru daftar taun ini😭,0,0,7,Daftar Aku Sudah,0.8574194312095642,1,Berapa Buka Kapan,0.7842015624046326,6,Dibuka Saat Mahasiswa,0.7641799449920654
7601749064677344016,sylvia_manohara,Kaltim daerah mana kak,0,0,15,Dimana Daerah Pjj,0.85160231590271,1,Berapa Buka Kapan,0.7173498868942261,5,Ada S2 Rpl,0.6864408850669861
7601752232275002132,userrr9998871,balikapapn kak,0,0,2,Iya Kak Dong,0.7801070213317871,24,Ilkom Ieu Balang,0.6834239363670349,7,Daftar Aku Sudah,0.6781041622161865
7607020654193820434,americano77_7,"Aku juga online hukum sambil kerja kak, semangat untuk kita semua",8,5,25,Semangat Wah Tetap,0.7524915933609009,10,Selalu Amin Semoga,0.7814855575561523,12,Umur Yang Semangat,0.7721019387245178
7610789218608874261,ritaaaa__00,diunsia ada jurusan hukum juga kak?,0,0,0,Tidak Ada Jurusan,0.8393512964248657,5,Ada S2 Rpl,0.7790523767471313,6,Dibuka Saat Mahasiswa,0.7505608797073364
7610963958816310034,americano77_7,aku bukan mahasiswa unsia,0,0,0,Tidak Ada Jurusan,0.5916927456855774,18,100 Universitas Siber,0.7100667357444763,5,Ada S2 Rpl,0.6105161309242249
7611106638825866005,ritaaaa__00,ka kuliah dimna kak?,0,0,0,Tidak Ada Jurusan,0.7761050462722778,7,Daftar Aku Sudah,0.7896416187286377,15,Dimana Daerah Pjj,0.783729612827301
7611138226624037640,americano77_7,Di adhyaksa kak,0,0,2,Iya Kak Dong,0.6869411468505859,18,100 Universitas Siber,0.7165075540542603,15,Dimana Daerah Pjj,0.6588101387023926
7633316857661899527,milaaaa_090,kapan ya buka pendaftarannya?,1,5,1,Berapa Buka Kapan,0.8222146034240723,13,Info Bagaimana Cara,0.7497300505638123,4,Online Offline Full,0.7387376427650452
7633321332272792328,univsiberasia,"Hi Kak, awal Mei pendaftaran mahasiswa baru sudah dibuka yaa🤗",9,0,6,Dibuka Saat Mahasiswa,0.89991694688797,9,Id Ac Pmb,0.7362671494483948,16,100 Tugas Skripsi,0.7207611799240112
7633390035203670792,raactyy,awal mei sampe kapan ka?,0,0,1,Berapa Buka Kapan,0.7825517058372498,15,Dimana Daerah Pjj,0.7675917148590088,7,Daftar Aku Sudah,0.7156614065170288
7633758148381524743,hotsyyyyyy,s2 kak?,0,0,2,Iya Kak Dong,0.8029366731643677,28,Juta 3Jt Serius,0.721713662147522,21,Nitip Nitipp Kabarin,0.7119227647781372
7634021409219511058,sayhello00001,"info ukt nya min, mau daftar kayaknya",0,0,13,Info Bagaimana Cara,0.7686917185783386,1,Berapa Buka Kapan,0.8026829957962036,0,Tidak Ada Jurusan,0.7856862545013428
7638174703006581512,cchocopiee3,"Sampai kapan min pendaftaran dibuka, saya rencana mau masuk sini",1,0,1,Berapa Buka Kapan,0.8106429576873779,0,Tidak Ada Jurusan,0.7546388506889343,7,Daftar Aku Sudah,0.7177826762199402
7601086369851343623,ginafauzh,Ka terima jalur RPL prrolehan kredit gk? Pengalaman kerja jepang 4th,0,2,5,Ada S2 Rpl,0.6683626174926758,0,Tidak Ada Jurusan,0.703862726688385,14,Dicicil 3Jt Biaya,0.7010328769683838
7614935622714082066,bismillah.14,kak kalo misal dulunya pernah kuliah sampai semester 7 terus keluar apa bisa ikut program rpl ? tapi sudah 10 tahun yg lalu keluarnya ..,0,0,1,Berapa Buka Kapan,0.7116261720657349,0,Tidak Ada Jurusan,0.7578786611557007,14,Dicicil 3Jt Biaya,0.699213981628418
7610101314730918663,ginafauzh,Mkasih ka,0,0,11,Terima Kasih Salam,0.8707395792007446,2,Iya Kak Dong,0.7324721217155457,20,Betul Keren Banget,0.7308114767074585
7600243173043487509,s.marshelyna,S2 ilmu hukum bisa ka disini?,0,3,0,Tidak Ada Jurusan,0.7195794582366943,5,Ada S2 Rpl,0.6981894969940186,9,Id Ac Pmb,0.6869705319404602
7602929601060913941,ceoofgabutnasional,"blm ada s2, tp insyallah mau diadakan 😇",0,0,5,Ada S2 Rpl,0.7211622595787048,0,Tidak Ada Jurusan,0.7303170561790466,4,Online Offline Full,0.6835227012634277
7604478832591176464,panggilakumakabigail,kapan ada s2 ka? jur apa aja?,0,0,0,Tidak Ada Jurusan,0.8344565033912659,5,Ada S2 Rpl,0.8100574016571045,1,Berapa Buka Kapan,0.769512951374054
7604497817650709269,ceoofgabutnasional,"tunggu aja ka, sering2 cek di akun unsia aja 🥰🥰🥰",0,0,7,Daftar Aku Sudah,0.7616235613822937,4,Online Offline Full,0.7021541595458984,8,Dm Admin Halo,0.6986938118934631
7600662211330589448,1ayam2ribu,pendaftaran terakhir kapan ya min?,0,3,1,Berapa Buka Kapan,0.8446849584579468,13,Info Bagaimana Cara,0.7692795991897583,4,Online Offline Full,0.7307134866714478
7602865902161609492,einaafets,Maret,0,0,3,Menyimak Nrrjml Binus,0.8543390035629272,28,Juta 3Jt Serius,0.6465670466423035,18,100 Universitas Siber,0.6245081424713135
7605094483767722760,iolasenna2,ooo sampai Maret ya ?,0,0,6,Dibuka Saat Mahasiswa,0.6018977165222168,2,Iya Kak Dong,0.740787148475647,11,Terima Kasih Salam,0.726305365562439
7605096638714495764,einaafets,Iyaa msh buka smpe maret,0,0,1,Berapa Buka Kapan,0.6948475241661072,4,Online Offline Full,0.7067797780036926,7,Daftar Aku Sudah,0.6895651817321777
7601526708735476487,afnafnafn_,Ada skripsi nya gak min?,0,0,5,Ada S2 Rpl,0.834965705871582,1,Berapa Buka Kapan,0.8123565912246704,0,Tidak Ada Jurusan,0.8120266199111938
7609855102468539157,ibnu_ahlul,Nitip,0,1,21,Nitip Nitipp Kabarin,0.9735068678855896,3,Menyimak Nrrjml Binus,0.7572670578956604,2,Iya Kak Dong,0.7146409749984741
7609899814776800007,univsiberasia,Nitip apa nih Kakak🙄,0,0,15,Dimana Daerah Pjj,0.7572073936462402,2,Iya Kak Dong,0.7198858261108398,7,Daftar Aku Sudah,0.7123572826385498
7636668300785419029,lan.7272,ka nerima lulusan paket c ga ya?,0,1,1,Berapa Buka Kapan,0.8088363409042358,4,Online Offline Full,0.8042465448379517,0,Tidak Ada Jurusan,0.7808564305305481
7636684898988442375,univsiberasia,"Hi Kak, bisaaa yaaa🤗",0,0,8,Dm Admin Halo,0.8723907470703125,11,Terima Kasih Salam,0.7731715440750122,7,Daftar Aku Sudah,0.7483357787132263
7649705592684200711,sukakom3nt,Ini wajib beli modul versi cetak alias buku fisik gak ya ?,1,3,4,Online Offline Full,0.723009467124939,1,Berapa Buka Kapan,0.6751917004585266,5,Ada S2 Rpl,0.6606673002243042
7650017135057765127,univsiberasia,Tidak perlu Kakak🤩,1,0,2,Iya Kak Dong,0.7550138235092163,20,Betul Keren Banget,0.6515774130821228,3,Menyimak Nrrjml Binus,0.6467599272727966
7650020934921880338,sukakom3nt,"siap, bukan males baca modul versi fisik, tapi bingung klo udah selesai mau disimpen dimana... 😁",0,0,12,Umur Yang Semangat,0.736916184425354,4,Online Offline Full,0.6722859144210815,16,100 Tugas Skripsi,0.631537139415741
7650022911633703688,sukakom3nt,ini lagi nunggu pengumuman seleksi jalur transfer,0,0,1,Berapa Buka Kapan,0.6534554362297058,4,Online Offline Full,0.6642447710037231,6,Dibuka Saat Mahasiswa,0.6565317511558533
7633275117396968213,raazyi,info pendaftaran nya kapan yaa?,2,2,1,Berapa Buka Kapan,0.842692494392395,13,Info Bagaimana Cara,0.8113107681274414,4,Online Offline Full,0.7258501052856445
7633321418852107015,univsiberasia,"Hi Kak, pendaftaran mahasiswa baru awal Mei sudah dibuka ya Kak🤗",1,0,6,Dibuka Saat Mahasiswa,0.8992510437965393,9,Id Ac Pmb,0.751801609992981,1,Berapa Buka Kapan,0.7254294157028198
7633390292733559559,raactyy,"kalo di unsia, prodi akuntansi butuh laptop ga kira""?",0,0,0,Tidak Ada Jurusan,0.8078107237815857,5,Ada S2 Rpl,0.7539142370223999,16,100 Tugas Skripsi,0.7412241697311401
7628200745908814612,wellcomedong,Unsia ini kalo full online tugas akhirnya ada skripsi gk ya ? Mohon infonya dong,0,1,0,Tidak Ada Jurusan,0.8394728899002075,16,100 Tugas Skripsi,0.8385982513427734,4,Online Offline Full,0.8176786303520203
7628453196705366792,univsiberasia,"Hi Kak, di UNSIA tugas akhirnya menggunakan skripsi yaa🤗",0,0,16,100 Tugas Skripsi,0.8934595584869385,6,Dibuka Saat Mahasiswa,0.7867258191108704,0,Tidak Ada Jurusan,0.7775609493255615
7649200034261762824,nuelstiv,Jurusannya apa aja?,1,1,0,Tidak Ada Jurusan,0.560875654220581,15,Dimana Daerah Pjj,0.6976394653320312,22,Biayanya Berapa Biaya,0.6896128058433533
7650018669946422023,univsiberasia,"Halo Kakak, UNSIA memiliki 6 prodi yaitu komunikasi, akuntansi, manajemen, sistem informasi, informatika, dan teknologi informasi😊",0,0,17,Informasi Informatika Akuntansi,0.9314809441566467,27,Pt Terakreditasi Ban,0.6586431264877319,9,Id Ac Pmb,0.6536474227905273
7605072263839564552,fitra_ardiyan,kira kira klo hbis lebran daftar nya masi bisa kak,1,1,1,Berapa Buka Kapan,0.8349822759628296,13,Info Bagaimana Cara,0.7672504186630249,7,Daftar Aku Sudah,0.7611632347106934
7609940746657874696,fitra_ardiyan,"sudh kak ,tinggal daftar ulang nanti hbis lebaran",0,0,7,Daftar Aku Sudah,0.8258752822875977,1,Berapa Buka Kapan,0.7432330846786499,4,Online Offline Full,0.7396221160888672
7609362516367770369,himakom_unsia,Maba ilmu komunikasi mana nie ?,1,2,1,Berapa Buka Kapan,0.6388739347457886,5,Ada S2 Rpl,0.7280962467193604,17,Informasi Informatika Akuntansi,0.7073630094528198
7610330456089084690,airyn122,kak ini ujianya online atau offline KK?,0,0,4,Online Offline Full,0.8458883762359619,1,Berapa Buka Kapan,0.7899317741394043,16,100 Tugas Skripsi,0.7434242367744446
7603660802055275280,rasz.shop.official,itu yang poto terakhir lulusan s brpa😂,0,0,0,Tidak Ada Jurusan,0.665156900882721,12,Umur Yang Semangat,0.6879160404205322,15,Dimana Daerah Pjj,0.6855970025062561
7622836526070465300,binor.08.08.2024,Mending unsia atau ut sih,1,1,0,Tidak Ada Jurusan,0.702720046043396,5,Ada S2 Rpl,0.6962605714797974,18,100 Universitas Siber,0.6933586597442627
7622881893750407944,univsiberasia,"Kalau Mimin pilihnya yg cocok di hati aja sih Kak, UNSIA misalnya🤩",0,0,8,Dm Admin Halo,0.578449010848999,7,Daftar Aku Sudah,0.6589328050613403,4,Online Offline Full,0.6508271098136902
7608453149652714241,ulzzyyaaaa,Infoo cara daftarnya ihh,0,1,13,Info Bagaimana Cara,0.832589864730835,1,Berapa Buka Kapan,0.7065949440002441,7,Daftar Aku Sudah,0.705120325088501
7608453979655389960,univsiberasia,"Ih gampang banget Kak, Kakak bisa langsung daftar sekarang di pmb.unsia.ac.id, pilih jurusan favorit, dan mulai kuliah online fleksibel dari mana aja🤩",1,0,9,Id Ac Pmb,0.9242164492607117,6,Dibuka Saat Mahasiswa,0.7516789436340332,0,Tidak Ada Jurusan,0.7425137162208557
7604388123162395412,iiimmfinee,terus wisuda nya gimana kak,0,2,1,Berapa Buka Kapan,0.8559873700141907,15,Dimana Daerah Pjj,0.8177502751350403,13,Info Bagaimana Cara,0.7993917465209961
7605098990535508756,einaafets,Bs online/offline ka,3,0,4,Online Offline Full,0.8403990268707275,1,Berapa Buka Kapan,0.7652170658111572,13,Info Bagaimana Cara,0.7624539136886597
7605161484838863636,iiimmfinee,loh iyaa t,0,0,2,Iya Kak Dong,0.7544387578964233,20,Betul Keren Banget,0.7273422479629517,15,Dimana Daerah Pjj,0.6096078157424927
7627374181999969031,lisxiconu,"ada gasih waktu kuliah yang bisa kita sendiri nentuin, soalnya sistem libur aku rolling jadi perminggu nya itu jadi maju😭",5,7,12,Umur Yang Semangat,0.7495431303977966,4,Online Offline Full,0.672377347946167,0,Tidak Ada Jurusan,0.6563657522201538
7628084012242223880,univsiberasia,"Hi Kakak, UNSIA menerapkan sistem perkuliahan secara online maka kakak bisa berkuliah dimana saja dan kapan saja. Nah UNSIA bisa menjadi tujuan kakak yg ingin kuliah sambil bekerja kak karena memang waktunya fleksibel dan bisa dilaksanakan kapanpun dan dimanapun🤩",3,0,9,Id Ac Pmb,0.8194717764854431,27,Pt Terakreditasi Ban,0.684355616569519,16,100 Tugas Skripsi,0.6796914935112
7628875071776490248,siiaaayyyy,biasanya seminggu berapa kali? dan jam berapa aja mulai nya?,1,0,1,Berapa Buka Kapan,0.5635223388671875,22,Biayanya Berapa Biaya,0.58592689037323,4,Online Offline Full,0.564170777797699
7629537561765659412,nurldky,nitip,0,0,21,Nitip Nitipp Kabarin,0.9735068678855896,3,Menyimak Nrrjml Binus,0.7572670578956604,2,Iya Kak Dong,0.7146409749984741
7630096528628351751,funshutt0,"halo kak izin jawab yaa, untuk jadwal dihari selasa-jumat, tpi unsia memberi kebijakan presensi sampe hari minggu yaa dan untuk jam ny bebas kak kapan saja karna untuk zoom tidak wajib yg penting kita kasi aalasan kenapa tidak bisa mengikuti zoom tsb🙏🏻",2,0,1,Berapa Buka Kapan,0.6943750381469727,9,Id Ac Pmb,0.6912355422973633,4,Online Offline Full,0.6886998414993286
7630294217051357960,siiaaayyyy,"kalo untuk biaya tambahan, praktik, penelitian, magang, apakah ada ka?? aku bimbang bangett😭😭😭😭😭😭",0,0,1,Berapa Buka Kapan,0.8264156579971313,0,Tidak Ada Jurusan,0.8281701803207397,4,Online Offline Full,0.7805891036987305
7645615704557732626,rina_aurynata,kalo sambil kerja di jepang bisa ngk kak?,0,0,0,Tidak Ada Jurusan,0.8152586221694946,1,Berapa Buka Kapan,0.7819701433181763,4,Online Offline Full,0.7592394351959229
7627500289071760136,ppriscaaa,ntp ka,0,0,2,Iya Kak Dong,0.8365771770477295,11,Terima Kasih Salam,0.7518073916435242,21,Nitip Nitipp Kabarin,0.7313429117202759
7636584200007516948,user2738392015,unsia bisa full online ga sih tmn tmn?,0,1,4,Online Offline Full,0.8257434964179993,1,Berapa Buka Kapan,0.8049089312553406,16,100 Tugas Skripsi,0.781319260597229
7636649300026098439,univsiberasia,"Hi teman, betul banget 100% fully online yahh",0,0,16,100 Tugas Skripsi,0.7158496975898743,20,Betul Keren Banget,0.707253098487854,11,Terima Kasih Salam,0.7008437514305115
7613903311390245639,yoshinori895,ini bagus? soalny pengen nyesuaiin sama hari/jam kerja juga,0,2,12,Umur Yang Semangat,0.7488139867782593,4,Online Offline Full,0.6704243421554565,7,Daftar Aku Sudah,0.650800883769989
7616572971033445138,univsiberasia,"Bagus banget Kak UNSIA, memudahkan mahasiswanya banget. Apalagi mahasiswa yang sambil bekerja dan berkuliah uga. Sangat-sangat fleksibel🤗",1,0,9,Id Ac Pmb,0.7435162663459778,16,100 Tugas Skripsi,0.732648491859436,12,Umur Yang Semangat,0.727416455745697
7616714282063315730,neena3677,ga ada FH ya,0,0,2,Iya Kak Dong,0.8154424428939819,5,Ada S2 Rpl,0.7539712190628052,15,Dimana Daerah Pjj,0.687778115272522
7601032160020382482,ha.chan19,untuk jam masuk nya berapa kali seminggu kak?,0,0,1,Berapa Buka Kapan,0.8033661842346191,4,Online Offline Full,0.7260221838951111,15,Dimana Daerah Pjj,0.7183336019515991
7616337087068259093,dhuardhuar,min ini full online?,1,1,4,Online Offline Full,0.7640207409858704,18,100 Universitas Siber,0.7276492118835449,5,Ada S2 Rpl,0.7054334878921509
7616572711049151250,univsiberasia,"Hi Kak, UNSIA 100% fully online🤗",0,0,16,100 Tugas Skripsi,0.8162052631378174,18,100 Universitas Siber,0.8028163909912109,6,Dibuka Saat Mahasiswa,0.7080108523368835
7600088706465350407,user204080111,info jadwal pendaftaran di bulan apa min,1,2,13,Info Bagaimana Cara,0.7661625146865845,1,Berapa Buka Kapan,0.8025389909744263,0,Tidak Ada Jurusan,0.7218265533447266
7600311269870682888,univsiberasia,"Hi Kak, saat ini UNSIA masih membuka pendaftaran mahasiswa baru lho. Jadi Kakak bisa langsung daftar sekarang di pmb.unsia.ac.id, pilih jurusan favorit, dan mulai kuliah online fleksibel dari mana aja🤗",0,0,9,Id Ac Pmb,0.9373517632484436,6,Dibuka Saat Mahasiswa,0.8250108361244202,27,Pt Terakreditasi Ban,0.7560447454452515
7600984857312953106,athira.arsyad.zul,"min saya mau daftar online tapi sudah tutup untuk gel 6 , gimana ya min",0,0,5,Ada S2 Rpl,0.6343316435813904,1,Berapa Buka Kapan,0.7817366123199463,0,Tidak Ada Jurusan,0.7136927247047424
7602519976158741268,noname2246123,berapa biaya nya,2,1,22,Biayanya Berapa Biaya,0.917884111404419,13,Info Bagaimana Cara,0.7300009727478027,1,Berapa Buka Kapan,0.6822608709335327
7623688676018553608,univsiberasia,"Hi Kak, untuk UKT hanya 3jt persemester lhoo🤩",1,0,14,Dicicil 3Jt Biaya,0.88653165102005,1,Berapa Buka Kapan,0.7201097011566162,6,Dibuka Saat Mahasiswa,0.7126148343086243
7601893463928750856,ay._61,min info beasiswa,0,0,13,Info Bagaimana Cara,0.776508092880249,5,Ada S2 Rpl,0.7415513396263123,18,100 Universitas Siber,0.7076236009597778
7601059936545948432,srhndyyani_01,ada program RPL nya gak si kak ?,0,1,1,Berapa Buka Kapan,0.8363735675811768,5,Ada S2 Rpl,0.7917025685310364,0,Tidak Ada Jurusan,0.7904472947120667
7607514766789395217,srhndyyani_01,betul kak pindahan S1 cara pendaftaran nya gimana ya kak?,0,0,0,Tidak Ada Jurusan,0.8126628994941711,1,Berapa Buka Kapan,0.8186662197113037,6,Dibuka Saat Mahasiswa,0.7780781388282776
7601067049670296340,m5120456,when ya,1,1,-1,Mantab Uk Belakang,0.0,2,Iya Kak Dong,0.8268071413040161,3,Menyimak Nrrjml Binus,0.7776679992675781
7602962581988311828,ceoofgabutnasional,sekarang atuh,0,0,-1,Mantab Uk Belakang,0.0,2,Iya Kak Dong,0.7244734168052673,3,Menyimak Nrrjml Binus,0.6602432131767273
7610696111347811073,user2166282784644,"halo min, kalau saya ngajukan permohonan perubahan biodata melalui email kira kira butuh waktu berapa lama untuk di proses?",0,2,1,Berapa Buka Kapan,0.7290887832641602,13,Info Bagaimana Cara,0.6617165207862854,0,Tidak Ada Jurusan,0.6561902165412903
7610699336615428872,univsiberasia,"Hi Kak, bisa DM Mimin untuk perubahan data ya😊",0,0,8,Dm Admin Halo,0.833563506603241,1,Berapa Buka Kapan,0.7048183679580688,13,Info Bagaimana Cara,0.6838016510009766
7612057003984831233,user2166282784644,min saya sudah dm tolong di respon,0,0,1,Berapa Buka Kapan,0.6842100620269775,8,Dm Admin Halo,0.7310030460357666,13,Info Bagaimana Cara,0.6723290681838989
7611555727534916370,dheaa_107,aku maba,1,1,2,Iya Kak Dong,0.7890065312385559,24,Ilkom Ieu Balang,0.7487037181854248,3,Menyimak Nrrjml Binus,0.729436993598938
7616526467731981063,dheaa_107,hai kk salam kenal yah saya dari malaysia🥰,0,0,11,Terima Kasih Salam,0.7676669359207153,8,Dm Admin Halo,0.7087421417236328,10,Selalu Amin Semoga,0.6455099582672119
7614892886304473876,user155246723,info ada jalur RPL ga ya?,0,0,5,Ada S2 Rpl,0.7905216813087463,1,Berapa Buka Kapan,0.8079054951667786,19,Jalur Konversi Melalui,0.7853087186813354
7600645752553849621,leo_castinon,"Halo Selamat Siang, Mau Tanya Nih… Boleh ya? Untuk Lanjut S2 Kuliah Online Belum tersedia ya?",0,3,1,Berapa Buka Kapan,0.7671664357185364,6,Dibuka Saat Mahasiswa,0.77815181016922,0,Tidak Ada Jurusan,0.7645540237426758
7600646179504456466,univsiberasia,"Boleh dong. Tapi, program S2 di UNSIA saat ini belum tersedia Kakak;(",1,0,6,Dibuka Saat Mahasiswa,0.7946977019309998,0,Tidak Ada Jurusan,0.7778642177581787,9,Id Ac Pmb,0.7539395689964294
7604504775891632897,rey33_yeah,Tersedia di UT klo s2 online,0,0,0,Tidak Ada Jurusan,0.6774364709854126,18,100 Universitas Siber,0.7108337879180908,5,Ada S2 Rpl,0.7037020921707153
7601900608636191506,rdtlzm_,bukannya ada ya kk s2 manajemen?,0,0,0,Tidak Ada Jurusan,0.7847000956535339,5,Ada S2 Rpl,0.7863219380378723,12,Umur Yang Semangat,0.6957938075065613
7602894201260475157,liaiskandar_95,"31 udah kuliah S1 2x pend
otw kuliah S1 lagii non pend🤪",0,1,0,Tidak Ada Jurusan,0.6884596347808838,14,Dicicil 3Jt Biaya,0.6416217088699341,12,Umur Yang Semangat,0.6326764822006226
7631896443385758485,ayudewadanu,aku jg ka... pendidikan bhs inggris skr mu ambil management,0,0,0,Tidak Ada Jurusan,0.7772045135498047,12,Umur Yang Semangat,0.7319778203964233,16,100 Tugas Skripsi,0.7220251560211182
7604731931154957063,omyu81,bila tidak bisa mengikuti wisuda krn suatu hal apakah ijazah tetap diberikan?,0,1,0,Tidak Ada Jurusan,0.6209940314292908,5,Ada S2 Rpl,0.5899641513824463,1,Berapa Buka Kapan,0.5754535794258118
7605099077303026453,einaafets,Tetep dapet kok asal sudah menyelesaikan smua administrasi 😁,1,0,0,Tidak Ada Jurusan,0.5771439075469971,14,Dicicil 3Jt Biaya,0.6555690169334412,4,Online Offline Full,0.6524170637130737
7618566142638277396,bagya.lawuh,"pen ya Allah bismillah pertengahan tahun, Unsia with Bussines Intelegent Major",0,2,10,Selalu Amin Semoga,0.6523910760879517,26,Bismillah Depan Bismillahirrahmanirrahim,0.6930364370346069,18,100 Universitas Siber,0.6330724954605103
7618605507474064135,univsiberasia,"Aamiin, semangat selalu untuk Kakak ya🤗",1,0,10,Selalu Amin Semoga,0.8560914993286133,25,Semangat Wah Tetap,0.8109173774719238,11,Terima Kasih Salam,0.7203371524810791
7618735228386853652,bagya.lawuh,aamiin terima kasih min🥰,0,0,11,Terima Kasih Salam,0.816222608089447,10,Selalu Amin Semoga,0.7470008134841919,25,Semangat Wah Tetap,0.6756266951560974
7638462980594254599,sheninaserenity,Ada batasan umur ga nih? Udh 27 soalnya😅,1,1,12,Umur Yang Semangat,0.7028024196624756,1,Berapa Buka Kapan,0.7090165019035339,7,Daftar Aku Sudah,0.692730188369751
7638517710855127826,univsiberasia,"Nggak ada batasan umur kok Kakak
Di UNSIA, yang penting semangat belajarnya, bukan usianya 🙌
Karena belajar itu nggak kenal umur, yang muda semangat, yang udah berpengalaman juga makin keren🤩",0,0,12,Umur Yang Semangat,0.7619580030441284,9,Id Ac Pmb,0.6420131921768188,0,Tidak Ada Jurusan,0.6259138584136963
7601396395300012821,lionsajaa,maba ilkom hadir😋,1,0,18,100 Universitas Siber,0.7204747200012207,26,Bismillah Depan Bismillahirrahmanirrahim,0.6233434677124023,24,Ilkom Ieu Balang,0.5961927771568298
7617413757783212808,squidnot7,cara daftar nya gmn ka?,0,1,1,Berapa Buka Kapan,0.8423422574996948,13,Info Bagaimana Cara,0.8833231925964355,8,Dm Admin Halo,0.7386696338653564
7617451711896765192,univsiberasia,"Hi Kakak, daftarnya gampang banget lhoo. Jadi Kakak bisa langsung daftar sekarang di pmb.unsia.ac.id, pilih jurusan favorit, dan mulai kuliah online fleksibel dari mana aja🤩",0,0,9,Id Ac Pmb,0.9331384301185608,6,Dibuka Saat Mahasiswa,0.7698529958724976,27,Pt Terakreditasi Ban,0.7320195436477661
7604407427795141394,diandiana549,ini g ush ke kampusnya tah kak?,0,0,1,Berapa Buka Kapan,0.7196284532546997,7,Daftar Aku Sudah,0.7788029313087463,4,Online Offline Full,0.7585447430610657
7644898513381917461,anandaawaliia,"pengin daftar ih ,kapan pendaftarannya",1,4,1,Berapa Buka Kapan,0.8284122943878174,13,Info Bagaimana Cara,0.7931546568870544,7,Daftar Aku Sudah,0.7635509371757507
7645184321385874183,univsiberasia,"Hi Kak, saat ini masih dibuka lho pendaftaran mahasiswa baru🤩🤩",1,0,6,Dibuka Saat Mahasiswa,0.9027600288391113,9,Id Ac Pmb,0.7475008964538574,16,100 Tugas Skripsi,0.7223512530326843
7646987450984104724,nldy_1,terima murid pindahan ga min,0,0,11,Terima Kasih Salam,0.6246492862701416,5,Ada S2 Rpl,0.7707189321517944,1,Berapa Buka Kapan,0.7579190731048584
7647016616887583506,univsiberasia,"Hi Kakak, bisa mendaftar di jalur ahli jenjang dan konversi yahh🤗",1,0,19,Jalur Konversi Melalui,0.8530800342559814,6,Dibuka Saat Mahasiswa,0.798223614692688,9,Id Ac Pmb,0.7775018215179443
7646687463238976277,quearrzy,jurusan telekomunikasi ada ga?,0,0,5,Ada S2 Rpl,0.8364995718002319,0,Tidak Ada Jurusan,0.7639759182929993,15,Dimana Daerah Pjj,0.7183173894882202
7603241736936702727,hayra_13_,kak setelah lebaran apa masih akan buka pendaftaran untuk jalur reguler?,1,2,1,Berapa Buka Kapan,0.8256101608276367,6,Dibuka Saat Mahasiswa,0.7880580425262451,19,Jalur Konversi Melalui,0.7773982286453247
7605097456145924884,einaafets,"Ada buka lagi, di bulan selanjutnya tp utk kuliah oktober",1,0,6,Dibuka Saat Mahasiswa,0.7247501611709595,4,Online Offline Full,0.7187739610671997,1,Berapa Buka Kapan,0.6996662616729736
7605113553737630471,hayra_13_,"oh baik kak,terima kasih infonya",0,0,11,Terima Kasih Salam,0.8857502341270447,8,Dm Admin Halo,0.7530695199966431,10,Selalu Amin Semoga,0.6719294190406799
7604094189627212564,fransiska_mariana26,Taiwan ada gak,0,0,5,Ada S2 Rpl,0.7370628118515015,2,Iya Kak Dong,0.7219870686531067,15,Dimana Daerah Pjj,0.6730362176895142
7608453149652714241,ulzzyyaaaa,Infoo cara daftarnya ihh,0,1,13,Info Bagaimana Cara,0.832589864730835,1,Berapa Buka Kapan,0.7065950632095337,7,Daftar Aku Sudah,0.7051203846931458
7608453979655389960,univsiberasia,"Ih gampang banget Kak, Kakak bisa langsung daftar sekarang di pmb.unsia.ac.id, pilih jurusan favorit, dan mulai kuliah online fleksibel dari mana aja🤩",1,0,9,Id Ac Pmb,0.9242164492607117,6,Dibuka Saat Mahasiswa,0.7516789436340332,0,Tidak Ada Jurusan,0.7425137162208557
7636195752934523655,inthesky428,unsia ada pendidikan ga?,0,1,5,Ada S2 Rpl,0.8106632232666016,18,100 Universitas Siber,0.775709867477417,0,Tidak Ada Jurusan,0.7381511926651001
7654424675657794312,univsiberasia,"Hi Kakak, UNSIA saat ini memiliki 6 prodi yaitu, Manajemen, sistem informasi, informatika, komunikasi, akuntansi, dan teknologi informasi",0,0,17,Informasi Informatika Akuntansi,0.921002984046936,27,Pt Terakreditasi Ban,0.6817382574081421,9,Id Ac Pmb,0.6632691621780396
7602043032968725255,alimc0778,bisa jalur rpl gak kk. ?,0,1,5,Ada S2 Rpl,0.8110073804855347,19,Jalur Konversi Melalui,0.7871966361999512,1,Berapa Buka Kapan,0.7849190831184387
7602865965168509717,einaafets,"Biisa, tp konversi sks sebelumnya ya..",0,0,1,Berapa Buka Kapan,0.7072223424911499,4,Online Offline Full,0.7541258335113525,12,Umur Yang Semangat,0.7423264980316162
7640513187231482645,spicycarbonaraaa,"@sideoflunae:Izin jejak min, ada rencana kuliah onlen sambil kerja di jepang bisa ga yh😭",1,0,0,Tidak Ada Jurusan,0.7788313627243042,1,Berapa Buka Kapan,0.7581213712692261,5,Ada S2 Rpl,0.697677731513977
7614114430851416833,alvyi1,masih buka pendaftaran kak?,0,3,1,Berapa Buka Kapan,0.7798881530761719,6,Dibuka Saat Mahasiswa,0.7939784526824951,7,Daftar Aku Sudah,0.7830183506011963
7614303747497345800,univsiberasia,"Halo Kak, masih dibuka ya pendaftaran mahasiswa baru🤗🤗",0,0,6,Dibuka Saat Mahasiswa,0.9061518311500549,9,Id Ac Pmb,0.7496806979179382,16,100 Tugas Skripsi,0.7440026998519897
7614893116503540500,reniajhh02,bisa S2 gk?,0,0,5,Ada S2 Rpl,0.8493920564651489,0,Tidak Ada Jurusan,0.7523364424705505,2,Iya Kak Dong,0.7252446413040161
7614574448557753096,mbascoopy1224,Terkahir bulan apa kak ?,0,0,2,Iya Kak Dong,0.671768069267273,15,Dimana Daerah Pjj,0.7586208581924438,7,Daftar Aku Sudah,0.6933116912841797
7643382666201547540,intannovitasari72,kalau kerja yang liburnya random bisa nggak,0,1,0,Tidak Ada Jurusan,0.6629074215888977,4,Online Offline Full,0.7170769572257996,12,Umur Yang Semangat,0.7011961936950684
7643444197299077895,univsiberasia,"UNSIA solusinyaa Kak, karena kuliahnya fleksibel tidak mengganggi aktivitas Kakak🤩",0,0,9,Id Ac Pmb,0.7617172002792358,16,100 Tugas Skripsi,0.7754899263381958,12,Umur Yang Semangat,0.738357424736023
7616544675562046224,masbrimas,bisa pindah dari univ lain kesini ndak?,0,1,1,Berapa Buka Kapan,0.6770075559616089,0,Tidak Ada Jurusan,0.7731637358665466,5,Ada S2 Rpl,0.7349951863288879
7616572466564367111,univsiberasia,"Hi Kakak, bisa banget Kak melalui jalur alih jenjang atau konversi yahh😊",0,0,19,Jalur Konversi Melalui,0.935332179069519,0,Tidak Ada Jurusan,0.7609074115753174,1,Berapa Buka Kapan,0.7536194324493408
7605564695189898002,hldalmd17,Buka pmb nya berapa kali ya ?,0,1,1,Berapa Buka Kapan,0.8149781823158264,4,Online Offline Full,0.7452560663223267,15,Dimana Daerah Pjj,0.74324631690979
7626303544065426184,xiaoball27,Ini buka lagi kapan kak setelah April ini kira kira kapan kak,0,0,1,Berapa Buka Kapan,0.8012646436691284,4,Online Offline Full,0.7468581199645996,7,Daftar Aku Sudah,0.7328261137008667
7610771813644075796,yuga_baex,apakah ada jalur rpl untuk jurusan sistem informasi atau teknik komputer,1,1,5,Ada S2 Rpl,0.6688224077224731,0,Tidak Ada Jurusan,0.7288722991943359,17,Informasi Informatika Akuntansi,0.7204513549804688
7612002550527214344,ppmbunsia,Ada Kak gelombang terakhir ini jurusan Teknik Informatika,1,0,0,Tidak Ada Jurusan,0.8268260955810547,17,Informasi Informatika Akuntansi,0.7919157147407532,6,Dibuka Saat Mahasiswa,0.7777214646339417
7610366487966040848,prmvuan,"aku bingung ,kalo kita kuliah online ,apakah ada wisuda nya juga dan dapat gelar juga kaya kuliah offline",0,1,4,Online Offline Full,0.7928130626678467,0,Tidak Ada Jurusan,0.787265419960022,12,Umur Yang Semangat,0.7651175260543823
7637326878982046472,astutik938,"Wisudanya gimana online jg kah, trus ambil ijazahnya bgmn",0,0,1,Berapa Buka Kapan,0.7584767937660217,4,Online Offline Full,0.7706658840179443,0,Tidak Ada Jurusan,0.7506041526794434
7602582981774115592,fifyhalfy,s2 blm adat kak,0,1,5,Ada S2 Rpl,0.8327276706695557,0,Tidak Ada Jurusan,0.7833141088485718,7,Daftar Aku Sudah,0.759806215763092
7608230168926962439,ppmbunsia,Akan segera diadakan Kak,0,0,7,Daftar Aku Sudah,0.6507804989814758,26,Bismillah Depan Bismillahirrahmanirrahim,0.6537336707115173,13,Info Bagaimana Cara,0.6367601156234741
7605051820868895508,nothing85724,tunggu aku 2028 one day mau daftar 🤲🤲😭,0,0,7,Daftar Aku Sudah,0.7493536472320557,26,Bismillah Depan Bismillahirrahmanirrahim,0.6579095125198364,18,100 Universitas Siber,0.6565607786178589
7609726903427498759,twobutton0.0,Bisa double degree ga? Udah jadi mahasiswa ut tahun ini belum pembelajaran,1,1,0,Tidak Ada Jurusan,0.7155147790908813,12,Umur Yang Semangat,0.6725461483001709,5,Ada S2 Rpl,0.65622478723526
7609899946229957394,univsiberasia,Bisa banget ya Kakak😊,0,0,2,Iya Kak Dong,0.8146356344223022,20,Betul Keren Banget,0.7997040152549744,11,Terima Kasih Salam,0.7313956022262573
7603745881700107028,noerraaa_,kira2 bakal ada gelombang 8 gaa ya?,0,0,1,Berapa Buka Kapan,0.7092644572257996,15,Dimana Daerah Pjj,0.6835374236106873,0,Tidak Ada Jurusan,0.680683970451355
7620787099692483349,nur.fadhillah21,daftarnya gimana?,1,1,13,Info Bagaimana Cara,0.7998529672622681,22,Biayanya Berapa Biaya,0.7908490896224976,15,Dimana Daerah Pjj,0.7140023708343506
7620797973900313351,univsiberasia,"Gampang banget lho Kak daftarnya. Kakak bisa langsung daftar sekarang di pmb.unsia.ac.id, pilih jurusan favorit, dan mulai kuliah online fleksibel dari mana aja🤩",1,0,9,Id Ac Pmb,0.9231027364730835,6,Dibuka Saat Mahasiswa,0.7503798007965088,16,100 Tugas Skripsi,0.7226760387420654
7603755596362007317,bilot3960,kalo psikolog daring juga bisa kk?,0,0,4,Online Offline Full,0.7719874382019043,5,Ada S2 Rpl,0.7366034984588623,19,Jalur Konversi Melalui,0.7344868779182434
7622634353734632212,laparrr.kendrickk,full online gaksi ini,4,1,4,Online Offline Full,0.6737520694732666,18,100 Universitas Siber,0.748865008354187,5,Ada S2 Rpl,0.6649456024169922
7623688559195849479,univsiberasia,100% fully online learning Kakak di UNSIA🤗,0,0,18,100 Universitas Siber,0.7864142656326294,16,100 Tugas Skripsi,0.7052982449531555,9,Id Ac Pmb,0.6344813108444214
7624898400089899797,dillaafifah,Trus wisuda nya gmn ? Klau d kota kmi gk ada ni,0,1,23,Jakarta Selatan Kota,0.5827431678771973,1,Berapa Buka Kapan,0.8049793243408203,0,Tidak Ada Jurusan,0.7924337387084961
7625479713464517383,univsiberasia,"Hi Kak, untuk wisuda dilaksanakan secara hybrid. Jadi, bisa secara langsung dan bisa juga secara online untuk teman-teman yang diluar Jakarta😊",0,0,6,Dibuka Saat Mahasiswa,0.7555434703826904,9,Id Ac Pmb,0.7680213451385498,4,Online Offline Full,0.727657675743103
7630261289989980948,yuriiii..123,simple padat jelas info pendftran,1,1,13,Info Bagaimana Cara,0.597834587097168,18,100 Universitas Siber,0.5821602940559387,4,Online Offline Full,0.5739353895187378
7630731267534193415,univsiberasia,"Hi Kakak, Saat ini untuk pendaftaran mahasiswa baru sudah ditutup nih Kakak. Namun, jangan khawatir dibuka kembali di semester ganjil yaa yaitu di bulan Juni🤗",0,0,6,Dibuka Saat Mahasiswa,0.8526808023452759,9,Id Ac Pmb,0.7576816082000732,27,Pt Terakreditasi Ban,0.685261607170105
7603660802055275280,rasz.shop.official,itu yang poto terakhir lulusan s brpa😂,0,0,0,Tidak Ada Jurusan,0.665156900882721,12,Umur Yang Semangat,0.6879160404205322,15,Dimana Daerah Pjj,0.6855970025062561
7618644809414083348,iniakkaa__,aku kerja 3 shift kira kira keganggu ga ya jadwal kuliahnya?,1,1,1,Berapa Buka Kapan,0.7257854342460632,12,Umur Yang Semangat,0.764837384223938,0,Tidak Ada Jurusan,0.7510585784912109
7618769322484286226,univsiberasia,"Dijamin aman Kak, karena UNSIA mempermudah mahasiswanya yang bekerja sambil kuliah 🤗",0,0,9,Id Ac Pmb,0.7654390931129456,16,100 Tugas Skripsi,0.7347545623779297,12,Umur Yang Semangat,0.7015945911407471
7635257589516747541,abang.kecil74,di SBY ato Deket Deket sby / malang ada GK ya min ????,1,1,1,Berapa Buka Kapan,0.6757388114929199,0,Tidak Ada Jurusan,0.660610020160675,15,Dimana Daerah Pjj,0.6533990502357483
7635780326610256657,fathur87rohman,sama lagi cari,0,0,2,Iya Kak Dong,0.7082170248031616,21,Nitip Nitipp Kabarin,0.6206386089324951,24,Ilkom Ieu Balang,0.617679238319397
7635454488065835796,ilhamnurfauzi060,unsia ini drmana ya?,0,0,0,Tidak Ada Jurusan,0.7357151508331299,15,Dimana Daerah Pjj,0.806511640548706,5,Ada S2 Rpl,0.7460797429084778
7608899882024403730,th93915,ini saya mau. daftarnya gimana ya?,0,1,1,Berapa Buka Kapan,0.825150728225708,13,Info Bagaimana Cara,0.7880301475524902,7,Daftar Aku Sudah,0.738349199295044
7608953859012674311,univsiberasia,"Hi Kak, Kakak bisa langsung daftar sekarang di pmb.unsia.ac.id, pilih jurusan favorit, dan mulai kuliah online fleksibel dari mana aja🤩",1,0,9,Id Ac Pmb,0.9348692297935486,6,Dibuka Saat Mahasiswa,0.7853948473930359,27,Pt Terakreditasi Ban,0.7438117265701294
7626677623942644498,lisfashion99,pendaftaraan nya dmna k,1,1,15,Dimana Daerah Pjj,0.7394310832023621,1,Berapa Buka Kapan,0.7897249460220337,13,Info Bagaimana Cara,0.7844706773757935
7627297727273566994,univsiberasia,Untuk pendaftaran Kakak bisa langsung ke website resmi UNSIA di pmb.unsia.ac.id ya 🤗,0,0,9,Id Ac Pmb,0.8683300018310547,6,Dibuka Saat Mahasiswa,0.752651572227478,16,100 Tugas Skripsi,0.6728538274765015
7615823022867432212,wulansep24,klo kuliah nya online bisa ga sih pas wisudah ikut secara offline nya apa tetep online!???,0,1,0,Tidak Ada Jurusan,0.8046919107437134,4,Online Offline Full,0.8407877683639526,1,Berapa Buka Kapan,0.8061528205871582
7616250329127027464,univsiberasia,"Hi Kak, di UNSIA bisa banget. Kuliahnya online, wisudanya offline🤗",0,0,4,Online Offline Full,0.8004145622253418,16,100 Tugas Skripsi,0.8558021783828735,9,Id Ac Pmb,0.8241032958030701
7619192498326455048,anitanamang47,"daftarnya gimana ,mau buat anak sy🙏🙏",1,1,1,Berapa Buka Kapan,0.7533981204032898,13,Info Bagaimana Cara,0.7264164090156555,0,Tidak Ada Jurusan,0.703953742980957
7619205388811092754,univsiberasia,"Hi, Kakak bisa langsung daftar sekarang di pmb.unsia.ac.id, pilih jurusan favorit, dan mulai kuliah online fleksibel dari mana aja🤩",1,0,9,Id Ac Pmb,0.9268613457679749,6,Dibuka Saat Mahasiswa,0.7637069225311279,0,Tidak Ada Jurusan,0.7195009589195251
7624534716968944404,m4ttchaw_,"kak, aku lulusan smk thun kmren dan skrg aku kerja, rencana mau smbil kuliah tp kira' di unsia bisa ga ya kak?",0,2,0,Tidak Ada Jurusan,0.8326859474182129,1,Berapa Buka Kapan,0.7803992033004761,12,Umur Yang Semangat,0.7542619705200195
7625480116642300680,univsiberasia,Bisa banget dong UNSIA menerapkan sistem perkuliahan secara online maka kakak bisa berkuliah dimana saja dan kapan saja. Nah UNSIA bisa menjadi tujuan kakak yg ingin kuliah sambil bekerja kak karena memang waktunya fleksibel dan bisa dilaksanakan kapanpun dan dimanapun🤩🤩,1,0,9,Id Ac Pmb,0.8158963322639465,16,100 Tugas Skripsi,0.6867846250534058,12,Umur Yang Semangat,0.6854862570762634
7627919524600414984,inreitawa2,klo paket c bisa gak kak,0,0,1,Berapa Buka Kapan,0.8150426745414734,4,Online Offline Full,0.7641050815582275,19,Jalur Konversi Melalui,0.7392616271972656
7635195096740856584,risty_ishiyama,kuliah di unsia ini bisa full online gasih,0,1,4,Online Offline Full,0.7943882346153259,0,Tidak Ada Jurusan,0.8316773772239685,1,Berapa Buka Kapan,0.7751239538192749
7635248558107001607,univsiberasia,"Hi Kak, UNSIA 100% fully online sampai lulus🤗",0,0,16,100 Tugas Skripsi,0.8655422925949097,6,Dibuka Saat Mahasiswa,0.7857424020767212,9,Id Ac Pmb,0.7811439037322998
7630755510455321345,cocalateee4,pndfrtarannya apa msh buka min?😔😔,1,1,1,Berapa Buka Kapan,0.7620443105697632,15,Dimana Daerah Pjj,0.7059226036071777,5,Ada S2 Rpl,0.6992850303649902
7630764824947753746,univsiberasia,"Hi Ka, Saat ini untuk pendaftaran mahasiswa baru sudah ditutup nih Kakak. Namun, jangan khawatir dibuka kembali di semester ganjil yaa yaitu di bulan Juni🤗",0,0,6,Dibuka Saat Mahasiswa,0.8637482523918152,9,Id Ac Pmb,0.76323401927948,27,Pt Terakreditasi Ban,0.69658362865448
7624347386819396372,ooonieeeee,kl daftar blm ada ijazah atau skl bisa ga ya,1,1,1,Berapa Buka Kapan,0.8025288581848145,0,Tidak Ada Jurusan,0.7829369902610779,4,Online Offline Full,0.7518694400787354
7625479813260264200,univsiberasia,"Hi Kak, untuk lulusan tahun ini bisa menggunakan SKL yahh😊",0,0,1,Berapa Buka Kapan,0.7586850523948669,6,Dibuka Saat Mahasiswa,0.8196061849594116,19,Jalur Konversi Melalui,0.7797862887382507
7601720843920360209,aryaanarrchy,ada sarjana ilmu padi ga?,0,0,5,Ada S2 Rpl,0.7649000883102417,0,Tidak Ada Jurusan,0.674642026424408,18,100 Universitas Siber,0.6303920745849609
7601567402804282119,jd.r67,ini dimana ka lokasinya,0,0,15,Dimana Daerah Pjj,0.8729677796363831,1,Berapa Buka Kapan,0.743407130241394,13,Info Bagaimana Cara,0.7260507345199585
7601516800351077127,permata_n,bayar UKT maksimal sampe bulan apa ya?,0,1,1,Berapa Buka Kapan,0.7242791056632996,14,Dicicil 3Jt Biaya,0.7711247205734253,22,Biayanya Berapa Biaya,0.6808240413665771
7602867034201047828,einaafets,Maret,0,0,3,Menyimak Nrrjml Binus,0.8543390035629272,28,Juta 3Jt Serius,0.6465670466423035,18,100 Universitas Siber,0.6245081424713135
7601433570011890453,pebri0591,S2 perikanan ada gak min ?,0,0,0,Tidak Ada Jurusan,0.8146101236343384,5,Ada S2 Rpl,0.8235914707183838,1,Berapa Buka Kapan,0.7127301692962646
7601426418535793426,heartattack0202,boleh tau jurusan apa aja utk S2 nya ? makasih,0,0,0,Tidak Ada Jurusan,0.7806363701820374,1,Berapa Buka Kapan,0.7097529172897339,5,Ada S2 Rpl,0.7035099267959595
7601115442115134229,sofhaljemil,Ini angkatan tahun berapa kak?,0,0,1,Berapa Buka Kapan,0.7927303314208984,15,Dimana Daerah Pjj,0.8016881346702576,7,Daftar Aku Sudah,0.7629454731941223
7600987372649595668,syrzabas,masih buka gak pendftrannya? mau dftr soalnya,0,1,1,Berapa Buka Kapan,0.7992775440216064,4,Online Offline Full,0.7484104037284851,0,Tidak Ada Jurusan,0.7256447076797485
7600994297794233106,univsiberasia,"Halo Kak, UNSIA masih membuka pendaftaran mahasiswa baru lho",0,0,6,Dibuka Saat Mahasiswa,0.8972718715667725,9,Id Ac Pmb,0.7987174391746521,16,100 Tugas Skripsi,0.7548584342002869
7600947649987183380,loveyyha,pendaftaranya buka smpe kpn ka?,0,1,1,Berapa Buka Kapan,0.8464430570602417,13,Info Bagaimana Cara,0.778789222240448,6,Dibuka Saat Mahasiswa,0.7672632932662964
7602962190937801493,ceoofgabutnasional,ini masih buka gelombang 7 ka,0,0,1,Berapa Buka Kapan,0.7492635250091553,4,Online Offline Full,0.753772497177124,7,Daftar Aku Sudah,0.7335904240608215
7600745750809166613,nrrrrrrr09,abis daftar gitu langsung harus bayar UKT ya?,0,0,1,Berapa Buka Kapan,0.720674991607666,14,Dicicil 3Jt Biaya,0.7358952164649963,12,Umur Yang Semangat,0.7332171201705933
7600401508211819282,546iol,umur 24masih bisakah,0,1,0,Tidak Ada Jurusan,0.4883287847042084,28,Juta 3Jt Serius,0.6389671564102173,2,Iya Kak Dong,0.5965169668197632
7602962744878514965,ceoofgabutnasional,bsa banget😭,0,0,2,Iya Kak Dong,0.8214989900588989,20,Betul Keren Banget,0.7894396185874939,21,Nitip Nitipp Kabarin,0.6646014451980591
7606580974346634002,justkid240,bisa pilih wakty?,0,0,2,Iya Kak Dong,0.6933606863021851,5,Ada S2 Rpl,0.6483708024024963,13,Info Bagaimana Cara,0.6406533718109131
7640615443577373461,gabutsajahhhh0,Bismillah tahun ini🙏🏻🙃,3,0,26,Bismillah Depan Bismillahirrahmanirrahim,0.8894932866096497,10,Selalu Amin Semoga,0.6840977072715759,25,Semangat Wah Tetap,0.660627007484436
7640369163618435848,zynn.31,bingung banget mau ambil sistem informasi atau informatika 😌,2,0,17,Informasi Informatika Akuntansi,0.6993066072463989,0,Tidak Ada Jurusan,0.7126685380935669,12,Umur Yang Semangat,0.6883915662765503
7628129537360413460,orangaasingya,"Udh mulai apa belom si kuliahnya angkatan 2025/2026,di edlink udh ada jadwal hari ini",3,0,1,Berapa Buka Kapan,0.7331196069717407,12,Umur Yang Semangat,0.7519949674606323,0,Tidak Ada Jurusan,0.7457605600357056
7644336833371652884,lily28551,Blum ada s2 ya kk,1,0,5,Ada S2 Rpl,0.8251515626907349,0,Tidak Ada Jurusan,0.8168227076530457,7,Daftar Aku Sudah,0.765271782875061
7603271694287061778,benawangs,"mending d UT,Negeri,PTNBH,akreditasi A",4,0,0,Tidak Ada Jurusan,0.7403592467308044,5,Ada S2 Rpl,0.7103776335716248,4,Online Offline Full,0.6797868013381958
7636964232621523733,salsabila.ns3,lanjut d3 ke s1 bisa gak ka,1,0,0,Tidak Ada Jurusan,0.8279843926429749,5,Ada S2 Rpl,0.7556665539741516,1,Berapa Buka Kapan,0.7446491122245789
7636640578642330375,itt.smattchalatve,halo min mau nnya untuk prospek kerjanya gmna min udh bekerja sama sama siapa aja,0,0,0,Tidak Ada Jurusan,0.689893364906311,1,Berapa Buka Kapan,0.7219643592834473,13,Info Bagaimana Cara,0.6920034289360046
7636587112439022337,isarabicaa,adaa jurusan hukum ga disini ya? untuk peralihan kampus tapi di jurusan sama dan lanjut semester dikampus sebelumnya apakah bisa?,1,0,5,Ada S2 Rpl,0.7468288540840149,0,Tidak Ada Jurusan,0.8325574994087219,1,Berapa Buka Kapan,0.7545498609542847
7634896269723779861,nurldky,kak ada program rpl dari D1 ke S1 gak?,1,0,0,Tidak Ada Jurusan,0.8220621347427368,5,Ada S2 Rpl,0.7640129327774048,1,Berapa Buka Kapan,0.7347307205200195
7610828794044580628,ale.aleduaribu,semoga tahun depan ada jurusan statistika atau administrasi bisnis,2,0,0,Tidak Ada Jurusan,0.7277458906173706,17,Informasi Informatika Akuntansi,0.7093939781188965,5,Ada S2 Rpl,0.6958791017532349
7634089727448793876,ta282907,"Min ini di unsia sistem ujian nya gimana?
Apakah pengawas nya pakai AI?",1,0,0,Tidak Ada Jurusan,0.7680994272232056,1,Berapa Buka Kapan,0.7530298233032227,16,100 Tugas Skripsi,0.7497499585151672
7632294010208764690,bforbieeeell,nerimaa siswaa pindahan gaa ya?mauu masuk sini tp gmau ngulang semester,1,0,0,Tidak Ada Jurusan,0.6834115982055664,12,Umur Yang Semangat,0.7490826845169067,4,Online Offline Full,0.6586023569107056
7630782524214461205,devazdn,info dong pendaftaran kapan?,1,0,13,Info Bagaimana Cara,0.826974630355835,1,Berapa Buka Kapan,0.8209820985794067,7,Daftar Aku Sudah,0.7625839114189148
7629979512545674005,dutakebaya,bismillah bisaa wisudaa dari angkatan perama unsia,1,0,10,Selalu Amin Semoga,0.7341597676277161,6,Dibuka Saat Mahasiswa,0.6745885610580444,26,Bismillah Depan Bismillahirrahmanirrahim,0.671080470085144
7612204064457589522,suciputry30,kak kalo gak ikut zom krna kerjaan gmn kak,1,0,12,Umur Yang Semangat,0.697716236114502,1,Berapa Buka Kapan,0.7985546588897705,0,Tidak Ada Jurusan,0.7838070392608643
7611830947777151751,fatihatunnisa_,s2 sistem informasi ada kah????,1,0,0,Tidak Ada Jurusan,0.7654817700386047,5,Ada S2 Rpl,0.8087252378463745,17,Informasi Informatika Akuntansi,0.7666037082672119
7608226316236129045,skyyyy2134,tunggu aku lulus sekolah ya unsia😊,1,0,11,Terima Kasih Salam,0.7011169195175171,10,Selalu Amin Semoga,0.7996965050697327,7,Daftar Aku Sudah,0.7219632863998413
7654628377558762261,khoirulaanm_,xl,0,0,-1,Mantab Uk Belakang,0.0,3,Menyimak Nrrjml Binus,0.8770973086357117,28,Juta 3Jt Serius,0.6362017393112183
7654628284199600916,khoirulaanm_,lll l,0,0,3,Menyimak Nrrjml Binus,0.7446652054786682,28,Juta 3Jt Serius,0.5652422904968262,2,Iya Kak Dong,0.544510006904602
7653315854721155847,dmhijab.underwear,jurusan nya ap aj kk,0,0,0,Tidak Ada Jurusan,0.7989853620529175,15,Dimana Daerah Pjj,0.7575689554214478,5,Ada S2 Rpl,0.7511761784553528
7642798732190171925,a_yun21,"kak, izin bertanya kalo ujian skripsinya online/offline ya?",0,0,4,Online Offline Full,0.8307456374168396,1,Berapa Buka Kapan,0.8310233354568481,16,100 Tugas Skripsi,0.8180959224700928
7642303405189219093,pretynenez_,"mau tp gda fakultas gurunya ya?
mau ambl PGSD",0,0,0,Tidak Ada Jurusan,0.77536541223526,12,Umur Yang Semangat,0.7313138246536255,5,Ada S2 Rpl,0.7265002727508545
7636410349243564808,yourmayownes,bisa pindah ga udh smt 7 di ut?,0,0,0,Tidak Ada Jurusan,0.7272653579711914,5,Ada S2 Rpl,0.7067835330963135,4,Online Offline Full,0.7051370143890381
7636011998925636359,fellixz..2,kepengen kuliah online,0,0,9,Id Ac Pmb,0.5788099765777588,5,Ada S2 Rpl,0.6997455358505249,2,Iya Kak Dong,0.6864913105964661
7635905717224014613,restifa05,Ka klo di unsia tetap ada skripsi juga apa gimana? Terus klo ujian nya full online?,0,0,0,Tidak Ada Jurusan,0.8493334054946899,4,Online Offline Full,0.8359429836273193,16,100 Tugas Skripsi,0.8302947282791138
7635899393773978376,gracejevelyn,Ninggalin jejak dlu kalo udah lulus dri UT pengen nambah kuliah disini😁,0,0,0,Tidak Ada Jurusan,0.7243725061416626,12,Umur Yang Semangat,0.74109947681427,5,Ada S2 Rpl,0.6611119508743286
7635531088504341268,ryhannnn6,mending ini apa ut?,0,0,15,Dimana Daerah Pjj,0.7035058736801147,2,Iya Kak Dong,0.6656279563903809,5,Ada S2 Rpl,0.6146091222763062
7634974803376440084,user115682719,Guys ada orang brebes/tegal kuliah disini ga yq?,0,0,0,Tidak Ada Jurusan,0.7267309427261353,5,Ada S2 Rpl,0.7123711109161377,12,Umur Yang Semangat,0.6744158267974854
7632973680952378119,zizz1234561,"Ini sistem perkuliahanx seperti apa min, cra dapet pembelajaran melalui zoom atau bljr sendiri? Trus syarat kelulusan apa? Yg smcam skripsi gitu?",0,0,0,Tidak Ada Jurusan,0.7300860285758972,4,Online Offline Full,0.7125293016433716,12,Umur Yang Semangat,0.6973412036895752
7632724915132908295,mamiduosister,Ada ektensi d3komp akuntansi ke s1 akuntansi ga?,0,0,0,Tidak Ada Jurusan,0.6417632699012756,17,Informasi Informatika Akuntansi,0.6499905586242676,5,Ada S2 Rpl,0.6342712044715881
7631865654899557137,ayudewadanu,saya kuliah di ut pendidikan bahasa inggris tapi saya mau ambil managemen di kampus lain apa bsa,0,0,0,Tidak Ada Jurusan,0.779253363609314,1,Berapa Buka Kapan,0.6663239002227783,5,Ada S2 Rpl,0.6523004770278931
7630675820343968530,cecinacan,yg maba 2026 sistem informasi temenan yuk,0,0,17,Informasi Informatika Akuntansi,0.6592128276824951,18,100 Universitas Siber,0.6641072034835815,5,Ada S2 Rpl,0.644753098487854
7629636851447939856,cepekdua2_0,ada jurusan teknik mesin/elektro ga?,0,0,5,Ada S2 Rpl,0.7860702872276306,0,Tidak Ada Jurusan,0.7748181819915771,17,Informasi Informatika Akuntansi,0.7108814716339111
7629447740217115399,fitroo2,S2 nya unsia bisa ga ya? posisi di ut sekarang luar biasa banget mumetnya😭😭,0,0,6,Dibuka Saat Mahasiswa,0.7214423418045044,0,Tidak Ada Jurusan,0.8407998085021973,12,Umur Yang Semangat,0.7902395725250244
7626604977243472661,ameliadmyn,info jadwal pendaftaran min,0,0,13,Info Bagaimana Cara,0.7568404078483582,1,Berapa Buka Kapan,0.6626001000404358,6,Dibuka Saat Mahasiswa,0.6448932886123657
7626301625565545224,xiaoball27,Ini biaya full di awal habis berapa kak,0,0,1,Berapa Buka Kapan,0.8134850263595581,14,Dicicil 3Jt Biaya,0.7660711407661438,4,Online Offline Full,0.7469913959503174
7626259222885155602,descartesrene17,"allahu udh di ut smt 5, tp pngen lagiii. smoga klo ad rezeki bisa nimba ilmu dsni..",0,0,10,Selalu Amin Semoga,0.7414530515670776,12,Umur Yang Semangat,0.7688266038894653,0,Tidak Ada Jurusan,0.7103994488716125
7624853642592486151,riafriyani05,"kuliah online dapat almet GK ya, KLO dapat kapan",0,0,9,Id Ac Pmb,0.6736549735069275,4,Online Offline Full,0.8006251454353333,0,Tidak Ada Jurusan,0.7893306612968445
7618879381557232402,viii_ptrirhmni09,Min di unsia ada S2 nggaa,0,0,0,Tidak Ada Jurusan,0.8668431639671326,5,Ada S2 Rpl,0.7897540926933289,1,Berapa Buka Kapan,0.7838137149810791
7614169087903712008,matchalate_380,psikologi ada gak min??,0,0,5,Ada S2 Rpl,0.8326268196105957,15,Dimana Daerah Pjj,0.8027758002281189,1,Berapa Buka Kapan,0.7801892757415771
7604107802684277525,tsabitpamungkas777,Fakultas tehnik mesin ada ngga?,0,0,5,Ada S2 Rpl,0.7624019384384155,0,Tidak Ada Jurusan,0.7104331851005554,17,Informasi Informatika Akuntansi,0.6935091018676758
7602502450029478677,nekko399,Ada s2 tidak kak??,0,0,0,Tidak Ada Jurusan,0.8826295137405396,5,Ada S2 Rpl,0.9004437327384949,1,Berapa Buka Kapan,0.8281017541885376
7601639137444414215,itsmesweetcandyy,info S2 nya kak🙏,0,0,5,Ada S2 Rpl,0.7495880722999573,13,Info Bagaimana Cara,0.8049330711364746,0,Tidak Ada Jurusan,0.7521293759346008
7601097129730491154,shcgof,S2 ada jurusan apa aja? teknik ada ga😭,0,0,0,Tidak Ada Jurusan,0.7745986580848694,5,Ada S2 Rpl,0.7480003833770752,17,Informasi Informatika Akuntansi,0.6829370856285095
7600370065753850631,teguhfs26,S2 apa sudah ada?,0,0,5,Ada S2 Rpl,0.8642866611480713,0,Tidak Ada Jurusan,0.7975603342056274,1,Berapa Buka Kapan,0.7499908804893494
7628961747286541076,songkang0228,serius nanya buat lulusan paket c bisa?,0,0,1,Berapa Buka Kapan,0.7290304899215698,5,Ada S2 Rpl,0.780611515045166,0,Tidak Ada Jurusan,0.7719315886497498
7617911157294351121,aprhylino.dcruz.k,Bagaimana Negara tetanga Timor-Leste bisa k sekola di UNSIA?,0,1,0,Tidak Ada Jurusan,0.5582205653190613,18,100 Universitas Siber,0.562038779258728,5,Ada S2 Rpl,0.5422284007072449
7618119338440049426,univsiberasia,Bisa banget dong Kakak🤗 UNSIA menerapkan pembelajaran fully online,0,0,16,100 Tugas Skripsi,0.7963851690292358,4,Online Offline Full,0.6871775388717651,9,Id Ac Pmb,0.6835476756095886
7634533234835243777,siapelmanis28,ijazah UNSIA terdaftar di annabin Jerman ngga?,0,0,1,Berapa Buka Kapan,0.5558327436447144,18,100 Universitas Siber,0.6468327045440674,5,Ada S2 Rpl,0.6174894571304321
7632364144058893074,mang.hendi7,kuliah online cmn kayak formalitas aja buat dapatin ijasah.,0,0,9,Id Ac Pmb,0.5914895534515381,12,Umur Yang Semangat,0.6878829002380371,4,Online Offline Full,0.6602646112442017
7634199237107041031,angiittaa,kak aku ut Semester 3 mau pindah ngulang dari semester 1 atau lanjut aduuh🥺,0,10,0,Tidak Ada Jurusan,0.788709282875061,1,Berapa Buka Kapan,0.7371368408203125,12,Umur Yang Semangat,0.734237551689148
7639197611996005140,stvrlightz25,setauku kalo prodi sebelumnya linear sama prodi” di unsia bisa lanjut kak tanpa ngulang. Cmiw,0,0,0,Tidak Ada Jurusan,0.8099583387374878,12,Umur Yang Semangat,0.787400484085083,4,Online Offline Full,0.7494817972183228
7635962275879273237,yoliaaaa_,ulang aja kak aku juga ut smestr 2 udah lah kita masuk sinj aja lah yo,0,0,7,Daftar Aku Sudah,0.7785995602607727,12,Umur Yang Semangat,0.7485595345497131,4,Online Offline Full,0.7149059772491455
7635992661040775943,v1rg0girly_,"kakk knpaa kalo masuk ut? kok byk yg mau pindahh😭
bingung antara masuk ut apa ini,pliss kasih alasan kakk",0,0,0,Tidak Ada Jurusan,0.7888050675392151,1,Berapa Buka Kapan,0.7811675667762756,12,Umur Yang Semangat,0.7726269960403442
7637188894085301010,kanjengwulan_,Klo penasran monggo cobaa,0,0,21,Nitip Nitipp Kabarin,0.6226325035095215,11,Terima Kasih Salam,0.6309564709663391,2,Iya Kak Dong,0.6278572082519531
7637067421286662930,kanjengwulan_,Ayok kk🤣,0,0,2,Iya Kak Dong,0.8029510974884033,25,Semangat Wah Tetap,0.7304576635360718,21,Nitip Nitipp Kabarin,0.7063004970550537
7637066451598361364,yoliaaaa_,gass tapi kata nya bakal buka pendaftaran,0,0,1,Berapa Buka Kapan,0.6788018345832825,7,Daftar Aku Sudah,0.6939204931259155,4,Online Offline Full,0.691877007484436
7636558304530449160,hallobrow20,knp kaa😭 pdhl rencana mau masuk ut tahun ini,0,0,0,Tidak Ada Jurusan,0.7940670847892761,1,Berapa Buka Kapan,0.7878978252410889,12,Umur Yang Semangat,0.7622127532958984
7636704224177292053,yoliaaaa_,ngak bagus kak mending urungin deh darii pada buang buanng duit,0,0,2,Iya Kak Dong,0.5881831645965576,12,Umur Yang Semangat,0.6708108186721802,7,Daftar Aku Sudah,0.6375179886817932
7636627119586722568,angiittaa,"gak cocok di nilai, 70% nilai dari ujian, tiap semester pasti ada nilai c, emang sih plaksible, liburnya lama, tapi kalau mau ngejar IPK, harus ada perjuangan lebih, itu aja sih.",0,0,12,Umur Yang Semangat,0.8156697750091553,0,Tidak Ada Jurusan,0.6800762414932251,4,Online Offline Full,0.6779149770736694
7635849993857352455,cavi902,halo kak blh dm?,0,0,8,Dm Admin Halo,0.9179224967956543,7,Daftar Aku Sudah,0.7394061088562012,11,Terima Kasih Salam,0.7328671216964722
7646090444383830800,fbryy15,@matchaaa latte🍵 gass ga sii😭🙏,0,1,2,Iya Kak Dong,0.7266478538513184,20,Betul Keren Banget,0.6799392700195312,12,Umur Yang Semangat,0.6545369625091553
7646265094514918165,sisskaa97,gass,0,0,3,Menyimak Nrrjml Binus,0.8555786609649658,21,Nitip Nitipp Kabarin,0.6939428448677063,2,Iya Kak Dong,0.6602015495300293
7605012161937867540,calon_ibu_tiri,UKT & biaya lainnya?!,0,0,22,Biayanya Berapa Biaya,0.6628905534744263,28,Juta 3Jt Serius,0.6163423657417297,14,Dicicil 3Jt Biaya,0.5791451334953308
7634902079643108114,manisnya.suga_271,jurusannya apa aja,0,1,0,Tidak Ada Jurusan,0.560875654220581,15,Dimana Daerah Pjj,0.6976394653320312,22,Biayanya Berapa Biaya,0.6896128058433533
7635850039462724370,cavi902,halo kak blh dm?,0,0,8,Dm Admin Halo,0.9179226160049438,7,Daftar Aku Sudah,0.739406168460846,11,Terima Kasih Salam,0.7328671216964722
7634133300119175943,checel_san,"kalo kita lagi kerja di luar negeri apa bisa kuliah di universitas ini, full online?",0,1,0,Tidak Ada Jurusan,0.8176842927932739,4,Online Offline Full,0.7246817946434021,12,Umur Yang Semangat,0.7236601114273071
7634560729303089936,memskuy21,nitip kak,0,0,21,Nitip Nitipp Kabarin,0.9475067853927612,2,Iya Kak Dong,0.8148009181022644,11,Terima Kasih Salam,0.7176977396011353
7602159012029055751,dapur_makwin,ada hukum gak yah kira kira,0,0,5,Ada S2 Rpl,0.724421501159668,15,Dimana Daerah Pjj,0.7066096067428589,1,Berapa Buka Kapan,0.6873785257339478
7601629313251410708,foreveryoung.1140,info s2 min?,0,0,0,Tidak Ada Jurusan,0.6554203629493713,5,Ada S2 Rpl,0.7046390771865845,13,Info Bagaimana Cara,0.6760721206665039
7600407005249012501,ernawaituu,ada s2 ga kak?,0,0,0,Tidak Ada Jurusan,0.8826293349266052,5,Ada S2 Rpl,0.9004435539245605,1,Berapa Buka Kapan,0.828101634979248
7656392256665584391,lunabroww,😩😩😩,0,0,3,Menyimak Nrrjml Binus,0.995229959487915,21,Nitip Nitipp Kabarin,0.6757673621177673,2,Iya Kak Dong,0.6486166715621948
7625786115861611284,uygfr.hgrty,🥰🥰🥰,0,0,3,Menyimak Nrrjml Binus,0.995229959487915,21,Nitip Nitipp Kabarin,0.6757673621177673,2,Iya Kak Dong,0.6486166715621948
7620467608006198032,irulhuda700,😁😁😁,0,0,3,Menyimak Nrrjml Binus,0.995229959487915,21,Nitip Nitipp Kabarin,0.6757673621177673,2,Iya Kak Dong,0.6486166715621948
7608584221749871381,tyasrini07,🥰🥰🥰,0,0,3,Menyimak Nrrjml Binus,0.995229959487915,21,Nitip Nitipp Kabarin,0.6757673621177673,2,Iya Kak Dong,0.6486166715621948
7604877033437610772,vitaaperdila,😃😃😃,0,0,3,Menyimak Nrrjml Binus,0.995229959487915,21,Nitip Nitipp Kabarin,0.6757673621177673,2,Iya Kak Dong,0.6486166715621948
7604733083813102354,rospiepie,🥰,0,0,3,Menyimak Nrrjml Binus,0.995229959487915,21,Nitip Nitipp Kabarin,0.6757673621177673,2,Iya Kak Dong,0.6486166715621948
7603802793257779975,hisindya,"kak, berhubung kampus masih baru kenapa toga dan baju wisudanya ga di design yg beda dari yg lain si, i mean kek binus, padjajaran gitu ☹️👉🏻👈🏻",0,0,0,Tidak Ada Jurusan,0.6993522644042969,12,Umur Yang Semangat,0.7264419794082642,4,Online Offline Full,0.6871389150619507
7600974204565766919,rindu_cahaya01,Buka Pendidikan dong min😁 Pgsd paling banyak di minati skrang. hehehhe,0,0,0,Tidak Ada Jurusan,0.7594761848449707,12,Umur Yang Semangat,0.7374122142791748,16,100 Tugas Skripsi,0.7048941850662231
7603997064665727760,dindalestari6505,ihhh kucing pake togaa🥰🥰🥰🥰,0,0,2,Iya Kak Dong,0.7187020778656006,24,Ilkom Ieu Balang,0.6565910577774048,20,Betul Keren Banget,0.6398107409477234
7565850142696456977,navyluv_,apakah di unsia ada program ekstensi dari D3 ke S1 Jurusan teknik lingkungan?,0,1,0,Tidak Ada Jurusan,0.7910418510437012,5,Ada S2 Rpl,0.7149704694747925,17,Informasi Informatika Akuntansi,0.6874788999557495
7566193344058327816,univsiberasia,"Hao Kakak, untuk jalur ekstensi di UNSIA ada ya, namun untuk jurusan teknik lingkungan belum tersedia😊",0,0,6,Dibuka Saat Mahasiswa,0.8059295415878296,0,Tidak Ada Jurusan,0.808895468711853,9,Id Ac Pmb,0.7734997272491455
7564723785431368455,rustorusto277,Selamat dan Sukses selalu untuk UNSIA.❤❤❤🙏🙏🙏,1,0,10,Selalu Amin Semoga,0.8122137188911438,25,Semangat Wah Tetap,0.6513038277626038,11,Terima Kasih Salam,0.6469405889511108
7577912169107424020,hana_archives,mana video kakaknya minn,0,0,0,Tidak Ada Jurusan,0.5714727640151978,2,Iya Kak Dong,0.7109668850898743,15,Dimana Daerah Pjj,0.7005146741867065
7579297869195985682,mischiefparty,rpl pengalaman kerja bisa?,1,5,5,Ada S2 Rpl,0.6264030933380127,18,100 Universitas Siber,0.5759804844856262,28,Juta 3Jt Serius,0.5443088412284851
7579538646227944208,nadishapa26,rpl tapi nggak pake pengalaman kerja bisa nggak?,0,0,5,Ada S2 Rpl,0.6819301843643188,0,Tidak Ada Jurusan,0.6445266008377075,12,Umur Yang Semangat,0.6368499994277954
7588848969859318549,einaafets,"Kalo ini bs kak, dr sks sbelumnya",0,0,4,Online Offline Full,0.753331184387207,1,Berapa Buka Kapan,0.7653070688247681,7,Daftar Aku Sudah,0.743245005607605
7581005958815449863,hi_kindredkits,"ngk bisa kak, kmrn aku tanya ke adminnya, jd aku ambil reguler ngk ppa dah",0,0,7,Daftar Aku Sudah,0.7429201602935791,4,Online Offline Full,0.7438801527023315,1,Berapa Buka Kapan,0.719402551651001
7581893757407068936,mischiefparty,"kecewa sih, padahal rpl tipe a harusnya bisa perolehan sks",0,0,5,Ada S2 Rpl,0.6359148025512695,12,Umur Yang Semangat,0.6610647439956665,0,Tidak Ada Jurusan,0.6184394359588623
7579627031751901960,mischiefparty,"bisa sih harusnya, umumnya kampus rpl ambil dari sks kampus sebelumnya. cuman gatau ini kalo udah punya pengalaman kerja bisa atau enggak, soalnya rpl tipe A harusnya bisa.",0,0,5,Ada S2 Rpl,0.6763895750045776,0,Tidak Ada Jurusan,0.758433997631073,12,Umur Yang Semangat,0.755037784576416
7571609375002231560,jay_jaypee1,pendaftarannya gmna min?,0,6,1,Berapa Buka Kapan,0.84046870470047,13,Info Bagaimana Cara,0.8578278422355652,22,Biayanya Berapa Biaya,0.7540271878242493
7571676658262131474,jay_jaypee1,"baik, terimakasih infonya KA🙏",0,0,11,Terima Kasih Salam,0.9198418855667114,8,Dm Admin Halo,0.7736684679985046,20,Betul Keren Banget,0.7472869157791138
7571686982036800263,univsiberasia,"UNSIA solusinya Kakak, karena sistem pembelajarannya 100% full online learning, kakak bisa berkuliah dimana saja dan kapan saja
Nah UNSIA bisa menjadi tujuan kakak yg ingin kuliah sambil bekerja kak karena memang waktunya fleksibel dan bisa dilaksanakan kapanpun dan dimanapun 🤗",1,0,9,Id Ac Pmb,0.8133374452590942,16,100 Tugas Skripsi,0.6973468065261841,12,Umur Yang Semangat,0.6810222268104553
7573292469723415314,sisipau_,min pendaftaran gel 2 kapan???,0,3,1,Berapa Buka Kapan,0.722642183303833,0,Tidak Ada Jurusan,0.695967972278595,13,Info Bagaimana Cara,0.682167649269104
7573721046852764436,einaafets,"Setelah gel 1 kelar, bsk nya lgs buka lg gel 2 dst kok kak😉",0,0,1,Berapa Buka Kapan,0.697003960609436,4,Online Offline Full,0.745729923248291,7,Daftar Aku Sudah,0.7140768766403198
7573721521224876808,sisipau_,iya ya kak? soalnya dapat info katanya gel 2 buka nov tahun depan,1,0,2,Iya Kak Dong,0.5854519009590149,1,Berapa Buka Kapan,0.7720658779144287,6,Dibuka Saat Mahasiswa,0.7623227834701538
7573721779249382164,einaafets,"Wah lama bgt dong ka kl setahun 😭msh buka smpe maret kok inii, kl mau nanya2 bsa dm",1,0,1,Berapa Buka Kapan,0.7668004035949707,7,Daftar Aku Sudah,0.7696139812469482,8,Dm Admin Halo,0.7625633478164673
7575836064410043157,nazmul.milal,ini beneran full online.?,0,1,4,Online Offline Full,0.6647372245788574,18,100 Universitas Siber,0.6956026554107666,2,Iya Kak Dong,0.6533067226409912
7575841176566104839,univsiberasia,"Hi hi Kak, betul bangett dong🤩",0,0,20,Betul Keren Banget,0.8021595478057861,11,Terima Kasih Salam,0.7136876583099365,8,Dm Admin Halo,0.6650432348251343
7571821278505026325,lrtsllwd__,Kak untuk jadwal pembelajarannya bisa menyesuaikan waktu kita ngga ya?,0,1,1,Berapa Buka Kapan,0.8153631687164307,4,Online Offline Full,0.7526310682296753,13,Info Bagaimana Cara,0.745058536529541
7571881813728248594,univsiberasia,"Hai Ka, bisa banget tentunya. Dengan sistem pembelajaran sinkron dan asinkron memudahkan mahasiswa yang memiiiki aktifitas yang padat, jadi lebih efisien waktunya☺️",0,0,9,Id Ac Pmb,0.6836402416229248,16,100 Tugas Skripsi,0.7037074565887451,12,Umur Yang Semangat,0.6687968969345093
7577251344996139794,matocheeseu,unsia ada program ekstensi D3 ke S1 gak?,0,4,0,Tidak Ada Jurusan,0.7873273491859436,5,Ada S2 Rpl,0.7403771877288818,19,Jalur Konversi Melalui,0.6536067128181458
7578770232141234962,univsiberasia,"Hi Ka, ada ya melalui jalur konversi",0,0,19,Jalur Konversi Melalui,0.920211911201477,1,Berapa Buka Kapan,0.7643619775772095,16,100 Tugas Skripsi,0.7507158517837524
7578824143044543239,matocheeseu,jurusan apa aja kak?,0,0,0,Tidak Ada Jurusan,0.7949787378311157,15,Dimana Daerah Pjj,0.7806659936904907,5,Ada S2 Rpl,0.762259840965271
7578855232429490962,univsiberasia,"UNSIA memiliki 5 prodi ya Kak, akuntansi, komunikasi, manajemen, sistem informasi, dan informatika",0,0,17,Informasi Informatika Akuntansi,0.9211369156837463,27,Pt Terakreditasi Ban,0.6531413793563843,9,Id Ac Pmb,0.626171350479126
7578871626989961991,matocheeseu,aku d3 teknik elektro bisa lintas jurusan gk yah?,0,0,0,Tidak Ada Jurusan,0.8502299189567566,5,Ada S2 Rpl,0.759183406829834,1,Berapa Buka Kapan,0.7335211634635925
7571068025719816967,mykaelizee,MAUUU KE TI/SI THUN DEPAN AAAA🙂‍↔️🙂‍↔️,1,1,7,Daftar Aku Sudah,0.7707973718643188,12,Umur Yang Semangat,0.7332533001899719,0,Tidak Ada Jurusan,0.7001960277557373
7571753649765024530,einaafets,Gas kak😉😉,0,0,2,Iya Kak Dong,0.8513507843017578,21,Nitip Nitipp Kabarin,0.7554358243942261,20,Betul Keren Banget,0.7495876550674438
7571072426407527186,ilovesambelgeprek,s2 nyaa plissss,0,1,5,Ada S2 Rpl,0.6909747123718262,11,Terima Kasih Salam,0.7386722564697266,20,Betul Keren Banget,0.7361426949501038
7571749264139207442,univsiberasia,Wah... Mimin juga lagi nunggu nih Kak,0,0,11,Terima Kasih Salam,0.7541211843490601,7,Daftar Aku Sudah,0.7570092678070068,8,Dm Admin Halo,0.7442529201507568
7577301700362027777,ahmadrff_,2026 pendaftaran nya mulaii bulan apa?,0,1,1,Berapa Buka Kapan,0.7413709759712219,0,Tidak Ada Jurusan,0.6796025037765503,6,Dibuka Saat Mahasiswa,0.6736489534378052
7578770188166890247,univsiberasia,"Hai Kak, di bulan Januari 2026 ya☺️",0,0,6,Dibuka Saat Mahasiswa,0.731127142906189,8,Dm Admin Halo,0.7067902684211731,7,Daftar Aku Sudah,0.689832329750061
7571739621052154642,amelllllllllll039,ini kampusnya dimana yaa?,0,1,15,Dimana Daerah Pjj,0.8672081232070923,1,Berapa Buka Kapan,0.7785999774932861,0,Tidak Ada Jurusan,0.7622435092926025
7571753535471305479,einaafets,Jakarta Selatan kak,0,0,23,Jakarta Selatan Kota,0.73247230052948,28,Juta 3Jt Serius,0.5207961797714233,18,100 Universitas Siber,0.5197895765304565
7581090939940946696,smiling._55,"kakak pendaftarannya masih ga ya,? aku lulusan 2026 kak, terus juga bingung daftarnya gimana, aku mau tau lebih mendalam kak",0,1,13,Info Bagaimana Cara,0.7328757047653198,1,Berapa Buka Kapan,0.817720353603363,0,Tidak Ada Jurusan,0.8118418455123901
7581379489838957320,univsiberasia,"Hi Kakakk, boleh DM Mimin ya untuk lebih jelasnya🤩",0,0,8,Dm Admin Halo,0.8619405031204224,11,Terima Kasih Salam,0.6954106092453003,1,Berapa Buka Kapan,0.6915964484214783
7578762529011237652,babyjoyik,"halo min, jurusan S2 hukum/notaris belum ada ya ? kalo ada mau🥹",0,1,0,Tidak Ada Jurusan,0.8254291415214539,6,Dibuka Saat Mahasiswa,0.7620536684989929,5,Ada S2 Rpl,0.7541928291320801
7578855332438491922,univsiberasia,"Hi Kak, belum dibuka nih untuk program pascasarjana",0,0,6,Dibuka Saat Mahasiswa,0.8820555806159973,16,100 Tugas Skripsi,0.7533695697784424,1,Berapa Buka Kapan,0.746188223361969
7573141956294869761,sisayang03,Halo ka kalau udh wisuda s1 tpi mau ambil s1 jurusan yg beda Apakah tetep 4tahun ?,0,1,0,Tidak Ada Jurusan,0.8068087100982666,6,Dibuka Saat Mahasiswa,0.7291576266288757,1,Berapa Buka Kapan,0.7269042134284973
7573721423379907349,einaafets,Iya ka,0,0,2,Iya Kak Dong,0.8862804174423218,20,Betul Keren Banget,0.818972647190094,11,Terima Kasih Salam,0.7698267698287964
7581689665208976148,r.lyna4,kak untuk tau lebih lanjut bisa chat siapa ya kak??,0,1,1,Berapa Buka Kapan,0.7465362548828125,8,Dm Admin Halo,0.828100323677063,13,Info Bagaimana Cara,0.7272785902023315
7581697897256289032,univsiberasia,"Hi Kakak, bisa dm ke Mimin ya☺️",0,0,8,Dm Admin Halo,0.9078699350357056,11,Terima Kasih Salam,0.7047044038772583,1,Berapa Buka Kapan,0.7017615437507629
7572220524447007505,deviindra85,ada batasan usia gk min,0,1,0,Tidak Ada Jurusan,0.5920618176460266,5,Ada S2 Rpl,0.6707373261451721,13,Info Bagaimana Cara,0.6142526268959045
7578770387174540040,univsiberasia,"Nggak ada batasan umur kok Kakak
Di UNSIA, yang penting semangat belajarnya, bukan usianya 🙌
Karena belajar itu nggak kenal umur, yang muda semangat, yang udah berpengalaman juga makin keren",0,0,12,Umur Yang Semangat,0.7619578838348389,9,Id Ac Pmb,0.6420131325721741,0,Tidak Ada Jurusan,0.6259138584136963
7571038129869030151,nhana_okt,maba prodi akuntansi kumpul,1,0,5,Ada S2 Rpl,0.61103355884552,17,Informasi Informatika Akuntansi,0.7060360908508301,18,100 Universitas Siber,0.6845172643661499
7579538441215968001,nadishapa26,kak mau tanya kuliah jalur rpl kapan dibuka ? terima kasih,0,0,1,Berapa Buka Kapan,0.8116980791091919,0,Tidak Ada Jurusan,0.8002505898475647,6,Dibuka Saat Mahasiswa,0.7597524523735046
7584006564391846676,matchakoff,🥺🥺🥺,0,0,3,Menyimak Nrrjml Binus,0.995229959487915,21,Nitip Nitipp Kabarin,0.6757673621177673,2,Iya Kak Dong,0.6486166715621948
7571823637159035656,peboolll,plis bgt yg maba kita mutualan yuu😭😭,0,1,2,Iya Kak Dong,0.578830897808075,7,Daftar Aku Sudah,0.7008920907974243,12,Umur Yang Semangat,0.6384562253952026
7573050255085765396,anvi.85,ayooo,1,0,2,Iya Kak Dong,0.719003438949585,3,Menyimak Nrrjml Binus,0.8153890371322632,21,Nitip Nitipp Kabarin,0.7216104865074158
7587085038513308433,phieka.sari,akreditasi nya apa ya ka,1,4,0,Tidak Ada Jurusan,0.8242154121398926,1,Berapa Buka Kapan,0.8341323137283325,15,Dimana Daerah Pjj,0.8291343450546265
7595565236817314567,janenice99,C+,0,0,-1,Mantab Uk Belakang,0.0,3,Menyimak Nrrjml Binus,0.8976892232894897,2,Iya Kak Dong,0.6880486607551575
7587407130342638344,rafka_arsya.r,nitip,0,0,21,Nitip Nitipp Kabarin,0.9735068678855896,3,Menyimak Nrrjml Binus,0.7572670578956604,2,Iya Kak Dong,0.7146409749984741
7588847713556841237,einaafets,B kak,0,0,2,Iya Kak Dong,0.7955700159072876,3,Menyimak Nrrjml Binus,0.7782707214355469,20,Betul Keren Banget,0.7128012180328369
7588847754366026517,einaafets,B,0,0,-1,Mantab Uk Belakang,0.0,3,Menyimak Nrrjml Binus,0.9038224220275879,21,Nitip Nitipp Kabarin,0.6478707790374756
7581008394498163463,user6108342981361,usia diatas 40 masih bisa gk daftar disitu seprti ut,0,3,0,Tidak Ada Jurusan,0.7248318195343018,1,Berapa Buka Kapan,0.6997185945510864,5,Ada S2 Rpl,0.6903485059738159
7581385014815539975,univsiberasia,"Kalau ada yang bingung, jangan ragu untuk DM Mimin ya Kakak🤩",0,0,8,Dm Admin Halo,0.7817346453666687,11,Terima Kasih Salam,0.6591034531593323,7,Daftar Aku Sudah,0.6454413533210754
7581381358535770887,user6108342981361,ok terima kasih info nya semangat buat daftar insyaallah,0,0,11,Terima Kasih Salam,0.7861728668212891,10,Selalu Amin Semoga,0.7414361834526062,7,Daftar Aku Sudah,0.6949652433395386
7581379858027463432,univsiberasia,"Nggak ada batasan umur kok Kakak
Di UNSIA, yang penting semangat belajarnya, bukan usianya 🙌
Karena belajar itu nggak kenal umur, yang muda semangat, yang udah berpengalaman juga makin keren",3,0,12,Umur Yang Semangat,0.7619578838348389,9,Id Ac Pmb,0.6420131325721741,0,Tidak Ada Jurusan,0.6259138584136963
7577322926291256081,whoisd4rr,min aku mau bayar pendaftaran kok gabisa mulu ya?,0,2,1,Berapa Buka Kapan,0.7870223522186279,4,Online Offline Full,0.7417557835578918,12,Umur Yang Semangat,0.7280451655387878
7577324576620118801,whoisd4rr,"tertera tulisan katanya sedang banyak yang transaksi, coba lagi",0,0,1,Berapa Buka Kapan,0.5882751941680908,4,Online Offline Full,0.6383650898933411,7,Daftar Aku Sudah,0.626998782157898
7577324362521953032,univsiberasia,"Hi Kak, kendalanya di bagian apa kalau mimin boleh tau?",0,0,8,Dm Admin Halo,0.7984485626220703,1,Berapa Buka Kapan,0.787540078163147,13,Info Bagaimana Cara,0.7359727621078491
7585358260238172949,kurkumapluss09,adakah jurusan hukum kak,0,1,5,Ada S2 Rpl,0.8028741478919983,0,Tidak Ada Jurusan,0.7650550603866577,15,Dimana Daerah Pjj,0.7177700996398926
7587109275689845512,ikutikutan,Belum ada kak huhu,0,0,2,Iya Kak Dong,0.8035684823989868,7,Daftar Aku Sudah,0.7978792190551758,4,Online Offline Full,0.725631833076477
7577408423907721992,micstnjk,s2 ada buka kah ?,2,4,5,Ada S2 Rpl,0.769008994102478,0,Tidak Ada Jurusan,0.6914427876472473,15,Dimana Daerah Pjj,0.6770510673522949
7577427001570067208,univsiberasia,"Hi Kak, belum dibuka nih untuk program S2 di UNSIA☺️",1,0,6,Dibuka Saat Mahasiswa,0.8930277824401855,9,Id Ac Pmb,0.8011705279350281,16,100 Tugas Skripsi,0.7767602801322937
7590367397007541013,user05348289432,Kalau dari d3 ke s1 bisa ka?,0,0,0,Tidak Ada Jurusan,0.800555944442749,5,Ada S2 Rpl,0.732546329498291,19,Jalur Konversi Melalui,0.7285977602005005
7577469836989973256,micstnjk,"kapan ada pelaksanaan s2, mau ambil nih",1,0,0,Tidak Ada Jurusan,0.7745805978775024,5,Ada S2 Rpl,0.7373673319816589,1,Berapa Buka Kapan,0.7054328918457031
7586525905858740999,aisyah17102,ada kah yang baru daftar juga prodi manajemen?,1,1,0,Tidak Ada Jurusan,0.8150936365127563,5,Ada S2 Rpl,0.7779057025909424,1,Berapa Buka Kapan,0.7436577081680298
7587335368465482504,strawpie27,Akuu,0,0,3,Menyimak Nrrjml Binus,0.8802098035812378,2,Iya Kak Dong,0.7110781073570251,21,Nitip Nitipp Kabarin,0.6537196636199951
7589405877036221202,miigacoan,Min menerima orang disabilitas gak? Saya disabilitas tunarungu mau kuliah juga tapi kerja sif bisa fleksibel?,0,1,0,Tidak Ada Jurusan,0.7181640863418579,12,Umur Yang Semangat,0.6623888611793518,5,Ada S2 Rpl,0.6534870862960815
7589494555814511378,univsiberasia,"Halo, masih bisa ya Ka🤗",0,0,8,Dm Admin Halo,0.8569079637527466,7,Daftar Aku Sudah,0.7580599784851074,1,Berapa Buka Kapan,0.7403265833854675
7576929283567600392,thats_oke,"hi min,boleh tanya2?",0,1,1,Berapa Buka Kapan,0.6550723314285278,8,Dm Admin Halo,0.6978626251220703,11,Terima Kasih Salam,0.6677006483078003
7576967493714969352,univsiberasia,"Hi Kak, boleh dong🤗",0,0,8,Dm Admin Halo,0.857947051525116,11,Terima Kasih Salam,0.7872794270515442,7,Daftar Aku Sudah,0.7835687398910522
7579606928666952466,imeatshr_,untuk karyawan yang jam kerjanya shift bisa ga min😭,0,1,1,Berapa Buka Kapan,0.6549709439277649,0,Tidak Ada Jurusan,0.6593254804611206,4,Online Offline Full,0.6404614448547363
7579250692788732690,inisii_al,Ujiannya tetap online atau offline min?,0,1,4,Online Offline Full,0.8056097030639648,1,Berapa Buka Kapan,0.7480173110961914,0,Tidak Ada Jurusan,0.7082810997962952
7579255825697702664,univsiberasia,"Hi Kak, untuk ujianpun di UNSIA online ya🤗",1,0,8,Dm Admin Halo,0.7199198603630066,6,Dibuka Saat Mahasiswa,0.8565880060195923,16,100 Tugas Skripsi,0.8439300060272217
7578446747900183314,notdhl_,untuk ujian apakah full online min?,0,1,4,Online Offline Full,0.7996976375579834,1,Berapa Buka Kapan,0.7682056427001953,0,Tidak Ada Jurusan,0.7395535111427307
7578854964051968776,univsiberasia,"Hi Kak, betul. Ujiannya juga online ya di UNSIA🤩",0,0,4,Online Offline Full,0.7956331372261047,16,100 Tugas Skripsi,0.8633213043212891,6,Dibuka Saat Mahasiswa,0.8623368740081787
7578080193550648072,annearrr,daftar sama tanya2 nya kemana ini,0,1,1,Berapa Buka Kapan,0.6449822783470154,7,Daftar Aku Sudah,0.6760022640228271,4,Online Offline Full,0.6750539541244507
7578769874013766418,univsiberasia,"Hi Kak, bisa DM mimin ya🤩",0,0,8,Dm Admin Halo,0.9227089881896973,1,Berapa Buka Kapan,0.7217119336128235,13,Info Bagaimana Cara,0.7138828039169312
7577387365351818002,jochristiady,Kak apakah bisa tanya2 untuk jurusan ilmu komunikasi?,0,1,1,Berapa Buka Kapan,0.765905499458313,0,Tidak Ada Jurusan,0.7845568656921387,5,Ada S2 Rpl,0.7069716453552246
7577633579179279122,riskamawati.p,"hi kak, aku jurusan komunikasi di unsia",2,0,0,Tidak Ada Jurusan,0.7627843618392944,16,100 Tugas Skripsi,0.7722179293632507,17,Informasi Informatika Akuntansi,0.7657351493835449
7576608556137530120,bakulracing87,sukses selalu untuk Unsia,0,2,10,Selalu Amin Semoga,0.8282277584075928,25,Semangat Wah Tetap,0.7013572454452515,11,Terima Kasih Salam,0.6862152814865112
7576629336253448968,bakulracing87,enggeh siap 😁,0,0,2,Iya Kak Dong,0.748869001865387,24,Ilkom Ieu Balang,0.6951369047164917,21,Nitip Nitipp Kabarin,0.6705953478813171
7576617949437510408,univsiberasia,"Amin, sukses selalu untuk Kakak🤩",1,0,10,Selalu Amin Semoga,0.8536279797554016,11,Terima Kasih Salam,0.7551383972167969,25,Semangat Wah Tetap,0.7470215559005737
7576872700372976405,alessiaazalea,"min aku Uda daftar gelombang 1,,
dan Uda lulus jga,, kira2 kpan ya Nim kluar",0,1,1,Berapa Buka Kapan,0.8028099536895752,0,Tidak Ada Jurusan,0.7941222190856934,6,Dibuka Saat Mahasiswa,0.754273533821106
7576875915985797906,univsiberasia,"Hi Kak, untuk NIM akan diterbitkan ketika sudah mendekati masa perkuliahan ya 😊",0,0,9,Id Ac Pmb,0.7521858811378479,6,Dibuka Saat Mahasiswa,0.8393790125846863,16,100 Tugas Skripsi,0.7447540163993835
7576591450042827528,saw1809,"kak, ada S2 pendidikan dasar nya?",0,1,0,Tidak Ada Jurusan,0.8474524021148682,5,Ada S2 Rpl,0.8042770624160767,1,Berapa Buka Kapan,0.7583082318305969
7576617904453288712,univsiberasia,"Hi Kak, saat ini untuk program S2 di UNSIA belum dibuka ya☺️",0,0,6,Dibuka Saat Mahasiswa,0.9107609987258911,9,Id Ac Pmb,0.7973628044128418,16,100 Tugas Skripsi,0.759731650352478
7576620258091156240,hazeeeee56,Freelance di bidang media masih bingung apakah bisa fleksibel untuk kuliah masih maju mundur😭,0,0,0,Tidak Ada Jurusan,0.6741994619369507,12,Umur Yang Semangat,0.655826985836029,5,Ada S2 Rpl,0.6310783624649048
7577371403868570386,arifabcd_,kak lulusan paket c bisa daftar ngga?,0,1,1,Berapa Buka Kapan,0.8732730746269226,4,Online Offline Full,0.8264814615249634,0,Tidak Ada Jurusan,0.8166354894638062
7577427193840960264,univsiberasia,"Hi Kak, bisa dong🤗",0,0,8,Dm Admin Halo,0.8614936470985413,11,Terima Kasih Salam,0.7745059728622437,7,Daftar Aku Sudah,0.771877646446228
7577777090280899349,hmmmm3495,"hai ka, mau nanya kalo disini itu sistem belajar nya gimana ya? dikasih modul kaya UT atau video kaya ruang guru, atau gimana ka?",1,2,13,Info Bagaimana Cara,0.673088550567627,1,Berapa Buka Kapan,0.7352187037467957,0,Tidak Ada Jurusan,0.7035070061683655
7577987109337498376,quceeng,"dikasih video, materi ppt, dan zoom ya kak ga ada modul fisik",3,0,4,Online Offline Full,0.7521471977233887,1,Berapa Buka Kapan,0.6932370662689209,5,Ada S2 Rpl,0.686671257019043
7578072375486432020,hmmmm3495,oh makasih kaaaa,2,0,11,Terima Kasih Salam,0.8953701853752136,8,Dm Admin Halo,0.7541384696960449,2,Iya Kak Dong,0.7181732654571533
7578845039654322945,violetsky475,prodi ilmu hukum blm ada ya kak,0,1,0,Tidak Ada Jurusan,0.8335151076316833,6,Dibuka Saat Mahasiswa,0.806098461151123,5,Ada S2 Rpl,0.7990227937698364
7578853626442121991,univsiberasia,"Hi Kak, betul. UNSIA memiliki 5 prodi yaitu akuntansi, komunikasi, manajemen, sistem informasi, dan informatika",2,0,17,Informasi Informatika Akuntansi,0.9343434572219849,27,Pt Terakreditasi Ban,0.7114976644515991,9,Id Ac Pmb,0.6821994781494141
7577691681664713488,deafaqaat_,"min kalau misalnya mau double degree diunsia, namun dikampus yg pertama dapat beasiswa, apakah dikampus unsia bisa dapat beasiswa juga?",0,1,0,Tidak Ada Jurusan,0.7569210529327393,14,Dicicil 3Jt Biaya,0.6931735277175903,19,Jalur Konversi Melalui,0.6914792656898499
7578453435143963400,univsiberasia,"Hi Kak, bisa. Namun saat ini untuk program beasiswa belum dibuka nih",0,0,6,Dibuka Saat Mahasiswa,0.872270405292511,19,Jalur Konversi Melalui,0.7474430203437805,1,Berapa Buka Kapan,0.7412296533584595
7577052647858340624,l4dyoftheforest,pendaftaran gelombang 1 nya kapan ya ka?,0,1,1,Berapa Buka Kapan,0.8503154516220093,6,Dibuka Saat Mahasiswa,0.8056769371032715,13,Info Bagaimana Cara,0.7674382925033569
7577216952290968338,univsiberasia,"Hi hi Kak, saat ini sudah gelombang II ya🤗",0,0,6,Dibuka Saat Mahasiswa,0.8347692489624023,16,100 Tugas Skripsi,0.7249151468276978,27,Pt Terakreditasi Ban,0.7176661491394043
7578762286945370901,babyjoyik,jurusan s2 hukum/notaris belum ada ya ya? kalo ada mau😭,0,0,0,Tidak Ada Jurusan,0.8316128253936768,5,Ada S2 Rpl,0.7710392475128174,1,Berapa Buka Kapan,0.7262239456176758
7634073208996086548,grescly0,mij kalo mau daftar beasiswa harus jadi mahasiswa dulu atau ga?,0,0,1,Berapa Buka Kapan,0.7280008792877197,0,Tidak Ada Jurusan,0.7884886264801025,5,Ada S2 Rpl,0.7215133905410767
7580066018909258512,hahalifyou_,Min kalau cara nemu temen baru nya gmna 😂 ada grup wa nya kah ahah,0,3,1,Berapa Buka Kapan,0.7463980317115784,13,Info Bagaimana Cara,0.7028071880340576,7,Daftar Aku Sudah,0.6982198357582092
7580217722568639253,einaafets,CaMaba kak?,0,0,2,Iya Kak Dong,0.7733113765716553,24,Ilkom Ieu Balang,0.7151658535003662,20,Betul Keren Banget,0.6939389109611511
7580217924838179585,hahalifyou_,Iya,0,0,2,Iya Kak Dong,0.8304998874664307,20,Betul Keren Banget,0.7762936949729919,3,Menyimak Nrrjml Binus,0.7603020071983337
7580218470592725780,einaafets,Nanti bakal ada grup angkatan kok,1,0,1,Berapa Buka Kapan,0.6434005498886108,7,Daftar Aku Sudah,0.740151584148407,4,Online Offline Full,0.6891718506813049
7577502320276718344,teliaa73,"mau daftar masih ragu karena kerjanya di shift, dan masih bingung pilih jurusan yang tepat, boleh kasih solusi min🙏",0,2,9,Id Ac Pmb,0.637943685054779,0,Tidak Ada Jurusan,0.7611486315727234,12,Umur Yang Semangat,0.731831967830658
7577764301029786389,einaafets,Boleh konsultasi Yuk kak saya anak unsiaa,0,0,0,Tidak Ada Jurusan,0.7844849824905396,16,100 Tugas Skripsi,0.7799802422523499,7,Daftar Aku Sudah,0.7774146795272827
7580189489609261831,teajusapell99,kk ak mau nanya ka,0,0,1,Berapa Buka Kapan,0.6530731916427612,8,Dm Admin Halo,0.7045984864234924,7,Daftar Aku Sudah,0.6890411376953125
7591418208654836501,mrs.taeeeee,kak ada beasiswa yg dpt uang saku g?,0,0,1,Berapa Buka Kapan,0.7671290636062622,0,Tidak Ada Jurusan,0.7802199125289917,5,Ada S2 Rpl,0.7604962587356567
7577555632544105217,azjenehne,beasiswa apa min dan jurusan nya ada apa saja,0,0,0,Tidak Ada Jurusan,0.8186051249504089,1,Berapa Buka Kapan,0.788162112236023,5,Ada S2 Rpl,0.7566025257110596
7577337165840319239,bossl3r,min kapan fakultas hukum ada,0,0,0,Tidak Ada Jurusan,0.7986172437667847,5,Ada S2 Rpl,0.7847890853881836,1,Berapa Buka Kapan,0.7609205842018127
7578117728650986257,wwwflower13,gimana cara daftar beasiswa d unsia,0,0,1,Berapa Buka Kapan,0.677228569984436,0,Tidak Ada Jurusan,0.6973470449447632,9,Id Ac Pmb,0.6963084936141968
7577542160162308865,dsu_tami,apakah ada program untuk S2 nya kak?,0,0,5,Ada S2 Rpl,0.7923312187194824,0,Tidak Ada Jurusan,0.8330725431442261,1,Berapa Buka Kapan,0.8011288642883301
7577294480384475922,gimmeyu_,syarat beasiswa unsia apa aja ya min,0,0,0,Tidak Ada Jurusan,0.7885093688964844,1,Berapa Buka Kapan,0.7688325643539429,13,Info Bagaimana Cara,0.7287905216217041
7578030506475897607,henihaho,ada jurusan pendidikan bahasa Inggris kak?,0,0,0,Tidak Ada Jurusan,0.8395729064941406,5,Ada S2 Rpl,0.7945627570152283,1,Berapa Buka Kapan,0.7310140132904053
7577681502638129928,seledri_51,"Jurusan S2 plis,Spil!!",0,0,0,Tidak Ada Jurusan,0.644469141960144,17,Informasi Informatika Akuntansi,0.6625831127166748,5,Ada S2 Rpl,0.6352378726005554
7597984062938104596,bidwil95,akreditasinya apa?@univsiberasia,0,1,0,Tidak Ada Jurusan,0.7392575740814209,5,Ada S2 Rpl,0.7397698760032654,15,Dimana Daerah Pjj,0.720832347869873
7598030239612470024,univsiberasia,UNSIA sudah terakreditasi oleh BAN-PT dengan nilai Baik sekali dan international ya Kak,1,0,27,Pt Terakreditasi Ban,0.9114912748336792,9,Id Ac Pmb,0.7015877366065979,16,100 Tugas Skripsi,0.69316565990448
7594295635269010183,sayang_ayang7,🥰,0,0,3,Menyimak Nrrjml Binus,0.995229959487915,21,Nitip Nitipp Kabarin,0.6757673621177673,2,Iya Kak Dong,0.6486166715621948
7594295606630892295,sayang_ayang7,🥰,0,0,3,Menyimak Nrrjml Binus,0.995229959487915,21,Nitip Nitipp Kabarin,0.6757673621177673,2,Iya Kak Dong,0.6486166715621948
7594295602092229383,sayang_ayang7,😂,0,0,3,Menyimak Nrrjml Binus,0.995229959487915,21,Nitip Nitipp Kabarin,0.6757673621177673,2,Iya Kak Dong,0.6486166715621948
7594295604571112199,sayang_ayang7,😂,0,0,3,Menyimak Nrrjml Binus,0.995229959487915,21,Nitip Nitipp Kabarin,0.6757673621177673,2,Iya Kak Dong,0.6486166715621948
7580775377226908417,roseberrywine,☺,0,0,3,Menyimak Nrrjml Binus,0.995229959487915,21,Nitip Nitipp Kabarin,0.6757673621177673,2,Iya Kak Dong,0.6486166715621948
7578200123096990472,ssen.see,mau tanya tanya dulu dong tentang kuliah di sini bisa gaya sistemnya gmb gitu,0,1,0,Tidak Ada Jurusan,0.8031238913536072,12,Umur Yang Semangat,0.7454733848571777,16,100 Tugas Skripsi,0.7374337315559387
7578769965462504210,univsiberasia,"Hi Kak, bisa DM mimin ya🤩",0,0,8,Dm Admin Halo,0.9227089881896973,1,Berapa Buka Kapan,0.7217119336128235,13,Info Bagaimana Cara,0.7138828039169312
7564451489684062983,palingrandom5,"mau nanya"" dong ka",0,1,1,Berapa Buka Kapan,0.7544621229171753,8,Dm Admin Halo,0.7952151298522949,11,Terima Kasih Salam,0.7705868482589722
7564617787353973512,univsiberasia,"Halo Kakak, boleh DM Mimin ya Kak😊",0,0,8,Dm Admin Halo,0.9356963038444519,7,Daftar Aku Sudah,0.7320507764816284,11,Terima Kasih Salam,0.7249119281768799
7564016277925479189,riko.noviantoro,kereen euy. kita gak ada,0,0,2,Iya Kak Dong,0.6776093244552612,20,Betul Keren Banget,0.6547952890396118,12,Umur Yang Semangat,0.6491584777832031
7563844038080643860,nadakotto,ga jadi ikutan karena kerjaan huhuhu sedih banget 🥺,0,2,12,Umur Yang Semangat,0.7637695074081421,7,Daftar Aku Sudah,0.6530627012252808,4,Online Offline Full,0.6358301043510437
7564618254258832135,univsiberasia,Wah:( semoga tahun depan Kak Nada bisa ikut ya🤗,1,0,10,Selalu Amin Semoga,0.7965532541275024,7,Daftar Aku Sudah,0.7880533933639526,11,Terima Kasih Salam,0.7402527928352356
7565096361797993234,nadakotto,aamiinnn maacih mimin🥰🥰🥰,0,0,11,Terima Kasih Salam,0.7690931558609009,10,Selalu Amin Semoga,0.7102385759353638,25,Semangat Wah Tetap,0.6483155488967896
7563682425261343489,pehngueri,"ujiannya tetap online atau harus datang ke kampus?
pake pkl dan kkn ga?",0,3,4,Online Offline Full,0.7228560447692871,12,Umur Yang Semangat,0.6550227403640747,0,Tidak Ada Jurusan,0.6420184373855591
7563974551228515088,airasiwi2,nitip,0,0,21,Nitip Nitipp Kabarin,0.9735068678855896,3,Menyimak Nrrjml Binus,0.7572670578956604,2,Iya Kak Dong,0.7146409749984741
7575750829996475156,afni_an037,😁,0,0,3,Menyimak Nrrjml Binus,0.995229959487915,21,Nitip Nitipp Kabarin,0.6757673621177673,2,Iya Kak Dong,0.6486166715621948
7568532951584441109,jemapple_,😅,0,0,3,Menyimak Nrrjml Binus,0.995229959487915,21,Nitip Nitipp Kabarin,0.6757673621177673,2,Iya Kak Dong,0.6486166715621948
7568520002186838805,tarii_qq,info UKT doongg,0,4,13,Info Bagaimana Cara,0.6811132431030273,18,100 Universitas Siber,0.7225268483161926,5,Ada S2 Rpl,0.6661721467971802
7571310582097625864,univsiberasia,"Hi hi kak, Biaya kuliah per semester: flat Rp3.000.000 untuk semua jurusan, Biaya tersebut dapat dicicil dalam 3 kali pembayaran. Kalau ada yang masih ingin ditanyakan, Mimin siap balas di DM😊",0,0,14,Dicicil 3Jt Biaya,0.7746158242225647,9,Id Ac Pmb,0.7332195043563843,6,Dibuka Saat Mahasiswa,0.6786872744560242
7576599533523698450,revaasihotang,min unsia ada beasiswa y gc min,0,0,0,Tidak Ada Jurusan,0.8359832763671875,1,Berapa Buka Kapan,0.8097406625747681,16,100 Tugas Skripsi,0.787995457649231
7571313083924038418,loviandari_,cara daftarnya gimana min? kalo wisuda nantinya itu offline?,0,0,13,Info Bagaimana Cara,0.7463898062705994,1,Berapa Buka Kapan,0.8221961855888367,4,Online Offline Full,0.7930409908294678
7571322788869735175,univsiberasia,"Hi Kak, Hari ini resmi pendaftaran Mahasiswa Baru UNSIA dimulai. Jadi Kakak bisa langsung daftar sekarang di pmb.unsia.ac.id, pilih jurusan favorit, dan mulai kuliah online fleksibel dari mana aja. Untuk wisuda dilaksanakan secara onsite ya Kakak",1,0,9,Id Ac Pmb,0.9377588033676147,6,Dibuka Saat Mahasiswa,0.8290128707885742,27,Pt Terakreditasi Ban,0.763966977596283
7567240581647663890,apanih_he,kak ada jurusan perpustakaan??,1,1,0,Tidak Ada Jurusan,0.8379827737808228,5,Ada S2 Rpl,0.8590812683105469,15,Dimana Daerah Pjj,0.7980327606201172
7569137350321275666,univsiberasia,"Halo Kakak, saat ini di UNSIA memiliki 5 prodi yaitu akuntansi, komunikasi, manajemen, sistem informasi, dan informatika",0,0,17,Informasi Informatika Akuntansi,0.9298352599143982,27,Pt Terakreditasi Ban,0.702436089515686,9,Id Ac Pmb,0.697029173374176
7568405053125690120,hxutgfb,kak ada jurusan hukum ga?,0,2,0,Tidak Ada Jurusan,0.8800358176231384,5,Ada S2 Rpl,0.880218505859375,1,Berapa Buka Kapan,0.8055779933929443
7569137320688911111,univsiberasia,"Halo Kakak, saat ini di UNSIA memiliki 5 prodi yaitu akuntansi, komunikasi, manajemen, sistem informasi, dan informatika",0,0,17,Informasi Informatika Akuntansi,0.9298352599143982,27,Pt Terakreditasi Ban,0.702436089515686,9,Id Ac Pmb,0.697029173374176
7568826674868241160,einaafets,Blm ada kaa,0,0,2,Iya Kak Dong,0.8106393814086914,7,Daftar Aku Sudah,0.8010063171386719,8,Dm Admin Halo,0.7397453784942627
7571443441176281864,zafaziah,pendaftaran sampai kapan kak?,0,2,1,Berapa Buka Kapan,0.8553371429443359,13,Info Bagaimana Cara,0.812434732913971,15,Dimana Daerah Pjj,0.7851600646972656
7577990671606760210,quceeng,"halo kak saat ini pendaftaran sudah dibuka ya, tiap gelombang terdiri dari 2 minggu",0,0,6,Dibuka Saat Mahasiswa,0.8400177359580994,9,Id Ac Pmb,0.7336794137954712,1,Berapa Buka Kapan,0.7187442183494568
7578052518296240914,zafaziah,aku dah daftar kak hehe,0,0,7,Daftar Aku Sudah,0.8579508066177368,2,Iya Kak Dong,0.775609016418457,11,Terima Kasih Salam,0.7430176734924316
7567357217616282389,knf959,kak kapan pendaftaran dibuka,1,2,1,Berapa Buka Kapan,0.8470169305801392,13,Info Bagaimana Cara,0.8045568466186523,6,Dibuka Saat Mahasiswa,0.7887867093086243
7568360522207855378,univsiberasia,"Halo Kakak, tanggal 7 November pendaftaran dibuka ya Kakak, untuk informasi penerimaan mahasiswa baru bisa folow akun instagram @ppmbunsia_official ya Kakak agar tidak tertinggal informasinya 😊",0,0,9,Id Ac Pmb,0.8128175735473633,6,Dibuka Saat Mahasiswa,0.8014236688613892,8,Dm Admin Halo,0.7270758152008057
7568827237799133970,ikutikutan,Tgl 7 nov ini udah buka kak. Boleh dm utk tanya” ya kak😉,0,0,8,Dm Admin Halo,0.8160339593887329,1,Berapa Buka Kapan,0.7668952941894531,7,Daftar Aku Sudah,0.7470847368240356
7568477964800606983,lina.hulpa,spill biaya nya kk,0,1,7,Daftar Aku Sudah,0.7154718041419983,22,Biayanya Berapa Biaya,0.7838367223739624,13,Info Bagaimana Cara,0.7594108581542969
7571310661243028231,univsiberasia,"Hi hi kak, Biaya kuliah per semester: flat Rp3.000.000 untuk semua jurusan, Biaya tersebut dapat dicicil dalam 3 kali pembayaran. Kalau ada yang masih ingin ditanyakan, Mimin siap balas di DM😊",0,0,14,Dicicil 3Jt Biaya,0.7746158242225647,9,Id Ac Pmb,0.7332195043563843,6,Dibuka Saat Mahasiswa,0.6786872744560242
7576569289517744904,8752.jpg,ada skripsi ga min,0,1,5,Ada S2 Rpl,0.8499246835708618,0,Tidak Ada Jurusan,0.7834623456001282,1,Berapa Buka Kapan,0.7786809206008911
7576573629107503880,univsiberasia,"Hi hi Kak, ada ya☺️",1,0,8,Dm Admin Halo,0.8172670006752014,7,Daftar Aku Sudah,0.7342603802680969,11,Terima Kasih Salam,0.7305223941802979
7567254223374058258,yaya_mariyaaa,Blm ada prodi pariwisata ya?,0,1,0,Tidak Ada Jurusan,0.7841641306877136,5,Ada S2 Rpl,0.8163105845451355,4,Online Offline Full,0.7310823202133179
7569137428452410130,univsiberasia,"Halo Kakak, saat ini di UNSIA memiliki 5 prodi yaitu akuntansi, komunikasi, manajemen, sistem informasi, dan informatika",0,0,17,Informasi Informatika Akuntansi,0.9298352599143982,27,Pt Terakreditasi Ban,0.702436089515686,9,Id Ac Pmb,0.697029173374176
7568491659354702593,quabides,kalo mau tau harga setiap jurusannya kemana ya liatnya?,0,2,1,Berapa Buka Kapan,0.7046316266059875,15,Dimana Daerah Pjj,0.6960595846176147,4,Online Offline Full,0.6824562549591064
7571310502497977106,univsiberasia,"Hi hi kak, Biaya kuliah per semester: flat Rp3.000.000 untuk semua jurusan, Biaya tersebut dapat dicicil dalam 3 kali pembayaran. Kalau ada yang masih ingin ditanyakan, Mimin siap balas di DM😊",0,0,14,Dicicil 3Jt Biaya,0.7746158242225647,9,Id Ac Pmb,0.7332195043563843,6,Dibuka Saat Mahasiswa,0.6786872744560242
7568517199461008149,dsyanight,"liat di webnya unsia kak, tapi keknya semua sama per semesternya 3jutaan",0,0,14,Dicicil 3Jt Biaya,0.7971084713935852,0,Tidak Ada Jurusan,0.7750644683837891,4,Online Offline Full,0.7698155641555786
7568479152434627336,hnyzhn,kak ada jurusan teknik pangan/teknik industri/teknik kimia dan sejenis nya ga ya??,0,2,0,Tidak Ada Jurusan,0.7912043333053589,17,Informasi Informatika Akuntansi,0.7348304986953735,5,Ada S2 Rpl,0.7068240642547607
7569194070686630664,xjsnrjmm,binus online aja,0,0,3,Menyimak Nrrjml Binus,0.7018113732337952,18,100 Universitas Siber,0.7294050455093384,2,Iya Kak Dong,0.6585731506347656
7568517012433355540,dsyanight,"gaada kak, baru ada 5 prodi",0,0,4,Online Offline Full,0.740225613117218,5,Ada S2 Rpl,0.7340468168258667,7,Daftar Aku Sudah,0.7177408933639526
7567905903408710416,urfavouraite,kak blm dibuka ya pendaftaran?,0,1,1,Berapa Buka Kapan,0.8259653449058533,6,Dibuka Saat Mahasiswa,0.8418492078781128,7,Daftar Aku Sudah,0.7739776968955994
7568360617325904647,univsiberasia,"Halo Kakak, tanggal 7 November pendaftaran dibuka ya Kakak, untuk informasi penerimaan mahasiswa baru bisa folow akun instagram @ppmbunsia_official ya Kakak agar tidak tertinggal informasinya 😊",1,0,9,Id Ac Pmb,0.8128175735473633,6,Dibuka Saat Mahasiswa,0.8014236688613892,8,Dm Admin Halo,0.7270758152008057
7575871465061352210,semangatberproses0,ada S2 nya engaaaa?,0,0,5,Ada S2 Rpl,0.8093523383140564,0,Tidak Ada Jurusan,0.7462617754936218,2,Iya Kak Dong,0.7431442737579346
7572428359729808129,bayi4222,"ka kalo tanya"" bisa lewat wa gk ?",0,1,1,Berapa Buka Kapan,0.7737306356430054,8,Dm Admin Halo,0.8042836785316467,13,Info Bagaimana Cara,0.7344869375228882
7578769547034575623,univsiberasia,"Hi Kak, boleh DM Mimin ya☺️",0,0,8,Dm Admin Halo,0.9294470548629761,1,Berapa Buka Kapan,0.7262176275253296,11,Terima Kasih Salam,0.7227748036384583
7584348814473429781,qaxaxa,🥰,0,0,3,Menyimak Nrrjml Binus,0.995229959487915,21,Nitip Nitipp Kabarin,0.6757673621177673,2,Iya Kak Dong,0.6486166715621948
7569489213101654805,restot97,🥺,0,0,3,Menyimak Nrrjml Binus,0.995229959487915,21,Nitip Nitipp Kabarin,0.6757673621177673,2,Iya Kak Dong,0.6486166715621948
7560687638605333256,managementmarketing8,👏👏👏🙏,0,0,3,Menyimak Nrrjml Binus,0.995229959487915,21,Nitip Nitipp Kabarin,0.6757673621177673,2,Iya Kak Dong,0.6486166715621948
7576676134923485968,khomyanah2,😂,0,0,3,Menyimak Nrrjml Binus,0.995229959487915,21,Nitip Nitipp Kabarin,0.6757673621177673,2,Iya Kak Dong,0.6486166715621948
7569301055537758983,viiiiiiiiiiiiiiiiiiii10,Kk mau tanya tanya boleh gak ? Pengen kuliah tapi aku di luar negeri,0,1,0,Tidak Ada Jurusan,0.8146647810935974,1,Berapa Buka Kapan,0.7573595643043518,12,Umur Yang Semangat,0.7111884951591492
7570039621675172616,ikutikutan,Halo kak boleh dm aku yaa 🥰,1,0,8,Dm Admin Halo,0.9239030480384827,7,Daftar Aku Sudah,0.7421990633010864,11,Terima Kasih Salam,0.7167326211929321
7564473654713762568,penggunaaan_000,halo kak ini klo kuliah nya sambil kerja bisa kan ya?,0,1,0,Tidak Ada Jurusan,0.8059656023979187,12,Umur Yang Semangat,0.7836593389511108,16,100 Tugas Skripsi,0.7833317518234253
7564664677298160391,univsiberasia,"Halo Kakak, bisa banget dong karena UNSIA 100% full online learning 🤗",1,0,16,100 Tugas Skripsi,0.9101866483688354,9,Id Ac Pmb,0.7848783731460571,4,Online Offline Full,0.7590521574020386
7563512904218559252,riko.noviantoro,Membanggakan,1,0,-1,Mantab Uk Belakang,0.0,3,Menyimak Nrrjml Binus,0.8452596664428711,20,Betul Keren Banget,0.6747568249702454
7568924224108315400,viiiiiiiiiiiiiiiiiiii10,🙏🙏🙏,0,0,3,Menyimak Nrrjml Binus,0.995229959487915,21,Nitip Nitipp Kabarin,0.6757673621177673,2,Iya Kak Dong,0.6486166715621948
7559458600264762132,zilfaniafirdaus,kak apakah sudah ada untuk program magister?,0,1,5,Ada S2 Rpl,0.7747416496276855,0,Tidak Ada Jurusan,0.7947561740875244,1,Berapa Buka Kapan,0.7912065386772156
7560588770430796552,univsiberasia,"Halo Kakak, saat ini untuk program S2 di UNSIA belum dibuka ya☺",0,0,6,Dibuka Saat Mahasiswa,0.907194972038269,9,Id Ac Pmb,0.795250654220581,16,100 Tugas Skripsi,0.7614069581031799
7560676097332511495,hisindya,kak kalau mau aktif dikampus gimana caranya ya? kan kuliahnya online☹,0,1,1,Berapa Buka Kapan,0.8243200778961182,4,Online Offline Full,0.8025450706481934,0,Tidak Ada Jurusan,0.7780669927597046
7560953735728710408,einaafets,Aktif di hima kakk😁,0,0,7,Daftar Aku Sudah,0.7438697814941406,2,Iya Kak Dong,0.7395718097686768,18,100 Universitas Siber,0.7377625703811646
7560990104327275272,capricorn8516,biaya nya berapa kak,1,2,1,Berapa Buka Kapan,0.8285291194915771,22,Biayanya Berapa Biaya,0.8545539975166321,13,Info Bagaimana Cara,0.8107343316078186
7560997325759578887,univsiberasia,"Halo Kakak, untuk biaya persemesternya hanya 3jt lho🤗",0,0,14,Dicicil 3Jt Biaya,0.8557120561599731,1,Berapa Buka Kapan,0.7377303242683411,13,Info Bagaimana Cara,0.71302330493927
7564244204638733077,hlldda,kapan buka pendaftaran mahasiswa baru kak?,0,0,1,Berapa Buka Kapan,0.8127878904342651,6,Dibuka Saat Mahasiswa,0.8428475856781006,0,Tidak Ada Jurusan,0.7648006677627563
7566901580713952001,icaacantik822,ini gk ada ospek secara offline kak?,0,1,4,Online Offline Full,0.7692972421646118,16,100 Tugas Skripsi,0.6627469062805176,5,Ada S2 Rpl,0.6535733342170715
7571311124239516434,univsiberasia,"Tidak Kakak, semua dilaksanakan secara online😊",0,0,6,Dibuka Saat Mahasiswa,0.4784141182899475,4,Online Offline Full,0.6666618585586548,18,100 Universitas Siber,0.6149470806121826
7569164223327601416,monsterrrganzz,klo wilayah Makassar bisa gaa kuliah disini?,1,2,0,Tidak Ada Jurusan,0.8163326978683472,5,Ada S2 Rpl,0.7655062079429626,4,Online Offline Full,0.7641839981079102
7584982754530640661,monsterrrganzz,belumm kakk😭 lgii bingunggg,0,0,2,Iya Kak Dong,0.7222971320152283,7,Daftar Aku Sudah,0.737372875213623,15,Dimana Daerah Pjj,0.6663653254508972
7571311280796713746,univsiberasia,"Hi hi Kak, bisa banget dong, kan UNSIA 10% full online learning, jadi bisa kuliah darimana saja dan kapan saja",1,0,9,Id Ac Pmb,0.8346142172813416,16,100 Tugas Skripsi,0.8275911808013916,0,Tidak Ada Jurusan,0.7727726697921753
7560602794856596232,lrxdscent_9,"Kak, full daring kah?",0,1,2,Iya Kak Dong,0.7944855093955994,15,Dimana Daerah Pjj,0.7620170712471008,5,Ada S2 Rpl,0.7523488998413086
7560606046039327495,einaafets,Iya bener ka,1,0,2,Iya Kak Dong,0.8020454049110413,20,Betul Keren Banget,0.8288230895996094,11,Terima Kasih Salam,0.7308116555213928
7568545810100290312,lemoniloooo__,bukaan pendaftarannya kapan ya ka,0,1,1,Berapa Buka Kapan,0.8653166890144348,13,Info Bagaimana Cara,0.7936769723892212,6,Dibuka Saat Mahasiswa,0.7785394191741943
7573053323508908820,anvi.85,skrg daah mulai buka,0,0,1,Berapa Buka Kapan,0.5696195363998413,2,Iya Kak Dong,0.6594217419624329,7,Daftar Aku Sudah,0.6501262187957764
7578387792608297735,lestarindah_,TA genap nya kapan ka,0,0,1,Berapa Buka Kapan,0.8440089225769043,15,Dimana Daerah Pjj,0.7950412034988403,13,Info Bagaimana Cara,0.7821866273880005
7560737459307381525,riko.noviantoro,kereen,0,0,20,Betul Keren Banget,0.8424503803253174,3,Menyimak Nrrjml Binus,0.7566592693328857,2,Iya Kak Dong,0.7527029514312744
7570756194437563157,aneliess96,🥰,0,0,3,Menyimak Nrrjml Binus,0.995229959487915,21,Nitip Nitipp Kabarin,0.6757673621177673,2,Iya Kak Dong,0.6486166715621948
7562565943294133000,chientaa,Alhamdulillah bangga jadi alumni @univsiberasia,0,1,10,Selalu Amin Semoga,0.7075686454772949,18,100 Universitas Siber,0.6549456119537354,26,Bismillah Depan Bismillahirrahmanirrahim,0.6395454406738281
7568359828134445842,univsiberasia,"Wah, halo Kakak, sukses terus ya🤗",1,0,10,Selalu Amin Semoga,0.8034247159957886,11,Terima Kasih Salam,0.8374648690223694,8,Dm Admin Halo,0.7255169153213501
7552522188302156551,fhida.farida,"Ka aku baru baca, cara daftar gmn?",1,2,1,Berapa Buka Kapan,0.7931334972381592,13,Info Bagaimana Cara,0.779951810836792,7,Daftar Aku Sudah,0.7772756814956665
7552823959340385042,univsiberasia,"Halo Kakak, untuk pendaftarannya sangat mudah lho, cukup melalui website saja di pmb.unsia.ac.id",0,0,9,Id Ac Pmb,0.8879836797714233,6,Dibuka Saat Mahasiswa,0.794391930103302,16,100 Tugas Skripsi,0.7391824722290039
7552770511384118023,einaafets,Kesini ka pmb.unsia.ac.id,0,0,18,100 Universitas Siber,0.8280578255653381,9,Id Ac Pmb,0.7930866479873657,16,100 Tugas Skripsi,0.7461485862731934
7550802899867370258,lengkara_25,Udah ga sabar banget☹,0,1,12,Umur Yang Semangat,0.616089403629303,20,Betul Keren Banget,0.6716580390930176,2,Iya Kak Dong,0.6668207049369812
7551274520159552263,univsiberasia,"Wahh, sedikit lagi nih Kak perkuliahan dimulai🤩",0,0,6,Dibuka Saat Mahasiswa,0.6823700070381165,16,100 Tugas Skripsi,0.714384913444519,12,Umur Yang Semangat,0.6930434703826904
7567734018754904850,eskopikapalapiextragula,naksir almetnya. warna gw banget 😭,0,0,1,Berapa Buka Kapan,0.48386350274086,20,Betul Keren Banget,0.623798131942749,2,Iya Kak Dong,0.6057219505310059
7571740937971073812,.musthofaginiaja,"Min, untuk program pjj s1 ini pakai skripsi atau TA?",0,0,15,Dimana Daerah Pjj,0.573696494102478,0,Tidak Ada Jurusan,0.7908321619033813,5,Ada S2 Rpl,0.7277465462684631
7550641695701369601,user2607_05,info wa yg bisa dichat mengenai kelas oinlinenya kk,0,2,7,Daftar Aku Sudah,0.6823299527168274,13,Info Bagaimana Cara,0.7121853828430176,8,Dm Admin Halo,0.6786106824874878
7551274452341506834,univsiberasia,"Halo Kakak, bisa DM mimin ya🤗",0,0,8,Dm Admin Halo,0.9230868220329285,1,Berapa Buka Kapan,0.7217425107955933,13,Info Bagaimana Cara,0.719709575176239
7568359266840986375,univsiberasia,"Halo Kakak, bisa melalui DM ya😊",0,0,8,Dm Admin Halo,0.8730035424232483,19,Jalur Konversi Melalui,0.7069525718688965,13,Info Bagaimana Cara,0.6638256907463074
7554359843299492615,cukurukuk1_2,Hahah pak joko lucu bangett😂😍,0,1,20,Betul Keren Banget,0.7828272581100464,2,Iya Kak Dong,0.6690531969070435,11,Terima Kasih Salam,0.6477957963943481
7558010043909784328,univsiberasia,"Wah, ada mahasiswanya Pak Joko nih🤗",0,0,11,Terima Kasih Salam,0.7095723152160645,20,Betul Keren Banget,0.7077035903930664,2,Iya Kak Dong,0.6839267611503601
7549431662485586695,hisindya,kak kalau mau daftar pindahan kampus bisa hubungi kemana ya?,0,1,1,Berapa Buka Kapan,0.8346085548400879,0,Tidak Ada Jurusan,0.7721590995788574,8,Dm Admin Halo,0.7711055278778076
7568359153803936530,univsiberasia,"Halo Kaka, bisa menghubungi admin UNSIA dengan Rizka ya  (+62)812-9554-4717",0,0,8,Dm Admin Halo,0.6686400175094604,9,Id Ac Pmb,0.6247981190681458,1,Berapa Buka Kapan,0.5859305262565613
7549765124417602324,riko.noviantoro,mantap panutan kita. pak Joko,1,0,11,Terima Kasih Salam,0.6920212507247925,20,Betul Keren Banget,0.709376335144043,10,Selalu Amin Semoga,0.6575121879577637
7549049160444609298,sintaandkiki,Pak Joko wkwkwkwkw,3,0,2,Iya Kak Dong,0.6848661303520203,20,Betul Keren Banget,0.7086498737335205,11,Terima Kasih Salam,0.6241810321807861
7568933383683048212,akujinggaaaa48,🔥,0,0,3,Menyimak Nrrjml Binus,0.995229959487915,21,Nitip Nitipp Kabarin,0.6757673621177673,2,Iya Kak Dong,0.6486166715621948
7546126798196196114,dianaelvaretta,🔥🔥🔥keren semoga lancar semuanya 🥺,1,1,10,Selalu Amin Semoga,0.7957476377487183,26,Bismillah Depan Bismillahirrahmanirrahim,0.7425708770751953,11,Terima Kasih Salam,0.7410420179367065
7547619290024870663,univsiberasia,"Aamiin, sukses selalu untuk Kakak ya😊",1,0,10,Selalu Amin Semoga,0.8682116270065308,11,Terima Kasih Salam,0.756942868232727,25,Semangat Wah Tetap,0.7505653500556946
7554378524250374930,user331975854,semangat,1,0,25,Semangat Wah Tetap,0.9007149338722229,26,Bismillah Depan Bismillahirrahmanirrahim,0.72971510887146,3,Menyimak Nrrjml Binus,0.7165558338165283
7570691901253518087,rhelz_,kerenn banget kakak💖,0,0,20,Betul Keren Banget,0.9109708070755005,2,Iya Kak Dong,0.7671518921852112,11,Terima Kasih Salam,0.724829912185669
7569176966697157397,srhst__t,pmb s genap kpn buka..,0,1,1,Berapa Buka Kapan,0.6859537363052368,5,Ada S2 Rpl,0.6920759677886963,18,100 Universitas Siber,0.6791194677352905
7570039887626322696,ikutikutan,Halo kak boleh dm aku ya utk info lanjutan🥰,0,0,8,Dm Admin Halo,0.8951295018196106,7,Daftar Aku Sudah,0.7149345278739929,1,Berapa Buka Kapan,0.7107813358306885
7556863131974501137,greentea2345,kak ijazahnya ada tulisan pjj bisa daftar cpns ga yah? 🙏,1,4,1,Berapa Buka Kapan,0.8228893876075745,0,Tidak Ada Jurusan,0.8135020136833191,4,Online Offline Full,0.7371736764907837
7558027423490654984,einaafets,Seharusnya bisa ka,1,0,2,Iya Kak Dong,0.8477157354354858,20,Betul Keren Banget,0.7549683451652527,7,Daftar Aku Sudah,0.6968133449554443
7551496292766368533,sall.zyn,"izin bertanya kk klo orang di luar pulau Jawa bisa ikut kuliah online ga?, trs pas lulus apa harus wisuda ke sana🙏",2,1,0,Tidak Ada Jurusan,0.813998818397522,1,Berapa Buka Kapan,0.7900891900062561,4,Online Offline Full,0.7460346221923828
7551630493520167687,univsiberasia,"Halo Kakak, bisa banget dong. Karena UNSIA 100% full online. Maka Kakak bisa berkuliah dimana saja dan kapan saja😊",0,0,9,Id Ac Pmb,0.8607439994812012,16,100 Tugas Skripsi,0.805282711982727,6,Dibuka Saat Mahasiswa,0.7421652674674988
7552615597537215240,salsa.zaraa,"min, s2 nya bisa online kah?",2,4,0,Tidak Ada Jurusan,0.8345555067062378,1,Berapa Buka Kapan,0.8081120252609253,5,Ada S2 Rpl,0.8031196594238281
7552770164840891143,einaafets,Di unsia Blm ada s2nya ka,0,0,0,Tidak Ada Jurusan,0.8597453832626343,6,Dibuka Saat Mahasiswa,0.8370488882064819,5,Ada S2 Rpl,0.7941261529922485
7552780137869247250,salsa.zaraa,thx info kaka,0,0,11,Terima Kasih Salam,0.8787534236907959,20,Betul Keren Banget,0.7200940847396851,8,Dm Admin Halo,0.7132077217102051
7552780053446607634,salsa.zaraa,yah kirain ada😭,0,0,-1,Mantab Uk Belakang,0.0,2,Iya Kak Dong,0.7446791529655457,3,Menyimak Nrrjml Binus,0.6994909048080444
7552153108437025554,hayatopro201,insyaallah bulan 1 baru daftar,1,3,7,Daftar Aku Sudah,0.6812424659729004,26,Bismillah Depan Bismillahirrahmanirrahim,0.6762118935585022,4,Online Offline Full,0.6524401307106018
7552372903132955399,harqeel_222,"@Piece: Sini kak bisa dm ig aku , masuk dibantu aku dpt potongan ukt nanti + aku bimbing selama 1 semester 🥰",1,0,8,Dm Admin Halo,0.7605448961257935,7,Daftar Aku Sudah,0.7882126569747925,1,Berapa Buka Kapan,0.7484468817710876
7553257979941176072,rifuckdi,emang pendaftaran berapa?,0,0,22,Biayanya Berapa Biaya,0.7669190764427185,5,Ada S2 Rpl,0.6993635892868042,4,Online Offline Full,0.6832088232040405
7553273759387681544,harqeel_222,Daftar awal 100 kak ukt 3 jt,0,0,14,Dicicil 3Jt Biaya,0.7186592817306519,28,Juta 3Jt Serius,0.6274787187576294,18,100 Universitas Siber,0.5974065065383911
7556494595384853255,38hisb98,"Hallooo kak, saya dari prodi akuntansi unsia 🥰",2,1,0,Tidak Ada Jurusan,0.6994743347167969,16,100 Tugas Skripsi,0.7703676819801331,17,Informasi Informatika Akuntansi,0.7544775009155273
7569977745620157205,wannabeyourbaeee_,Kak spill gimana perkuliahan nya Xixixii buat gambaran aku🙏,0,0,7,Daftar Aku Sudah,0.7387411594390869,12,Umur Yang Semangat,0.7442005276679993,0,Tidak Ada Jurusan,0.7329316139221191
7556194205657301778,akutanpamu029,Kaa kalo kitanya di taiwan bisa ga skolah disini trus kita ada waktunya cuman malem doang kak kira” bisa ga ya,0,8,0,Tidak Ada Jurusan,0.774724543094635,1,Berapa Buka Kapan,0.7616944313049316,12,Umur Yang Semangat,0.7394937872886658
7558009374636262151,univsiberasia,"Halo Kakak, bisa banget dong, karena di UNSIA 100% full online, jadi kuliahnya lebih fleksibel dan bisa dikerjakan dimana saja dan kapan saja😊",0,0,9,Id Ac Pmb,0.8370015621185303,16,100 Tugas Skripsi,0.8136950135231018,4,Online Offline Full,0.7573134303092957
7558026573623952135,akutanpamu029,Ada magangnya ga ka?,0,0,1,Berapa Buka Kapan,0.8723272085189819,15,Dimana Daerah Pjj,0.843589186668396,5,Ada S2 Rpl,0.8344610929489136
7558027512158094087,einaafets,Ada 3 prodi yg punya matkul kerja magang ka..,0,0,0,Tidak Ada Jurusan,0.7710645198822021,5,Ada S2 Rpl,0.7227922677993774,4,Online Offline Full,0.711712121963501
7558029264727442184,akutanpamu029,Apa aja ka,0,0,0,Tidak Ada Jurusan,0.6248116493225098,2,Iya Kak Dong,0.7577294111251831,15,Dimana Daerah Pjj,0.7453368306159973
7558031348775797511,einaafets,"Sistem informasi, komunikasi, informatika yg ada matkul tsb ka",0,0,17,Informasi Informatika Akuntansi,0.7265931963920593,5,Ada S2 Rpl,0.5565567016601562,18,100 Universitas Siber,0.5545018911361694
7561957234579751697,urfavouraite,"kalo ga milih matkul itu, bisa gak kak?",0,0,0,Tidak Ada Jurusan,0.7036070823669434,4,Online Offline Full,0.7161602973937988,5,Ada S2 Rpl,0.7077583074569702
7561988429560152850,einaafets,Gabisa ka,0,0,2,Iya Kak Dong,0.8201335668563843,20,Betul Keren Banget,0.7191990613937378,7,Daftar Aku Sudah,0.6533606052398682
7558031359097897735,univsiberasia,"Halo Kakak, bisa banget ya, karena UNSIA 100% full online learning, jadi waktunya fleksibel dan bisa kuliah darimana saja dan kapan saja🤗",0,0,9,Id Ac Pmb,0.854850709438324,16,100 Tugas Skripsi,0.8156633377075195,6,Dibuka Saat Mahasiswa,0.7645419836044312
7552009959237665554,hayabusaa76,halo min kalo mau tanya2 tentang pendaftaran bisa lewat mana ya min?🙏,1,1,1,Berapa Buka Kapan,0.7646051645278931,8,Dm Admin Halo,0.7200804948806763,13,Info Bagaimana Cara,0.7197661995887756
7552226272689783560,univsiberasia,"Halo Kakak, bisa melalui DM ya☺",0,0,8,Dm Admin Halo,0.8730035424232483,19,Jalur Konversi Melalui,0.7069525718688965,13,Info Bagaimana Cara,0.6638256907463074
7576880254619992852,konan.42,sastra korea ada gk ka?,0,2,0,Tidak Ada Jurusan,0.7971017360687256,5,Ada S2 Rpl,0.809550940990448,1,Berapa Buka Kapan,0.7625339031219482
7577230246220235540,konan.42,kapan nih ada😭😭😭,0,0,2,Iya Kak Dong,0.7210469245910645,15,Dimana Daerah Pjj,0.721534788608551,7,Daftar Aku Sudah,0.7074552774429321
7577223876553655047,univsiberasia,"Hi Kak, belum ada nih☺️",0,0,8,Dm Admin Halo,0.822984516620636,7,Daftar Aku Sudah,0.7919503450393677,6,Dibuka Saat Mahasiswa,0.7226974964141846
7554602153400435463,kuciyoshe11,"Kak mau tanya, kuliah di unsia bisa full online gak? soalnya saya kerja shift dan random banget liburnya, kadang gak libur gantiin teman kerja yg gak bisa masuk 🙏🏻",2,1,0,Tidak Ada Jurusan,0.7855948209762573,1,Berapa Buka Kapan,0.7613319158554077,4,Online Offline Full,0.7560423612594604
7558009494077260551,univsiberasia,"Halo Kakak, bisa banget dong, karena di UNSIA 100% full online, jadi kuliahnya lebih fleksibel dan bisa dikerjakan dimana saja dan kapan saja😊",0,0,9,Id Ac Pmb,0.8370015621185303,16,100 Tugas Skripsi,0.8136950135231018,4,Online Offline Full,0.7573134303092957
7575432129745502994,askaraamertaa_ffh,🥺,0,0,3,Menyimak Nrrjml Binus,0.995229959487915,21,Nitip Nitipp Kabarin,0.6757673621177673,2,Iya Kak Dong,0.6486166715621948
7570756117938537237,aneliess96,🥰,0,0,3,Menyimak Nrrjml Binus,0.995229959487915,21,Nitip Nitipp Kabarin,0.6757673621177673,2,Iya Kak Dong,0.6486166715621948
7551434955768038164,riko.noviantoro,ngeriiii,0,0,2,Iya Kak Dong,0.6255040168762207,20,Betul Keren Banget,0.6970070004463196,3,Menyimak Nrrjml Binus,0.6057036519050598
7542861711529149192,managementmarketing8,🥰🥰🔥👏,1,0,3,Menyimak Nrrjml Binus,0.995229959487915,21,Nitip Nitipp Kabarin,0.6757673621177673,2,Iya Kak Dong,0.6486166715621948
7576535555531244296,evi_susanah499,😂,0,0,3,Menyimak Nrrjml Binus,0.995229959487915,21,Nitip Nitipp Kabarin,0.6757673621177673,2,Iya Kak Dong,0.6486166715621948
7575432534234972935,askaraamertaa_ffh,♥,0,0,3,Menyimak Nrrjml Binus,0.995229959487915,21,Nitip Nitipp Kabarin,0.6757673621177673,2,Iya Kak Dong,0.6486166715621948
7548689011134677767,lightverain,aku mabaaa kak🕺,4,6,2,Iya Kak Dong,0.8376301527023315,20,Betul Keren Banget,0.7363709211349487,7,Daftar Aku Sudah,0.733711838722229
7548744593258595080,univsiberasia,"Wahh, dikit lagi perkuliahan dimulai nih Kak🤩",0,0,7,Daftar Aku Sudah,0.7293349504470825,12,Umur Yang Semangat,0.7281924486160278,16,100 Tugas Skripsi,0.7251091003417969
7548691633308205832,nengnengsih9,Kita berang ka salam dari maba prodi ilmu komunikasi 🙏,2,0,11,Terima Kasih Salam,0.6533142328262329,17,Informasi Informatika Akuntansi,0.699467658996582,10,Selalu Amin Semoga,0.6804539561271667
7558052324350886673,greentea2345,"kak samaa, izin dm yaa",0,0,8,Dm Admin Halo,0.8899955153465271,11,Terima Kasih Salam,0.7380691766738892,7,Daftar Aku Sudah,0.7348577976226807
7558052930974417671,nengnengsih9,Boleh ka,0,0,2,Iya Kak Dong,0.8746737241744995,8,Dm Admin Halo,0.7744863629341125,7,Daftar Aku Sudah,0.7539335489273071
7548696138343154440,lightverain,salam kak dari accounting 🕺,0,0,11,Terima Kasih Salam,0.830913782119751,10,Selalu Amin Semoga,0.7556118965148926,25,Semangat Wah Tetap,0.700127363204956
7556496849039164167,38hisb98,kak aku akunting loohhhhh,0,0,2,Iya Kak Dong,0.7367277145385742,7,Daftar Aku Sudah,0.7226501703262329,12,Umur Yang Semangat,0.685029149055481
7549671428758586119,papoimacarena,Kakk mo nnya klo mau daftar pke tes jug gk?,0,4,1,Berapa Buka Kapan,0.8552283048629761,0,Tidak Ada Jurusan,0.8149699568748474,4,Online Offline Full,0.7893569469451904
7551366492684845831,univsiberasia,"Halo Kakak, betul. Nanti ada ujian CBT (Computer Based Test)",0,0,16,100 Tugas Skripsi,0.7623038291931152,6,Dibuka Saat Mahasiswa,0.6959612369537354,4,Online Offline Full,0.6815332174301147
7561456280752571144,oma9aaaa,tes nya lewat online apa gmna ka,0,0,4,Online Offline Full,0.8274918794631958,1,Berapa Buka Kapan,0.85899817943573,13,Info Bagaimana Cara,0.7901078462600708
7549753158384026386,einaafets,Iya kl jalur reguler pake tes ujian gt kaa..,0,0,4,Online Offline Full,0.7981424927711487,19,Jalur Konversi Melalui,0.7796586751937866,0,Tidak Ada Jurusan,0.7644913196563721
7549758479385969426,papoimacarena,Tes nya gimana kak?,0,0,1,Berapa Buka Kapan,0.835955023765564,13,Info Bagaimana Cara,0.839147686958313,15,Dimana Daerah Pjj,0.8032160401344299
7548684764258272018,sc0rpio20,Saya min💃🏼,1,2,2,Iya Kak Dong,0.7396068572998047,3,Menyimak Nrrjml Binus,0.7092515826225281,21,Nitip Nitipp Kabarin,0.6835917234420776
7548744775793738514,univsiberasia,Prodi apa nih Kakak?🤩,0,0,15,Dimana Daerah Pjj,0.8386145830154419,2,Iya Kak Dong,0.7958110570907593,5,Ada S2 Rpl,0.7345656156539917
7548753392539009800,sc0rpio20,Manajemen✌🏻,0,0,17,Informasi Informatika Akuntansi,0.5064133405685425,3,Menyimak Nrrjml Binus,0.8471207022666931,28,Juta 3Jt Serius,0.60860276222229
7567418433450853140,napitupulu_l,Saya maba tahun depan mau daftar,2,2,1,Berapa Buka Kapan,0.7228468060493469,0,Tidak Ada Jurusan,0.7205268740653992,7,Daftar Aku Sudah,0.686712920665741
7569294018295907090,ikutikutan,"Halo kak untuk dibimbing boleh dm aku yaa kak, dapetin potongan 500+cashback 150k hihi",1,0,8,Dm Admin Halo,0.7874833345413208,7,Daftar Aku Sudah,0.6999510526657104,14,Dicicil 3Jt Biaya,0.6928479671478271
7568530909772350226,seawugirl,samaaaa,0,0,-1,Mantab Uk Belakang,0.0,3,Menyimak Nrrjml Binus,0.8422602415084839,2,Iya Kak Dong,0.7406575679779053
7548686151600046856,cipiyippee,haiii aku mabaa🥰🥰,1,2,2,Iya Kak Dong,0.7631217837333679,24,Ilkom Ieu Balang,0.7247456312179565,20,Betul Keren Banget,0.6871135830879211
7548744638912807688,univsiberasia,Dari prodi apa nih Kakak?🤩,0,0,0,Tidak Ada Jurusan,0.8020591735839844,15,Dimana Daerah Pjj,0.8157720565795898,5,Ada S2 Rpl,0.763634443283081
7548744875715183368,cipiyippee,akuntansiii kakk,0,0,2,Iya Kak Dong,0.8621780276298523,11,Terima Kasih Salam,0.814353346824646,20,Betul Keren Banget,0.7983348369598389
7554573836030296839,divavaf,kalo kerja di jepang bisa kuliah di sini ngga sih?,0,2,0,Tidak Ada Jurusan,0.8112601041793823,5,Ada S2 Rpl,0.7313567996025085,1,Berapa Buka Kapan,0.7152066826820374
7554677188546708231,einaafets,"Bisa bgt ka, banyak jg mhs unsia di LN kok",1,0,5,Ada S2 Rpl,0.7236218452453613,0,Tidak Ada Jurusan,0.7808699607849121,16,100 Tugas Skripsi,0.7698971033096313
7556525762054144775,univsiberasia,"Halo Kakak, bisa banget dong karena UNSIA 100% full online learning",0,0,16,100 Tugas Skripsi,0.9101866483688354,9,Id Ac Pmb,0.7848783731460571,4,Online Offline Full,0.7590521574020386
7549471588996399879,reyyynl,Min saya ekstensi dari D3 ke S1 tapi belum selesai juga untuk hasil seleksinya kak 😭,0,1,0,Tidak Ada Jurusan,0.8081583976745605,1,Berapa Buka Kapan,0.7586325407028198,6,Dibuka Saat Mahasiswa,0.7378255724906921
7550173745438475016,univsiberasia,"Halo Kakak, izin Mimin DM ya",0,0,8,Dm Admin Halo,0.897260844707489,11,Terima Kasih Salam,0.7745280265808105,7,Daftar Aku Sudah,0.7246277928352356
7557288410144031506,msycinematic,Semester 3 berjalan 🙏,0,0,0,Tidak Ada Jurusan,0.5108579397201538,18,100 Universitas Siber,0.6400973796844482,28,Juta 3Jt Serius,0.6280643939971924
7548685623479419669,riko.noviantoro,lucu...lucu...😂😂,1,0,20,Betul Keren Banget,0.7771863341331482,2,Iya Kak Dong,0.7394055724143982,21,Nitip Nitipp Kabarin,0.6344460248947144
7582495238514672402,alteriolinux,ada s2 nya gak?🙏,0,0,5,Ada S2 Rpl,0.9211511015892029,0,Tidak Ada Jurusan,0.842780351638794,1,Berapa Buka Kapan,0.7830619812011719
7579132848771318536,ocanhyt,😭,0,0,3,Menyimak Nrrjml Binus,0.995229959487915,21,Nitip Nitipp Kabarin,0.6757673621177673,2,Iya Kak Dong,0.6486166715621948
7542681199413183250,baranghariankita,ada alumni UNAS yg saya kenal,0,1,0,Tidak Ada Jurusan,0.6047980189323425,5,Ada S2 Rpl,0.6315093040466309,18,100 Universitas Siber,0.5971544981002808
7547619464087634706,univsiberasia,"Wah, betul sekali nih Kak, coba tebak yang mana alumni UNAS?😊",0,0,0,Tidak Ada Jurusan,0.6640415787696838,16,100 Tugas Skripsi,0.6962729096412659,7,Daftar Aku Sudah,0.6804244518280029
7550160268936921863,amranaldari0,😂,0,0,3,Menyimak Nrrjml Binus,0.995229959487915,21,Nitip Nitipp Kabarin,0.6757673621177673,2,Iya Kak Dong,0.6486166715621948
7546828612269785874,hayatopro201,HBD prof,2,0,3,Menyimak Nrrjml Binus,0.6160322427749634,25,Semangat Wah Tetap,0.5640299916267395,2,Iya Kak Dong,0.5525450110435486
7546467658695951122,apolinaris_25,Hbd Prof Cho,1,0,3,Menyimak Nrrjml Binus,0.5436197519302368,18,100 Universitas Siber,0.5493049621582031,25,Semangat Wah Tetap,0.5461640357971191
7546828700281488146,hayatopro201,calon mahasiswa unsia,2,0,18,100 Universitas Siber,0.7677577137947083,17,Informasi Informatika Akuntansi,0.6037604808807373,26,Bismillah Depan Bismillahirrahmanirrahim,0.5899762511253357
7547212805830722312,bilqiskiraniaputri,😭,1,0,3,Menyimak Nrrjml Binus,0.995229959487915,21,Nitip Nitipp Kabarin,0.6757673621177673,2,Iya Kak Dong,0.6486166715621948
7540294239281136401,5itoru5dolokhundulan,👍👍👍,0,0,3,Menyimak Nrrjml Binus,0.995229959487915,21,Nitip Nitipp Kabarin,0.6757673621177673,2,Iya Kak Dong,0.6486166715621948
7552149811845382919,.dimasade,pendaftaran jalur rpl apakah masih dibuka tahun ini minn? 🙏🙏🙏,0,1,1,Berapa Buka Kapan,0.7883062362670898,6,Dibuka Saat Mahasiswa,0.7687901258468628,0,Tidak Ada Jurusan,0.7443926930427551
7558010324827783944,univsiberasia,"Halo Kakak, UNSIA masih membuka pendaftaran mahasiwa baru lho",0,0,6,Dibuka Saat Mahasiswa,0.8468660116195679,9,Id Ac Pmb,0.7800368666648865,16,100 Tugas Skripsi,0.728797197341919
7539515852262327060,vinasalaswati,@ngdn,0,0,3,Menyimak Nrrjml Binus,0.7831318974494934,21,Nitip Nitipp Kabarin,0.6127772331237793,2,Iya Kak Dong,0.6056245565414429
7539098076193047312,anakbontot271,2 degree bisa nggak kak?,0,1,6,Dibuka Saat Mahasiswa,0.6651909351348877,0,Tidak Ada Jurusan,0.7870267629623413,5,Ada S2 Rpl,0.7816611528396606
7539403226687374088,univsiberasia,"Halo Kakak, bisa yaa🤗",0,0,8,Dm Admin Halo,0.8373469114303589,2,Iya Kak Dong,0.7835289835929871,11,Terima Kasih Salam,0.7726781368255615
7569532765206299412,srhst__t,pmb s genap kpn dbuka?,0,0,9,Id Ac Pmb,0.5303784608840942,1,Berapa Buka Kapan,0.7115193605422974,5,Ada S2 Rpl,0.7050623893737793
7536745544301249298,rustorusto277,Tetap semangat dan selalu berfikir positif.❤️❤️❤️,1,0,25,Semangat Wah Tetap,0.7164958715438843,10,Selalu Amin Semoga,0.6415104269981384,26,Bismillah Depan Bismillahirrahmanirrahim,0.5912531614303589
7563292437407548177,dwii.jyntii,"masuk nya tes kak?
susah gak ya",7,10,1,Berapa Buka Kapan,0.8352159261703491,0,Tidak Ada Jurusan,0.8057641983032227,4,Online Offline Full,0.8004992604255676
7566959554241921813,user200319930,"ini kakk, kalo mau tanya info lebih lanjut bisa dm aku aja ☺",0,0,8,Dm Admin Halo,0.8349736928939819,7,Daftar Aku Sudah,0.7246664762496948,1,Berapa Buka Kapan,0.6968522071838379
7588389758418699026,chihuahua44444,Kak komunikasi Unsia kebnyakan tugas apa ya? soalnya ak jg baru daftar ini,0,0,0,Tidak Ada Jurusan,0.8171383738517761,16,100 Tugas Skripsi,0.7940528988838196,1,Berapa Buka Kapan,0.7916876077651978
7589747777644495637,user200319930,sekitar semester 4+ bakal banyak tugas kalompok sih kak (paper/based job) selebihnya aman aja,0,0,12,Umur Yang Semangat,0.8079509735107422,4,Online Offline Full,0.7197543978691101,16,100 Tugas Skripsi,0.694197416305542
7576632329172140818,originalleee,ijazahnya bagian depan aja ya ka?,0,0,5,Ada S2 Rpl,0.7127776741981506,1,Berapa Buka Kapan,0.7679353952407837,4,Online Offline Full,0.7453824281692505
7568546069072823061,user200319930,"full online sampe lulus kak, kita juga ada mahasiswa dari LN Vietnam, Bangkok, Thailand jadi aman banget",0,0,4,Online Offline Full,0.762869119644165,9,Id Ac Pmb,0.7601408958435059,0,Tidak Ada Jurusan,0.747860848903656
7568559909064393479,moodyann_0,terima kasih infonya kakk🤍,0,0,11,Terima Kasih Salam,0.9060837030410767,8,Dm Admin Halo,0.7331880331039429,20,Betul Keren Banget,0.713995099067688
7566964296966963975,dewip232,"Makasi infonya kk, soalnya posisi sedang merantau jauh dari tempat kelulusan😅",0,0,0,Tidak Ada Jurusan,0.7035088539123535,11,Terima Kasih Salam,0.70942622423172,16,100 Tugas Skripsi,0.6873783469200134
7565511715606283015,www.236.com,kalo boleh tau kakanya dari jurusan apa ya??,0,0,0,Tidak Ada Jurusan,0.7918167114257812,1,Berapa Buka Kapan,0.746024489402771,15,Dimana Daerah Pjj,0.7308700680732727
7566643085469057813,user200319930,komunikasi kak,0,0,2,Iya Kak Dong,0.8468483686447144,21,Nitip Nitipp Kabarin,0.7389187812805176,20,Betul Keren Banget,0.7224625945091248
7564674128121447175,einaafets,"Gk susah ka, kl gagal nanti ada kesempatan 1x lg setauku buat ulang",0,0,1,Berapa Buka Kapan,0.6458916664123535,12,Umur Yang Semangat,0.7084230184555054,7,Daftar Aku Sudah,0.7009778618812561
7594331140225647368,axioxioiii,resmi ga sii ijazahnya?,0,3,1,Berapa Buka Kapan,0.7279325723648071,5,Ada S2 Rpl,0.7693439722061157,4,Online Offline Full,0.7282366752624512
7594380020358169351,univsiberasia,Wah resmi dong 🤩🤩,0,0,9,Id Ac Pmb,0.48801466822624207,2,Iya Kak Dong,0.7947930693626404,20,Betul Keren Banget,0.7651772499084473
7594392162247738130,axioxioiii,kan online ngambil ijazahnya gimnaa minn,0,0,4,Online Offline Full,0.7497928142547607,1,Berapa Buka Kapan,0.7599892020225525,0,Tidak Ada Jurusan,0.734661340713501
7599197200845259538,univsiberasia,Pada saat wisuda ya Kak,0,0,6,Dibuka Saat Mahasiswa,0.7018042802810669,7,Daftar Aku Sudah,0.7117264270782471,4,Online Offline Full,0.7081851959228516
7599484376741610257,rb.gunawan85,"Untuk jurusan manajemen, konsentrasi nya Manajemen apa ya kak",0,11,0,Tidak Ada Jurusan,0.8038355112075806,17,Informasi Informatika Akuntansi,0.7516239881515503,1,Berapa Buka Kapan,0.7355062961578369
7599567445539963656,univsiberasia,"Hi Kak, untuk Manajemen, Konsentrasi: Pemasaran, Keuangan, Operasional, Sumber daya manusia ya😊",0,0,17,Informasi Informatika Akuntansi,0.7491605281829834,0,Tidak Ada Jurusan,0.6419621706008911,16,100 Tugas Skripsi,0.625656008720398
7599571588338189057,rb.gunawan85,ada pilihannya lagi gitu kak? atau semuanya di pelajarin,0,0,4,Online Offline Full,0.7550930976867676,1,Berapa Buka Kapan,0.7283238172531128,7,Daftar Aku Sudah,0.7192583680152893
7599572022104965895,univsiberasia,"Untuk diawal itu dipelajari semua, nanti di semester 5 itu Kakak memilih untuk penjurusan pengambilan skripsi",1,0,16,100 Tugas Skripsi,0.6832156181335449,12,Umur Yang Semangat,0.7280341386795044,4,Online Offline Full,0.6792080402374268
7599572669516727041,rb.gunawan85,"baik kak,",0,0,2,Iya Kak Dong,0.8212617635726929,11,Terima Kasih Salam,0.8195940852165222,20,Betul Keren Banget,0.7794748544692993
7599585526514107152,rb.gunawan85,Mulai perkuliahannya kapan ya kak,0,0,1,Berapa Buka Kapan,0.8407191038131714,15,Dimana Daerah Pjj,0.784131646156311,0,Tidak Ada Jurusan,0.7643530964851379
7599587179598299911,univsiberasia,Perkuliahan dimulai di bulan April ya Kak🤗,0,0,6,Dibuka Saat Mahasiswa,0.844652533531189,1,Berapa Buka Kapan,0.7558259963989258,7,Daftar Aku Sudah,0.7411185503005981
7600015485334225685,igseptianaraja,akutansi gni jg gk?,0,0,5,Ada S2 Rpl,0.6557596921920776,2,Iya Kak Dong,0.6082720756530762,18,100 Universitas Siber,0.6048184633255005
7600015365246403349,igseptianaraja,kak klau untuk akuntansi apa aj?,0,0,0,Tidak Ada Jurusan,0.7856972813606262,1,Berapa Buka Kapan,0.7788006067276001,5,Ada S2 Rpl,0.7419979572296143
7600017300394951442,univsiberasia,"Untuk prodi Akuntansi, Konsentrasi: auditing, perpajakan, akuntansi sektor publik, sistem informasi akuntansi😊",0,0,17,Informasi Informatika Akuntansi,0.7798388004302979,0,Tidak Ada Jurusan,0.5093479752540588,5,Ada S2 Rpl,0.500264048576355
7600017665524204308,igseptianaraja,klau yg lbh spesifik d smstr brpa?,0,0,1,Berapa Buka Kapan,0.7195632457733154,15,Dimana Daerah Pjj,0.695930004119873,4,Online Offline Full,0.6846553087234497
7600017868189369095,univsiberasia,"Sama ya Kak, di semester 5",0,0,16,100 Tugas Skripsi,0.7631312608718872,7,Daftar Aku Sudah,0.7514664530754089,12,Umur Yang Semangat,0.7401292324066162
7561034110543430401,urfavouraite,mulai semesternya bisa di semester genap ga min?,4,9,1,Berapa Buka Kapan,0.7823688983917236,0,Tidak Ada Jurusan,0.768181562423706,14,Dicicil 3Jt Biaya,0.7606054544448853
7569978957501334279,radiella_,"wahh jadi pengen daftar nih, makasii ka infonyaa",0,0,11,Terima Kasih Salam,0.8106907606124878,7,Daftar Aku Sudah,0.7742726802825928,8,Dm Admin Halo,0.7387315034866333
7569761760581010192,urfavouraite,"kak, ini kan udah dibuka pendaftarannya, kira2 bisa ga kalo misalnya daftar skrg tp milih waktu ujian? atau daftar skrg, ujiannya lgsg saat itu jg?",0,0,6,Dibuka Saat Mahasiswa,0.7071393728256226,4,Online Offline Full,0.7845009565353394,1,Berapa Buka Kapan,0.7777872085571289
7569143317957706504,radiella_,"kak itu full online sampai wisuda ya jadinya? apa ada zoom? soalnya sambil kerja juga kak dari jam 12-8 malem, takut kalo mepet gitu",0,0,0,Tidak Ada Jurusan,0.7481511831283569,12,Umur Yang Semangat,0.8006066083908081,4,Online Offline Full,0.7853411436080933
7562020559359591185,urfavouraite,thank u infonya kak!,1,0,11,Terima Kasih Salam,0.8684805035591125,20,Betul Keren Banget,0.7312875986099243,10,Selalu Amin Semoga,0.7115122079849243
7562016929935737601,urfavouraite,matkulnya paket gasih kak? bisa lulus lebih cepet dr 4 tahun ga (kl akademik oke)?,0,0,1,Berapa Buka Kapan,0.7319284081459045,0,Tidak Ada Jurusan,0.7907004356384277,12,Umur Yang Semangat,0.786327600479126
7562016740520248081,urfavouraite,aman berarti ya kl aku mau ambil komunikasi dan ttp kerja?,0,0,0,Tidak Ada Jurusan,0.6257401704788208,12,Umur Yang Semangat,0.7106351852416992,4,Online Offline Full,0.6515672206878662
7561957734981354257,urfavouraite,"kak, apa semua jurusan ada magang? ada jurusan yg gak magang ga? kalau gak ambil magang, boleh kah?",0,0,0,Tidak Ada Jurusan,0.8111933469772339,1,Berapa Buka Kapan,0.7465907335281372,5,Ada S2 Rpl,0.7333661317825317
7586668272793289480,jeun.victiory,Untuk dapat nilai susah gak nih kaya di UT?,1,1,12,Umur Yang Semangat,0.6876764297485352,0,Tidak Ada Jurusan,0.7092034816741943,4,Online Offline Full,0.6948527097702026
7588850656371557140,einaafets,"Engga kak, aman bgt. Banyak kok yg dpt ipk 4😁",0,0,5,Ada S2 Rpl,0.6876420378684998,12,Umur Yang Semangat,0.749642014503479,7,Daftar Aku Sudah,0.721778392791748
7599930916295901969,firaaaa.22,please jawabbb ada bocor an soalnya kahh🥺,0,3,1,Berapa Buka Kapan,0.7182773947715759,7,Daftar Aku Sudah,0.7270841598510742,4,Online Offline Full,0.7148928642272949
7599943402923213576,univsiberasia,Hi Kak? Untuk test itu hanya test buta warna dan test akademik yah🤗,0,0,8,Dm Admin Halo,0.6406530141830444,16,100 Tugas Skripsi,0.7158770561218262,6,Dibuka Saat Mahasiswa,0.7093970775604248
7600027634626315026,jee.jessyca,"Tesnya gak sesusah itu kok kak, aku sempet daftar sini dan udah ketrima tinggal payment . Tapi aku mundur , milih yg Deket domisili .",0,0,7,Daftar Aku Sudah,0.7287708520889282,12,Umur Yang Semangat,0.7722472548484802,4,Online Offline Full,0.7640048861503601
7600029110387639041,firaaaa.22,"EMG KK dari mna Tah,Deket domisili Gimn maksudnya ka",0,0,15,Dimana Daerah Pjj,0.7982528209686279,1,Berapa Buka Kapan,0.7379144430160522,0,Tidak Ada Jurusan,0.7119626998901367
7567261418849108754,fiaagstin_,unsia buka lagi bulan apa ya????mau daftar tapi masih bingung,6,2,1,Berapa Buka Kapan,0.8130772113800049,0,Tidak Ada Jurusan,0.7794284820556641,6,Dibuka Saat Mahasiswa,0.7545651793479919
7576632472915149576,originalleee,sampai kapan buka pendaftarannya kak,0,0,1,Berapa Buka Kapan,0.8669841885566711,13,Info Bagaimana Cara,0.7998365759849548,6,Dibuka Saat Mahasiswa,0.7717044353485107
7562457359437628167,089619xxxxxx,kak ada jalur beasiswa untuk lulusan 2017 gak? 🥺,2,1,19,Jalur Konversi Melalui,0.7851274013519287,0,Tidak Ada Jurusan,0.8118953704833984,1,Berapa Buka Kapan,0.784186840057373
7563616740338238215,einaafets,"Gada kak kl utk di pendaftaran, tp nnti perkuliahan mulai bsa daftar beasiswa kok",0,0,6,Dibuka Saat Mahasiswa,0.7699366807937622,4,Online Offline Full,0.7961069345474243,1,Berapa Buka Kapan,0.786064863204956
7560964889515885313,abimamagaza,Masih buka ka pendaftarannya?,3,8,1,Berapa Buka Kapan,0.8117834329605103,6,Dibuka Saat Mahasiswa,0.783646821975708,13,Info Bagaimana Cara,0.775863766670227
7560996944551822098,univsiberasia,"Hi Kak, saat ini pendaftaran mahasiswa baru sudah ditutup, namun jangan khawatir akan dibuka kembali di bulan November ya😊",0,0,6,Dibuka Saat Mahasiswa,0.8714748620986938,9,Id Ac Pmb,0.7581980228424072,27,Pt Terakreditasi Ban,0.688225269317627
7561126120755020552,oneofninaa,kak tgl brp novembernya?,1,0,1,Berapa Buka Kapan,0.797173261642456,15,Dimana Daerah Pjj,0.7706931829452515,7,Daftar Aku Sudah,0.7181782722473145
7561078402531492624,abimamagaza,Gelombang berapa kaka November?,1,0,1,Berapa Buka Kapan,0.6797918677330017,15,Dimana Daerah Pjj,0.7573943734169006,22,Biayanya Berapa Biaya,0.688463032245636
7561673995868832530,ramsp.home,Kak pliss jawab yaaaa lg butuh info bgt. Bisa kuliah S2 hukum full online gak kak? Ujiannya jga online. Krn saya domisili kaltim,0,0,4,Online Offline Full,0.764136552810669,0,Tidak Ada Jurusan,0.8161575794219971,9,Id Ac Pmb,0.7918890714645386
7561435606057648904,_biiiay,@tralala trilili19,0,0,24,Ilkom Ieu Balang,0.6916046738624573,18,100 Universitas Siber,0.5934113264083862,3,Menyimak Nrrjml Binus,0.5696872472763062
7587339544463754004,justvun,Info buka pendaftaran di taun depan ada d bulan apa aja huhu,0,1,1,Berapa Buka Kapan,0.751757025718689,6,Dibuka Saat Mahasiswa,0.7254915833473206,0,Tidak Ada Jurusan,0.70169997215271
7587349947616887560,univsiberasia,"Hi Kak, pendaftaran sudah dibuka di bulan Januari ya🤩",0,0,6,Dibuka Saat Mahasiswa,0.8666297197341919,1,Berapa Buka Kapan,0.7417199611663818,7,Daftar Aku Sudah,0.7302175760269165
7577770612401554194,dwwwwwy5,kak kalo kuliah di unsia full online sampai lulus atau harus ada masuk ke kampus nya langsung yaa? soalnya jaraknya lumayan jauh banget huhuu🥺,0,1,4,Online Offline Full,0.782586395740509,0,Tidak Ada Jurusan,0.8159823417663574,12,Umur Yang Semangat,0.787257194519043
7577991152394437383,quceeng,"halo kak, perkuliahannya full online sampai lulus ya, untuk wisuda bisa pilih offline atau online",1,0,4,Online Offline Full,0.8377373814582825,6,Dibuka Saat Mahasiswa,0.8383911848068237,9,Id Ac Pmb,0.834378719329834
7591353316710286087,nvlt_2,kak pendaftaran calon mahasiswa 2026 kapan dibuka bulan apa ya kak??,0,4,6,Dibuka Saat Mahasiswa,0.8602318167686462,1,Berapa Buka Kapan,0.8223821520805359,0,Tidak Ada Jurusan,0.7785711288452148
7591485122416034568,univsiberasia,Saat ini UNSIA sedang membuka pendaftaran mahasiswa baru lho Kak🤩,0,0,6,Dibuka Saat Mahasiswa,0.85340416431427,9,Id Ac Pmb,0.7907085418701172,27,Pt Terakreditasi Ban,0.7098317742347717
7593285348848681748,orangaasingya,Bulan maret/april masi buka ga ya ka,0,0,1,Berapa Buka Kapan,0.8051953315734863,6,Dibuka Saat Mahasiswa,0.7526557445526123,4,Online Offline Full,0.7307008504867554
7593288859325530888,univsiberasia,"April sudah mulai perkuliahan Kakak, Jadi Kakak bisa langsung daftar sekarang di pmb.unsia.ac.id, pilih jurusan favorit, dan mulai kuliah online fleksibel dari mana aja🤗",0,0,9,Id Ac Pmb,0.9242890477180481,6,Dibuka Saat Mahasiswa,0.7634442448616028,0,Tidak Ada Jurusan,0.7261806726455688
7593671597215875860,orangaasingya,"Kaa aku udh daftar udah ngikutin ujian,info selanjutnya gimana?",0,0,7,Daftar Aku Sudah,0.7669234275817871,1,Berapa Buka Kapan,0.7819162607192993,13,Info Bagaimana Cara,0.7635395526885986
7565464550997803793,diaan0009,biayanya berapa ya kk,0,1,1,Berapa Buka Kapan,0.8118414878845215,22,Biayanya Berapa Biaya,0.8576232194900513,15,Dimana Daerah Pjj,0.7928207516670227
7566643211776099092,user200319930,"flat, 3jt/semester kak",1,0,14,Dicicil 3Jt Biaya,0.8068774342536926,28,Juta 3Jt Serius,0.7550144195556641,5,Ada S2 Rpl,0.6710687875747681
7599950317439222544,satutitikd3,mauuuu,0,2,2,Iya Kak Dong,0.7458591461181641,3,Menyimak Nrrjml Binus,0.8095998167991638,21,Nitip Nitipp Kabarin,0.7318354845046997
7600252673707901713,satutitikd3,ada pembayaran di awal kan?,0,0,4,Online Offline Full,0.7235734462738037,5,Ada S2 Rpl,0.685001790523529,1,Berapa Buka Kapan,0.6738381385803223
7600031770935837448,univsiberasia,"Yuk Kak daftar sekarang. Kakak bisa langsung daftar sekarang di pmb.unsia.ac.id, pilih jurusan favorit, dan mulai kuliah online fleksibel dari mana aja🤩",0,0,9,Id Ac Pmb,0.9199988842010498,6,Dibuka Saat Mahasiswa,0.7456912398338318,27,Pt Terakreditasi Ban,0.7215297222137451
7564229927567491848,sndy.ik,Jalur RPL kapan buka pendaftaran lagi kak,0,1,5,Ada S2 Rpl,0.6998788118362427,6,Dibuka Saat Mahasiswa,0.8184120655059814,1,Berapa Buka Kapan,0.8043419122695923
7564674051328738066,einaafets,Mungkin desember ini ka,0,0,7,Daftar Aku Sudah,0.7026084661483765,2,Iya Kak Dong,0.7394353151321411,26,Bismillah Depan Bismillahirrahmanirrahim,0.7135134339332581
7582848635734524673,ailyyy.s,hubungi kmana?,0,2,1,Berapa Buka Kapan,0.4579143524169922,3,Menyimak Nrrjml Binus,0.7048607468605042,21,Nitip Nitipp Kabarin,0.6431559920310974
7582857771248059144,univsiberasia,"Hi Kak, bisa DM mimin ya🤗",0,0,8,Dm Admin Halo,0.922709047794342,1,Berapa Buka Kapan,0.721712052822113,13,Info Bagaimana Cara,0.7138829231262207
7582858077155476241,ailyyy.s,ga dibales,0,0,2,Iya Kak Dong,0.7380580902099609,21,Nitip Nitipp Kabarin,0.691702127456665,3,Menyimak Nrrjml Binus,0.6797209978103638
7582858613200225032,univsiberasia,"Halo Kakak, saat ini Mimin gabisa bales DM dikarenakan akunnya dibatasi sementara ni;( Kakak bisa chat melalui WA ya Kak +62 881-5608-001 🤗",0,0,8,Dm Admin Halo,0.7297192811965942,9,Id Ac Pmb,0.6449814438819885,6,Dibuka Saat Mahasiswa,0.6296529769897461
7562827374448231184,abiraiaquaculture,Min jalur RPL kapan buka lagi?,1,2,5,Ada S2 Rpl,0.7264541387557983,1,Berapa Buka Kapan,0.7769689559936523,0,Tidak Ada Jurusan,0.7200665473937988
7564674164024689416,einaafets,Desmber mungkin ka,0,0,2,Iya Kak Dong,0.7960511445999146,5,Ada S2 Rpl,0.6770167946815491,15,Dimana Daerah Pjj,0.6731338500976562
7564699542193472257,abiraiaquaculture,Makasih kak,0,0,11,Terima Kasih Salam,0.8841306567192078,8,Dm Admin Halo,0.7074587345123291,2,Iya Kak Dong,0.7062433958053589
7599825412601152264,officially_miss.a,ada pasca sarjana ga kak?,0,1,0,Tidak Ada Jurusan,0.8698613047599792,5,Ada S2 Rpl,0.8758655786514282,1,Berapa Buka Kapan,0.80998694896698
7599883535160312594,univsiberasia,"Hi Kak, saat ini untuk program S2 belum dibuka nih;(",0,0,6,Dibuka Saat Mahasiswa,0.89847731590271,9,Id Ac Pmb,0.7480260729789734,0,Tidak Ada Jurusan,0.7357632517814636
7599840452435919637,tifa_ly,"aku masih bisa lanjut ga sih, aku lg off 🥺",0,1,4,Online Offline Full,0.658339262008667,12,Umur Yang Semangat,0.6957798004150391,7,Daftar Aku Sudah,0.6884020566940308
7599882661419139858,univsiberasia,Bisa dong Kakak🤗,0,0,2,Iya Kak Dong,0.8336869478225708,7,Daftar Aku Sudah,0.7328618168830872,20,Betul Keren Banget,0.7316076755523682
7595495875398697745,jfsfhkjfsd,apa ada yg Uda PNS lulusan UNsia kak,0,1,0,Tidak Ada Jurusan,0.848919153213501,1,Berapa Buka Kapan,0.8082318902015686,5,Ada S2 Rpl,0.7963510751724243
7595804360702821138,univsiberasia,Bahkan yang sudah jadi PNS ada Kak yang berkuliah di UNSIA☺️,0,0,9,Id Ac Pmb,0.6906476020812988,0,Tidak Ada Jurusan,0.7268762588500977,12,Umur Yang Semangat,0.6770022511482239
7561017094759367432,byyna02,Gimana daftarnya ?,2,1,13,Info Bagaimana Cara,0.7812447547912598,22,Biayanya Berapa Biaya,0.7345452904701233,1,Berapa Buka Kapan,0.6643885374069214
7561279827631194898,univsiberasia,"Hi Kak, daftarnya sangat mudah lho, cukup melalui website di pmb.unsia.ac.id 🤗",1,0,9,Id Ac Pmb,0.8753213882446289,6,Dibuka Saat Mahasiswa,0.7813680171966553,16,100 Tugas Skripsi,0.7485052347183228
7564809101932135175,cherno.alpha.punc,"Untuk RPL apakah perlu bayar biaya RPL dulu baru dicek SKS-nya, atau biaya pendaftaran dulu, cek SKS, baru setelah itu bayar biaya RPL?",0,0,14,Dicicil 3Jt Biaya,0.7155706882476807,1,Berapa Buka Kapan,0.6472383141517639,0,Tidak Ada Jurusan,0.6396983861923218
7599916296402125589,sunymaheswari,"ka bntr alisnya rapet bgt 😭😭 , maap salpok ya",0,0,7,Daftar Aku Sudah,0.6865957975387573,8,Dm Admin Halo,0.679054856300354,12,Umur Yang Semangat,0.642895519733429
7599930718009950992,xixii_yz,jurusan psikologi ada kak?,0,0,0,Tidak Ada Jurusan,0.8181729912757874,5,Ada S2 Rpl,0.8284492492675781,15,Dimana Daerah Pjj,0.7577158212661743
7599923582802019079,silafatulmslmh,"ada bisnis digital ga kak?, dan apakah di ijazah ada tulisan pjj?",0,0,1,Berapa Buka Kapan,0.7704448699951172,0,Tidak Ada Jurusan,0.7792749404907227,5,Ada S2 Rpl,0.7570379972457886
7599648412338160404,unsltdbttr,salfok sama alisnya ka,0,0,7,Daftar Aku Sudah,0.6425538063049316,12,Umur Yang Semangat,0.662274181842804,2,Iya Kak Dong,0.6587997674942017
7578473685717254930,amsorrrrriiii,kuliah di unsia nantinya bisa buat whv gak?,0,0,1,Berapa Buka Kapan,0.7002981901168823,0,Tidak Ada Jurusan,0.8012770414352417,5,Ada S2 Rpl,0.7569824457168579
7589971337407595265,retniiii,Permisi kak ada pendaftaran s2 ga ya di awal tahun 2026 ?,0,0,1,Berapa Buka Kapan,0.7815635800361633,6,Dibuka Saat Mahasiswa,0.8135592937469482,0,Tidak Ada Jurusan,0.8088430166244507
7599300350207017749,harvest.moon31,alisnya kaya ga center gtu ya,0,0,7,Daftar Aku Sudah,0.5192705392837524,2,Iya Kak Dong,0.5785256624221802,20,Betul Keren Banget,0.5600475072860718
7591208080664412948,kaluna5869,"klo rektornya orang Korea ada gk kak bentuk kerjasama dengan universitas di Korea ,misal beasiswa ke Korea atau yg lain ??",1,0,0,Tidak Ada Jurusan,0.7449636459350586,5,Ada S2 Rpl,0.6822816729545593,1,Berapa Buka Kapan,0.6638355255126953
7594331776043352850,axioxioiii,kalo daftar pasti diterima atau ngga ka?,0,3,0,Tidak Ada Jurusan,0.7501153945922852,1,Berapa Buka Kapan,0.7972475290298462,4,Online Offline Full,0.7707509994506836
7594393116422652680,axioxioiii,"Halo ka mau tanya ini kan unsia kuliah online ijazahnya gimnaa ngambilnya??
Ijazahnya cuman kertas doang atau ada map nya kaya pada umumnya",0,0,0,Tidak Ada Jurusan,0.7743061780929565,1,Berapa Buka Kapan,0.7683779001235962,4,Online Offline Full,0.7276471257209778
7594391921163010824,axioxioiii,minta nomer admin unsia ka mau daftar,0,0,1,Berapa Buka Kapan,0.8146001100540161,7,Daftar Aku Sudah,0.7927250862121582,13,Info Bagaimana Cara,0.7766860723495483
7594379888913515272,univsiberasia,"Wahh Kak, dicoba dulu yuk biar ga penasaran 🤩",0,0,11,Terima Kasih Salam,0.6981503963470459,7,Daftar Aku Sudah,0.7376397848129272,8,Dm Admin Halo,0.7145341634750366
7562523785904407312,kacangpanjang_163,😭,0,0,3,Menyimak Nrrjml Binus,0.995229959487915,21,Nitip Nitipp Kabarin,0.6757673621177673,2,Iya Kak Dong,0.6486166715621948
7571094650744963848,everyone_els,😭,0,0,3,Menyimak Nrrjml Binus,0.995229959487915,21,Nitip Nitipp Kabarin,0.6757673621177673,2,Iya Kak Dong,0.6486166715621948
7561673832169079560,ramsp.home,Kak mau tanya plis jawab ya. unsia ada S2 hukum kuliah full online tidak? Dan ujiannya online juga. Krn saya domisili kaltim. Tolong yg tau jawab ya,0,2,0,Tidak Ada Jurusan,0.8201742172241211,1,Berapa Buka Kapan,0.794247567653656,16,100 Tugas Skripsi,0.7751119136810303
7562948040648000263,vikentaken,"izin jawab ya kak, biaya pendaftaran 100rb, per semester 3jt tapi bisa dicicil 3 kali",0,0,14,Dicicil 3Jt Biaya,0.8700773119926453,1,Berapa Buka Kapan,0.7276674509048462,0,Tidak Ada Jurusan,0.7070287466049194
7562402423815176968,amrlhfrds,tolong adain S2 Manajemen dong kak,0,2,0,Tidak Ada Jurusan,0.806712806224823,5,Ada S2 Rpl,0.7467096447944641,16,100 Tugas Skripsi,0.7461574077606201
7563618147115844359,amrlhfrds,online ya kak,0,0,4,Online Offline Full,0.7487896680831909,2,Iya Kak Dong,0.8204809427261353,8,Dm Admin Halo,0.8178625106811523
7563616529415062279,einaafets,Soon adaa kak infonya,0,0,11,Terima Kasih Salam,0.8394973278045654,8,Dm Admin Halo,0.8112316727638245,13,Info Bagaimana Cara,0.7788543701171875
7560998717685646101,m5120456,kapan ke Curug nya kak?,0,1,2,Iya Kak Dong,0.6745786070823669,15,Dimana Daerah Pjj,0.7889477014541626,7,Daftar Aku Sudah,0.7669970989227295
7563541054055383826,kaajhshh,tes masuknya susah GK kak,0,0,0,Tidak Ada Jurusan,0.788884162902832,1,Berapa Buka Kapan,0.8408176302909851,4,Online Offline Full,0.7973095774650574
7599265129976791815,riatun082,𝚙𝚎𝚓𝚞𝚊𝚗𝚐 600😂,0,0,3,Menyimak Nrrjml Binus,0.8022888898849487,28,Juta 3Jt Serius,0.7222432494163513,2,Iya Kak Dong,0.6295280456542969
7543287931999060754,sagigenks,Kak ini ada program pscasarjana kah?,0,0,1,Berapa Buka Kapan,0.7808008193969727,0,Tidak Ada Jurusan,0.7879465818405151,5,Ada S2 Rpl,0.7641268372535706
7546146894923350791,apolinaris_25,"keren bngt UNSIA....puji Tuhan 2 semester Uda kulewati bersama UNSIA, skrng menanti semester ketigaku...semoga lancar jaya",2,1,20,Betul Keren Banget,0.5217421650886536,10,Selalu Amin Semoga,0.780320405960083,12,Umur Yang Semangat,0.6773562431335449
7558008595968344840,univsiberasia,Semangat terus ya Kakak kuliahnya😊,2,0,10,Selalu Amin Semoga,0.8360178470611572,25,Semangat Wah Tetap,0.8402707576751709,11,Terima Kasih Salam,0.7320459485054016
7573131158416261909,lian.lian254,Kaka kalau full online semua tanpa harus tidak ke kampus bisa nggak kak,0,1,4,Online Offline Full,0.8406212329864502,1,Berapa Buka Kapan,0.8153164982795715,0,Tidak Ada Jurusan,0.8061347007751465
7592108054671409928,univsiberasia,"UNSIA 100% full online Kakak, tanpa harus ke kampus Kakak sudah bisa mendapat gelar sarjana🤗",0,0,9,Id Ac Pmb,0.7695035934448242,16,100 Tugas Skripsi,0.7292793989181519,18,100 Universitas Siber,0.6954553127288818
7553706780317238017,queenvieaz,S2 manajemen pendidikan ada gak,0,1,0,Tidak Ada Jurusan,0.7527344822883606,5,Ada S2 Rpl,0.7792887091636658,17,Informasi Informatika Akuntansi,0.7585752010345459
7558008280212914951,univsiberasia,"Halo Kakak, saat ini untuk program S2 di UNSIA belum dibuka ya",0,0,6,Dibuka Saat Mahasiswa,0.907194972038269,9,Id Ac Pmb,0.795250654220581,16,100 Tugas Skripsi,0.7614069581031799
7542420019306775314,ikalizard_14,join tren wisuda UNSIA ng ni?🔥,1,1,7,Daftar Aku Sudah,0.7084524631500244,18,100 Universitas Siber,0.7508032321929932,16,100 Tugas Skripsi,0.6831911206245422
7547619711773704967,univsiberasia,Harus join dong Kak dan jangan lupa tag akun UNSIA😊,0,0,9,Id Ac Pmb,0.7088412642478943,7,Daftar Aku Sudah,0.7624746561050415,8,Dm Admin Halo,0.7117258310317993
7544744703131812616,mbuemobwkakakak,"min mau nanya, ini full 💯% untuk kelas karyawan? atau seperti seminggu sekali atau saat ujian itu di haruskan untk hadir?",0,1,0,Tidak Ada Jurusan,0.6985058784484863,1,Berapa Buka Kapan,0.710375189781189,4,Online Offline Full,0.6949054002761841
7558008437881438994,univsiberasia,"Halo Kakak, bisa banget ya karena di UNSIA 100% full online learning😊",0,0,16,100 Tugas Skripsi,0.9036719799041748,9,Id Ac Pmb,0.8081041574478149,6,Dibuka Saat Mahasiswa,0.7759906649589539
7606265841587405589,amawa52,Cakep +in logo unsia nya dibajunya beuh damage,0,0,0,Tidak Ada Jurusan,0.6103596091270447,18,100 Universitas Siber,0.6858874559402466,12,Umur Yang Semangat,0.6751974821090698
7541686951653557010,dessyps_,Admin jika d3 kampus lain bisa nerus s1 disini gak ya?,0,4,0,Tidak Ada Jurusan,0.8291748762130737,5,Ada S2 Rpl,0.7580354809761047,1,Berapa Buka Kapan,0.7530026435852051
7542356122049987336,univsiberasia,"Halo Kakak, bisa banget ya melalui jalur konversi 😊",0,0,19,Jalur Konversi Melalui,0.9223531484603882,1,Berapa Buka Kapan,0.7449198961257935,16,100 Tugas Skripsi,0.741807222366333
7558008169600090888,univsiberasia,"Halo Kakak, bisa ya, melalui jalur konversi😊",0,0,19,Jalur Konversi Melalui,0.9428244829177856,1,Berapa Buka Kapan,0.7533867359161377,8,Dm Admin Halo,0.7365797162055969
7554930563116237569,dwiandrianis,dari d3 pariwisata ke s1 manajemen bisa ngak min?,0,0,0,Tidak Ada Jurusan,0.7802509069442749,5,Ada S2 Rpl,0.7217406034469604,17,Informasi Informatika Akuntansi,0.6577247381210327
7558002996710261511,use74103,nitip,0,0,21,Nitip Nitipp Kabarin,0.9735068678855896,3,Menyimak Nrrjml Binus,0.7572670578956604,2,Iya Kak Dong,0.7146409749984741
7573646010867417876,herra101,ini dimn kak?,0,0,15,Dimana Daerah Pjj,0.7703227400779724,2,Iya Kak Dong,0.8383891582489014,7,Daftar Aku Sudah,0.7732043266296387
7542330225724556040,dailypresson_,ka kuliah disini total bayar pas awal 3 juta aja? maksudnya gada uang pendaftaran? 3 jtx8semester gitu?,0,2,14,Dicicil 3Jt Biaya,0.8381269574165344,0,Tidak Ada Jurusan,0.722942590713501,4,Online Offline Full,0.7195373773574829
7542356836777181960,univsiberasia,Sesuai dengan SK Rektor No. 3 Tahun 2020 Biaya kuliah di UNSIA adalah sebesar 3 juta rupiah/semester. Biaya tersebut dapat dicicil dalam 3x pembayaran,1,0,14,Dicicil 3Jt Biaya,0.674405038356781,9,Id Ac Pmb,0.5922408699989319,27,Pt Terakreditasi Ban,0.5491652488708496
7542445331024626439,einaafets,Betul ka🙌,0,0,20,Betul Keren Banget,0.8978386521339417,2,Iya Kak Dong,0.8036616444587708,11,Terima Kasih Salam,0.7247741222381592
7573130649789530901,lian.lian254,Uang pendaftaran berapa kak,0,0,1,Berapa Buka Kapan,0.8482680916786194,13,Info Bagaimana Cara,0.8123766183853149,22,Biayanya Berapa Biaya,0.8107619285583496
7541412701874356999,rakhmawati675,🔥🔥🔥,3,0,3,Menyimak Nrrjml Binus,0.995229959487915,21,Nitip Nitipp Kabarin,0.6757673621177673,2,Iya Kak Dong,0.6486166715621948
7541378483249021703,managementmarketing8,🔥🔥🔥🥰🥰🥰,1,0,3,Menyimak Nrrjml Binus,0.995229959487915,21,Nitip Nitipp Kabarin,0.6757673621177673,2,Iya Kak Dong,0.6486166715621948
7540111583524225813,wean1991,utk verifikasi berkas biasanya berapa hari kk,0,4,1,Berapa Buka Kapan,0.6865624189376831,4,Online Offline Full,0.6620535850524902,14,Dicicil 3Jt Biaya,0.6388180255889893
7540347002140721940,wean1991,tpi emang bener ya kk kampusnya ini...,0,0,20,Betul Keren Banget,0.6929839849472046,12,Umur Yang Semangat,0.6741544008255005,0,Tidak Ada Jurusan,0.6330507397651672
7540346870380741397,wean1991,semester berapa ya kk,0,0,1,Berapa Buka Kapan,0.7889711856842041,15,Dimana Daerah Pjj,0.8178318738937378,0,Tidak Ada Jurusan,0.7667536735534668
7540241451340645138,einaafets,Jalur apa kak? Kl reguler cpeet kok g ada seminggu harusnya..,0,0,1,Berapa Buka Kapan,0.8086813688278198,4,Online Offline Full,0.7688294649124146,0,Tidak Ada Jurusan,0.751754641532898
7540279929482134290,wean1991,kk juga kuliah disini kk,0,0,9,Id Ac Pmb,0.6351174116134644,0,Tidak Ada Jurusan,0.7092140913009644,7,Daftar Aku Sudah,0.706925630569458
7538099212291277569,syafiiraas,kaka daftarnya lewat mana ya?,0,4,1,Berapa Buka Kapan,0.8492108583450317,15,Dimana Daerah Pjj,0.8330789804458618,7,Daftar Aku Sudah,0.7996317148208618
7538669651400966920,univsiberasia,"Untuk pendaftaran mudah lho, bisa langsung ke website UNSIA ya Kakak unsia.pmb.ac.id",0,0,9,Id Ac Pmb,0.8827802538871765,6,Dibuka Saat Mahasiswa,0.7577612400054932,16,100 Tugas Skripsi,0.703176736831665
7538407337581675280,syafiiraas,baru kak,0,0,2,Iya Kak Dong,0.8477504253387451,20,Betul Keren Banget,0.7419009804725647,28,Juta 3Jt Serius,0.7233202457427979
7538280070641828615,univsiberasia,"Halo Kakak, izin bertanya pendaftaran untuk UNSIA Jakarta Festival atau Pendaftaran mahasiswa baru ya?",0,0,6,Dibuka Saat Mahasiswa,0.8680567145347595,9,Id Ac Pmb,0.8108812570571899,16,100 Tugas Skripsi,0.7618136405944824
7538270023363543815,einaafets,Halo ka bisa kesinii pmb.unsia.ac.id jalur apa ka?,0,0,9,Id Ac Pmb,0.8112201690673828,1,Berapa Buka Kapan,0.8144534826278687,19,Jalur Konversi Melalui,0.800005316734314
7537969993452110600,syaaz_23,mau daftar apa masih bs?,0,1,1,Berapa Buka Kapan,0.7755628228187561,13,Info Bagaimana Cara,0.7292817831039429,0,Tidak Ada Jurusan,0.7082765102386475
7537970433871971079,univsiberasia,"Halo Kakak, masih bisa lho daftar😊",0,0,8,Dm Admin Halo,0.7743871808052063,7,Daftar Aku Sudah,0.795981764793396,6,Dibuka Saat Mahasiswa,0.7399097681045532
7550697337757549330,g_melia_,Ka untuk S 2nya biayanya brp ya?,0,0,1,Berapa Buka Kapan,0.8026543855667114,14,Dicicil 3Jt Biaya,0.7331486940383911,22,Biayanya Berapa Biaya,0.7320612072944641
7540131846944768775,ameliadmyn,kaa ada skripsi gak di unsia?,0,0,0,Tidak Ada Jurusan,0.8331385254859924,1,Berapa Buka Kapan,0.79765784740448,16,100 Tugas Skripsi,0.7936803102493286
7555061844772602642,fromenamdua,😂,0,0,3,Menyimak Nrrjml Binus,0.995229959487915,21,Nitip Nitipp Kabarin,0.6757673621177673,2,Iya Kak Dong,0.6486166715621948
7532484322760606472,me.varro,kalo daftar langsung ke univ nya bisa gak min,0,6,1,Berapa Buka Kapan,0.8436805009841919,0,Tidak Ada Jurusan,0.8313531279563904,19,Jalur Konversi Melalui,0.7684218883514404
7532787752427324178,univsiberasia,"Halo Kak, untuk pendaftaran semuanya online ya, tapi kalau mau main ke kampus UNSIA boleh banget😊",1,0,1,Berapa Buka Kapan,0.8248447179794312,6,Dibuka Saat Mahasiswa,0.8372043371200562,9,Id Ac Pmb,0.8232852220535278
7533858035182863125,graceangelinee_,kalau untuk wisudanya online juga min?,0,0,4,Online Offline Full,0.8772905468940735,1,Berapa Buka Kapan,0.8399031162261963,0,Tidak Ada Jurusan,0.7858825325965881
7535752706942780167,einaafets,Wisuda bisa online / offline,0,0,4,Online Offline Full,0.7486417293548584,18,100 Universitas Siber,0.7194838523864746,5,Ada S2 Rpl,0.6851033568382263
7535287620811080466,tomaaatooossss,"cara berkunjungny gmn minn, aku mahasiswa smst 2 tp blm prnh main ke kmpus",0,0,1,Berapa Buka Kapan,0.7350040078163147,0,Tidak Ada Jurusan,0.7311127781867981,12,Umur Yang Semangat,0.6831583976745605
7535688265253569287,univsiberasia,"Kampus UNSIA terletak di Jl. Harsono RM, Ragunan, Kec. Ps. Minggu, Jakarta Selatan ya Kak",0,0,23,Jakarta Selatan Kota,0.8805888891220093,9,Id Ac Pmb,0.5964837670326233,6,Dibuka Saat Mahasiswa,0.5808690190315247
7532443750661948168,haewidiyaarz,bangga jadi anak unsia 🤩,3,0,10,Selalu Amin Semoga,0.7526834011077881,18,100 Universitas Siber,0.7384448051452637,26,Bismillah Depan Bismillahirrahmanirrahim,0.7110718488693237
7535462566856901383,nike.januard,rpl bisa kak?,0,3,2,Iya Kak Dong,0.8053064346313477,7,Daftar Aku Sudah,0.7423197031021118,8,Dm Admin Halo,0.7327072024345398
7535687730756649735,univsiberasia,"Halo Kak, di UNSIA ada 2 jalur pendaftaran ya, jalur reguler dan jalur ahli jenjang/konversi",0,0,19,Jalur Konversi Melalui,0.8028636574745178,6,Dibuka Saat Mahasiswa,0.7925906181335449,9,Id Ac Pmb,0.776522696018219
7536132636902703880,einaafets,Kalo reguler untuk lulusan sma sederajat ka. Kl konversi / alih jenjang itu utk pindahan atau dari d3 mau lanjut s1,0,0,0,Tidak Ada Jurusan,0.7865609526634216,19,Jalur Konversi Melalui,0.7089712619781494,1,Berapa Buka Kapan,0.6980986595153809
7535753779075187463,tokobymebdl,bedanya apa ka,0,0,15,Dimana Daerah Pjj,0.8252407312393188,2,Iya Kak Dong,0.7491101622581482,5,Ada S2 Rpl,0.7303648591041565
7532886194397889281,official_outfitkece,masih buka pendaftaran ga kak,0,1,1,Berapa Buka Kapan,0.8392814993858337,6,Dibuka Saat Mahasiswa,0.7817540168762207,13,Info Bagaimana Cara,0.766191840171814
7535132036781916936,univsiberasia,"Halo Kak, saat ini UNSIA masih membuka pendaftaran mahasiswa baru lho 🤩",0,0,6,Dibuka Saat Mahasiswa,0.903695821762085,9,Id Ac Pmb,0.7997341156005859,27,Pt Terakreditasi Ban,0.7343205213546753
7569225032100119312,jj_07,"ka izin bertanya skripsinya gmna ya ka, klo semisal kuliah sambil bekerja soalnya saya berminat sekali untuk masuk di unisa prodi komunikasi ka....",4,7,0,Tidak Ada Jurusan,0.8143018484115601,16,100 Tugas Skripsi,0.7468279600143433,1,Berapa Buka Kapan,0.744429349899292
7574798389709374226,winatta01,kak aku mau juga,1,0,2,Iya Kak Dong,0.8444743156433105,7,Daftar Aku Sudah,0.8084263801574707,11,Terima Kasih Salam,0.7419482469558716
7570724861553083144,moochycozi,kak aku jg pls,1,0,2,Iya Kak Dong,0.8306233882904053,7,Daftar Aku Sudah,0.7789960503578186,8,Dm Admin Halo,0.7182520627975464
7585818310487474961,adndavasya,kak mau juga,0,0,2,Iya Kak Dong,0.8665826916694641,7,Daftar Aku Sudah,0.8163687586784363,11,Terima Kasih Salam,0.7530765533447266
7582390423969891088,ohdaamn,kak mau jugaaa,0,0,2,Iya Kak Dong,0.8665826916694641,7,Daftar Aku Sudah,0.8163687586784363,11,Terima Kasih Salam,0.7530765533447266
7579456809841443592,valemobilegend,aku mau,0,0,2,Iya Kak Dong,0.7655142545700073,3,Menyimak Nrrjml Binus,0.7148117423057556,21,Nitip Nitipp Kabarin,0.6958044767379761
7577762289278321426,nksriwhdh,aku mau jga kak,0,0,2,Iya Kak Dong,0.8409950733184814,7,Daftar Aku Sudah,0.8052489161491394,11,Terima Kasih Salam,0.7485100626945496
7577762909666607879,ikutikutan,Halo kak cek dm ya🥰,0,0,8,Dm Admin Halo,0.9048978090286255,11,Terima Kasih Salam,0.7162951827049255,7,Daftar Aku Sudah,0.701528787612915
7572817846746022664,cicayy_28,kalo ijazah paket C bisa masuk ga ka?,1,1,1,Berapa Buka Kapan,0.8554345369338989,0,Tidak Ada Jurusan,0.823535680770874,4,Online Offline Full,0.802771806716919
7573052433955226388,anvi.85,bisa,0,0,3,Menyimak Nrrjml Binus,0.8394792079925537,2,Iya Kak Dong,0.705260157585144,28,Juta 3Jt Serius,0.6612153649330139
7535752919549133576,einaafets,Unsia memang oke. Ayo gais jadi maba unsia✌️,6,2,0,Tidak Ada Jurusan,0.6752198338508606,10,Selalu Amin Semoga,0.7020207047462463,9,Id Ac Pmb,0.7017400860786438
7596275885411255041,iswa_ns,nitip,0,0,21,Nitip Nitipp Kabarin,0.9735068678855896,3,Menyimak Nrrjml Binus,0.7572670578956604,2,Iya Kak Dong,0.7146409749984741
7548692751392817938,ciloempuk,"mohon doa nya untuk anak saya yg masih kuliah di unsia jakarta,semoga lancar sampai wisuda",1,1,10,Selalu Amin Semoga,0.7967311143875122,6,Dibuka Saat Mahasiswa,0.6670299768447876,0,Tidak Ada Jurusan,0.6646727323532104
7558011377068262151,univsiberasia,"Halo Kakak, semoga kuliahnya lancar dan lulus tepat waktu ya🤗",2,0,10,Selalu Amin Semoga,0.8364062905311584,11,Terima Kasih Salam,0.7346664667129517,6,Dibuka Saat Mahasiswa,0.6955534815788269
7568245361907680017,yee_yan_2,kapan penerimaan mahasiswa Baru dibuka lagi?,0,2,6,Dibuka Saat Mahasiswa,0.6761707067489624,1,Berapa Buka Kapan,0.612278938293457,18,100 Universitas Siber,0.5992428064346313
7568346547768148754,univsiberasia,"Halo Kakak, pendaftaran mahasiswa baru dibuka di tanggal 7 November 2025 ya Kakak, untuk informasi penerimaan mahasiswa baru bisa folow akun instagram @ppmbunsia_official ya Kakak agar tidak tertinggal informasinya😊",2,0,9,Id Ac Pmb,0.8150893449783325,6,Dibuka Saat Mahasiswa,0.8107362985610962,27,Pt Terakreditasi Ban,0.7178192138671875
7569295030755001106,ikutikutan,Halo kak cek dm ya utk aku bimbing🥰,0,0,8,Dm Admin Halo,0.8709949254989624,7,Daftar Aku Sudah,0.7204865217208862,11,Terima Kasih Salam,0.7120251059532166
7546220295758807826,riko.noviantoro,kereeen,1,0,20,Betul Keren Banget,0.8424503803253174,3,Menyimak Nrrjml Binus,0.7566592693328857,2,Iya Kak Dong,0.7527029514312744
7606254373253972754,call.girlssslyy,min di unsia ada program S2 ngga?,0,0,0,Tidak Ada Jurusan,0.8544280529022217,5,Ada S2 Rpl,0.7845480442047119,1,Berapa Buka Kapan,0.7459233999252319
7594144682913956615,axioxioiii,kaa kalo wisuda ada kuota nya buat kesanah?,0,1,4,Online Offline Full,0.8018953800201416,7,Daftar Aku Sudah,0.8247336745262146,1,Berapa Buka Kapan,0.8225876092910767
7594380874595894023,univsiberasia,Betul Kakak🤩,0,0,20,Betul Keren Banget,0.8636669516563416,2,Iya Kak Dong,0.7645946741104126,11,Terima Kasih Salam,0.6651486158370972
7558451987664585490,siismonalisa,moga anak saya kuliah di berikan kelancaran,0,0,10,Selalu Amin Semoga,0.7373375296592712,11,Terima Kasih Salam,0.6023205518722534,26,Bismillah Depan Bismillahirrahmanirrahim,0.6020543575286865
7548692504187847432,ciloempuk,👍👍👍,0,0,3,Menyimak Nrrjml Binus,0.995229959487915,21,Nitip Nitipp Kabarin,0.6757673621177673,2,Iya Kak Dong,0.6486166715621948
7532001243733836551,tifa_ly,"joane tmn aku dr semester awal, huhu aku malah lg stop blm lanjut 😭😭",11,4,12,Umur Yang Semangat,0.7814631462097168,7,Daftar Aku Sudah,0.6728771328926086,0,Tidak Ada Jurusan,0.6195988655090332
7532351872331563794,univsiberasia,"Halo Kak, wahh yuk semangat Kak, supaya cepat diwisuda😊",2,0,25,Semangat Wah Tetap,0.7270496487617493,10,Selalu Amin Semoga,0.7423043847084045,7,Daftar Aku Sudah,0.7340058088302612
7532352105244623623,tifa_ly,harusnya tahun ini bare joanne 😭,0,0,7,Daftar Aku Sudah,0.6285058259963989,26,Bismillah Depan Bismillahirrahmanirrahim,0.6609454154968262,24,Ilkom Ieu Balang,0.6438345909118652
7561612180346028818,chientaa,ayo kak semangat,0,0,25,Semangat Wah Tetap,0.923576831817627,2,Iya Kak Dong,0.7683477401733398,10,Selalu Amin Semoga,0.7487398386001587
7561729115616510738,tifa_ly,semangatin aku 😭,0,0,25,Semangat Wah Tetap,0.8349562883377075,2,Iya Kak Dong,0.7284878492355347,10,Selalu Amin Semoga,0.6802876591682434
7555951544420614920,susi06lawati10,Usia 31 pengen kuliah lagi bisa ga ya ?,1,4,0,Tidak Ada Jurusan,0.8164236545562744,1,Berapa Buka Kapan,0.791478157043457,5,Ada S2 Rpl,0.754595160484314
7556096928391037704,univsiberasia,"Halo Kakak, Bisa banget dong, kuliah di UNSIA tidak ada batasan usia😊",4,0,2,Iya Kak Dong,0.5943807363510132,9,Id Ac Pmb,0.8132449388504028,0,Tidak Ada Jurusan,0.8112593293190002
7581447823498396433,nci_yogi,saya 37 lanjut di UNSIA Kak,1,0,0,Tidak Ada Jurusan,0.8184314966201782,16,100 Tugas Skripsi,0.8009215593338013,6,Dibuka Saat Mahasiswa,0.7742258906364441
7561612017137386258,chientaa,bisa kak di Unsia,1,0,0,Tidak Ada Jurusan,0.7587618827819824,1,Berapa Buka Kapan,0.7739588022232056,9,Id Ac Pmb,0.7709609866142273
7569295734551053063,ikutikutan,Halo kak cek dm yaa kalo minat utk masuk unsia 🥰,0,0,9,Id Ac Pmb,0.7764971256256104,8,Dm Admin Halo,0.8245494365692139,6,Dibuka Saat Mahasiswa,0.7862234115600586
7531990167495033616,hadikbs1,kak info PMB nya kak,0,5,13,Info Bagaimana Cara,0.8538480997085571,1,Berapa Buka Kapan,0.8077011108398438,8,Dm Admin Halo,0.7910957336425781
7532001324096258834,univsiberasia,"Halo Kak, saat ini UNSIA sedang membuka pendaftaran mahasiswa baru lho😊",0,0,6,Dibuka Saat Mahasiswa,0.8881760835647583,9,Id Ac Pmb,0.7944486737251282,27,Pt Terakreditasi Ban,0.7400263547897339
7548347338373202695,i0.dna,info pendftarannya min,0,0,13,Info Bagaimana Cara,0.7793362736701965,1,Berapa Buka Kapan,0.6972396969795227,5,Ada S2 Rpl,0.6865918040275574
7535045418696524552,einaafets,4 sept,0,0,3,Menyimak Nrrjml Binus,0.8273932933807373,28,Juta 3Jt Serius,0.6718974113464355,21,Nitip Nitipp Kabarin,0.6162530183792114
7532148229091459848,aufiaffi,info pendaftarannya ka,0,0,13,Info Bagaimana Cara,0.8664060831069946,1,Berapa Buka Kapan,0.771833598613739,6,Dibuka Saat Mahasiswa,0.7491174936294556
7532069869464060679,healinghalahhalahealing,Speechnya keren banget kak joanne 🫠,25,0,20,Betul Keren Banget,0.7721066474914551,11,Terima Kasih Salam,0.6879498958587646,10,Selalu Amin Semoga,0.6709120273590088
7584441875819315984,hellowleo19,Wisudanya tetep offline kan??? Baru mau daftar udah mikirin wisuda gue😂😭,3,1,4,Online Offline Full,0.7943670153617859,12,Umur Yang Semangat,0.7930111885070801,7,Daftar Aku Sudah,0.7181292772293091
7584457762374435602,univsiberasia,"Hi Kak, wisuda dilaksanakan secara hybrid ya, jangan lupa dari sekarang cari-cari outfit untuk wisuda Kak☺️",0,0,6,Dibuka Saat Mahasiswa,0.7283676862716675,9,Id Ac Pmb,0.7089341878890991,7,Daftar Aku Sudah,0.7021286487579346
7582135327486182145,melyas133,"ada program S2nya gak, min?",0,0,0,Tidak Ada Jurusan,0.8431995511054993,5,Ada S2 Rpl,0.8398457765579224,1,Berapa Buka Kapan,0.7884784936904907
7563077112551457544,sn.storenlineshop,halo min apa bner di sini kuliah nya full online 100 %?🥰,0,0,0,Tidak Ada Jurusan,0.7770153284072876,16,100 Tugas Skripsi,0.7987807989120483,4,Online Offline Full,0.7632888555526733
7546038146610529032,apolinaris_25,"Joane keren bngt, inspiratif",3,0,20,Betul Keren Banget,0.7971932888031006,11,Terima Kasih Salam,0.6222596764564514,2,Iya Kak Dong,0.6169116497039795
7547741041643733781,rdumpiesr,ada magang kak?,0,0,2,Iya Kak Dong,0.8727717399597168,7,Daftar Aku Sudah,0.8072779774665833,15,Dimana Daerah Pjj,0.8032245635986328
7533466346027516690,a.ahmaadd,yang terbaikkkkk! 💙💛,1,0,2,Iya Kak Dong,0.7408607006072998,20,Betul Keren Banget,0.6818398237228394,25,Semangat Wah Tetap,0.6637692451477051
7539116047040643848,ftmhayf___,deep bgt kata²nya🥺,1,0,20,Betul Keren Banget,0.8076416254043579,2,Iya Kak Dong,0.7132565975189209,11,Terima Kasih Salam,0.6351422667503357
7557995935373820688,bangbang1234560,aura kakak. membuat kesedihan di mana rasa percaya dirinya membuah kan keceriaan atas segala perjuaangan mu🥰,1,0,2,Iya Kak Dong,0.37277036905288696,10,Selalu Amin Semoga,0.453585684299469,12,Umur Yang Semangat,0.43566370010375977
7532017898752557841,hadikbs1,kak untuk D3 manajemen mau lanjut ke S1 carainya bagaimana kak,0,1,0,Tidak Ada Jurusan,0.8097602128982544,1,Berapa Buka Kapan,0.7460672855377197,19,Jalur Konversi Melalui,0.7158793210983276
7532472172691178248,makanterus961,"Pake konversi kakak, bisa pakai jalur RPL",1,0,5,Ada S2 Rpl,0.7041283845901489,19,Jalur Konversi Melalui,0.761439323425293,4,Online Offline Full,0.7064509391784668
7568762300489024277,itsme_lsss,🥰,1,0,3,Menyimak Nrrjml Binus,0.995229959487915,21,Nitip Nitipp Kabarin,0.6757673621177673,2,Iya Kak Dong,0.6486166715621948
7591092228699194119,yalsx3,😳,0,0,3,Menyimak Nrrjml Binus,0.995229959487915,21,Nitip Nitipp Kabarin,0.6757673621177673,2,Iya Kak Dong,0.6486166715621948
7535699357922099975,nike.januard,pindahan dr kampus swasta lain bisa kak?,0,3,1,Berapa Buka Kapan,0.7786083817481995,0,Tidak Ada Jurusan,0.7992166876792908,19,Jalur Konversi Melalui,0.7786160111427307
7535729399573152530,univsiberasia,"Halo Kak, bisa banget lho melalui jalur ahli jenjang/konversi ☺️",0,0,19,Jalur Konversi Melalui,0.8852735161781311,16,100 Tugas Skripsi,0.7186467051506042,6,Dibuka Saat Mahasiswa,0.7122650742530823
7535744822188032775,nike.januard,kalo full online sistem belajarnya lewat zoom/meet atau bagaimana kak?,0,0,4,Online Offline Full,0.8335834741592407,1,Berapa Buka Kapan,0.797592282295227,19,Jalur Konversi Melalui,0.7629151344299316
7535752267414586119,einaafets,"Iya ka, zoom",0,0,2,Iya Kak Dong,0.850540041923523,20,Betul Keren Banget,0.7847615480422974,11,Terima Kasih Salam,0.7536417245864868
7542839396953998087,user234h06,ka kapan buka pendaftaran baru?,1,2,1,Berapa Buka Kapan,0.8568781614303589,6,Dibuka Saat Mahasiswa,0.7879817485809326,13,Info Bagaimana Cara,0.7824016213417053
7543133658321683218,univsiberasia,"Halo Kak, saat ini UNSIA masih membuka pendaftaran mahasiswa baru lhoo😊",1,0,6,Dibuka Saat Mahasiswa,0.9030352830886841,9,Id Ac Pmb,0.8009662628173828,27,Pt Terakreditasi Ban,0.7392005324363708
7543167546405913365,user234h06,okeyy kak thanks infonya,0,0,11,Terima Kasih Salam,0.862036943435669,8,Dm Admin Halo,0.7393485307693481,20,Betul Keren Banget,0.6843206882476807
7536060681536914192,dwii.jyntii,"persyaratannya apa aja kak?
trs ini online tanpa ada tatap muka kan ? karna saya kerja 3hari sekali ganti shift dan hari libur tdk menentu . apakah bisa?",0,1,0,Tidak Ada Jurusan,0.681649923324585,4,Online Offline Full,0.6987344026565552,1,Berapa Buka Kapan,0.6892173290252686
7536132442370229010,einaafets,"Bisa kak, bisa diakses kapanpun dan di mana pun. Persyaratan utk jalur reguler ktp, ijazah sm pas foto aja kak..",0,0,1,Berapa Buka Kapan,0.6980103850364685,9,Id Ac Pmb,0.7047170400619507,19,Jalur Konversi Melalui,0.6952016353607178
7535027436011619079,boru_sitohang016,"pendaftaran nya brp bang, daftar nya lewat apa bang",0,1,1,Berapa Buka Kapan,0.8295857906341553,13,Info Bagaimana Cara,0.751267671585083,15,Dimana Daerah Pjj,0.7436187267303467
7535131921529963272,univsiberasia,"Halo Kak, biaya pendaftaran hanya sebesar 100rb ya Kak dan untuk pendaftarannya sangat mudah, Cukup melalui website UNSIA di pmb.unsia.ac.id 😊",0,0,9,Id Ac Pmb,0.8745310306549072,6,Dibuka Saat Mahasiswa,0.787551999092102,27,Pt Terakreditasi Ban,0.731869637966156
7535566447076000533,faazst,kak kalo udah bayar pendaftaran itu otomatis terkonfirmasi atau nunggu dikonfirmasi ya?,0,1,1,Berapa Buka Kapan,0.7091866135597229,4,Online Offline Full,0.6827465891838074,19,Jalur Konversi Melalui,0.6749458909034729
7535687037266510599,univsiberasia,"Halo Kak, sudah otomatis terkonfirmasi ya",0,0,8,Dm Admin Halo,0.8019620180130005,7,Daftar Aku Sudah,0.7086923718452454,6,Dibuka Saat Mahasiswa,0.6996810436248779
7539066597734925074,vinasalaswati,Biasanya pengumuman kelulusannya brpa lama ya kalo habis daftar?,0,1,1,Berapa Buka Kapan,0.7586582899093628,4,Online Offline Full,0.7387664318084717,12,Umur Yang Semangat,0.7233442664146423
7540241772597854994,einaafets,Jalur apa ka? Kl reguler cepet kok gada sminggu hrsnya..,0,0,19,Jalur Konversi Melalui,0.7398602366447449,1,Berapa Buka Kapan,0.7836335897445679,4,Online Offline Full,0.7645424604415894
7553664830554211090,awshop74,Kak masih buka pendaftaran ga yaa,0,1,1,Berapa Buka Kapan,0.8826311826705933,6,Dibuka Saat Mahasiswa,0.8001409769058228,13,Info Bagaimana Cara,0.7829598188400269
7554677451058823954,einaafets,Masi buka ka,0,0,1,Berapa Buka Kapan,0.6864278316497803,2,Iya Kak Dong,0.7863427400588989,7,Daftar Aku Sudah,0.7472777366638184
7553516464910942994,lifeformusic5,Halo min. Apakah di Univ Siber Asia ada jurusan sastra korea?,0,0,0,Tidak Ada Jurusan,0.8074859380722046,17,Informasi Informatika Akuntansi,0.7298552989959717,6,Dibuka Saat Mahasiswa,0.7259620428085327
7562483342589231890,csk03_,ada jurusan pgsd?,0,0,5,Ada S2 Rpl,0.817943274974823,0,Tidak Ada Jurusan,0.7708373069763184,18,100 Universitas Siber,0.7129755020141602
7583281268966769426,marcelineputri,minn pendaftaran nya masih buka kah?,0,0,1,Berapa Buka Kapan,0.8266313076019287,4,Online Offline Full,0.7492840886116028,0,Tidak Ada Jurusan,0.740317702293396
7542330951252263688,dailypresson_,😭😭😭,0,0,3,Menyimak Nrrjml Binus,0.995229959487915,21,Nitip Nitipp Kabarin,0.6757673621177673,2,Iya Kak Dong,0.6486166715621948
7537645066699440913,ichaatrg,hallo kak di unsia bisa Nerima mahasiswa transferan semester tua ga kak 🙏,0,1,1,Berapa Buka Kapan,0.8090152740478516,6,Dibuka Saat Mahasiswa,0.8239178657531738,0,Tidak Ada Jurusan,0.8071627616882324
7537927859034489608,univsiberasia,"Halo Kakak, bisa banget ya Kak melalui jalur konversi/ahli jenjang",0,0,19,Jalur Konversi Melalui,0.9383553266525269,16,100 Tugas Skripsi,0.7543686032295227,0,Tidak Ada Jurusan,0.750160813331604
7524739367564116754,virgooooooo2,jd mendadak super sibuk dan semua kerjaan terlihat sangat menarik dan menyenangkan dibanding ngerjain skripsi 🤣,1,0,12,Umur Yang Semangat,0.6854293346405029,4,Online Offline Full,0.5548407435417175,16,100 Tugas Skripsi,0.5502283573150635
7526377786232193800,uploadyaa,Gimana daftarnya,0,3,13,Info Bagaimana Cara,0.7812447547912598,22,Biayanya Berapa Biaya,0.7345452904701233,1,Berapa Buka Kapan,0.6643885374069214
7527871574239511314,univsiberasia,"Halo Kak, untuk pendaftaran cukup melalui website UNSIA ya Kak di pmb.unsia.ac.id",0,0,9,Id Ac Pmb,0.8814762830734253,6,Dibuka Saat Mahasiswa,0.809238076210022,16,100 Tugas Skripsi,0.7337452173233032
7527922689618002706,uploadyaa,Server tidak ditemukan kak,0,0,2,Iya Kak Dong,0.5063081979751587,18,100 Universitas Siber,0.5516111254692078,5,Ada S2 Rpl,0.517639696598053
7532890754902115093,dheandraraisaemily,🥰,0,0,3,Menyimak Nrrjml Binus,0.995229959487915,21,Nitip Nitipp Kabarin,0.6757673621177673,2,Iya Kak Dong,0.6486166715621948
7525164300315443976,r4h45y4,belum ada PJJ Hukum ya,0,0,15,Dimana Daerah Pjj,0.6837496757507324,5,Ada S2 Rpl,0.748397707939148,4,Online Offline Full,0.7114324569702148
7523834947946251026,user3502363469085,"Min, S2 Pjj Manajemen belum dibuka ya?",0,0,0,Tidak Ada Jurusan,0.7891777753829956,6,Dibuka Saat Mahasiswa,0.7609623670578003,5,Ada S2 Rpl,0.7420991659164429
7527696162255127304,resismarlita01,berapa biaya per semester kak?,0,3,1,Berapa Buka Kapan,0.7729512453079224,22,Biayanya Berapa Biaya,0.8261752128601074,14,Dicicil 3Jt Biaya,0.7862606048583984
7531728090167247617,rfi1746,berapa biaya masuek ya kak,0,1,1,Berapa Buka Kapan,0.8073389530181885,22,Biayanya Berapa Biaya,0.7984050512313843,15,Dimana Daerah Pjj,0.7736226320266724
7532342313865216776,univsiberasia,"Halo Kak, Sesuai dengan SK Rektor No. 3 Tahun 2020 Biaya kuliah di UNSIA sebesar 3 juta rupiah / semester. Biaya tersebut dapat dicicil sbyk 3x 🤩",1,0,14,Dicicil 3Jt Biaya,0.8002551198005676,9,Id Ac Pmb,0.7173404693603516,27,Pt Terakreditasi Ban,0.6901126503944397
7533548096174375700,a.ahmaadd,Buruan yaaa teman teman! 🫵 Cyber Asia University kuliah swastaaa terbaikkk 💛💙,0,0,0,Tidak Ada Jurusan,0.6798419952392578,9,Id Ac Pmb,0.7162088751792908,18,100 Universitas Siber,0.707939624786377
7527716106409509640,i_mha09,😁,0,0,3,Menyimak Nrrjml Binus,0.995229959487915,21,Nitip Nitipp Kabarin,0.6757673621177673,2,Iya Kak Dong,0.6486166715621948
7522137650355766024,yssswara,Wah keren banget 🔥🔥🔥,0,0,20,Betul Keren Banget,0.8633605241775513,2,Iya Kak Dong,0.6944230794906616,11,Terima Kasih Salam,0.6854486465454102
7522356000357483282,tititiaraaa5,buka pendaftaran kapan min?,0,4,1,Berapa Buka Kapan,0.8206366300582886,13,Info Bagaimana Cara,0.7939724922180176,4,Online Offline Full,0.7320005893707275
7522363229399532296,univsiberasia,"Halo Kak, saat ini UNSIA masih membuka pendaftaran mahasiswa baru lho 😊",0,0,6,Dibuka Saat Mahasiswa,0.903695821762085,9,Id Ac Pmb,0.7997341156005859,27,Pt Terakreditasi Ban,0.7343205213546753
7522857001998287624,sukasukajalansaja,Cara daftarnya gimna kak ?,0,0,1,Berapa Buka Kapan,0.8455342054367065,13,Info Bagaimana Cara,0.8816961646080017,15,Dimana Daerah Pjj,0.7374296188354492
7523101666758312722,univsiberasia,"Gampang banget lho Kak, cukup melalui website UNSIA di pmb.unsia.ac.id 😊",0,0,9,Id Ac Pmb,0.8397718667984009,16,100 Tugas Skripsi,0.7132632732391357,6,Dibuka Saat Mahasiswa,0.688449501991272
7523073293822706440,univsiberasia,Gampang lho Kak cukup daftarnya melalui website UNSIA di pmb.unsia.ac.id 🤩,0,0,9,Id Ac Pmb,0.8518514633178711,6,Dibuka Saat Mahasiswa,0.7088572978973389,16,100 Tugas Skripsi,0.6950421333312988
7569806095988818695,coklatstrawberry33,"kak Dari sastra inggris ke ilmu komunikasi bisa gak,atau ngulang Dari awal",0,14,0,Tidak Ada Jurusan,0.677994966506958,5,Ada S2 Rpl,0.6515857577323914,12,Umur Yang Semangat,0.647986888885498
7572029108151304967,quceeng,"bisa ya kak pindah jurusan, nanti ada beberapa mata kuliah yg di akui jadi ga ngulang matkul itu lagi, kalo mau tanya boleh dm yaa aku mahasiswa konversi🥰",0,0,0,Tidak Ada Jurusan,0.8322235345840454,12,Umur Yang Semangat,0.7873800992965698,1,Berapa Buka Kapan,0.7777008414268494
7570920578916401940,rrecloudly_30,kak jadikah?,0,0,2,Iya Kak Dong,0.7861472964286804,15,Dimana Daerah Pjj,0.6933901906013489,20,Betul Keren Banget,0.6671637296676636
7570239989171094290,re.7ym,"kak aku jg sasing dr ut, kepikiran mau pindah 😭 km jdnya mau ke unsia kak? udh semester brp btw",0,0,0,Tidak Ada Jurusan,0.8168042898178101,1,Berapa Buka Kapan,0.7666283845901489,12,Umur Yang Semangat,0.7493913173675537
7570333278100865800,avocadochoco7,nampak nya udh lelah bgt ya kak di UT wkwkw,0,0,12,Umur Yang Semangat,0.815955400466919,7,Daftar Aku Sudah,0.694288969039917,4,Online Offline Full,0.6887347102165222
7570241140823458568,coklatstrawberry33,"ih sini dm an,aku butuh solusi nih 😭",0,0,8,Dm Admin Halo,0.6939669847488403,7,Daftar Aku Sudah,0.6807210445404053,15,Dimana Daerah Pjj,0.6249855160713196
7569926042652967698,einaafets,Seperti nya Bisa kakk lanjut nya mulai dri 2 semester aja. Coba dm nti ku kasih template nyaa,0,0,8,Dm Admin Halo,0.7030346989631653,1,Berapa Buka Kapan,0.7328001260757446,4,Online Offline Full,0.7253495454788208
7569926346191045383,coklatstrawberry33,bisa linjur ya,0,0,2,Iya Kak Dong,0.8038988709449768,5,Ada S2 Rpl,0.7146685123443604,7,Daftar Aku Sudah,0.7092788219451904
7569926716438217490,einaafets,"Oiya, ini pindahan maksudnya ya?",0,0,1,Berapa Buka Kapan,0.657806396484375,7,Daftar Aku Sudah,0.709844708442688,15,Dimana Daerah Pjj,0.6940861940383911
7569927027046826770,coklatstrawberry33,"iya pindahan,kalau double degree gak mampu otak nya 😭🙏",0,0,2,Iya Kak Dong,0.6169723272323608,12,Umur Yang Semangat,0.7453750371932983,4,Online Offline Full,0.6837217807769775
7570333782378971912,avocadochoco7,tolong ini tugas nya numpuk banget gak kaya UT sebulan full tugas teruss😭😭😭😭😭,1,6,12,Umur Yang Semangat,0.8003131151199341,4,Online Offline Full,0.6898257732391357,16,100 Tugas Skripsi,0.6762293577194214
7572029388965479176,quceeng,"aku mahasiswa semester 1 tapi belum banyak tugas si, ini udah 4 sesi pertemuan tapi ada matkul yg cuman mempelajari materi aja kak😆",1,0,12,Umur Yang Semangat,0.7543609142303467,0,Tidak Ada Jurusan,0.6619113683700562,16,100 Tugas Skripsi,0.6612984538078308
7570675124602225426,arkeshindies,yg nugasnya numpuk di UT apa Unsia?,1,0,12,Umur Yang Semangat,0.6768586039543152,15,Dimana Daerah Pjj,0.7297013401985168,0,Tidak Ada Jurusan,0.7210475206375122
7570920808322138901,rrecloudly_30,kakk.. infonya yg jls dong😭😭,1,0,11,Terima Kasih Salam,0.7425660490989685,8,Dm Admin Halo,0.785585880279541,7,Daftar Aku Sudah,0.7709181308746338
7571037866178085652,rstvandd_,"kayaknya Kaka itu nanya,Kuliah di sini tugasnya numpuk tidak seperti di kampus UT yg sebulan full tugas.Kayaknya seperti itu kak",0,0,12,Umur Yang Semangat,0.8059114217758179,0,Tidak Ada Jurusan,0.7564047574996948,4,Online Offline Full,0.7373994588851929
7588124706298610449,ferianggarzm,cara melihat kita diterima nya kapan ya kak,0,1,0,Tidak Ada Jurusan,0.7039474844932556,1,Berapa Buka Kapan,0.8083795309066772,13,Info Bagaimana Cara,0.7508945465087891
7592253588241498898,katasandinanaon,misal klo tidak lulus tes gmna kak,0,0,1,Berapa Buka Kapan,0.7678012251853943,0,Tidak Ada Jurusan,0.7608751058578491,4,Online Offline Full,0.7451094388961792
7569075503848522504,cuankiberrr_,transfer smt dr UT ke UNSIA bisa ga ya?,0,12,1,Berapa Buka Kapan,0.7826351523399353,19,Jalur Konversi Melalui,0.7797436118125916,0,Tidak Ada Jurusan,0.7707948088645935
7597491854296646420,unithefirst,"ini juga mau pindah kuliah hahahaha.. ngaku2 mahasiswa UT,",0,0,0,Tidak Ada Jurusan,0.6970911026000977,12,Umur Yang Semangat,0.7778351306915283,7,Daftar Aku Sudah,0.6783508062362671
7569136406427583239,univsiberasia,"Halo Kakak, bisa ya melalui Jalur konversi😊",0,0,19,Jalur Konversi Melalui,0.9428244829177856,1,Berapa Buka Kapan,0.7533867359161377,8,Dm Admin Halo,0.7365796566009521
7579539536516399889,nadishapa26,kak kalo PTS ke unsia jalur rpl bisa nggak ?,0,0,1,Berapa Buka Kapan,0.8245747089385986,0,Tidak Ada Jurusan,0.8396787643432617,19,Jalur Konversi Melalui,0.827082633972168
7577332924115550984,saripoll_,"kak kenapa Keluar ak mlh mau masuk ut in ambil jurusan manajemen tapi unsia malah lewt jdi bimbang, kk kenapa kok pengen keluar? 😭🙏",0,0,0,Tidak Ada Jurusan,0.7676694393157959,12,Umur Yang Semangat,0.7687724828720093,27,Pt Terakreditasi Ban,0.7030455470085144
7577335003072250642,cuankiberrr_,"menurutku buatku yg kerja kejar2an deadline nya, sehari ga nugas tu kya berasa numpuk, di tambah UT ujiannya hrs offline dan gbsa milih hari, ujian bsk aja ak dpt di weekday",0,0,12,Umur Yang Semangat,0.7937506437301636,4,Online Offline Full,0.6930646300315857,0,Tidak Ada Jurusan,0.6273853182792664
7577417323590812424,saripoll_,huhuuuu oke kk makasih banyakkk😭🙏,0,0,11,Terima Kasih Salam,0.79619300365448,10,Selalu Amin Semoga,0.6768910884857178,20,Betul Keren Banget,0.667604923248291
7577335389410165511,cuankiberrr_,"btw gnti hari bisa sih tp hrs byr permatkul 150k, itu jg gbsa milih hr gnti nya. sedangkan ujianku ada 4matkul, kebayangkan 150x4😂",0,0,14,Dicicil 3Jt Biaya,0.7122642993927002,12,Umur Yang Semangat,0.7089511752128601,4,Online Offline Full,0.698339581489563
7573771003203470097,pjr4wldn,ekstensi dri d3 ke s1 informatika bisa kak?,0,0,0,Tidak Ada Jurusan,0.793781042098999,5,Ada S2 Rpl,0.7312697768211365,19,Jalur Konversi Melalui,0.711083710193634
7569498479162049287,einaafets,"Bisa kak, sudah brp smt kah di ut?",0,0,1,Berapa Buka Kapan,0.8388878703117371,0,Tidak Ada Jurusan,0.7955896854400635,4,Online Offline Full,0.7654314041137695
7571319822627209985,keulbra,"ka, klo baru mau semester 2 di ut bisa pindah ke unsia ga ya?",0,0,0,Tidak Ada Jurusan,0.8557162284851074,1,Berapa Buka Kapan,0.8172729015350342,6,Dibuka Saat Mahasiswa,0.7729016542434692
7571320427297899271,einaafets,"Oh sori, baru mau ya.. Gk bs ka pindah, ulang smt 1 palingan",0,0,0,Tidak Ada Jurusan,0.7342979311943054,7,Daftar Aku Sudah,0.7858525514602661,1,Berapa Buka Kapan,0.7815200090408325
7571323168771965713,keulbra,"oh i see, okei makasi ka info nya",0,0,11,Terima Kasih Salam,0.8619964122772217,8,Dm Admin Halo,0.7891576290130615,7,Daftar Aku Sudah,0.7275000214576721
7571320320389792519,einaafets,"Sebenarnya bisa kak.. Cuma waktu itu aku bantuin pindahan ut 3 org, ditolak.. Nilai nya ad di bwh c dan sks tdk mencukupi utk ke unsia, paling kalo ditolak gt diarahkan utk ke jalur reguler yaaa😉",0,0,1,Berapa Buka Kapan,0.7213719487190247,0,Tidak Ada Jurusan,0.7854943871498108,12,Umur Yang Semangat,0.7744455337524414
7571350391003333394,boppppp08,"kalau lulus dari situ cara ambil ijazah nya gimna kak, kalau kita di pulau Kalimantan tuh cara ambilnya gimna kak",1,0,0,Tidak Ada Jurusan,0.7720675468444824,1,Berapa Buka Kapan,0.7640703916549683,19,Jalur Konversi Melalui,0.7070940732955933
7593024532936803093,d1l4hh236,ka apa pas wisuda di unsia itu ada kuota batasan nya atau semua mahasiswa yang pengen wisuda offline itu bakal bisa ikut semua?,0,1,0,Tidak Ada Jurusan,0.7895832061767578,1,Berapa Buka Kapan,0.7838031053543091,4,Online Offline Full,0.7796363830566406
7593432800565936904,dwiandika___0,ikut nanyk ka🙏🏻,0,0,2,Iya Kak Dong,0.8186155557632446,7,Daftar Aku Sudah,0.7665218710899353,11,Terima Kasih Salam,0.748365044593811
7570015349397422866,yourangl,transfer mahasiswa dari UT bisa ga kak?,0,6,1,Berapa Buka Kapan,0.8139451742172241,0,Tidak Ada Jurusan,0.7813087105751038,19,Jalur Konversi Melalui,0.7785897850990295
7570333464491279111,avocadochoco7,"WKWKW Kak pasti lelag banget ya di Ut, tugas sekarang ga ngotak banget😭",6,0,12,Umur Yang Semangat,0.84218430519104,4,Online Offline Full,0.7214833498001099,7,Daftar Aku Sudah,0.7144691944122314
7570336967901086471,yourangl,WKKWKW ASLI PDHL MASIH MABA KAK 😭,0,0,1,Berapa Buka Kapan,0.6411034464836121,7,Daftar Aku Sudah,0.7126426696777344,12,Umur Yang Semangat,0.6867550611495972
7570349128745485074,avocadochoco7,"kwkw saya baru masuk smt 2 hihi udh lelah juga sm. tugas, mana kerjaan numpuk",2,0,12,Umur Yang Semangat,0.798857569694519,7,Daftar Aku Sudah,0.6439533829689026,0,Tidak Ada Jurusan,0.6425067782402039
7572029572029596423,quceeng,"bisa kak, nanti lewat jalur konversi dan ada matkul yg bisa diakui jadi ga ngulang dari awal",0,0,19,Jalur Konversi Melalui,0.7481371760368347,4,Online Offline Full,0.7651097774505615,12,Umur Yang Semangat,0.7370983362197876
7571759748979393288,pppicaaa_,"kak? maaf mau tanya, secapek itu ya di ut?😭",0,0,1,Berapa Buka Kapan,0.7892303466796875,0,Tidak Ada Jurusan,0.7786349058151245,8,Dm Admin Halo,0.7576676607131958
7570143276533351176,einaafets,"Bisakak, udh smt brp skrg? Ada nilai c-?",0,0,12,Umur Yang Semangat,0.7430127859115601,1,Berapa Buka Kapan,0.7594569325447083,4,Online Offline Full,0.758071780204773
7580581749249426177,lindaxd_75,3 juta itu persemester kan kak?,0,0,14,Dicicil 3Jt Biaya,0.8068138957023621,1,Berapa Buka Kapan,0.7592246532440186,4,Online Offline Full,0.7528123259544373
7569979135314592530,zzara75,"kalo kuliah nya online trus klo wisudanya""online atau ofline?? seandainya kita mau wisuda ofline apakah bisa?",0,2,0,Tidak Ada Jurusan,0.7683712840080261,4,Online Offline Full,0.7900315523147583,1,Berapa Buka Kapan,0.7616947889328003
7570142837360378631,einaafets,Bs pilih antara itu ka,0,0,2,Iya Kak Dong,0.6934072971343994,15,Dimana Daerah Pjj,0.7272939682006836,13,Info Bagaimana Cara,0.6921893358230591
7569857061116379912,kpaknshi,"ini kalo mau tanya tanya dulu kemana yaa,aku mau bangett tapi masi takut klo tiba² disuruh ke kampus huhuu😔",1,6,12,Umur Yang Semangat,0.7999544739723206,7,Daftar Aku Sudah,0.7036798596382141,4,Online Offline Full,0.694605827331543
7569924624994304776,einaafets,Gak perlu kok ka 100% online😉,1,0,18,100 Universitas Siber,0.6322265863418579,4,Online Offline Full,0.7005249857902527,7,Daftar Aku Sudah,0.646300733089447
7570063084137431816,kpaknshi,"jadi kalo tiba² ada acara itu ttp online ya kak,mungkin kekampus pas wisuda aja gitu?",0,0,1,Berapa Buka Kapan,0.7292137145996094,4,Online Offline Full,0.8082181215286255,0,Tidak Ada Jurusan,0.7343528866767883
7570142789158077191,einaafets,Wisuda jg bisa online kakk😁,0,0,4,Online Offline Full,0.8796716928482056,1,Berapa Buka Kapan,0.7962791919708252,7,Daftar Aku Sudah,0.7793194651603699
7570221792628507399,kpaknshi,"oalahh gituu,kalo untuk materi itu ada kya zoom/langsung dikasih aja",0,0,4,Online Offline Full,0.6827620267868042,12,Umur Yang Semangat,0.6852368116378784,7,Daftar Aku Sudah,0.6143214106559753
7570222702653686535,einaafets,"Materi file dikasih di LMS ka, kl zoom lain lagii",0,0,4,Online Offline Full,0.7587022185325623,1,Berapa Buka Kapan,0.7220292091369629,7,Daftar Aku Sudah,0.7120406627655029
7569907556698473234,ikutikutan,Halo kak cek dm yaaa!!🥰,0,0,8,Dm Admin Halo,0.9048978686332703,11,Terima Kasih Salam,0.7162952423095703,7,Daftar Aku Sudah,0.7015289068222046
7570306320764093185,_ancala_,Dari ut smt 3 bisa va lanjut disitu,0,4,1,Berapa Buka Kapan,0.7122970819473267,0,Tidak Ada Jurusan,0.7385560870170593,4,Online Offline Full,0.7180103659629822
7597491011632415508,unithefirst,"aku di UT aman tuh, enjoy aja, jelas lebih oke dibandingkan kampus ini, baru denger aku,",0,0,2,Iya Kak Dong,0.556694746017456,12,Umur Yang Semangat,0.7534281611442566,4,Online Offline Full,0.663788914680481
7574068606884217620,prstyoagng_,bnyk bngt yg pgn out dari UT kak knp emngnya😭?,0,0,1,Berapa Buka Kapan,0.7397528290748596,12,Umur Yang Semangat,0.7842061519622803,0,Tidak Ada Jurusan,0.7599344253540039
7570366828573623047,ikutikutan,Bisa kak hihi,0,0,2,Iya Kak Dong,0.8571563959121704,8,Dm Admin Halo,0.7724656462669373,7,Daftar Aku Sudah,0.7654601335525513
7584756176174220033,yuda..03,di unsia ada jurusan pendidikan bhs inggris?,0,2,0,Tidak Ada Jurusan,0.7321351766586304,17,Informasi Informatika Akuntansi,0.7498387098312378,18,100 Universitas Siber,0.691797137260437
7584839173127963410,lightverain,"sejauh ini prodinya baru ada akuntansi, ilkom, manajemen, informatika kak",2,0,17,Informasi Informatika Akuntansi,0.8067296147346497,0,Tidak Ada Jurusan,0.7336331605911255,6,Dibuka Saat Mahasiswa,0.6940430998802185
7584937692178580241,yuda..03,thnkyou ka,0,0,2,Iya Kak Dong,0.7701631784439087,11,Terima Kasih Salam,0.7913441061973572,20,Betul Keren Banget,0.7327103614807129
7579811856111321863,ranirhy23_,Ini pendaftarannya mulai-sampai kapan?,0,3,1,Berapa Buka Kapan,0.7432512044906616,13,Info Bagaimana Cara,0.7334374189376831,4,Online Offline Full,0.7079796195030212
7579844269553566471,univsiberasia,"Hi Kak, saat ini UNSIA masih membuka pendaftaran mahasiswa baru lho🤩",1,0,6,Dibuka Saat Mahasiswa,0.909121572971344,9,Id Ac Pmb,0.7994937896728516,16,100 Tugas Skripsi,0.7454192638397217
7579850751687787284,boysafterrocky,"saya udh ikut test seleksi,, hasilnya brp lama ya kak??",0,0,1,Berapa Buka Kapan,0.8150032758712769,4,Online Offline Full,0.7510077953338623,0,Tidak Ada Jurusan,0.7371252775192261
7581028253868655378,cie.s.mp,aku mau ka,0,0,2,Iya Kak Dong,0.8561873435974121,7,Daftar Aku Sudah,0.7636372447013855,20,Betul Keren Banget,0.7127437591552734
7575135248984949525,.ywdiyha,unsia itu dimana kak,0,1,15,Dimana Daerah Pjj,0.8898947834968567,1,Berapa Buka Kapan,0.7820205092430115,0,Tidak Ada Jurusan,0.7766231894493103
7577989728893633298,quceeng,"daerah ragunan, jakarta selatan kak",0,0,23,Jakarta Selatan Kota,0.7821179628372192,15,Dimana Daerah Pjj,0.5022986531257629,18,100 Universitas Siber,0.4756929278373718
7583630599743816456,sepbukansef,Biaya sampe kuliah berapa min?,0,0,1,Berapa Buka Kapan,0.7776241302490234,22,Biayanya Berapa Biaya,0.8097485899925232,14,Dicicil 3Jt Biaya,0.7392816543579102
7578880649366192903,bakmieyamien168,"Usia sudah 40 tahun an, apakah bisa masuk ? Dulu pernah kuliah cuma tidak selesai.",0,1,0,Tidak Ada Jurusan,0.747868001461029,12,Umur Yang Semangat,0.7171161770820618,1,Berapa Buka Kapan,0.6898394823074341
7588885298898305799,bakmieyamien168,"Terimakasih, saya jadi semangat kembali kuliah.",1,0,10,Selalu Amin Semoga,0.8179303407669067,25,Semangat Wah Tetap,0.7321885824203491,11,Terima Kasih Salam,0.7266733646392822
7568843301044044552,iniiii_leo,"min syarat kuliah cepat 3,5 tahun apa aja ya? mudah ga capainya?",1,3,0,Tidak Ada Jurusan,0.7689575552940369,14,Dicicil 3Jt Biaya,0.7367805242538452,1,Berapa Buka Kapan,0.7269527912139893
7569136821638103816,univsiberasia,"Halo Kakak, gampang lho, tidak pernah absen, tidak pernah cuti, aktif di dalam kelas, dan rajin mengerjakan tugas ya Kakak",3,0,12,Umur Yang Semangat,0.6926866769790649,16,100 Tugas Skripsi,0.632891058921814,9,Id Ac Pmb,0.6294233798980713
7570967546473382664,alleyyy_a,min ada Diploma gak?,0,0,5,Ada S2 Rpl,0.8820023536682129,1,Berapa Buka Kapan,0.8082634806632996,0,Tidak Ada Jurusan,0.8062901496887207
7570971436216763144,univsiberasia,"Hai Kak, saat ini UNSIA hanya ada program S1 nih",0,0,6,Dibuka Saat Mahasiswa,0.8758096694946289,9,Id Ac Pmb,0.8031124472618103,27,Pt Terakreditasi Ban,0.7686259746551514
7634074037736571669,grescly0,ka masuk nya ada tes atau ga?,0,1,1,Berapa Buka Kapan,0.8222811222076416,0,Tidak Ada Jurusan,0.7863399386405945,4,Online Offline Full,0.7808125019073486
7634400394555360018,univsiberasia,"Hi Ka, ada test CBT yaa🤗",0,0,8,Dm Admin Halo,0.8221744894981384,16,100 Tugas Skripsi,0.7919081449508667,7,Daftar Aku Sudah,0.7768896222114563
7568809927121945352,dndstaysh,daftar nya di web mna si?,3,2,1,Berapa Buka Kapan,0.7785834074020386,15,Dimana Daerah Pjj,0.7905532121658325,13,Info Bagaimana Cara,0.7223784923553467
7568832266760471303,dndstaysh,makasih banyak kak,0,0,11,Terima Kasih Salam,0.8859326243400574,10,Selalu Amin Semoga,0.7226979732513428,25,Semangat Wah Tetap,0.7058811783790588
7568826141961159432,einaafets,Pmb.unsia.ac.id d sni ka,0,0,18,100 Universitas Siber,0.805072546005249,16,100 Tugas Skripsi,0.7571625113487244,9,Id Ac Pmb,0.7468615174293518
7569983887373026064,nisafbr8,kak ada skripsian? kl ada via zoom atau gmn?,0,1,0,Tidak Ada Jurusan,0.7895914316177368,1,Berapa Buka Kapan,0.8247172832489014,4,Online Offline Full,0.7832009792327881
7571310140277523208,univsiberasia,"Hi hi Kakak, betul Ka. Nanti tugas akhirnya ada skripsi ya😊 dan dilaksanakannya secara online",0,0,16,100 Tugas Skripsi,0.8324156403541565,4,Online Offline Full,0.7911423444747925,12,Umur Yang Semangat,0.7673532962799072
7608793075200525077,stranger_0986,ka ini full daring???,0,1,4,Online Offline Full,0.7600932121276855,2,Iya Kak Dong,0.7867968082427979,18,100 Universitas Siber,0.7453513145446777
7608954032945906439,univsiberasia,Betul banget Kak🤗,0,0,20,Betul Keren Banget,0.9214138984680176,2,Iya Kak Dong,0.7612766027450562,11,Terima Kasih Salam,0.7434011101722717
7570979360922157842,nhana_okt,disini ada maba akuntansi gakk berteman hayuuu,0,5,17,Informasi Informatika Akuntansi,0.519069254398346,7,Daftar Aku Sudah,0.6957874298095703,12,Umur Yang Semangat,0.6766158938407898
7584014639529378578,nhana_okt,hayukk,0,0,2,Iya Kak Dong,0.7277668714523315,21,Nitip Nitipp Kabarin,0.7445806264877319,3,Menyimak Nrrjml Binus,0.7317237257957458
7581004294086984455,hi_kindredkits,"hi kak yukk, aku baru daftar nih 😇",0,0,7,Daftar Aku Sudah,0.8352556228637695,8,Dm Admin Halo,0.8275174498558044,6,Dibuka Saat Mahasiswa,0.7490580677986145
7574710020694065938,nhana_okt,"iya Kaka,aku baru daftar bulan ini tinggal nunggu nim",0,0,7,Daftar Aku Sudah,0.8048811554908752,6,Dibuka Saat Mahasiswa,0.7529397010803223,1,Berapa Buka Kapan,0.7470061779022217
7574656320969245461,elisapriana,kak kamu kuliah di unsia prodi akuntansi?,0,0,0,Tidak Ada Jurusan,0.8050216436386108,17,Informasi Informatika Akuntansi,0.7810438275337219,16,100 Tugas Skripsi,0.7672752141952515
7571309855894422290,univsiberasia,Yuk yuk kumpul maba akuntansi🤗,0,0,7,Daftar Aku Sudah,0.6300621032714844,26,Bismillah Depan Bismillahirrahmanirrahim,0.5982961654663086,10,Selalu Amin Semoga,0.5887544751167297
7587731808784253712,ferianggarzm,kak untuk luar negeri bisa daftar?,0,1,1,Berapa Buka Kapan,0.8033296465873718,19,Jalur Konversi Melalui,0.7687333822250366,13,Info Bagaimana Cara,0.7580780982971191
7587742655959728914,univsiberasia,Bisa banget dong Kakak karena UNSIA 100# full online🤩,0,0,16,100 Tugas Skripsi,0.8683903217315674,4,Online Offline Full,0.8131114840507507,9,Id Ac Pmb,0.7499845027923584
7588439334492685076,haurqisyamart,kak buka pendaftarannya kapan?,0,3,1,Berapa Buka Kapan,0.8908879160881042,13,Info Bagaimana Cara,0.8296416997909546,4,Online Offline Full,0.8029662370681763
7588821793138475794,univsiberasia,Akhir Februari 2026 ya Kak,0,0,6,Dibuka Saat Mahasiswa,0.6923362016677856,11,Terima Kasih Salam,0.7015475034713745,7,Daftar Aku Sudah,0.7012646198272705
7588806902130508565,haurqisyamart,batas terakhir pendaftaran kpn kak?,0,0,1,Berapa Buka Kapan,0.8285990953445435,13,Info Bagaimana Cara,0.7754483222961426,6,Dibuka Saat Mahasiswa,0.7444437146186829
7588781604555965191,univsiberasia,"Hi Kak, saat ini sudah dibuka lho pendaftaran mahasiswa baru di UNSIA 🤩",0,0,6,Dibuka Saat Mahasiswa,0.9044817686080933,9,Id Ac Pmb,0.8069149255752563,16,100 Tugas Skripsi,0.7500404119491577
7573368642948580116,ardiyani0712,ada jurusun fisip gk sih?,0,0,5,Ada S2 Rpl,0.8337947130203247,15,Dimana Daerah Pjj,0.8098093271255493,1,Berapa Buka Kapan,0.7662372589111328
7583720403378963218,yuga_baex,unsia ada jurusan apa aja kak,0,0,0,Tidak Ada Jurusan,0.8529244065284729,1,Berapa Buka Kapan,0.7853196859359741,5,Ada S2 Rpl,0.7607171535491943
7589341484035425032,julia170507,cara daftar nya gimana,0,1,13,Info Bagaimana Cara,0.8665143251419067,1,Berapa Buka Kapan,0.759993314743042,22,Biayanya Berapa Biaya,0.7514496445655823
7589494757886558994,univsiberasia,"Kakak bisa langsung daftar sekarang di pmb.unsia.ac.id, pilih jurusan favorit, dan mulai kuliah online fleksibel dari mana aja🤩",0,0,9,Id Ac Pmb,0.9071130752563477,6,Dibuka Saat Mahasiswa,0.7225440740585327,0,Tidak Ada Jurusan,0.7095905542373657
7569821956746281744,onlysellyne,kakk kalo misalnyaa di padang tapi mau ke unsia apaa ada ke kampusnyaa atau semuaanyaa full online?,0,1,4,Online Offline Full,0.7913477420806885,0,Tidak Ada Jurusan,0.8405237197875977,1,Berapa Buka Kapan,0.8187640905380249
7569924455239385863,einaafets,"Ada kampusnya kak di jakarta selatan. Tp ga perlu ke kampus kok, tp kl mau main2 bole bgt",0,0,1,Berapa Buka Kapan,0.6880801916122437,4,Online Offline Full,0.7099171876907349,7,Daftar Aku Sudah,0.7074106931686401
7586951350032139026,velaa_aa,"kak caranya daftar gimana si?, kalo lulusan 2026 pilih yang mana?",0,0,7,Daftar Aku Sudah,0.7321968674659729,1,Berapa Buka Kapan,0.8413116931915283,0,Tidak Ada Jurusan,0.8200984001159668
7577795200992183048,nestivego,informatika tuh teknik masuknya tek ik kan ya?,0,0,0,Tidak Ada Jurusan,0.7024030685424805,12,Umur Yang Semangat,0.6935871243476868,5,Ada S2 Rpl,0.6887673139572144
7594749731852485377,xzy.728,February ada buka pendaftaran lagi gak ya?,0,2,1,Berapa Buka Kapan,0.8716099262237549,4,Online Offline Full,0.7951217889785767,0,Tidak Ada Jurusan,0.7880880832672119
7594839854517945106,univsiberasia,Masih ya Kak☺️,2,0,2,Iya Kak Dong,0.8583039045333862,7,Daftar Aku Sudah,0.7747384905815125,11,Terima Kasih Salam,0.7492283582687378
7595467820365103893,vanidanurul7,Alhamdulillah,0,0,26,Bismillah Depan Bismillahirrahmanirrahim,0.7702207565307617,3,Menyimak Nrrjml Binus,0.7520227432250977,20,Betul Keren Banget,0.6645364165306091
7587444356652352274,journalofgrey,kalo misal jadwal uts atau uas nya bentrok apakah bisa d ganti hari lain?,1,1,0,Tidak Ada Jurusan,0.6864038705825806,1,Berapa Buka Kapan,0.7280699610710144,4,Online Offline Full,0.7155866622924805
7588850101985428245,einaafets,"Kak, di unsia jadwal uts&uas gada kata bentrok 😁krn diberi tenggat waktu 2 minggu ya😁 bukan yg harus hadir kok",0,0,0,Tidak Ada Jurusan,0.6889072060585022,12,Umur Yang Semangat,0.7523731589317322,4,Online Offline Full,0.7382669448852539
7576616297648521992,bagas.rokim,kak aslin full online smuanya kan???,0,3,4,Online Offline Full,0.8540061712265015,1,Berapa Buka Kapan,0.7798938751220703,7,Daftar Aku Sudah,0.7782325744628906
7576672698396705554,univsiberasia,"Asli dong, 100% full online lho ka🤩",0,0,18,100 Universitas Siber,0.6738427877426147,4,Online Offline Full,0.7779075503349304,16,100 Tugas Skripsi,0.7160047888755798
7599148852263830293,an_nissaaaa,tapi kalo semisal pengen ke kampus bisa gak sih ya kak?🙏,0,0,1,Berapa Buka Kapan,0.7936806678771973,0,Tidak Ada Jurusan,0.786126971244812,4,Online Offline Full,0.7691725492477417
7599152794377978631,univsiberasia,"Bisa banget dong Kak, nanti mimin temenin campus tour🤩",1,0,7,Daftar Aku Sudah,0.8163464069366455,8,Dm Admin Halo,0.757144570350647,1,Berapa Buka Kapan,0.7499251365661621
7582416456861942546,ansvt_123,ini kalo mau nanya² info kemana ya?,0,1,1,Berapa Buka Kapan,0.7362893223762512,15,Dimana Daerah Pjj,0.7433547973632812,4,Online Offline Full,0.6959272623062134
7582442128899392274,univsiberasia,"Hi Kak, ke mimin juga boleh, DM saja ya Kak🤗",0,0,8,Dm Admin Halo,0.9080493450164795,7,Daftar Aku Sudah,0.7359937429428101,1,Berapa Buka Kapan,0.7168370485305786
7569205631757910791,renaaas16,kak tanggal 7 tuh gelombang pertama?,0,3,1,Berapa Buka Kapan,0.7065953016281128,7,Daftar Aku Sudah,0.718348503112793,4,Online Offline Full,0.7078043222427368
7570668098493301512,renaaas16,mau dong kak,1,0,2,Iya Kak Dong,0.845498263835907,7,Daftar Aku Sudah,0.7939171195030212,8,Dm Admin Halo,0.7470533847808838
7569498612738523911,einaafets,Betul kakk,0,0,20,Betul Keren Banget,0.8978386521339417,2,Iya Kak Dong,0.8036616444587708,11,Terima Kasih Salam,0.7247741222381592
7569293132152914695,ikutikutan,Hai kak boleh dm aku yaa untuk dibimbing 🥰,0,0,8,Dm Admin Halo,0.8915155529975891,7,Daftar Aku Sudah,0.7006163001060486,1,Berapa Buka Kapan,0.6967069506645203
7569082892337562376,bossl3r,hukum ada ga min?,0,1,5,Ada S2 Rpl,0.7689042687416077,15,Dimana Daerah Pjj,0.6928571462631226,2,Iya Kak Dong,0.6918396353721619
7569137025773814546,univsiberasia,"Halo Kakak, saat ini di UNSIA memiliki 5 prodi yaitu akuntansi, komunikasi, manajemen, sistem informasi, dan informatika",0,0,17,Informasi Informatika Akuntansi,0.9298352599143982,27,Pt Terakreditasi Ban,0.702436089515686,9,Id Ac Pmb,0.697029173374176
7588752762613285640,araazah6,kak apasih yang dimaksud rpl itu😭,0,1,15,Dimana Daerah Pjj,0.6838401556015015,5,Ada S2 Rpl,0.6252517104148865,1,Berapa Buka Kapan,0.6038088798522949
7588784312134058760,rendigunawan6409,rekognisi pembelajaran lampau,0,0,0,Tidak Ada Jurusan,0.36666181683540344,18,100 Universitas Siber,0.5332075953483582,17,Informasi Informatika Akuntansi,0.47541651129722595
7583654502227149575,byvenizelyanda,"kak aku udah semester 5 di UT, klau aku daftar di Unsia, itu bisa langsung lanjut atau harus ulang dari smt 1 lagi kak?",0,3,0,Tidak Ada Jurusan,0.8271417617797852,1,Berapa Buka Kapan,0.7844409942626953,9,Id Ac Pmb,0.7827407121658325
7583662961428955912,univsiberasia,Betul Kakak,0,0,20,Betul Keren Banget,0.8636669516563416,2,Iya Kak Dong,0.7645946741104126,11,Terima Kasih Salam,0.6651486158370972
7583655085314786056,byvenizelyanda,berarti bisa langsung lanjut ya kak?,0,0,1,Berapa Buka Kapan,0.7932077646255493,8,Dm Admin Halo,0.8186590671539307,7,Daftar Aku Sudah,0.8170216083526611
7583654871364846343,univsiberasia,"Hi Kakak, bisa lanjut melalui jalur konversi ya 🤗",0,0,19,Jalur Konversi Melalui,0.916684627532959,8,Dm Admin Halo,0.7829781770706177,6,Dibuka Saat Mahasiswa,0.7645652890205383
7576507956604715784,dps.dian,spill harga,0,2,3,Menyimak Nrrjml Binus,0.6789400577545166,28,Juta 3Jt Serius,0.6516776084899902,22,Biayanya Berapa Biaya,0.6223176717758179
7578855625201238802,univsiberasia,"Hi Kak, UKTnya di UNSIA hanya 3jt saja lho🤩",0,0,14,Dicicil 3Jt Biaya,0.8449342250823975,6,Dibuka Saat Mahasiswa,0.7955161333084106,16,100 Tugas Skripsi,0.792017936706543
7589957023990285073,lukman_gansz,kalo jurusan manajemen brpa ka,0,0,0,Tidak Ada Jurusan,0.8405125737190247,1,Berapa Buka Kapan,0.8022494316101074,5,Ada S2 Rpl,0.772252082824707
7578375217727652626,saripohaci7,ada S2 gak ka,0,2,0,Tidak Ada Jurusan,0.8826293349266052,5,Ada S2 Rpl,0.9004435539245605,1,Berapa Buka Kapan,0.828101634979248
7578857855429772050,saripohaci7,tahun depan dibuka ka hehehe,0,0,7,Daftar Aku Sudah,0.7798852920532227,6,Dibuka Saat Mahasiswa,0.7556246519088745,1,Berapa Buka Kapan,0.7401759624481201
7578855507248743186,univsiberasia,"Hi Kak, untuk program S2 di UNSIA belum dibuka nih",0,0,6,Dibuka Saat Mahasiswa,0.900280773639679,9,Id Ac Pmb,0.7946995496749878,16,100 Tugas Skripsi,0.7780939936637878
7568810303845073672,cutediyahh,pendaftarannya kapan ka?,0,2,1,Berapa Buka Kapan,0.8669940233230591,13,Info Bagaimana Cara,0.8357903957366943,15,Dimana Daerah Pjj,0.7760493755340576
7568826216741683975,einaafets,"Bln ini ka, pantengin ajaa😉",0,0,7,Daftar Aku Sudah,0.734724760055542,12,Umur Yang Semangat,0.6768206357955933,2,Iya Kak Dong,0.6725749969482422
7569441053645931280,odeeunoia,cara daftar nya gimana,0,2,13,Info Bagaimana Cara,0.8665143251419067,1,Berapa Buka Kapan,0.759993314743042,22,Biayanya Berapa Biaya,0.7514496445655823
7570971836323873544,univsiberasia,"Halo Kakak, Untuk pendaftaran bisa langsung ke website resmi UNSIA ya, pmb.unsia.ac.id",0,0,9,Id Ac Pmb,0.8830858469009399,6,Dibuka Saat Mahasiswa,0.7910010814666748,16,100 Tugas Skripsi,0.7086637020111084
7569498348325061394,einaafets,Di sini ka pmb.unsia.ac.id,0,0,18,100 Universitas Siber,0.8027821779251099,9,Id Ac Pmb,0.7941863536834717,16,100 Tugas Skripsi,0.7194541692733765
7587731819349967617,ferianggarzm,cara daftar nya gimana ya,2,5,1,Berapa Buka Kapan,0.8353829979896545,13,Info Bagaimana Cara,0.8696178197860718,15,Dimana Daerah Pjj,0.7229890823364258
7588124057909101333,einaafets,Maret kak,0,0,6,Dibuka Saat Mahasiswa,0.5688820481300354,2,Iya Kak Dong,0.8084536790847778,28,Juta 3Jt Serius,0.7238346338272095
7588109912128914183,univsiberasia,Masih bisa mendaftar ya Kak☺️,0,0,1,Berapa Buka Kapan,0.8118517398834229,8,Dm Admin Halo,0.7993068695068359,7,Daftar Aku Sudah,0.7954206466674805
7587973843496551188,lanlanerlangga,Januari masih bisa daftar?,0,0,1,Berapa Buka Kapan,0.7158201932907104,7,Daftar Aku Sudah,0.7287806868553162,13,Info Bagaimana Cara,0.6968260407447815
7587750370206565128,bilqiscayaa,pendaftaran tutup bulan apa ya kak?,0,0,1,Berapa Buka Kapan,0.8730292916297913,6,Dibuka Saat Mahasiswa,0.7825791835784912,15,Dimana Daerah Pjj,0.7792864441871643
7587745536787415826,univsiberasia,"Kakak bisa langsung daftar sekarang di pmb.unsia.ac.id, pilih jurusan favorit, dan mulai kuliah online fleksibel dari mana aja🤗",0,0,9,Id Ac Pmb,0.9071130752563477,6,Dibuka Saat Mahasiswa,0.7225440740585327,0,Tidak Ada Jurusan,0.7095905542373657
7595091432836530962,zaheirr_,info grup prodi manajement ges,0,0,7,Daftar Aku Sudah,0.46228650212287903,17,Informasi Informatika Akuntansi,0.7148175239562988,18,100 Universitas Siber,0.6531648635864258
7597388285909172999,mutiaullia,pendaftaran nya sampai kapan ka,0,0,1,Berapa Buka Kapan,0.8781321048736572,13,Info Bagaimana Cara,0.8168745636940002,15,Dimana Daerah Pjj,0.7795203924179077
7582104570755826439,hennnn998,Min apakah unsia ini bisa untuk syarat pengajuan WHV aussie kah?,0,0,0,Tidak Ada Jurusan,0.7271382212638855,1,Berapa Buka Kapan,0.7374576330184937,19,Jalur Konversi Melalui,0.7051771879196167
7575309654251553554,orix8fhjm,lulusan dari unsia bisa daftar whv gk sih?,0,0,0,Tidak Ada Jurusan,0.8598235845565796,1,Berapa Buka Kapan,0.7994258403778076,5,Ada S2 Rpl,0.7841843366622925
7601405868018975504,reddvelvett_00,nyesel masuk ut pls knp ga dari dulu kesini😭,0,0,0,Tidak Ada Jurusan,0.6655409336090088,12,Umur Yang Semangat,0.6861873269081116,4,Online Offline Full,0.6468507051467896
7582030515471041287,semangatberproses0,ada s2,0,0,5,Ada S2 Rpl,0.8065994381904602,2,Iya Kak Dong,0.7218502759933472,18,100 Universitas Siber,0.7001367211341858
7592628718804681479,keeyyfey,unsia ini pembelajarannya full bahasa inggris kah?,0,0,0,Tidak Ada Jurusan,0.7988520264625549,4,Online Offline Full,0.7725231051445007,16,100 Tugas Skripsi,0.7603681087493896
7570176178427249416,nhana_okt,gaess ada yang udah daftar gelombang 1 belum? pada bisa login cbt gak si??,0,0,1,Berapa Buka Kapan,0.7758564949035645,0,Tidak Ada Jurusan,0.7437427639961243,7,Daftar Aku Sudah,0.7404053211212158
7580337992074576648,ini.pitrii_,"aku bingung antara UT sma unsia, liat review mahasiswa UT ngeluh banyak tugas akhirnya aku Daftar ksini, menyesuaikan kapasitas diri aja cari aman soalnya kerja full-time 😭",24,6,12,Umur Yang Semangat,0.8293634057044983,0,Tidak Ada Jurusan,0.6968866586685181,4,Online Offline Full,0.6914349794387817
7581003480521982738,hi_kindredkits,"aku jd ambil unsia kak, karena pertimbangan lama antara ut atau kelas malam kampus di kota aku, tp akhirnya daftar unsia, tinggal nunggu daftar ulang",1,0,0,Tidak Ada Jurusan,0.7424519658088684,9,Id Ac Pmb,0.7438004612922668,12,Umur Yang Semangat,0.7402179837226868
7581003775462589202,ini.pitrii_,"ih sama ka, kka prodi apa ?",0,0,0,Tidak Ada Jurusan,0.630012035369873,2,Iya Kak Dong,0.7469523549079895,15,Dimana Daerah Pjj,0.7260698676109314
7581003921897554696,hi_kindredkits,"akuntansi kak sejalan sm jurusan pas smk, sama kerja jg di bidang yg sama😇",2,0,0,Tidak Ada Jurusan,0.7000112533569336,12,Umur Yang Semangat,0.719513475894928,17,Informasi Informatika Akuntansi,0.653389036655426
7584244594259542805,qaxaxa,jadi mulai kuliah nya 2026 ya kak?,0,0,6,Dibuka Saat Mahasiswa,0.7700836658477783,1,Berapa Buka Kapan,0.7794422507286072,0,Tidak Ada Jurusan,0.771644651889801
7634400847683175188,grescly0,susah ga ka tes di unsia nya?,0,0,1,Berapa Buka Kapan,0.8129336833953857,0,Tidak Ada Jurusan,0.821607768535614,16,100 Tugas Skripsi,0.814645528793335
7589635298910847761,elsanindiaa,"Kk kamu full time kerja,terus kuliah nya jam brpa kak zoom nya",0,0,1,Berapa Buka Kapan,0.7367351055145264,12,Umur Yang Semangat,0.753499448299408,0,Tidak Ada Jurusan,0.7332397699356079
7581804930810250002,ansvt_123,Januari masih bisa daftar gak sih?,0,1,1,Berapa Buka Kapan,0.8422317504882812,7,Daftar Aku Sudah,0.7763376235961914,4,Online Offline Full,0.7660826444625854
7581821651156304648,univsiberasia,BISA BANGET KAKAK🤩,0,0,2,Iya Kak Dong,0.8473374843597412,20,Betul Keren Banget,0.8178591728210449,7,Daftar Aku Sudah,0.7031346559524536
7590708600843748104,im_mickey95,kk udh buka untuk 2026 blm ya,0,0,1,Berapa Buka Kapan,0.8035132884979248,7,Daftar Aku Sudah,0.7575859427452087,4,Online Offline Full,0.7448126673698425
7570182681653297928,lunelora,😭,1,0,3,Menyimak Nrrjml Binus,0.995229959487915,21,Nitip Nitipp Kabarin,0.6757673621177673,2,Iya Kak Dong,0.6486166715621948
7583277192503870226,dsn047,🥰,0,0,3,Menyimak Nrrjml Binus,0.995229959487915,21,Nitip Nitipp Kabarin,0.6757673621177673,2,Iya Kak Dong,0.6486166715621948
7584271773459317512,dmydawn,mau tanya tanya hrs chat siapa,0,0,1,Berapa Buka Kapan,0.6987001895904541,4,Online Offline Full,0.6716550588607788,15,Dimana Daerah Pjj,0.669954240322113
7589209488172319509,carot_family,S2 full online ada ga kak?,0,0,0,Tidak Ada Jurusan,0.8635803461074829,5,Ada S2 Rpl,0.8546004295349121,4,Online Offline Full,0.8436306715011597
7514966570003923720,38hisb98,Ini UNSIA indonesia kak?,0,2,0,Tidak Ada Jurusan,0.675900936126709,18,100 Universitas Siber,0.775389552116394,7,Daftar Aku Sudah,0.7218176126480103
7515336480585253639,univsiberasia,"Halo Kak, betul. Kampus UNSIA terletak di Jl. Harsono RM No.1, RT.5/RW.7, Ragunan, Kec. Ps. Minggu, Kota Jakarta Selatan, Daerah Khusus Ibukota Jakarta 12540, Indonesia🤗",0,0,23,Jakarta Selatan Kota,0.8863847851753235,17,Informasi Informatika Akuntansi,0.5024951696395874,9,Id Ac Pmb,0.48882925510406494
7569991893292811024,daaa370,kalau yg di luar kota Jakarta kalau misalkan mau wisuda Brarti harus ke jakarta yahh kak?,0,0,23,Jakarta Selatan Kota,0.6314269304275513,0,Tidak Ada Jurusan,0.7389181852340698,4,Online Offline Full,0.7286866307258606
7515338912072909575,doratheexplorer958,"Hai kak, kalau ujiannya online juga kah ?",0,1,4,Online Offline Full,0.830567479133606,1,Berapa Buka Kapan,0.8319474458694458,16,100 Tugas Skripsi,0.807734489440918
7515342390284452626,univsiberasia,"Halo Kak, betul sekali. UNSIA 100% full online learning🤗",0,0,16,100 Tugas Skripsi,0.864250898361206,18,100 Universitas Siber,0.7209731340408325,27,Pt Terakreditasi Ban,0.705420970916748
7517662930734416658,hi.paupaw,Ada jurusan teknik elektronya gak min ? Makasih🤗,0,0,0,Tidak Ada Jurusan,0.8164641261100769,5,Ada S2 Rpl,0.7864692211151123,1,Berapa Buka Kapan,0.7791187763214111
7519836136891400978,pokukua,yahhh ko gatau kl ke mlg😭,0,1,2,Iya Kak Dong,0.6744434833526611,7,Daftar Aku Sudah,0.6827578544616699,15,Dimana Daerah Pjj,0.680313766002655
7520618951656047378,univsiberasia,"Halo Kak,yah Kak;(, supaya tidak ketinggalan informasinya jangan lupa folow sosial media UNSIA ya Kak😊",0,0,9,Id Ac Pmb,0.6825963854789734,8,Dm Admin Halo,0.7510472536087036,7,Daftar Aku Sudah,0.6826804876327515
7525046616576623376,evyspyy,insyaalloh sebentar lg ikut jd keluarga besar unsia,1,0,10,Selalu Amin Semoga,0.7696932554244995,26,Bismillah Depan Bismillahirrahmanirrahim,0.7105996012687683,18,100 Universitas Siber,0.6343594789505005
7519370147434578696,naz464204,alhamdulillah tahun ini saya juga dri bagian keluarga unsia☺,4,0,10,Selalu Amin Semoga,0.720033586025238,26,Bismillah Depan Bismillahirrahmanirrahim,0.6556472778320312,18,100 Universitas Siber,0.6192439794540405
7516563321522946824,bakulracing87,Alhamdulillah tahun ini jadi bagian keluarga UNSIA,4,0,10,Selalu Amin Semoga,0.7569091320037842,26,Bismillah Depan Bismillahirrahmanirrahim,0.7224113345146179,18,100 Universitas Siber,0.6528950333595276
7525542406684082952,ghostab99,🤣,0,0,3,Menyimak Nrrjml Binus,0.995229959487915,21,Nitip Nitipp Kabarin,0.6757673621177673,2,Iya Kak Dong,0.6486166715621948
7532485017583977223,me.varro,mau punya temen di UNSIA bisa gk yaa,0,1,0,Tidak Ada Jurusan,0.8144585490226746,1,Berapa Buka Kapan,0.7988298535346985,5,Ada S2 Rpl,0.7587785720825195
7532794396632302344,univsiberasia,"Halo kak, bisa banget dong😊",0,0,8,Dm Admin Halo,0.8529657125473022,7,Daftar Aku Sudah,0.7647049427032471,11,Terima Kasih Salam,0.7562040090560913
7514616496938992402,elsateresia05,Medan sekali min🥰🥰,0,1,1,Berapa Buka Kapan,0.5386420488357544,20,Betul Keren Banget,0.7518987059593201,2,Iya Kak Dong,0.7287204265594482
7516509079864574727,univsiberasia,"Halo Kak, ditunggu ya🤩",0,0,11,Terima Kasih Salam,0.8471068143844604,8,Dm Admin Halo,0.8574471473693848,7,Daftar Aku Sudah,0.7284276485443115
7516534815363367701,winifread9,"ada yang maba jurusan ilmu komunikasi,temenan yok🤚",1,3,1,Berapa Buka Kapan,0.641211986541748,0,Tidak Ada Jurusan,0.7231311798095703,7,Daftar Aku Sudah,0.6775879859924316
7517571607439999752,geminiec,hallo aku maba ilkom🤚,1,0,24,Ilkom Ieu Balang,0.7736388444900513,18,100 Universitas Siber,0.697993278503418,7,Daftar Aku Sudah,0.6902391910552979
7516814539192337172,winifread9,holla🫡🫡,0,0,2,Iya Kak Dong,0.6988731622695923,3,Menyimak Nrrjml Binus,0.8413963317871094,21,Nitip Nitipp Kabarin,0.6903594732284546
7516814402085389074,mygr1ls,hallo akuu maba ilkom ☝🏻,0,0,24,Ilkom Ieu Balang,0.7736388444900513,18,100 Universitas Siber,0.697993278503418,7,Daftar Aku Sudah,0.6902391910552979
7516489855791858440,st.m96,kapan ke Tasikmalaya pak/Bu,0,2,11,Terima Kasih Salam,0.6457324624061584,1,Berapa Buka Kapan,0.6849287748336792,15,Dimana Daerah Pjj,0.6825248003005981
7516508671813403410,univsiberasia,"Halo Kak, ditunggu ya🤩",0,0,11,Terima Kasih Salam,0.8471068143844604,8,Dm Admin Halo,0.8574471473693848,7,Daftar Aku Sudah,0.7284276485443115
7516512429044744968,st.m96,baik pak/Bu di tunggu di Tasik,0,0,11,Terima Kasih Salam,0.7335915565490723,10,Selalu Amin Semoga,0.6375802755355835,7,Daftar Aku Sudah,0.6001912355422974
7517900542166483733,rhmaoktapie,aku baru daftar dan lagi isi biodata tapi bingung masukin kode referral nya😭,0,1,1,Berapa Buka Kapan,0.6858805418014526,12,Umur Yang Semangat,0.697797417640686,7,Daftar Aku Sudah,0.697315514087677
7517980581496308487,univsiberasia,"Halo Kakak, jangan bingung ya.. kode referal bisa diisi dengan saat pertama kali Kakak tahu UNSIA dari mana ya, Contohnya Instagram, Tiktok, Website, dari teman atau keluarga, dsb.☺️",0,0,9,Id Ac Pmb,0.6495802402496338,7,Daftar Aku Sudah,0.6385960578918457,16,100 Tugas Skripsi,0.6351394653320312
7519395544503206672,fairyautumn_10,jadwal kuliahnya bisa hari minggu aja gak,0,0,1,Berapa Buka Kapan,0.7076084613800049,4,Online Offline Full,0.7632291913032532,0,Tidak Ada Jurusan,0.7073855400085449
7516532599641522951,usersjsjsbbs,Kak kapan persamaku nya kak,0,0,1,Berapa Buka Kapan,0.7930001020431519,15,Dimana Daerah Pjj,0.7975819706916809,13,Info Bagaimana Cara,0.7450560331344604
7516794866664817428,a.ahmaadd,Kampus swasta terbaikk! 💯🙏🏻,2,0,18,100 Universitas Siber,0.7574644088745117,5,Ada S2 Rpl,0.6211222410202026,26,Bismillah Depan Bismillahirrahmanirrahim,0.5981874465942383
7516484227450340103,ptrifdhllh,"gyss berteman yuk, aku maba unsia jurusan akuntansi",3,17,0,Tidak Ada Jurusan,0.7092167139053345,17,Informasi Informatika Akuntansi,0.7130603790283203,9,Id Ac Pmb,0.7009981870651245
7519408113197777672,cipaa_1803,mau mutu apa ka,0,0,15,Dimana Daerah Pjj,0.8360774517059326,2,Iya Kak Dong,0.7931501865386963,7,Daftar Aku Sudah,0.7719995379447937
7518269853330752263,ptrifdhllh,mau bangett🥰,0,0,2,Iya Kak Dong,0.8257385492324829,20,Betul Keren Banget,0.7776317596435547,21,Nitip Nitipp Kabarin,0.7184500694274902
7518238562787017480,cipaa_1803,"bole KA,mau mutualan?",0,0,7,Daftar Aku Sudah,0.7959949970245361,8,Dm Admin Halo,0.7787559032440186,15,Dimana Daerah Pjj,0.7566303014755249
7517259771033125640,ptrifdhllh,"haii, ayoo berteman kak",0,0,2,Iya Kak Dong,0.6935943365097046,8,Dm Admin Halo,0.7386120557785034,11,Terima Kasih Salam,0.7144341468811035
7517159628133663496,cipaa_1803,aku juga akuntansi ka salam kenal ya,0,0,11,Terima Kasih Salam,0.84493488073349,8,Dm Admin Halo,0.7695562839508057,7,Daftar Aku Sudah,0.761626660823822
7516762522435765000,ptrifdhllh,bolehh kak silahkan dm aku aja,0,0,8,Dm Admin Halo,0.876335859298706,7,Daftar Aku Sudah,0.7747289538383484,11,Terima Kasih Salam,0.7211952209472656
7516761436048179976,uzazazaza,Daftar nya lewat mana ka?,0,0,1,Berapa Buka Kapan,0.8562415242195129,15,Dimana Daerah Pjj,0.8446338772773743,13,Info Bagaimana Cara,0.8281887769699097
7516572503532389128,jaemillys,hai kakk aku boleh tanya tanya dulu? aku mau daftar di jurusan yg sama soalnyaa,0,0,7,Daftar Aku Sudah,0.7821307182312012,0,Tidak Ada Jurusan,0.815151572227478,1,Berapa Buka Kapan,0.7933769226074219
7516524384883770120,mhana0101,aakkk ayo temenan,0,0,2,Iya Kak Dong,0.7164146900177002,20,Betul Keren Banget,0.6445589065551758,25,Semangat Wah Tetap,0.6404616236686707
7516524048605430536,augustgurlllll,Aku jugaa!! temenan ayoo,0,0,2,Iya Kak Dong,0.6457894444465637,7,Daftar Aku Sudah,0.6077755093574524,20,Betul Keren Banget,0.5292345881462097
7516523872418775815,mhana0101,iyahhhh,0,0,2,Iya Kak Dong,0.8283774852752686,20,Betul Keren Banget,0.8094931840896606,21,Nitip Nitipp Kabarin,0.6756901741027832
7516523728756835090,augustgurlllll,Kakk maba manajemen juga kahh?,0,0,2,Iya Kak Dong,0.7536525726318359,7,Daftar Aku Sudah,0.8072800040245056,0,Tidak Ada Jurusan,0.7705339193344116
7516523270863127304,augustgurlllll,"Kakk temenan yuu, aku maba manajemen",0,0,0,Tidak Ada Jurusan,0.6687675714492798,7,Daftar Aku Sudah,0.7796355485916138,8,Dm Admin Halo,0.7019416689872742
7516523055448195847,mhana0101,"temenan yukk, manajemen juga nih",0,0,0,Tidak Ada Jurusan,0.5417138934135437,7,Daftar Aku Sudah,0.7240527868270874,2,Iya Kak Dong,0.6751341819763184
7516514722881028882,teenatnnnnn,Hallo Salam kenal kak maba manajemen hihi,0,0,11,Terima Kasih Salam,0.7931603193283081,10,Selalu Amin Semoga,0.7198243141174316,8,Dm Admin Halo,0.7056500315666199
7516511192778932999,ptrifdhllh,haii kak ayo berteman,0,0,2,Iya Kak Dong,0.670940101146698,8,Dm Admin Halo,0.7165135741233826,11,Terima Kasih Salam,0.6973458528518677
7516508492719948565,elisapriana,aku maba juga tadinya akuntansi skrng pindah prodi ke informatika 😁 btw salam kenal kak,0,0,11,Terima Kasih Salam,0.7095824480056763,0,Tidak Ada Jurusan,0.7942176461219788,12,Umur Yang Semangat,0.7528173923492432
7516483549727245077,makanterus961,Solo dong min,0,1,1,Berapa Buka Kapan,0.6658116579055786,2,Iya Kak Dong,0.7687783241271973,15,Dimana Daerah Pjj,0.7326077818870544
7516508902306956050,univsiberasia,"Halo Kak, yuk datang yang di Yogya dulu, nanti Rektor UNSIA akan hadir lho🤩",0,0,7,Daftar Aku Sudah,0.7391893267631531,6,Dibuka Saat Mahasiswa,0.7415465116500854,9,Id Ac Pmb,0.739799976348877
7494336090712294152,quesera33,Kakak izin dm ya🙏,0,1,8,Dm Admin Halo,0.8766113519668579,11,Terima Kasih Salam,0.772034227848053,7,Daftar Aku Sudah,0.7409167289733887
7514583278524875528,univsiberasia,Boleh Kakak🤗,0,0,2,Iya Kak Dong,0.8394671678543091,21,Nitip Nitipp Kabarin,0.7428799867630005,20,Betul Keren Banget,0.7043997645378113
7504479750132564754,gayy26_,ada mahasiswa baru ga nii guyss,0,0,6,Dibuka Saat Mahasiswa,0.6482356786727905,5,Ada S2 Rpl,0.722678542137146,7,Daftar Aku Sudah,0.6924583911895752
7503339599588295445,fitrianifachrunisa_,"min aku calon mahasiswi 2025/2026 udh byr ukt dan beli almamater, habis ini tinggal tunggu apa ya? blm ada yg hubungi dr pihak univ, plis jawab😭🙏🏻",0,7,1,Berapa Buka Kapan,0.7575356960296631,0,Tidak Ada Jurusan,0.7676926851272583,12,Umur Yang Semangat,0.7546045184135437
7504479626572645138,gayy26_,halo kaa boleh dm,0,0,8,Dm Admin Halo,0.9179224967956543,7,Daftar Aku Sudah,0.7394061088562012,11,Terima Kasih Salam,0.7328671216964722
7504491470268941076,fitrianifachrunisa_,duluan kak,1,0,2,Iya Kak Dong,0.8561981320381165,21,Nitip Nitipp Kabarin,0.7466928958892822,20,Betul Keren Banget,0.7311347723007202
7507999460908876552,univsiberasia,"Halo Kak, mimin jelasin melalui DM ya☺️",0,0,8,Dm Admin Halo,0.8584283590316772,13,Info Bagaimana Cara,0.6677935123443604,7,Daftar Aku Sudah,0.6635528802871704
7509861009276879634,vanish_powder,"halo kak, boleh dm aku juga ga? aku juga baru semester ganjil 2025 udah bayar ukt juga tapi bingung nunggu apa selanjutnya",0,0,8,Dm Admin Halo,0.7245385646820068,1,Berapa Buka Kapan,0.7722364068031311,0,Tidak Ada Jurusan,0.762091875076294
7509883954356617985,fitrianifachrunisa_,"tunggu aja kak nnti klo udh dkt perkuliahan dpt email dr kmpus untuk msuk grup class, msuk kuliah september/oktober ya kak🙏🏻",0,0,9,Id Ac Pmb,0.8266250491142273,6,Dibuka Saat Mahasiswa,0.801650881767273,7,Daftar Aku Sudah,0.7767031192779541
7510389652576027399,vanish_powder,"baik kak, terimakasih kak infonya🙏🏻",0,0,11,Terima Kasih Salam,0.891488790512085,8,Dm Admin Halo,0.7856484651565552,10,Selalu Amin Semoga,0.7025518417358398
7504491602288804628,fitrianifachrunisa_,btw aku udh dihubungi msuk kuliah september/oktober 2025,0,0,3,Menyimak Nrrjml Binus,0.24810707569122314,6,Dibuka Saat Mahasiswa,0.7025718092918396,7,Daftar Aku Sudah,0.699393093585968
7500975818710860562,udipppppp,kak mau nanya lebih lanjut gada cp nya?🙏🏻,0,1,1,Berapa Buka Kapan,0.8034354448318481,8,Dm Admin Halo,0.7682559490203857,13,Info Bagaimana Cara,0.7581524848937988
7507998566566396679,univsiberasia,"Halo Kakak, bisa melalui DM yang😊",0,0,8,Dm Admin Halo,0.81690913438797,19,Jalur Konversi Melalui,0.7060996294021606,13,Info Bagaimana Cara,0.6636393070220947
7502103851684823816,fz9891,cp nya mana nih min?,0,0,1,Berapa Buka Kapan,0.7672286033630371,15,Dimana Daerah Pjj,0.7880217432975769,13,Info Bagaimana Cara,0.749958872795105
7510159348368474888,valentinostanleyy,"halo kak, mau nanya untuk NIM otu biasanya berapa lama ya muncul setelah pendaftaran?",0,0,1,Berapa Buka Kapan,0.8058278560638428,6,Dibuka Saat Mahasiswa,0.7269861698150635,16,100 Tugas Skripsi,0.7123370170593262
7577809131999675154,caramel.matchiato03,😭,0,0,3,Menyimak Nrrjml Binus,0.995229959487915,21,Nitip Nitipp Kabarin,0.6757673621177673,2,Iya Kak Dong,0.6486166715621948
7508307044160963336,chufaa_21,🔥,0,0,3,Menyimak Nrrjml Binus,0.995229959487915,21,Nitip Nitipp Kabarin,0.6757673621177673,2,Iya Kak Dong,0.6486166715621948
7503910098444485397,rinpeach2614,💗,0,0,3,Menyimak Nrrjml Binus,0.995229959487915,21,Nitip Nitipp Kabarin,0.6757673621177673,2,Iya Kak Dong,0.6486166715621948
7469365164996084500,rosalindayamormexico,"ada pak joko heheh , kalo sy sngt berkesan sama prod ruswi, krn beliau masya Allah. selalu sangat memberi kesempatan kepada mhsiswanya ketika, mhsiswa salah tdk langsung di sanggah.",0,0,10,Selalu Amin Semoga,0.613680899143219,12,Umur Yang Semangat,0.6703400611877441,16,100 Tugas Skripsi,0.6119681596755981
7445704692128695057,kartunfun,kampus siber asia akreditasinya apa ya?,0,0,0,Tidak Ada Jurusan,0.7987363338470459,15,Dimana Daerah Pjj,0.7668104767799377,1,Berapa Buka Kapan,0.7655484080314636
7480810672554312455,sintaandkiki,"Ada aku loh di situ, jadi padus",1,0,3,Menyimak Nrrjml Binus,0.36848556995391846,7,Daftar Aku Sudah,0.71390300989151,2,Iya Kak Dong,0.7101570963859558
7615958245195334421,wahyu_delima5,ciber Asia satu management kah dengan unas 🤔,0,1,5,Ada S2 Rpl,0.6977555751800537,18,100 Universitas Siber,0.6687480211257935,15,Dimana Daerah Pjj,0.6412228941917419
7503823925186380562,wiguna_collections,🥺,1,0,3,Menyimak Nrrjml Binus,0.995229959487915,21,Nitip Nitipp Kabarin,0.6757673621177673,2,Iya Kak Dong,0.6486166715621948
7496486967635903240,siayuwidia,😏,1,0,3,Menyimak Nrrjml Binus,0.995229959487915,21,Nitip Nitipp Kabarin,0.6757673621177673,2,Iya Kak Dong,0.6486166715621948
7421360179331711749,nanda.sakina6,nasi🤣h AP nak,0,0,15,Dimana Daerah Pjj,0.6332356333732605,24,Ilkom Ieu Balang,0.6525689959526062,2,Iya Kak Dong,0.6516866683959961
7459422495214060296,rexcording,klo sebelumnya D3 kira kira butuh berapa tahun ya buat lulus?,1,2,1,Berapa Buka Kapan,0.747012734413147,0,Tidak Ada Jurusan,0.7971644997596741,14,Dicicil 3Jt Biaya,0.7051767110824585
7461477102765294343,aprilll26_1,1 tahun kak,0,0,2,Iya Kak Dong,0.6521448493003845,28,Juta 3Jt Serius,0.776364266872406,18,100 Universitas Siber,0.6514537334442139
7501675919729558290,karoy_1,Kak link pendaftarannya mana😭,0,2,1,Berapa Buka Kapan,0.8511539101600647,13,Info Bagaimana Cara,0.8269811868667603,15,Dimana Daerah Pjj,0.8067617416381836
7507999687807648520,univsiberasia,"Halo Kak, untuk pendaftaran bisa langsung ke website ya di pmb.unsia.ac.id",0,0,9,Id Ac Pmb,0.8839541077613831,6,Dibuka Saat Mahasiswa,0.8160930275917053,16,100 Tugas Skripsi,0.7396153807640076
7528326435800187656,tya.guntoro,klo daftar langsung ke kampus nya bisa tidak ya ka🙄🙏,0,0,1,Berapa Buka Kapan,0.865324854850769,0,Tidak Ada Jurusan,0.8204891085624695,19,Jalur Konversi Melalui,0.8029335141181946
7536566526855545607,bintangibu07,hallo kak mau tnya ada S2nya gak?,0,0,1,Berapa Buka Kapan,0.8306244611740112,0,Tidak Ada Jurusan,0.8188364505767822,5,Ada S2 Rpl,0.7781587839126587
7495603020790776596,icaaaaagapakeh,S2 nya gmna ka?,0,0,1,Berapa Buka Kapan,0.8392622470855713,13,Info Bagaimana Cara,0.8251888751983643,0,Tidak Ada Jurusan,0.802638053894043
7492614602757456648,sriandikaputrisya88,kak apakah ada S2 ?,0,0,5,Ada S2 Rpl,0.8442341089248657,0,Tidak Ada Jurusan,0.8268169164657593,1,Berapa Buka Kapan,0.7765038013458252
7567058148894491413,pisesgrl,🥰,0,0,3,Menyimak Nrrjml Binus,0.995229959487915,21,Nitip Nitipp Kabarin,0.6757673621177673,2,Iya Kak Dong,0.6486166715621948
7391784461349929733,lookingfor.gmn,kaa boleh tanya tanya ga sii,3,1,1,Berapa Buka Kapan,0.777769148349762,8,Dm Admin Halo,0.7773966193199158,15,Dimana Daerah Pjj,0.7410125136375427
7392459028372570885,univsiberasia,"Halo Kak, boleh dong. bisa DM mimin saja ya Kak🤗",1,0,8,Dm Admin Halo,0.911736249923706,7,Daftar Aku Sudah,0.7344908714294434,1,Berapa Buka Kapan,0.7190718650817871
7409160379453965061,yayalfh_,"min, izin dm ya buat nanya²",2,0,8,Dm Admin Halo,0.7361242771148682,11,Terima Kasih Salam,0.729738712310791,1,Berapa Buka Kapan,0.6834529042243958
7411547014166610695,ban12057,Mau tanya tanya,1,0,1,Berapa Buka Kapan,0.6547597646713257,13,Info Bagaimana Cara,0.7162742614746094,5,Ada S2 Rpl,0.6637594699859619
7390771278264009477,elsateresia05,Salam Komunikasi✨,1,0,11,Terima Kasih Salam,0.6660208702087402,26,Bismillah Depan Bismillahirrahmanirrahim,0.6318442225456238,25,Semangat Wah Tetap,0.6122788190841675
7411081229195428613,micimipiuw,kaak aku mau nanya nanya ttg unsia pwiss liat dm ku🥹,1,0,1,Berapa Buka Kapan,0.7517920732498169,8,Dm Admin Halo,0.8032351136207581,7,Daftar Aku Sudah,0.7440473437309265
7445705175844864769,kartunfun,Kampus siber asia akreditasinya apa ya?,0,0,0,Tidak Ada Jurusan,0.7987363338470459,15,Dimana Daerah Pjj,0.7668105363845825,1,Berapa Buka Kapan,0.7655484676361084
7466354529542669074,ibnufz27,😭,0,0,3,Menyimak Nrrjml Binus,0.995229959487915,21,Nitip Nitipp Kabarin,0.6757673621177673,2,Iya Kak Dong,0.6486166715621948
7385524848339223302,petuahharian,Judul aja dah 5x di revisi😁,1,0,4,Online Offline Full,0.6102913618087769,12,Umur Yang Semangat,0.6113631725311279,5,Ada S2 Rpl,0.6094374656677246
7384731426136638213,yaudaaa21,"Persiapan wisuda nya gampang
Nunggu di ACC skripsi nya sulit kali ngk di ACC sama dospem 1 nya",0,0,12,Umur Yang Semangat,0.7813286781311035,4,Online Offline Full,0.6999526023864746,16,100 Tugas Skripsi,0.6630791425704956
7533219924312670996,restiar26,🤣🤣🤣,0,0,3,Menyimak Nrrjml Binus,0.995229959487915,21,Nitip Nitipp Kabarin,0.6757673621177673,2,Iya Kak Dong,0.6486166715621948
7398202396294005509,elfalegra,Kak cara daftarnya gimana ?,1,0,1,Berapa Buka Kapan,0.8652861714363098,13,Info Bagaimana Cara,0.8779968023300171,15,Dimana Daerah Pjj,0.7546708583831787
7385901487652750085,azka07022,2004/2005 kapan mulai aktif ka?,2,0,1,Berapa Buka Kapan,0.6617496013641357,15,Dimana Daerah Pjj,0.6321899890899658,4,Online Offline Full,0.6232955455780029
7416392899480847110,yohanaangelina76,gedung kantornya dimn ya ka ?,1,0,15,Dimana Daerah Pjj,0.8029452562332153,1,Berapa Buka Kapan,0.7847489714622498,8,Dm Admin Halo,0.7623009085655212
7393649752258937606,feodoraa_x,kuliah online tapi wisudanya gak kan ka?,1,0,1,Berapa Buka Kapan,0.8056984543800354,4,Online Offline Full,0.8530740737915039,0,Tidak Ada Jurusan,0.8356408476829529
7611262810962477831,synee25,🥰,0,0,3,Menyimak Nrrjml Binus,0.995229959487915,21,Nitip Nitipp Kabarin,0.6757673621177673,2,Iya Kak Dong,0.6486166715621948
7578787713957954312,tamaraa1101,😁,0,0,3,Menyimak Nrrjml Binus,0.995229959487915,21,Nitip Nitipp Kabarin,0.6757673621177673,2,Iya Kak Dong,0.6486166715621948
7578787713979351815,tamaraa1101,🥰,0,0,3,Menyimak Nrrjml Binus,0.995229959487915,21,Nitip Nitipp Kabarin,0.6757673621177673,2,Iya Kak Dong,0.6486166715621948
7529567177512583943,jirona_fashion,😂,0,0,3,Menyimak Nrrjml Binus,0.995229959487915,21,Nitip Nitipp Kabarin,0.6757673621177673,2,Iya Kak Dong,0.6486166715621948
7517122986492805896,libraqueen696,❤️❤️❤️,0,0,3,Menyimak Nrrjml Binus,0.995229959487915,21,Nitip Nitipp Kabarin,0.6757673621177673,2,Iya Kak Dong,0.6486166715621948
7496015281635967762,rozihar1,😂,0,0,3,Menyimak Nrrjml Binus,0.995229959487915,21,Nitip Nitipp Kabarin,0.6757673621177673,2,Iya Kak Dong,0.6486166715621948
7381512151539712773,myhoneyyyyy_,Ada jurusan perikanan kk?,0,0,0,Tidak Ada Jurusan,0.7561861872673035,5,Ada S2 Rpl,0.8106962442398071,15,Dimana Daerah Pjj,0.7184017896652222
7497637157403673352,idamujuka,😁,0,0,3,Menyimak Nrrjml Binus,0.995229959487915,21,Nitip Nitipp Kabarin,0.6757673621177673,2,Iya Kak Dong,0.6486166715621948
7437730343514276663,alhamidazura,"Kak mau tanya, di unsia kan full online ya, berarti kita yg blm pernah kuliah ttp ambil yg reguler ya kak?",0,2,0,Tidak Ada Jurusan,0.8264502286911011,1,Berapa Buka Kapan,0.8032663464546204,6,Dibuka Saat Mahasiswa,0.7909328937530518
7441128010164159239,univsiberasia,"Halo Kak, betul ya. Jika Kakak lulusan SMK/SMA/sederajat maka pilih jalur reguler ya😊",2,0,19,Jalur Konversi Melalui,0.8149953484535217,6,Dibuka Saat Mahasiswa,0.7795224189758301,0,Tidak Ada Jurusan,0.7715578079223633
7640869374883578625,banjiemungan,min mau tanya kalo saya lulusan sma tapi langsung keterima kerja dan ingin ambil kelas nom reguler apakah bisa?,0,0,0,Tidak Ada Jurusan,0.7554351687431335,1,Berapa Buka Kapan,0.7179896235466003,19,Jalur Konversi Melalui,0.6759610176086426
7540181475670344456,lyonaa28,"Ka, aku lulusan SMK mau kuliah tp sambil kerja. Bisa full online ga ya?",0,2,0,Tidak Ada Jurusan,0.83609938621521,1,Berapa Buka Kapan,0.7999910116195679,4,Online Offline Full,0.7542571425437927
7540560901260083976,univsiberasia,"Kak? UNSIA 100% full online, cocok banget untuk Kakak yang ingin bekerja sambil kuliah🤩",0,0,9,Id Ac Pmb,0.7656541466712952,16,100 Tugas Skripsi,0.7724208831787109,0,Tidak Ada Jurusan,0.7078631520271301
7544074426377175816,lyonaa28,Wisudanya online atau off ka? Menurutku lbh enak offline😁,0,0,4,Online Offline Full,0.8316790461540222,12,Umur Yang Semangat,0.7195371985435486,1,Berapa Buka Kapan,0.7141351699829102
7464187198503895815,hayubaeatuh,"Kak, jdwal kmpus buka hari apa saja kak?",1,0,1,Berapa Buka Kapan,0.7755069136619568,4,Online Offline Full,0.7492982149124146,15,Dimana Daerah Pjj,0.731196939945221
7430585236990493446,radelian10,"Halo admin!
Saya tertarik dengan program kuliah online yg di adakan Universitas siber asia, untuk info lebih lanjut hubungi kemana ya?
Terimakasih",0,1,18,100 Universitas Siber,0.5910233855247498,9,Id Ac Pmb,0.7390068769454956,6,Dibuka Saat Mahasiswa,0.7162021398544312
7431808141567853317,univsiberasia,"Halo Kak, kakak bisa DM ke sosial media Universitas Siber Asia ya☺️",0,0,8,Dm Admin Halo,0.8371003270149231,9,Id Ac Pmb,0.692642867565155,6,Dibuka Saat Mahasiswa,0.6902245283126831
7638208122234340103,nurulhanifah_02,kalo mau ke kampus unsia naik kereta turun di stasiun mana yah,0,1,1,Berapa Buka Kapan,0.707281231880188,0,Tidak Ada Jurusan,0.6988111734390259,15,Dimana Daerah Pjj,0.687626838684082
7638245688347230984,univsiberasia,"Hi Kak, bisa turun di stasiun pasar minggu ya Kakak",0,0,19,Jalur Konversi Melalui,0.7154478430747986,8,Dm Admin Halo,0.7361226081848145,6,Dibuka Saat Mahasiswa,0.7128481864929199
7614615193083446036,bundazara1209,"nggak mungkin kan tiba "" lewat aku😳🥺",0,1,-1,Mantab Uk Belakang,0.0,2,Iya Kak Dong,0.6469106674194336,26,Bismillah Depan Bismillahirrahmanirrahim,0.6083859205245972
7614726584151835399,univsiberasia,"Ga mungkin banget Kak, kalau Kakak ga kuliah di UNSIA🤩",0,0,2,Iya Kak Dong,0.6413882374763489,0,Tidak Ada Jurusan,0.770007848739624,12,Umur Yang Semangat,0.7572234869003296
7577218999354114833,odeeunoia,Kaka gimana cara daftar nya,0,1,1,Berapa Buka Kapan,0.8296083807945251,13,Info Bagaimana Cara,0.8756819367408752,7,Daftar Aku Sudah,0.7409339547157288
7577223014757253895,univsiberasia,"Hi hi Kak, Kakak bisa langsung daftar sekarang di pmb.unsia.ac.id, pilih jurusan favorit, dan mulai kuliah online fleksibel dari mana aja.🤩",0,0,9,Id Ac Pmb,0.9329425096511841,6,Dibuka Saat Mahasiswa,0.7811204195022583,27,Pt Terakreditasi Ban,0.7457226514816284
7571370644165378832,kereniustunai,mantap de kampusnya,0,0,1,Berapa Buka Kapan,0.5245494842529297,20,Betul Keren Banget,0.7486834526062012,10,Selalu Amin Semoga,0.6948965787887573
7450843183871132434,yaudaaa21,"Alhamdulillaah,semakin maju UNSIA",0,0,10,Selalu Amin Semoga,0.7934749126434326,26,Bismillah Depan Bismillahirrahmanirrahim,0.7446295022964478,25,Semangat Wah Tetap,0.6404731273651123
7583280739112092434,marcelineputri,pendaftaran nya masih buka ga ka?,0,1,1,Berapa Buka Kapan,0.8681374788284302,6,Dibuka Saat Mahasiswa,0.7998353242874146,13,Info Bagaimana Cara,0.7876124382019043
7583288843865883399,univsiberasia,Masih nih Kakak🤗,1,0,2,Iya Kak Dong,0.8345092535018921,20,Betul Keren Banget,0.6985531449317932,7,Daftar Aku Sudah,0.6949763298034668
7449799384873566984,re_kurn,ada beasiswa untuk remaja jompo usia 22 kh,0,0,1,Berapa Buka Kapan,0.5833097696304321,0,Tidak Ada Jurusan,0.642896294593811,5,Ada S2 Rpl,0.6186047196388245
7510146026042229522,bakulracing87,Alhamdulillah mas ucuk jadi wakil rektor Unsia🤲,0,0,10,Selalu Amin Semoga,0.7389216423034668,26,Bismillah Depan Bismillahirrahmanirrahim,0.6565450429916382,18,100 Universitas Siber,0.6553608179092407
7496030808726291207,matairsa,Kak mau tanya ada beasiswa non akademik ngga?,0,0,1,Berapa Buka Kapan,0.8199835419654846,0,Tidak Ada Jurusan,0.8226256370544434,19,Jalur Konversi Melalui,0.7638320922851562
7573479487175852807,miebe10,"kak,,kl kelas untuk karyawan ada jurusan apa aja ya",0,0,0,Tidak Ada Jurusan,0.8262795805931091,1,Berapa Buka Kapan,0.8063324689865112,15,Dimana Daerah Pjj,0.7311204671859741
7445704937956328209,kartunfun,kampus siber asia akreditasinya apa ya?,2,0,0,Tidak Ada Jurusan,0.7987363338470459,15,Dimana Daerah Pjj,0.7668105363845825,1,Berapa Buka Kapan,0.7655484676361084
7455607781455430408,nailartingeh,Kalo untuk mahasiswa konversi sendiri gimana ka?,0,0,1,Berapa Buka Kapan,0.818392276763916,0,Tidak Ada Jurusan,0.7794075012207031,13,Info Bagaimana Cara,0.764385998249054
7592462416685433608,panggilajasyer,😭,0,1,3,Menyimak Nrrjml Binus,0.995229959487915,21,Nitip Nitipp Kabarin,0.6757673621177673,2,Iya Kak Dong,0.6486166715621948
7592468263032931079,univsiberasia,Jangan nangis Kak🤗,0,0,2,Iya Kak Dong,0.7343608736991882,25,Semangat Wah Tetap,0.7199649214744568,20,Betul Keren Banget,0.6411577463150024
7576172748625855240,jeruknipisc,😭,0,0,3,Menyimak Nrrjml Binus,0.995229959487915,21,Nitip Nitipp Kabarin,0.6757673621177673,2,Iya Kak Dong,0.6486166715621948
7576172682615128840,jeruknipisc,😭,0,0,3,Menyimak Nrrjml Binus,0.995229959487915,21,Nitip Nitipp Kabarin,0.6757673621177673,2,Iya Kak Dong,0.6486166715621948
7576172713778905863,jeruknipisc,😭,0,0,3,Menyimak Nrrjml Binus,0.995229959487915,21,Nitip Nitipp Kabarin,0.6757673621177673,2,Iya Kak Dong,0.6486166715621948
7576172754857673490,jeruknipisc,😭,0,0,3,Menyimak Nrrjml Binus,0.995229959487915,21,Nitip Nitipp Kabarin,0.6757673621177673,2,Iya Kak Dong,0.6486166715621948
7576172740975231762,jeruknipisc,🤣,0,0,3,Menyimak Nrrjml Binus,0.995229959487915,21,Nitip Nitipp Kabarin,0.6757673621177673,2,Iya Kak Dong,0.6486166715621948
7576172754572313351,jeruknipisc,😭,0,0,3,Menyimak Nrrjml Binus,0.995229959487915,21,Nitip Nitipp Kabarin,0.6757673621177673,2,Iya Kak Dong,0.6486166715621948
7576172706657272584,jeruknipisc,🔥,0,0,3,Menyimak Nrrjml Binus,0.995229959487915,21,Nitip Nitipp Kabarin,0.6757673621177673,2,Iya Kak Dong,0.6486166715621948
7576172772600103687,jeruknipisc,🤣,0,0,3,Menyimak Nrrjml Binus,0.995229959487915,21,Nitip Nitipp Kabarin,0.6757673621177673,2,Iya Kak Dong,0.6486166715621948
7576172763762180871,jeruknipisc,🔥,0,0,3,Menyimak Nrrjml Binus,0.995229959487915,21,Nitip Nitipp Kabarin,0.6757673621177673,2,Iya Kak Dong,0.6486166715621948
7576172703120900871,jeruknipisc,🔥,0,0,3,Menyimak Nrrjml Binus,0.995229959487915,21,Nitip Nitipp Kabarin,0.6757673621177673,2,Iya Kak Dong,0.6486166715621948
7576172698310443794,jeruknipisc,😭,0,0,3,Menyimak Nrrjml Binus,0.995229959487915,21,Nitip Nitipp Kabarin,0.6757673621177673,2,Iya Kak Dong,0.6486166715621948
7576172675413345032,jeruknipisc,🤣,0,0,3,Menyimak Nrrjml Binus,0.995229959487915,21,Nitip Nitipp Kabarin,0.6757673621177673,2,Iya Kak Dong,0.6486166715621948
7576172668367569671,jeruknipisc,🔥,0,0,3,Menyimak Nrrjml Binus,0.995229959487915,21,Nitip Nitipp Kabarin,0.6757673621177673,2,Iya Kak Dong,0.6486166715621948
7576172756678492946,jeruknipisc,🤣,0,0,3,Menyimak Nrrjml Binus,0.995229959487915,21,Nitip Nitipp Kabarin,0.6757673621177673,2,Iya Kak Dong,0.6486166715621948
7576172656799515410,jeruknipisc,🔥,0,0,3,Menyimak Nrrjml Binus,0.995229959487915,21,Nitip Nitipp Kabarin,0.6757673621177673,2,Iya Kak Dong,0.6486166715621948
7576172642547761938,jeruknipisc,🤣,0,0,3,Menyimak Nrrjml Binus,0.995229959487915,21,Nitip Nitipp Kabarin,0.6757673621177673,2,Iya Kak Dong,0.6486166715621948
7576172642697970440,jeruknipisc,😭,0,0,3,Menyimak Nrrjml Binus,0.995229959487915,21,Nitip Nitipp Kabarin,0.6757673621177673,2,Iya Kak Dong,0.6486166715621948
7576172707534390024,jeruknipisc,🤣,0,0,3,Menyimak Nrrjml Binus,0.995229959487915,21,Nitip Nitipp Kabarin,0.6757673621177673,2,Iya Kak Dong,0.6486166715621948
7571821134652752661,yolandzskyaptry_,🗿,0,0,3,Menyimak Nrrjml Binus,0.995229959487915,21,Nitip Nitipp Kabarin,0.6757673621177673,2,Iya Kak Dong,0.6486166715621948
7519489656498012936,aira.parfum,😁,0,0,3,Menyimak Nrrjml Binus,0.995229959487915,21,Nitip Nitipp Kabarin,0.6757673621177673,2,Iya Kak Dong,0.6486166715621948
7468150991196750613,ajiiellll,😅,0,0,3,Menyimak Nrrjml Binus,0.995229959487915,21,Nitip Nitipp Kabarin,0.6757673621177673,2,Iya Kak Dong,0.6486166715621948
7398779038800937734,siapp019,memiliki jurusan apa saja ya ka,0,0,0,Tidak Ada Jurusan,0.8036697506904602,5,Ada S2 Rpl,0.7443335056304932,1,Berapa Buka Kapan,0.7419921159744263
7582508240434791189,muhasabah_istiqomah,jadwal kuliahnya jam berapa min,0,0,1,Berapa Buka Kapan,0.8247836828231812,15,Dimana Daerah Pjj,0.7678505182266235,0,Tidak Ada Jurusan,0.7648669481277466
7460811823124071175,ig.lucyanamanik26,emang belajar ny sampai jam berapa kk,1,0,1,Berapa Buka Kapan,0.7264891266822815,4,Online Offline Full,0.7280294299125671,15,Dimana Daerah Pjj,0.706274151802063
7562129316483351317,anp_310,😂,0,0,3,Menyimak Nrrjml Binus,0.995229959487915,21,Nitip Nitipp Kabarin,0.6757673621177673,2,Iya Kak Dong,0.6486166715621948
7361585779447415558,haechan21766,"min mau nanya, pembukaan pendaftaran yg reguler kapan dibuka lagi?",0,1,1,Berapa Buka Kapan,0.8237419128417969,6,Dibuka Saat Mahasiswa,0.7508618235588074,13,Info Bagaimana Cara,0.7401891946792603
7389533454058570504,univsiberasia,"Halo Kak, saat ini UNSIA sedang membuka pendaftaran mahasiswa baru gelombang V lho, yuk daftar langsung ke website UNSIA di pmb.unsia.ac.id 😊",0,0,9,Id Ac Pmb,0.8798321485519409,6,Dibuka Saat Mahasiswa,0.8273302316665649,27,Pt Terakreditasi Ban,0.7413381338119507
7465994675913687816,alamsjah214,loh pak Abduh dosen unsia?,1,0,0,Tidak Ada Jurusan,0.6444715261459351,18,100 Universitas Siber,0.7456037998199463,16,100 Tugas Skripsi,0.6772663593292236
7352187034063160070,ambonestee,saya maba disini🙏,1,2,2,Iya Kak Dong,0.6988106966018677,18,100 Universitas Siber,0.7215100526809692,5,Ada S2 Rpl,0.6873929500579834
7369960235048141573,univsiberasia,Wah🤩 semangat terus kuliahnya ya Kak..,0,0,13,Info Bagaimana Cara,0.6239606142044067,10,Selalu Amin Semoga,0.8264788389205933,25,Semangat Wah Tetap,0.8144663572311401
7352930565211390726,wanus27,semangat 🔥🔥🎓,0,0,25,Semangat Wah Tetap,0.9007149338722229,26,Bismillah Depan Bismillahirrahmanirrahim,0.72971510887146,3,Menyimak Nrrjml Binus,0.7165558338165283
7353127452930097925,kenjielvano25,halo kak pendaftaran 2024 sudah buka ?,0,2,6,Dibuka Saat Mahasiswa,0.8340996503829956,1,Berapa Buka Kapan,0.7455267906188965,7,Daftar Aku Sudah,0.7424150705337524
7381809835458970373,zeanlindah,"hallo kaka ada jurusan apa.sja
apakah yg usia 31 tahn masi bisa",0,0,0,Tidak Ada Jurusan,0.8173912763595581,1,Berapa Buka Kapan,0.7662903070449829,6,Dibuka Saat Mahasiswa,0.7284243106842041
7369960086289416965,univsiberasia,"Halo Kak, saat ini UNSIA sedang membuka pendaftaran mahasiswa baru lho 🤩",0,0,6,Dibuka Saat Mahasiswa,0.8881760835647583,9,Id Ac Pmb,0.7944486737251282,27,Pt Terakreditasi Ban,0.7400263547897339
7351017870447100677,yaudaaa21,sukses UNSIA,0,2,10,Selalu Amin Semoga,0.7791205644607544,25,Semangat Wah Tetap,0.7290682196617126,26,Bismillah Depan Bismillahirrahmanirrahim,0.7137719392776489
7360873205299118853,verennnnn28,kak udah buka pendaftaran baru?,0,0,1,Berapa Buka Kapan,0.7987829446792603,7,Daftar Aku Sudah,0.8077574968338013,6,Dibuka Saat Mahasiswa,0.7895548343658447
7351284307782779653,univsiberasia,"Halo Kak, terima kasih. Semangat selalu untu Kakak🤩",1,0,10,Selalu Amin Semoga,0.7953178882598877,11,Terima Kasih Salam,0.809801459312439,25,Semangat Wah Tetap,0.7513914704322815
7597036690645353223,mr19643,ka hasil seleksinya kapan ya keluar setelah test?,0,0,1,Berapa Buka Kapan,0.8226469159126282,4,Online Offline Full,0.7506057620048523,0,Tidak Ada Jurusan,0.7380765080451965
7407364677409620741,randomm1008,kak bisa sambil kerja ga si?,1,0,0,Tidak Ada Jurusan,0.7909345030784607,1,Berapa Buka Kapan,0.7751259207725525,4,Online Offline Full,0.7580823302268982
7573598110480712466,marlina6099,🥰,0,0,3,Menyimak Nrrjml Binus,0.995229959487915,21,Nitip Nitipp Kabarin,0.6757673621177673,2,Iya Kak Dong,0.6486166715621948
7461204298061873921,anggierswntrda.s,😭,0,0,3,Menyimak Nrrjml Binus,0.995229959487915,21,Nitip Nitipp Kabarin,0.6757673621177673,2,Iya Kak Dong,0.6486166715621948
7461204342068216577,anggierswntrda.s,😂,0,0,3,Menyimak Nrrjml Binus,0.995229959487915,21,Nitip Nitipp Kabarin,0.6757673621177673,2,Iya Kak Dong,0.6486166715621948
7381810337223508742,zeanlindah,"hallo pak klo kulia online apakah sampai wisuda??
lalu yg umur 31 tahn masi bisa",0,0,0,Tidak Ada Jurusan,0.7767250537872314,1,Berapa Buka Kapan,0.8026093244552612,4,Online Offline Full,0.7407469749450684
7445079386019169031,zrexfny,😁,0,0,3,Menyimak Nrrjml Binus,0.995229959487915,21,Nitip Nitipp Kabarin,0.6757673621177673,2,Iya Kak Dong,0.6486166715621948
7533287686192186128,subbhibbhi_12,kalau misalkan hari kuliah nya bisa di pilih gak ya kalau yg khusus kerja,0,0,0,Tidak Ada Jurusan,0.7679057121276855,1,Berapa Buka Kapan,0.7541266679763794,4,Online Offline Full,0.744544267654419
7331949825866760966,naniekpudjiati,kak jurusan digital bisnis tahun 2024/2025 mahasiswa baru apa sdh ada?,1,0,0,Tidak Ada Jurusan,0.8167814016342163,1,Berapa Buka Kapan,0.7522444725036621,5,Ada S2 Rpl,0.7500609159469604
7377773050193773317,liis_simanullang,Prodi apa aja kak?,0,0,0,Tidak Ada Jurusan,0.726110577583313,15,Dimana Daerah Pjj,0.8177872896194458,5,Ada S2 Rpl,0.7573608160018921
7315454215944864517,bagussejati97,pak oktavian idolaaa,0,0,-1,Mantab Uk Belakang,0.0,20,Betul Keren Banget,0.6919636726379395,2,Iya Kak Dong,0.6876100301742554
7442513565523542839,pendengarterbaik199,😳,0,0,3,Menyimak Nrrjml Binus,0.995229959487915,21,Nitip Nitipp Kabarin,0.6757673621177673,2,Iya Kak Dong,0.6486166715621948
7531690791359972104,lluana1910,Persyaratan daftar apa aja kak 🙏🏻 Mau bgt ambil jurusan informatika,0,0,0,Tidak Ada Jurusan,0.8341711759567261,1,Berapa Buka Kapan,0.7631317377090454,5,Ada S2 Rpl,0.7203109264373779
7315038022490473222,arief_maulana_n__06,prospek kerja pablic speking,0,0,5,Ada S2 Rpl,0.5343514680862427,18,100 Universitas Siber,0.5668082237243652,22,Biayanya Berapa Biaya,0.4904538094997406
7304224958284251910,winarni4090,salam kenal Bu OCA,0,0,11,Terima Kasih Salam,0.7816904783248901,10,Selalu Amin Semoga,0.6747614145278931,20,Betul Keren Banget,0.6293104887008667
7304224687289828101,winarni4090,"assalamualaikum Bu, salam komunikasi bu",0,0,11,Terima Kasih Salam,0.7446902990341187,10,Selalu Amin Semoga,0.638777494430542,26,Bismillah Depan Bismillahirrahmanirrahim,0.5728371739387512
7455248770729952008,thequeennn.02,😁😁😁,0,0,3,Menyimak Nrrjml Binus,0.995229959487915,21,Nitip Nitipp Kabarin,0.6757673621177673,2,Iya Kak Dong,0.6486166715621948
7340480871126500102,yaudaaa21,semoga sukses UNSIA,1,1,10,Selalu Amin Semoga,0.8139998912811279,25,Semangat Wah Tetap,0.7066538333892822,26,Bismillah Depan Bismillahirrahmanirrahim,0.6874511241912842
7343903846849495814,univsiberasia,"aamiin, terima kasih Kak. semangat terus ya😁",1,0,10,Selalu Amin Semoga,0.8645007014274597,25,Semangat Wah Tetap,0.8289526104927063,11,Terima Kasih Salam,0.8234198093414307
7340808249760940806,marlishengar1998,semoga sukaes UNSIA,0,2,10,Selalu Amin Semoga,0.790757417678833,18,100 Universitas Siber,0.7225364446640015,26,Bismillah Depan Bismillahirrahmanirrahim,0.703773021697998
7343911520906183430,marlishengar1998,ia kk🙏🙏,0,0,3,Menyimak Nrrjml Binus,0.8124366998672485,2,Iya Kak Dong,0.6779869794845581,20,Betul Keren Banget,0.623679518699646
7343903739957396230,univsiberasia,"Makasih Kak, semangat selalu ya 🤗",1,0,10,Selalu Amin Semoga,0.8415518999099731,11,Terima Kasih Salam,0.8305560946464539,25,Semangat Wah Tetap,0.828747034072876
7341697529127830278,mr.marbot,sukses slalu UNSIA,0,1,10,Selalu Amin Semoga,0.8257780075073242,25,Semangat Wah Tetap,0.7277910709381104,26,Bismillah Depan Bismillahirrahmanirrahim,0.693866491317749
7343903608570757893,univsiberasia,"Makasih Kak, semangat terus ya😁",2,0,10,Selalu Amin Semoga,0.8361998796463013,25,Semangat Wah Tetap,0.8403071165084839,11,Terima Kasih Salam,0.8338861465454102
7381811017028272901,zeanlindah,ada jurusan apa sja kaka,0,0,0,Tidak Ada Jurusan,0.7845680713653564,5,Ada S2 Rpl,0.7510573267936707,15,Dimana Daerah Pjj,0.7213250398635864
7339123649976959750,kholifahsahad,spil bu dosen rosanah dong kak🥰,1,2,7,Daftar Aku Sudah,0.7406691312789917,16,100 Tugas Skripsi,0.7178974151611328,1,Berapa Buka Kapan,0.7127416133880615
7343905316427760390,kholifahsahad,siyaapp kak. makasih bnyak kak,0,0,11,Terima Kasih Salam,0.8593924045562744,8,Dm Admin Halo,0.7211148738861084,10,Selalu Amin Semoga,0.7155832648277283
7343904111668364037,univsiberasia,"wah🤩 rupanya ada mahasiswa Bu Ocha🤩,ditunggu konten bersama Bu Rosanah ya",2,0,11,Terima Kasih Salam,0.6826022863388062,10,Selalu Amin Semoga,0.6823703646659851,7,Daftar Aku Sudah,0.6771558523178101
7277210859033576197,bagussejati97,boleh spill cara konseling Kak,0,0,7,Daftar Aku Sudah,0.7764272689819336,13,Info Bagaimana Cara,0.8030771017074585,1,Berapa Buka Kapan,0.8020195960998535
7281645057709818630,mall.jk,untuk lanjut s2 persyaratan umur berapa min,0,0,0,Tidak Ada Jurusan,0.7575562596321106,5,Ada S2 Rpl,0.6973327398300171,1,Berapa Buka Kapan,0.6941284537315369
7270355496853472005,barutadesu,salam untuk Pak Wahyu ya mimin😁,1,1,11,Terima Kasih Salam,0.7721264362335205,10,Selalu Amin Semoga,0.7147261500358582,25,Semangat Wah Tetap,0.6081161499023438
7271109810082431750,univsiberasia,"Halo Kak, nanti mimin salamin ya ke Pak Wahyu 🤩",1,0,8,Dm Admin Halo,0.8195681571960449,11,Terima Kasih Salam,0.7947520017623901,7,Daftar Aku Sudah,0.7349900007247925
7498323831091806992,thvjbangtan,astagaa introvert lagiii 😭😭,0,0,2,Iya Kak Dong,0.6700196266174316,20,Betul Keren Banget,0.6412876844406128,24,Ilkom Ieu Balang,0.5984325408935547
7272376889637208837,retno194,Manajemen mantap👍,0,0,11,Terima Kasih Salam,0.5248034000396729,3,Menyimak Nrrjml Binus,0.7176783084869385,26,Bismillah Depan Bismillahirrahmanirrahim,0.6537617444992065
7595050130408653585,lukman_gansz,ya ampun gua introvert bjir,0,0,2,Iya Kak Dong,0.6152017116546631,12,Umur Yang Semangat,0.615172803401947,20,Betul Keren Banget,0.6041337251663208
7611262808135041800,synee25,🥰,0,0,3,Menyimak Nrrjml Binus,0.995229959487915,21,Nitip Nitipp Kabarin,0.6757673621177673,2,Iya Kak Dong,0.6486166715621948
7274091288235868934,ikan_kerapu20,Minnnn..Untuk kelas magister ada gak kuliah full online.,0,1,0,Tidak Ada Jurusan,0.8633080720901489,4,Online Offline Full,0.8291279673576355,1,Berapa Buka Kapan,0.8282337784767151
7275642721435075334,univsiberasia,"Halo Kak, mohon maaf untuk program magister saat ini belum ada, pantengin sosial media UNSIA terus ya Kak, supaya gak ketinggalan berita terbarunya🤩",0,0,9,Id Ac Pmb,0.75421142578125,6,Dibuka Saat Mahasiswa,0.7829481363296509,27,Pt Terakreditasi Ban,0.721286416053772
7273725974176285446,bagussejati97,bu metha.. 🥰,0,0,11,Terima Kasih Salam,0.5533738136291504,3,Menyimak Nrrjml Binus,0.7762343883514404,2,Iya Kak Dong,0.6707834005355835
7268159467954635526,barutadesu,17 dong😁,0,0,3,Menyimak Nrrjml Binus,0.7854582071304321,28,Juta 3Jt Serius,0.6896031498908997,2,Iya Kak Dong,0.6854672431945801
7273820660904166150,akuntansi.unsia,"iya yah seperti langsung dari blender, tp klo diamati sepertinya mas yg baju merah itu ga langsung dari blender krna tetlihat ada sendok seblm dicolek",1,0,2,Iya Kak Dong,0.4986177086830139,12,Umur Yang Semangat,0.5945422649383545,4,Online Offline Full,0.5744010210037231
7310118816527270661,missfitri150,jurusan nya apa aja kak,0,0,0,Tidak Ada Jurusan,0.8307347893714905,1,Berapa Buka Kapan,0.8053189516067505,15,Dimana Daerah Pjj,0.7994096279144287
7602609973230813959,indahsoedirman999,apakah wajib menguasai Excel?,0,0,5,Ada S2 Rpl,0.6297973394393921,22,Biayanya Berapa Biaya,0.5800509452819824,0,Tidak Ada Jurusan,0.5681828260421753
7264946808785617669,cipiw255,"Izin bertanya, kuliah akuntansi apakah harus bisa bahasa Inggris?",0,0,0,Tidak Ada Jurusan,0.7683138847351074,5,Ada S2 Rpl,0.7102046608924866,17,Informasi Informatika Akuntansi,0.678882896900177
7264614370364506886,lilaw1223,tips kuliah bagi pekerja pabrik yang kerjanya ada dua sif pagi dan siang. bismillah dengan bergabung dengan unsia saya bisa lebih baik lagi🥰,0,5,9,Id Ac Pmb,0.685289740562439,12,Umur Yang Semangat,0.6922653317451477,0,Tidak Ada Jurusan,0.6608932018280029
7264746199550296837,bagussejati97,"tipsnya semangat dan buat komitmen kakak buat bagi waktu karna unsia bisa kuliah kapanpun dan dimanapun kak, yuk DM ig di profil buat detailnya",0,0,9,Id Ac Pmb,0.772794246673584,7,Daftar Aku Sudah,0.7261463403701782,10,Selalu Amin Semoga,0.7121981382369995
7381812675910828806,zeanlindah,hallo kaka klo kulia online 1minggu berpa x pertemuan..smga dijawab🙏,1,0,0,Tidak Ada Jurusan,0.6512023210525513,16,100 Tugas Skripsi,0.7157268524169922,4,Online Offline Full,0.7033889293670654
7382559069742203653,bagussejati97,Hai kak sistem perkuliahan kita fleksibel ya yang penting selalu aktif buka LMS Perkuliahan baik setelah bekerja juga bisa,0,0,9,Id Ac Pmb,0.761978268623352,16,100 Tugas Skripsi,0.7287697196006775,12,Umur Yang Semangat,0.726320743560791
7382568169960162053,zeanlindah,jurusan peternakan ada gk ka,1,0,0,Tidak Ada Jurusan,0.8554788827896118,5,Ada S2 Rpl,0.8282582759857178,1,Berapa Buka Kapan,0.790054202079773
7382603834956448517,bagussejati97,"belum kak ada manajemen, akuntansi, sistem informasi, informatika dan komunikasi, ada rencana sastra Korea",0,0,17,Informasi Informatika Akuntansi,0.8116347193717957,5,Ada S2 Rpl,0.6665302515029907,0,Tidak Ada Jurusan,0.6648850440979004
7563949820999369492,zephyayn,😭😭😭,0,0,3,Menyimak Nrrjml Binus,0.995229959487915,21,Nitip Nitipp Kabarin,0.6757673621177673,2,Iya Kak Dong,0.6486166715621948
7412548721152541446,hoshi.hoshi25,s2 IT ada ?,0,0,5,Ada S2 Rpl,0.7651060819625854,2,Iya Kak Dong,0.6998025178909302,18,100 Universitas Siber,0.6865007877349854
7258599652836066053,putrichikalsyairaam,doain ya insyaallah mau masuk unsia thn ini,0,1,10,Selalu Amin Semoga,0.8026381731033325,7,Daftar Aku Sudah,0.7012928128242493,26,Bismillah Depan Bismillahirrahmanirrahim,0.6859040856361389
7260322521114166022,univsiberasia,"Halo Kak, Aamiin. semangat terus ya Kak 😊",0,0,10,Selalu Amin Semoga,0.8156791925430298,25,Semangat Wah Tetap,0.8088251352310181,11,Terima Kasih Salam,0.7871427536010742
7258496122133070598,mharyo_s88,"masuk komunikasi dari basic sains 😂, dan udah bosen banget sama namanya hitungan. 🗿",0,2,17,Informasi Informatika Akuntansi,0.48810040950775146,12,Umur Yang Semangat,0.6284670233726501,0,Tidak Ada Jurusan,0.5298984050750732
7260323354329301765,univsiberasia,"Halo Kak, kebetulan bgt ni prodi komunikasi jarang ada mata kuliah hitung-hitungannya ya ☺️",0,0,16,100 Tugas Skripsi,0.8122549057006836,0,Tidak Ada Jurusan,0.7660191059112549,6,Dibuka Saat Mahasiswa,0.7629067897796631
7258591704637506309,sfanwar_,2in si ini..😂😂,0,0,-1,Mantab Uk Belakang,0.0,2,Iya Kak Dong,0.7463253140449524,20,Betul Keren Banget,0.6417696475982666
7258289122731885318,hahaa1311,Tapi rata-rata anak komunikasi super Duper ekstrovert semua bu 😁,4,0,11,Terima Kasih Salam,0.4389438033103943,12,Umur Yang Semangat,0.6191617250442505,0,Tidak Ada Jurusan,0.5362811088562012
7263448767444648709,fitrinndsr1,kalau maba UT bisa daftar di siber asia gak sih? soalnya pengen kuliah 2kampus. pliss di bls pke vt,1,0,0,Tidak Ada Jurusan,0.8351235389709473,1,Berapa Buka Kapan,0.779219388961792,4,Online Offline Full,0.7565324306488037
7587868455794688786,satu_toko0,aq bgt.. introvert nekat ngambil komunikasi 😀,0,0,0,Tidak Ada Jurusan,0.5592007040977478,12,Umur Yang Semangat,0.6436388492584229,5,Ada S2 Rpl,0.5517089366912842
7260005340489466630,putrichikalsyairaam,@nrrjml♉,0,0,3,Menyimak Nrrjml Binus,0.646769642829895,24,Ilkom Ieu Balang,0.5305907726287842,18,100 Universitas Siber,0.5277161598205566
7258301476056941317,bagussejati97,fakta dan mitos jurusan lain dong min... 🥰,0,1,0,Tidak Ada Jurusan,0.6041712760925293,5,Ada S2 Rpl,0.6183505058288574,12,Umur Yang Semangat,0.5933480262756348
7260495973926028038,hagiamecca,"kak untuk informasinya dmna yah, mau tau lebih detail",0,0,1,Berapa Buka Kapan,0.7854791283607483,13,Info Bagaimana Cara,0.7709843516349792,8,Dm Admin Halo,0.7682328224182129
7254948401384653574,nadakotto,wih aku nih 🤭,0,2,2,Iya Kak Dong,0.8006675243377686,20,Betul Keren Banget,0.7275675535202026,7,Daftar Aku Sudah,0.7060099244117737
7584242823156892424,syifane_,"hi ka nada, boleh izin dm? mau tanya terkait kuliah ini kaa",0,0,8,Dm Admin Halo,0.8405605554580688,1,Berapa Buka Kapan,0.7385430932044983,16,100 Tugas Skripsi,0.7080593705177307
7255641648502227718,sanani_d,Hallo kak salam dari IT,0,0,11,Terima Kasih Salam,0.801345705986023,8,Dm Admin Halo,0.7324393391609192,10,Selalu Amin Semoga,0.6874387264251709
7263448866220884742,fitrinndsr1,kalau maba UT bisa daftar di siber asia gak sih? soalnya pengen kuliah 2kampus. pliss di bls pke vt,0,0,0,Tidak Ada Jurusan,0.8351235389709473,1,Berapa Buka Kapan,0.779219388961792,4,Online Offline Full,0.7565324306488037
7259919820089541382,juki_juan8,🥰,0,0,3,Menyimak Nrrjml Binus,0.995229959487915,21,Nitip Nitipp Kabarin,0.6757673621177673,2,Iya Kak Dong,0.6486166715621948
7517625555795624712,bissmillah_rest,"akuuuu semester 4 ut, semester 1 unsia 😂",6,9,0,Tidak Ada Jurusan,0.7085919976234436,16,100 Tugas Skripsi,0.704881489276886,12,Umur Yang Semangat,0.6877669095993042
7558850512851043080,ndwndaf_,"kakk, gimana aman ga kak sampe sekarang??
aku juga ada niat double degree ke unsia juga, tp skrng baru semester 1 ut😭😭",1,0,0,Tidak Ada Jurusan,0.7953885793685913,6,Dibuka Saat Mahasiswa,0.7554259300231934,27,Pt Terakreditasi Ban,0.7501845955848694
7570308155956642567,re.7ym,kak boleh tau di ut jurusan apa di unsia jurusan apa?? 🙏🏻,0,0,0,Tidak Ada Jurusan,0.8459229469299316,1,Berapa Buka Kapan,0.7709639668464661,15,Dimana Daerah Pjj,0.7329382300376892
7570558892015403792,bissmillah_rest,ut manajemen. unsia informatika kak.,0,0,17,Informasi Informatika Akuntansi,0.7842463254928589,18,100 Universitas Siber,0.7662065029144287,16,100 Tugas Skripsi,0.7068819403648376
7553225550970749716,user0498567373,kak ini harus konfirmasi ke univ satunya apa gausah ya kal?,0,0,18,100 Universitas Siber,0.5744451284408569,1,Berapa Buka Kapan,0.7881816625595093,0,Tidak Ada Jurusan,0.7841720581054688
7553225869658194696,bissmillah_rest,kalo aku gak kak. cuma harus siap siap takut kalo ada yg jadwal uas nya bentrok. ut gak ada susulan soalnya.,0,0,0,Tidak Ada Jurusan,0.685438334941864,12,Umur Yang Semangat,0.7744526863098145,4,Online Offline Full,0.7501437664031982
7548817630124753672,racoennyasyifa,"Kak, serius tanya, enak dimana sistemnya?",0,0,1,Berapa Buka Kapan,0.7424036860466003,15,Dimana Daerah Pjj,0.8180325031280518,7,Daftar Aku Sudah,0.7094213962554932
7549139042899493640,bissmillah_rest,unsiaa😁😁 tp lebih mahal. ada harga ada rasa,0,0,5,Ada S2 Rpl,0.5428369045257568,24,Ilkom Ieu Balang,0.5796151161193848,2,Iya Kak Dong,0.5389673709869385
7549141180005647122,racoennyasyifa,"Boleh tau gak Kak perbandingannya, apa yang buat Kakak ngerasa lebih nyaman di Unsia? Aku lagi galau antara UT dan Unsia",0,0,0,Tidak Ada Jurusan,0.8015162944793701,9,Id Ac Pmb,0.7661438584327698,12,Umur Yang Semangat,0.7595690488815308
7518923169148666631,fsevaa,gmn kak di unsia bner enak?,0,0,1,Berapa Buka Kapan,0.7159155011177063,16,100 Tugas Skripsi,0.7291126251220703,0,Tidak Ada Jurusan,0.7089687585830688
7465197052328428306,waduhhhhhhhhh4,ada sidang skripsi nya gak ya?,0,1,5,Ada S2 Rpl,0.8220486640930176,1,Berapa Buka Kapan,0.8374526500701904,0,Tidak Ada Jurusan,0.8274779319763184
7569927591467369224,einaafets,Ada,0,0,3,Menyimak Nrrjml Binus,0.8753163814544678,2,Iya Kak Dong,0.7181833982467651,21,Nitip Nitipp Kabarin,0.7094051837921143
7281683771802338054,mentaisushi_10,akhirnya nemu vt nya😂 soalnya mahasiswa ut juga dan ingin di unsia juga hehe,8,8,0,Tidak Ada Jurusan,0.7545913457870483,12,Umur Yang Semangat,0.7624810934066772,16,100 Tugas Skripsi,0.7417200803756714
7490970217784443666,rsydstra_,sekarang udh Di unsia kak?,1,0,0,Tidak Ada Jurusan,0.7485033273696899,7,Daftar Aku Sudah,0.804887592792511,6,Dibuka Saat Mahasiswa,0.8046265840530396
7490970576724296453,mentaisushi_10,hehe engga kak😁 soalnya udh semester tua di ut + nyambi kerja😁,0,0,0,Tidak Ada Jurusan,0.8254845142364502,12,Umur Yang Semangat,0.8473063707351685,16,100 Tugas Skripsi,0.7812930345535278
7490970785479000839,rsydstra_,wahh aku baru maba ut,0,0,0,Tidak Ada Jurusan,0.7454324960708618,7,Daftar Aku Sudah,0.7703241109848022,12,Umur Yang Semangat,0.7440901398658752
7490970913056391943,rsydstra_,udh di unsia sekarang ka?,0,0,0,Tidak Ada Jurusan,0.7363941073417664,7,Daftar Aku Sudah,0.8212984800338745,6,Dibuka Saat Mahasiswa,0.8051542043685913
7482442104120656646,widdgn,kaaa jadi ga masuk ke unsia? aku juga maba ut mau masuk ke unsia juga,0,0,0,Tidak Ada Jurusan,0.8181726932525635,9,Id Ac Pmb,0.7876570820808411,6,Dibuka Saat Mahasiswa,0.769813060760498
7562649049116721938,nandechan_,kak dari diploma 3 ke S1 bisa gak akka,0,1,0,Tidak Ada Jurusan,0.8507949709892273,1,Berapa Buka Kapan,0.7663602828979492,19,Jalur Konversi Melalui,0.7656911015510559
7569927689314960146,einaafets,Bisa kak,0,0,2,Iya Kak Dong,0.8483531475067139,8,Dm Admin Halo,0.759137749671936,13,Info Bagaimana Cara,0.7533248662948608
7265303538568790790,sfanwar_,saya keluar dari kampus lama buat masuk ke Unsia😁,13,4,0,Tidak Ada Jurusan,0.673626184463501,12,Umur Yang Semangat,0.6399651765823364,16,100 Tugas Skripsi,0.6296745538711548
7518923051568841479,fsevaa,gmn udh kak?,0,0,2,Iya Kak Dong,0.7692240476608276,20,Betul Keren Banget,0.7178572416305542,11,Terima Kasih Salam,0.689033031463623
7490970970041598738,rsydstra_,kampus lama nya mana?,0,0,15,Dimana Daerah Pjj,0.8258861899375916,5,Ada S2 Rpl,0.7500154972076416,0,Tidak Ada Jurusan,0.7170965671539307
7418794818665218821,cacah8735,😳😳 samaaa,0,0,2,Iya Kak Dong,0.7905303835868835,20,Betul Keren Banget,0.7158132791519165,21,Nitip Nitipp Kabarin,0.6650677919387817
7265507074029077254,michaelyxxx,knpa keluar bng?,1,0,1,Berapa Buka Kapan,0.6157656908035278,2,Iya Kak Dong,0.7576043605804443,15,Dimana Daerah Pjj,0.7027138471603394
7353182552284922629,yonatama_skrillex,"min, apakah bisa konversi pindahan klau bisa maksimal semester berapa ya?",0,3,19,Jalur Konversi Melalui,0.7042886018753052,1,Berapa Buka Kapan,0.8153753280639648,0,Tidak Ada Jurusan,0.7909823656082153
7353493590138077957,univsiberasia,"Halo Kak, bisa ya 😊 minimal sudah semester II dari perguruan tinggi sebelumnya",0,0,14,Dicicil 3Jt Biaya,0.7128223180770874,0,Tidak Ada Jurusan,0.8034955859184265,6,Dibuka Saat Mahasiswa,0.7786684036254883
7353504789933490949,yonatama_skrillex,berarti tidak ada batas maksimal semester yaa kak?,0,0,1,Berapa Buka Kapan,0.7561416029930115,4,Online Offline Full,0.7542309761047363,14,Dicicil 3Jt Biaya,0.7522611618041992
7265156068010803973,ghendis_k14,Alhamdulillah sudah satu semester di unsia,2,4,10,Selalu Amin Semoga,0.703241229057312,26,Bismillah Depan Bismillahirrahmanirrahim,0.6988753080368042,18,100 Universitas Siber,0.6946884393692017
7265250749252682502,univsiberasia,"Wahh tetap semangat ya Kak kuliahnya, semoga lulus tepat waktu🥳",0,0,25,Semangat Wah Tetap,0.7942345142364502,10,Selalu Amin Semoga,0.8775238394737244,11,Terima Kasih Salam,0.7654629945755005
7518923334306906887,fsevaa,gmn kak di unsia?,0,0,6,Dibuka Saat Mahasiswa,0.7456115484237671,1,Berapa Buka Kapan,0.7945373058319092,18,100 Universitas Siber,0.7883726358413696
7404428909490815752,arnicudz,Kuliah 1mggu full Day or gmn ka?,0,0,1,Berapa Buka Kapan,0.7589453458786011,0,Tidak Ada Jurusan,0.7813273072242737,4,Online Offline Full,0.7413389086723328
7543178532245062416,awexxxtrian,bagaimana dengan PDIKTI ?,1,0,5,Ada S2 Rpl,0.607947826385498,18,100 Universitas Siber,0.6025300621986389,15,Dimana Daerah Pjj,0.5511621832847595
7522893693105472264,pakbar_46,untuk tugas akhir atau skripsi nya proses bagaimana ya?,0,1,16,100 Tugas Skripsi,0.7291465401649475,1,Berapa Buka Kapan,0.7657778263092041,0,Tidak Ada Jurusan,0.7530028820037842
7523101474960884488,univsiberasia,"Halo Kak, betul sekali. Untuk tugas akhir ada skripsi ya Kak dI UNSIA",0,0,16,100 Tugas Skripsi,0.8799853324890137,6,Dibuka Saat Mahasiswa,0.8030509352684021,0,Tidak Ada Jurusan,0.7846094369888306
7506032020020134677,silviajuniarti2,Kk unsia ada dipakanbaru ga ya?,0,0,6,Dibuka Saat Mahasiswa,0.7177088856697083,1,Berapa Buka Kapan,0.8343988656997681,0,Tidak Ada Jurusan,0.82289719581604
7577737276219474708,saycaaaa_,"aku bru daftar..prodi akuntansii,ada yg samaaa gaaaa",0,0,2,Iya Kak Dong,0.6077951788902283,0,Tidak Ada Jurusan,0.808869481086731,7,Daftar Aku Sudah,0.7583849430084229
7548327734348301063,caramellatte_96,kak utk cara daftarnya gmna yaa,0,0,1,Berapa Buka Kapan,0.8381874561309814,13,Info Bagaimana Cara,0.8303866982460022,8,Dm Admin Halo,0.7636660933494568
7341647540041040646,second_accound22,Kalo wisuda nya onlline apa offline pak?,0,0,4,Online Offline Full,0.7887810468673706,1,Berapa Buka Kapan,0.8012243509292603,15,Dimana Daerah Pjj,0.7831289172172546
7381812374480962309,zeanlindah,klo kulia online 1minggu berpa x pertemuan kaka,0,0,0,Tidak Ada Jurusan,0.6090728044509888,4,Online Offline Full,0.6773556470870972,12,Umur Yang Semangat,0.6380267143249512
7317649225021620997,antrophophile,kak mmau tanya kalau daftar 2 kampus itu bagaiamna pendaftarannya? apa sama kyk pmb atau ad cara tersendiri? mohon dijawab terimakasih,3,0,0,Tidak Ada Jurusan,0.748491644859314,1,Berapa Buka Kapan,0.7700785994529724,19,Jalur Konversi Melalui,0.7105406522750854
7469064870148113207,viiijee_494,bisa kuliah full daring nda min,0,0,0,Tidak Ada Jurusan,0.7942474484443665,5,Ada S2 Rpl,0.7602524757385254,4,Online Offline Full,0.7397745847702026
7534359240057062165,kentukienak,pengen pindah juga ke unsia deh,0,0,0,Tidak Ada Jurusan,0.7229616641998291,7,Daftar Aku Sudah,0.7224373817443848,12,Umur Yang Semangat,0.7076359987258911
7449373758023172865,miringbanyak,🥰,1,0,3,Menyimak Nrrjml Binus,0.995229959487915,21,Nitip Nitipp Kabarin,0.6757673621177673,2,Iya Kak Dong,0.6486166715621948
7276838764482773765,the_scret_,"@bubbleblue kampus mu,dah daftar blom?",1,0,1,Berapa Buka Kapan,0.6399104595184326,7,Daftar Aku Sudah,0.7558249235153198,4,Online Offline Full,0.637446403503418
7559089727539413778,zahraanakkecills,😁,0,0,3,Menyimak Nrrjml Binus,0.995229959487915,21,Nitip Nitipp Kabarin,0.6757673621177673,2,Iya Kak Dong,0.6486166715621948
7559089712907502343,zahraanakkecills,🥰,0,0,3,Menyimak Nrrjml Binus,0.995229959487915,21,Nitip Nitipp Kabarin,0.6757673621177673,2,Iya Kak Dong,0.6486166715621948
7525575338589225746,nenengmeilani541,🥰,0,0,3,Menyimak Nrrjml Binus,0.995229959487915,21,Nitip Nitipp Kabarin,0.6757673621177673,2,Iya Kak Dong,0.6486166715621948
7265283297008239365,kakjo1717,"Min, kapan ni, unsia buka prodi bru, FISIP dong min",2,3,1,Berapa Buka Kapan,0.7456328868865967,6,Dibuka Saat Mahasiswa,0.781342625617981,0,Tidak Ada Jurusan,0.7791399955749512
7542107951331689233,kyoci03,Pengen jurusan sasing ka😅,0,0,0,Tidak Ada Jurusan,0.7616501450538635,5,Ada S2 Rpl,0.7711145877838135,7,Daftar Aku Sudah,0.7390670776367188
7413676280862655237,serba_tahu_tempe,spill biayanya donk,1,0,7,Daftar Aku Sudah,0.7175554037094116,2,Iya Kak Dong,0.7462972402572632,22,Biayanya Berapa Biaya,0.7439417839050293
7597036309970617106,mr19643,ka hasil seleksinya kapan ya keluar setelah test?,0,0,1,Berapa Buka Kapan,0.8226469159126282,4,Online Offline Full,0.7506057620048523,0,Tidak Ada Jurusan,0.7380765080451965
7243009051276215045,oktafiancahya,kerennn,1,0,20,Betul Keren Banget,0.8424503803253174,3,Menyimak Nrrjml Binus,0.7566592693328857,2,Iya Kak Dong,0.7527029514312744
7244843780288791302,ynianti,untuk s2 kebidanan ada gak,0,0,0,Tidak Ada Jurusan,0.7819665670394897,5,Ada S2 Rpl,0.7883805632591248,1,Berapa Buka Kapan,0.6816960573196411
7263448669944070918,fitrinndsr1,kalau maba UT bisa daftar di siber asia gak sih? soalnya pengen kuliah 2kampus. pliss di bls pke vt,0,0,0,Tidak Ada Jurusan,0.8351235389709473,1,Berapa Buka Kapan,0.779219388961792,4,Online Offline Full,0.7565324306488037
7247908898983035653,ghendis_k14,MJ205 hadir,0,0,20,Betul Keren Banget,0.5180038213729858,3,Menyimak Nrrjml Binus,0.7278570532798767,18,100 Universitas Siber,0.6493768692016602
7460493203708756753,coutes_r,🥰,0,0,3,Menyimak Nrrjml Binus,0.995229959487915,21,Nitip Nitipp Kabarin,0.6757673621177673,2,Iya Kak Dong,0.6486166715621948
7260007615374377733,putrichikalsyairaam,@nrrjml♉,0,0,3,Menyimak Nrrjml Binus,0.646769642829895,24,Ilkom Ieu Balang,0.5305907726287842,18,100 Universitas Siber,0.5277161598205566
7263448899032531718,fitrinndsr1,kalau maba UT bisa daftar di siber asia gak sih? soalnya pengen kuliah 2kampus. pliss di bls pke vt,0,0,0,Tidak Ada Jurusan,0.8351235389709473,1,Berapa Buka Kapan,0.779219388961792,4,Online Offline Full,0.7565324306488037
7401022473054077701,xftyaa3,tes masuknya susah ngga ka,2,2,0,Tidak Ada Jurusan,0.788884162902832,1,Berapa Buka Kapan,0.8408176302909851,4,Online Offline Full,0.7973095774650574
7498232036810818311,harqeel_222,Hanya tes biasa saja kok kak🥰,1,0,1,Berapa Buka Kapan,0.6654065847396851,4,Online Offline Full,0.7300841808319092,16,100 Tugas Skripsi,0.6666805744171143
7506675980623758087,harqeel_222,Nanti bisa ambil gelombang ke 2 ya kak boleh cek ig nya unsia ya,0,0,9,Id Ac Pmb,0.7619662880897522,7,Daftar Aku Sudah,0.805067241191864,1,Berapa Buka Kapan,0.7851719260215759
7501743842694038290,anputi12,"Kak, apakah pendaftaran untuk thn 2025 sdh dibuka?
Sy dr jambi soalnya",4,19,1,Berapa Buka Kapan,0.7966099381446838,6,Dibuka Saat Mahasiswa,0.7623976469039917,0,Tidak Ada Jurusan,0.7584973573684692
7515691351247061778,univsiberasia,"Halo Kak, saat ini UNSIA masih membuka pendaftaran mahasiswa baru lho🤗",0,0,6,Dibuka Saat Mahasiswa,0.903695821762085,9,Id Ac Pmb,0.7997341156005859,27,Pt Terakreditasi Ban,0.7343205213546753
7502387535906620168,jeonkim_0901,"bantu jawab, sudah",1,0,2,Iya Kak Dong,0.7724262475967407,11,Terima Kasih Salam,0.7083898782730103,21,Nitip Nitipp Kabarin,0.6924197673797607
7511791449542722320,zarasee_,bisa full online ga si?😭,1,0,4,Online Offline Full,0.8292261958122253,1,Berapa Buka Kapan,0.7741636633872986,5,Ada S2 Rpl,0.7598430514335632
7511868528347595521,jeonkim_0901,emang ini full online kak,0,0,4,Online Offline Full,0.8382428884506226,7,Daftar Aku Sudah,0.723288893699646,1,Berapa Buka Kapan,0.7145206928253174
7511918122773955329,zarasee_,mending ini apa ut? bingung bgt mau pilih mana😭,1,0,0,Tidak Ada Jurusan,0.5582133531570435,12,Umur Yang Semangat,0.6675965785980225,15,Dimana Daerah Pjj,0.6223762035369873
7511928011085923089,jeonkim_0901,"tergantung sih kak, aku milih ini soal ut katanya masuk mudah keluarnya yang susah jadi aku milih ini 😅",0,0,0,Tidak Ada Jurusan,0.6724207401275635,12,Umur Yang Semangat,0.7327684164047241,4,Online Offline Full,0.6815676093101501
7511928716143428353,zarasee_,"btw kakanya prodi apa, udah semester brp?",1,0,1,Berapa Buka Kapan,0.7782431840896606,0,Tidak Ada Jurusan,0.8084411025047302,15,Dimana Daerah Pjj,0.7456625699996948
7511929432345461521,jeonkim_0901,aku baru daftar😅,0,0,1,Berapa Buka Kapan,0.6412830948829651,2,Iya Kak Dong,0.7603173851966858,7,Daftar Aku Sudah,0.759800136089325
7502414281515713288,anputi12,Mksh kak🙏,0,0,11,Terima Kasih Salam,0.8841306567192078,8,Dm Admin Halo,0.7074586749076843,2,Iya Kak Dong,0.7062433362007141
7503333375253299988,fitrianifachrunisa_,kak udh daftar? aku jg calon mahasiswi unsia nih tp blm dihubungi lg udh byr ukt malah😭,0,0,1,Berapa Buka Kapan,0.7346299886703491,6,Dibuka Saat Mahasiswa,0.7780506610870361,7,Daftar Aku Sudah,0.7662096619606018
7503405571661054738,anputi12,"Blm daftar kk, krn msh bingung gmn caranya.
Kok bisa gtu ya kak?",0,0,1,Berapa Buka Kapan,0.7796261310577393,7,Daftar Aku Sudah,0.7599281668663025,13,Info Bagaimana Cara,0.7400327920913696
7503407630988329735,fitrianifachrunisa_,"gampang ka, buka ignya aja dibio ada webnya tinggal daftar",0,0,1,Berapa Buka Kapan,0.708693265914917,7,Daftar Aku Sudah,0.7316449880599976,4,Online Offline Full,0.7112973928451538
7503428790393111304,anputi12,Beneran kak? Wah mksh deh infonya kak🙏,0,0,11,Terima Kasih Salam,0.8676512241363525,8,Dm Admin Halo,0.7620259523391724,20,Betul Keren Banget,0.7451711893081665
7503506793679602453,fitrianifachrunisa_,betul kaa aku tinggal nunggu kelanjutannya,0,0,11,Terima Kasih Salam,0.7518045902252197,7,Daftar Aku Sudah,0.7304743528366089,2,Iya Kak Dong,0.7096948623657227
7503507261991928584,anputi12,Alhamdulillah deh kk semoga lancar2 selalu ya kak🙏ttp semangat,0,0,10,Selalu Amin Semoga,0.8483101725578308,25,Semangat Wah Tetap,0.7743499279022217,11,Terima Kasih Salam,0.7242892980575562
7511394518043050773,aysiyu__,ka daftar prodi apa?,0,0,0,Tidak Ada Jurusan,0.8197282552719116,15,Dimana Daerah Pjj,0.8296531438827515,1,Berapa Buka Kapan,0.8220436573028564
7511530285612155665,fitrianifachrunisa_,manajemen ka,0,0,2,Iya Kak Dong,0.6826795935630798,3,Menyimak Nrrjml Binus,0.7926609516143799,18,100 Universitas Siber,0.6811093091964722
7522319241500951312,iswa_ns,biya ukt brp kak,0,0,1,Berapa Buka Kapan,0.7850837707519531,15,Dimana Daerah Pjj,0.7774001359939575,0,Tidak Ada Jurusan,0.7314867973327637
7523101878848897799,univsiberasia,"Halo Kak, hanya 3jt/semester lho Kak🤩",0,0,14,Dicicil 3Jt Biaya,0.822106122970581,16,100 Tugas Skripsi,0.7566850185394287,6,Dibuka Saat Mahasiswa,0.7262983918190002
7560737489960157959,rismaa_anaa,unsia apa binus yaa,0,4,3,Menyimak Nrrjml Binus,0.4334872364997864,15,Dimana Daerah Pjj,0.7960179448127747,5,Ada S2 Rpl,0.7571185827255249
7561831043768419080,wanzzz_950,ya binus lah kak😭,7,0,2,Iya Kak Dong,0.8288266658782959,20,Betul Keren Banget,0.7491986155509949,7,Daftar Aku Sudah,0.7171587347984314
7561835324059190023,rismaa_anaa,lantang bgt kak😭😭,0,0,2,Iya Kak Dong,0.8496109247207642,20,Betul Keren Banget,0.905408501625061,11,Terima Kasih Salam,0.7628745436668396
7568653599758598919,cheezei0,"ukt nya aja jauh bgt bedanya kak, ya binus dongg😭",0,0,12,Umur Yang Semangat,0.7625522613525391,4,Online Offline Full,0.7219313383102417,7,Daftar Aku Sudah,0.7172331809997559
7570919299416032021,rrecloudly_30,mahal an binus? 😭,0,0,24,Ilkom Ieu Balang,0.757129967212677,2,Iya Kak Dong,0.6320403814315796,28,Juta 3Jt Serius,0.6202436685562134
7424513000805860101,bud_ay11,bener2 full online kah? aku di kaltim soalnya,0,16,4,Online Offline Full,0.7637046575546265,1,Berapa Buka Kapan,0.7294741272926331,0,Tidak Ada Jurusan,0.71271812915802
7425828981993587461,harqeel_222,"Bnr full kak , udh daftar kah? Aku jg br mau daftar ini",0,0,7,Daftar Aku Sudah,0.8516547679901123,1,Berapa Buka Kapan,0.7615237236022949,12,Umur Yang Semangat,0.7339590787887573
7425844647001473797,bud_ay11,aku udah daftar,0,0,7,Daftar Aku Sudah,0.7651277780532837,2,Iya Kak Dong,0.769085168838501,13,Info Bagaimana Cara,0.6679084300994873
7425914668739560197,harqeel_222,Aku baru mau besok wkwk berkasnya blm siap soalnya,1,0,7,Daftar Aku Sudah,0.7579566240310669,12,Umur Yang Semangat,0.7393816113471985,4,Online Offline Full,0.7199743986129761
7496731276745982740,univsiberasia,"Halo Ka, Bener banget dong😊",0,0,8,Dm Admin Halo,0.7544947862625122,20,Betul Keren Banget,0.7656788229942322,11,Terima Kasih Salam,0.7619311809539795
7496731503633154833,bud_ay11,telat banget balasnya min. udah semester 2 aku hehehh,0,0,12,Umur Yang Semangat,0.7787525057792664,7,Daftar Aku Sudah,0.7108345031738281,11,Terima Kasih Salam,0.6901748776435852
7578713028457612040,terserahhdeh2,Kk gmn unsia? Ak dibatam soalny gmn si review jujur dong,0,0,4,Online Offline Full,0.6997213363647461,1,Berapa Buka Kapan,0.7323572635650635,0,Tidak Ada Jurusan,0.7192436456680298
7582571064967955216,bud_ay11,udah smester 3 ni.. wlpun online ttp ilmunya mntap.. sistem nya keren.. gass dahhh,0,0,12,Umur Yang Semangat,0.6968581080436707,4,Online Offline Full,0.6297205686569214,7,Daftar Aku Sudah,0.6279020309448242
7502161182410916626,m6048981,"hai kak, itu full online ya ga sesekali ke kampus kah?",0,0,4,Online Offline Full,0.8357025980949402,0,Tidak Ada Jurusan,0.7982181310653687,1,Berapa Buka Kapan,0.7923828363418579
7502411317275116304,bud_ay11,fulllllllllllll,0,0,2,Iya Kak Dong,0.5100637674331665,20,Betul Keren Banget,0.5434612035751343,26,Bismillah Depan Bismillahirrahmanirrahim,0.4687059819698334
7477582000216458039,anggrtania,Kak maganya gimanaa? Boleh info ngga kak,0,0,13,Info Bagaimana Cara,0.814570963382721,1,Berapa Buka Kapan,0.834623396396637,8,Dm Admin Halo,0.7977754473686218
7437051382349284114,pijelaaa,disambi kerja aman kah kak? btw aku jg sesama kaltim,0,0,1,Berapa Buka Kapan,0.6858763694763184,7,Daftar Aku Sudah,0.7200158834457397,15,Dimana Daerah Pjj,0.7131202220916748
7437051557231198983,bud_ay11,aman bgt.. aku udah sesi ke 4...,0,0,12,Umur Yang Semangat,0.6885324716567993,7,Daftar Aku Sudah,0.6819378733634949,2,Iya Kak Dong,0.6519417762756348
7437056948992508690,pijelaaa,sistem kuliahnya gimana ya kak? satu semester berapa sesi?,0,0,1,Berapa Buka Kapan,0.7832279205322266,0,Tidak Ada Jurusan,0.7648061513900757,4,Online Offline Full,0.7186856865882874
7425914737613161222,harqeel_222,Masuk prodi apa kak,0,0,0,Tidak Ada Jurusan,0.842955470085144,15,Dimana Daerah Pjj,0.8181006908416748,5,Ada S2 Rpl,0.8083223104476929
7425970542245675782,bud_ay11,mngment,0,0,3,Menyimak Nrrjml Binus,0.8403398990631104,2,Iya Kak Dong,0.6793196201324463,21,Nitip Nitipp Kabarin,0.6697783470153809
7425844726589113093,bud_ay11,BTW info2 yah,0,0,11,Terima Kasih Salam,0.7978882789611816,8,Dm Admin Halo,0.6885022521018982,13,Info Bagaimana Cara,0.6772270202636719
7424513348752114437,keyxin_04,min apakah kuliah di unsia full online?,0,32,0,Tidak Ada Jurusan,0.8347896933555603,1,Berapa Buka Kapan,0.7797892689704895,16,100 Tugas Skripsi,0.7770757675170898
7437061050929742610,univsiberasia,"Halo Kak, betul sekali😊UNSIA 100% full online learning",3,0,16,100 Tugas Skripsi,0.864250898361206,18,100 Universitas Siber,0.7209731340408325,27,Pt Terakreditasi Ban,0.705420970916748
7498042502021284624,__mi.sha,@devinaa baru tau ada kuliah di unsia,0,0,0,Tidak Ada Jurusan,0.7162290811538696,12,Umur Yang Semangat,0.6868535280227661,18,100 Universitas Siber,0.6832284331321716
7498230465125073685,dvnshff,ihhhhhhh,0,0,2,Iya Kak Dong,0.682510495185852,20,Betul Keren Banget,0.680934488773346,3,Menyimak Nrrjml Binus,0.6158987879753113
7514711844863492884,daijobuzeen,daftarnya kemana,0,0,13,Info Bagaimana Cara,0.7569374442100525,22,Biayanya Berapa Biaya,0.7303284406661987,15,Dimana Daerah Pjj,0.7297418117523193
7535456767569986305,useerr3523,Terus uas nya gimana ka?,0,0,1,Berapa Buka Kapan,0.844501256942749,13,Info Bagaimana Cara,0.7961201071739197,15,Dimana Daerah Pjj,0.7738300561904907
7426497908054164230,keyxin_04,bagus kampus ini apa UT kak?,0,0,0,Tidak Ada Jurusan,0.7867002487182617,15,Dimana Daerah Pjj,0.8266223669052124,5,Ada S2 Rpl,0.7610839605331421
7426561508199875334,harqeel_222,"Namun knp ak pilih ini krn kerjaku full dan gbsa memungkin kan untuk dateng , dan kampus ini jg punya relasi yg bnyk jg kok kak baguss di sediakan full online untuk yg gbsa izin",1,0,9,Id Ac Pmb,0.7052062749862671,12,Umur Yang Semangat,0.716665506362915,4,Online Offline Full,0.6994330883026123
7434118911564219191,shevahandini,Ka kmu udh daftar?,0,0,7,Daftar Aku Sudah,0.8416234254837036,2,Iya Kak Dong,0.7602292895317078,8,Dm Admin Halo,0.7377756834030151
7434135359208391479,harqeel_222,Sudah baru bgt di bulan ini brp hari yg lalu,0,0,20,Betul Keren Banget,0.4422968626022339,12,Umur Yang Semangat,0.5577473640441895,7,Daftar Aku Sudah,0.5339624881744385
7434172227400172344,shevahandini,Jurusan apa ka,0,0,0,Tidak Ada Jurusan,0.7981749773025513,15,Dimana Daerah Pjj,0.8474453091621399,5,Ada S2 Rpl,0.7871372699737549
7434303196552020791,harqeel_222,Komunikasi aku,0,0,3,Menyimak Nrrjml Binus,0.7333855628967285,2,Iya Kak Dong,0.6833664178848267,24,Ilkom Ieu Balang,0.6247293949127197
7434330077854270264,shevahandini,"Aku juga mau daftar nih kak, rekomen ga si menurut kk disini dri pd di ut?",0,0,7,Daftar Aku Sudah,0.8301485180854797,0,Tidak Ada Jurusan,0.7854629755020142,1,Berapa Buka Kapan,0.7838217616081238
7434470400673497912,harqeel_222,Mau di dm aja ga kak cantik?,0,0,8,Dm Admin Halo,0.7815031409263611,7,Daftar Aku Sudah,0.7633311748504639,1,Berapa Buka Kapan,0.7125004529953003
7437472444740354834,keyxin_04,berapa biayanya,0,0,22,Biayanya Berapa Biaya,0.9198195934295654,13,Info Bagaimana Cara,0.7052674293518066,15,Dimana Daerah Pjj,0.6765291094779968
7504215841547715336,sweetlyn.05,kak dm boleh ?,0,0,8,Dm Admin Halo,0.8040724992752075,2,Iya Kak Dong,0.7683522701263428,15,Dimana Daerah Pjj,0.7196987271308899
7504220023247962888,harqeel_222,Boleh cantik,0,0,8,Dm Admin Halo,0.5982978940010071,2,Iya Kak Dong,0.8212267160415649,21,Nitip Nitipp Kabarin,0.734458863735199
7509573083780760338,putrixplore,Kak izin dm mau nanya soal unsia,0,0,1,Berapa Buka Kapan,0.8024964928627014,8,Dm Admin Halo,0.8043714761734009,16,100 Tugas Skripsi,0.7959111928939819
7509573164737889042,putrixplore,Aku dah follow😭🙏,0,0,2,Iya Kak Dong,0.7930266857147217,7,Daftar Aku Sudah,0.7208571434020996,20,Betul Keren Banget,0.6725879907608032
7509634831102591752,harqeel_222,Gas kan dm,0,0,8,Dm Admin Halo,0.5399101972579956,2,Iya Kak Dong,0.7680727243423462,24,Ilkom Ieu Balang,0.6903740167617798
7496920426501980936,caprgio,kak boleh dm gak nanya nanya tentang unsia,0,0,1,Berapa Buka Kapan,0.7583134174346924,0,Tidak Ada Jurusan,0.7476097941398621,8,Dm Admin Halo,0.7255868911743164
7497011240377123602,harqeel_222,Bolee silahkan barangkali mau masuk lewat aku nanti ada potongan harga diskon,0,0,3,Menyimak Nrrjml Binus,0.26872512698173523,7,Daftar Aku Sudah,0.7176737785339355,1,Berapa Buka Kapan,0.65486741065979
7510205747008881415,jenwf5,kak boleh dm?,0,0,8,Dm Admin Halo,0.8800264596939087,15,Dimana Daerah Pjj,0.7475103139877319,7,Daftar Aku Sudah,0.7410889267921448
7497433074205033224,harqeel_222,Dah semester 1,0,0,0,Tidak Ada Jurusan,0.5602939128875732,18,100 Universitas Siber,0.6992560625076294,28,Juta 3Jt Serius,0.6649350523948669
7426560527705555717,harqeel_222,"Sebetulnya kalo kamu bandingin dngn ut masing”ada kelebihannya mas, kl km mau yg kuliahnya bsa ktmu sm tmn” ut bisa bgt krn ulangannya mrka ada offline",0,0,10,Selalu Amin Semoga,0.491211473941803,4,Online Offline Full,0.7510468363761902,12,Umur Yang Semangat,0.743560254573822
7437472366869594900,keyxin_04,kalo aku kerja di luar negeri kak jdi nyari kampus yg full online,0,0,0,Tidak Ada Jurusan,0.8051873445510864,4,Online Offline Full,0.7759149074554443,12,Umur Yang Semangat,0.7646574974060059
7437488874874700552,harqeel_222,kalo cari yg full disni kalo ga salah nnti smpe wisuda pun ada 2 cara bisa online bisa offline,0,0,4,Online Offline Full,0.7843859195709229,12,Umur Yang Semangat,0.7495108842849731,0,Tidak Ada Jurusan,0.6997905969619751
7425828861198385925,harqeel_222,"Iyaa kak katanya full, aku jg baru mau daftar skrg nih",0,0,7,Daftar Aku Sudah,0.8476955890655518,12,Umur Yang Semangat,0.7567588090896606,1,Berapa Buka Kapan,0.7549639940261841
7549082216236974868,theonlyana.12,biaya ukt brapa kak?,0,1,1,Berapa Buka Kapan,0.8048567771911621,22,Biayanya Berapa Biaya,0.809986412525177,14,Dicicil 3Jt Biaya,0.7767518758773804
7549978051373187847,kakjo1717,3 juta kak,0,0,28,Juta 3Jt Serius,0.9539287090301514,2,Iya Kak Dong,0.724894642829895,14,Dicicil 3Jt Biaya,0.6979294419288635
7517896648241562375,lova122114,mf k acaranya dftr ny gmna y,0,2,22,Biayanya Berapa Biaya,0.6554650068283081,1,Berapa Buka Kapan,0.7866058945655823,13,Info Bagaimana Cara,0.7272913455963135
7517980750168425224,univsiberasia,"Halo Kak, gampang banget lho. Cukup melalui website unsia di pmb.unsia.ac.id😊",0,0,9,Id Ac Pmb,0.8553154468536377,16,100 Tugas Skripsi,0.7443106174468994,6,Dibuka Saat Mahasiswa,0.7251771688461304
7518036709943493394,lova122114,ok k..mksh infonny,0,0,11,Terima Kasih Salam,0.812545895576477,8,Dm Admin Halo,0.638083815574646,10,Selalu Amin Semoga,0.6376206874847412
7495574397719151380,astikari,pengen,0,1,1,Berapa Buka Kapan,0.4004119336605072,3,Menyimak Nrrjml Binus,0.9120852947235107,21,Nitip Nitipp Kabarin,0.7336238026618958
7498231961195512584,harqeel_222,"Yuk jangan ragu untuk masuk Unsia, segera daftar dan dapatkan potongan UKT sebesar 300-500 dm ajaa tanya- tanya silahkan 🥰🥰",0,0,9,Id Ac Pmb,0.744587779045105,14,Dicicil 3Jt Biaya,0.704499363899231,6,Dibuka Saat Mahasiswa,0.6397627592086792
7534058659539534609,irna_naee,Di unsia ada skripsi ga ya?,0,1,0,Tidak Ada Jurusan,0.8555139303207397,5,Ada S2 Rpl,0.8218477964401245,1,Berapa Buka Kapan,0.8074077367782593
7535687240819786514,univsiberasia,"Halo Kak, untuk tugas akhir ada skripsi ya Kak",0,0,16,100 Tugas Skripsi,0.8443279266357422,6,Dibuka Saat Mahasiswa,0.7821700572967529,8,Dm Admin Halo,0.7671972513198853
7527173166352761608,.matchaa89,Kak kalau sudah semester 4 di univ lain mah lanjut pindah di unsia bisa ga?,0,10,0,Tidak Ada Jurusan,0.8692038059234619,1,Berapa Buka Kapan,0.8041562438011169,9,Id Ac Pmb,0.7649295926094055
7527174860105384712,univsiberasia,"Halo kak, bisa ya melalui jalur konversi",0,0,19,Jalur Konversi Melalui,0.9472084641456604,1,Berapa Buka Kapan,0.7693211436271667,8,Dm Admin Halo,0.7669366002082825
7527556320501695239,univsiberasia,"Halo kak, untuk info lebih lanjut boleh DM Mimin ya😊",0,0,8,Dm Admin Halo,0.8765425682067871,13,Info Bagaimana Cara,0.7138650417327881,1,Berapa Buka Kapan,0.6876647472381592
7527649315672081159,.matchaa89,"Udah kak , bantu di acc kak dm nya",0,0,8,Dm Admin Halo,0.8149678707122803,7,Daftar Aku Sudah,0.7433230876922607,1,Berapa Buka Kapan,0.6779629588127136
7527433387830641426,sxcsalsaa,kak km mw pindah kah,0,0,0,Tidak Ada Jurusan,0.7221962213516235,15,Dimana Daerah Pjj,0.7859090566635132,7,Daftar Aku Sudah,0.7581267356872559
7527547769712952071,.matchaa89,Iya kak rencana mau pindah ke unsia cma lagi cari cari tau prosedur nya gmana antar univ,0,0,0,Tidak Ada Jurusan,0.8277688026428223,1,Berapa Buka Kapan,0.7946182489395142,12,Umur Yang Semangat,0.7831895351409912
7527612652995216136,sxcsalsaa,kak acc biar bisa dm,0,0,8,Dm Admin Halo,0.7918674945831299,7,Daftar Aku Sudah,0.7564430236816406,15,Dimana Daerah Pjj,0.7176955938339233
7527649155839525650,.matchaa89,Udah kak,0,0,2,Iya Kak Dong,0.8450679779052734,7,Daftar Aku Sudah,0.7280746102333069,20,Betul Keren Banget,0.7178633213043213
7527612340495221511,idyyyyysn,kak kalo d3 mau lanjut s1 bisa kah?,0,0,0,Tidak Ada Jurusan,0.8466108441352844,1,Berapa Buka Kapan,0.7650485038757324,5,Ada S2 Rpl,0.7548133730888367
7527589272497455880,sxcsalsaa,"kak dm mau tanya""",0,0,1,Berapa Buka Kapan,0.7787964940071106,8,Dm Admin Halo,0.7945994138717651,13,Info Bagaimana Cara,0.7699357867240906
7527338062494450439,.matchaa89,"Baik kak, procedur detail seperti apa ya?",0,0,15,Dimana Daerah Pjj,0.7516470551490784,8,Dm Admin Halo,0.7611860036849976,1,Berapa Buka Kapan,0.7445716857910156
7524848990317069074,g3bby__7,kaa batas usia diunsia berapa kakkk???,1,1,1,Berapa Buka Kapan,0.7938262224197388,15,Dimana Daerah Pjj,0.7542332410812378,0,Tidak Ada Jurusan,0.7295039296150208
7535687306528637714,univsiberasia,"Halo Kak, tidak ada batas usia ya Kak",0,0,1,Berapa Buka Kapan,0.6557325124740601,8,Dm Admin Halo,0.7415626049041748,6,Dibuka Saat Mahasiswa,0.6958810091018677
7515581968659596040,nvmelva_,jalur pendaftarannya pilih yg mana min,0,3,1,Berapa Buka Kapan,0.7940900325775146,13,Info Bagaimana Cara,0.763218879699707,0,Tidak Ada Jurusan,0.7351593375205994
7515773364741407504,ririi_9304,Min boleh dm nggak mau tanya” soalnya,0,0,1,Berapa Buka Kapan,0.7798869013786316,8,Dm Admin Halo,0.7763903141021729,13,Info Bagaimana Cara,0.7332803606987
7515704449613447954,nvmelva_,pendaftaran tutupnya tgl 30 juni ya ka?,0,0,6,Dibuka Saat Mahasiswa,0.7921605110168457,1,Berapa Buka Kapan,0.7530579566955566,7,Daftar Aku Sudah,0.7162262201309204
7515691205238244104,univsiberasia,"Halo Kak, untuk pendaftaran di UNSIA ada 2 ya, melalui jalur reguler dan jalur konversi. Untuk jalur reguler diperuntukkan untuk Kakak yang lulusan SMA/MA/sederajat. Sedangkan jalur konversi diperuntukkan untuk Kakak yang lulusan D3 atau mahasiswa pindahan ya☺️",0,0,19,Jalur Konversi Melalui,0.7649943828582764,9,Id Ac Pmb,0.7749680280685425,6,Dibuka Saat Mahasiswa,0.7661582231521606
7346468737212891909,nana_ajah11,kk aq mendaftar di unsia gelombang 9 tapi pembayaran ko gak valid,1,2,1,Berapa Buka Kapan,0.6967658996582031,16,100 Tugas Skripsi,0.738366961479187,9,Id Ac Pmb,0.7148959636688232
7385526899983041286,user366363572,jurusan apa semua,0,0,0,Tidak Ada Jurusan,0.7414537668228149,15,Dimana Daerah Pjj,0.7816803455352783,5,Ada S2 Rpl,0.7779440879821777
7346586923790451462,univsiberasia,"Halo Kak, izin Mimin kirim alur pembayaran ya Kak melalui inbox😊",0,0,8,Dm Admin Halo,0.8506251573562622,7,Daftar Aku Sudah,0.7166013121604919,11,Terima Kasih Salam,0.7089822292327881
7353126548339573509,kenjielvano25,kak apakah pendaftaran untuk 2024 sudah di buka,0,2,1,Berapa Buka Kapan,0.8202115297317505,6,Dibuka Saat Mahasiswa,0.7791129350662231,0,Tidak Ada Jurusan,0.7407433986663818
7385527392234210054,user366363572,bisa sya dpt kan info yg lebih detail 🙏,0,0,1,Berapa Buka Kapan,0.6659195423126221,13,Info Bagaimana Cara,0.6770232915878296,5,Ada S2 Rpl,0.6142309904098511
7369961132831326981,univsiberasia,"Halo Kak, saat ini UNSIA sedang membuka pendaftaran mahasiswa baru lho 🤩",0,0,6,Dibuka Saat Mahasiswa,0.8881760835647583,9,Id Ac Pmb,0.7944486737251282,27,Pt Terakreditasi Ban,0.7400263547897339
7508740249179980551,natanugrha,"izin nanya kak,ambil ijazahnya dimana ya kira kira kalo udh lulus",0,1,0,Tidak Ada Jurusan,0.7764344215393066,1,Berapa Buka Kapan,0.8050224184989929,13,Info Bagaimana Cara,0.7166236639022827
7511373711049442056,bar18528,"Di Universitasnya kak, Meskipun Online nanti wisudanya bisa online dan offline",1,0,4,Online Offline Full,0.8686513304710388,0,Tidak Ada Jurusan,0.7836430668830872,1,Berapa Buka Kapan,0.7797212600708008
7579528296573190920,fhennxixi09,biaya pendaftaran nya brapa😭,0,1,1,Berapa Buka Kapan,0.810463547706604,22,Biayanya Berapa Biaya,0.8730064630508423,13,Info Bagaimana Cara,0.8114766478538513
7579533694836572936,univsiberasia,"Hi Kak, untuk UKT hanya 3jt lho persemester",0,0,14,Dicicil 3Jt Biaya,0.8816608190536499,1,Berapa Buka Kapan,0.7181218862533569,6,Dibuka Saat Mahasiswa,0.6996078491210938
7344719281622500102,rifiaashfiyailulumiah,kak pas isi biodata disuruh isi kode referal itu di isi apa ya? kodenya aku gatau,1,1,1,Berapa Buka Kapan,0.7283511161804199,0,Tidak Ada Jurusan,0.6790006160736084,7,Daftar Aku Sudah,0.6698700189590454
7345780153698697990,univsiberasia,"Halo Kak, Untuk kode referral apabila kakak mendaftar tidak mendapat rekomendasi siapapun, maka silakan isikan dengan angka 0 (nol) saja kak",1,0,9,Id Ac Pmb,0.648330807685852,8,Dm Admin Halo,0.6313862800598145,6,Dibuka Saat Mahasiswa,0.6101252436637878
7514902016423936775,calmeenikitaaa,Cara daftarnya gimana ya ini🥺,0,1,1,Berapa Buka Kapan,0.8045337200164795,13,Info Bagaimana Cara,0.8407971262931824,4,Online Offline Full,0.7100645899772644
7514919807500026642,univsiberasia,"Halo Kakak, gampang banget lho daftarnya. Bisa langsung ke website ya Kak di pmb.ac.id 😊",0,0,9,Id Ac Pmb,0.8362659215927124,8,Dm Admin Halo,0.7531218528747559,6,Dibuka Saat Mahasiswa,0.7337832450866699
7588547134262575893,plave.ina,ini akun official nya kan?,0,1,7,Daftar Aku Sudah,0.7219560146331787,2,Iya Kak Dong,0.6868664622306824,4,Online Offline Full,0.6693630218505859
7588781376104825608,univsiberasia,Betul banget dong🤩,0,0,20,Betul Keren Banget,0.883499026298523,2,Iya Kak Dong,0.7186508178710938,11,Terima Kasih Salam,0.6491637825965881
7348305067432624902,yaudaaa21,"semangat UNSiA, semoga menciptakan lulusan yg terbaik",0,1,10,Selalu Amin Semoga,0.7704229354858398,26,Bismillah Depan Bismillahirrahmanirrahim,0.6562939882278442,25,Semangat Wah Tetap,0.6543108820915222
7369960760075076358,univsiberasia,"Aamiin, terima kasih banyak Kak. Sukses selalu untuk Kakak🤩",1,0,10,Selalu Amin Semoga,0.833438515663147,11,Terima Kasih Salam,0.8070515394210815,25,Semangat Wah Tetap,0.720617413520813
7524509853786030865,adityamp.0_0,apakah bisa lulus D3 teknik informatika UNS terus lanjut S1 informatika secara online ny disini?,0,1,0,Tidak Ada Jurusan,0.7750893831253052,9,Id Ac Pmb,0.7379820346832275,17,Informasi Informatika Akuntansi,0.7045445442199707
7524554388633010962,univsiberasia,"Halo Kak, bisa banget dong😊",0,0,8,Dm Admin Halo,0.8529657125473022,7,Daftar Aku Sudah,0.7647050023078918,11,Terima Kasih Salam,0.7562040090560913
7526207333308875528,hiduphamp,tanggal pengumuman nya kpn,0,0,1,Berapa Buka Kapan,0.7823419570922852,13,Info Bagaimana Cara,0.7698193192481995,15,Dimana Daerah Pjj,0.7310125827789307
7519158987057922836,daradarojatun,kak gimana cara pendaftaran,0,0,1,Berapa Buka Kapan,0.8285451531410217,13,Info Bagaimana Cara,0.8604189157485962,15,Dimana Daerah Pjj,0.721564769744873
7504293322656498440,im.kaiiiii,utk+almet nya brp min🗿,0,0,1,Berapa Buka Kapan,0.7553393244743347,22,Biayanya Berapa Biaya,0.7216622829437256,13,Info Bagaimana Cara,0.7158544063568115
7404268051803243282,arnicudz,Ka dr D3 ke S1 brp tahun?,1,0,0,Tidak Ada Jurusan,0.7842537760734558,1,Berapa Buka Kapan,0.7168278098106384,5,Ada S2 Rpl,0.7051395177841187
7496457219572138770,haiinisiapa3,kak ada s2 ga?,0,0,0,Tidak Ada Jurusan,0.8836119771003723,5,Ada S2 Rpl,0.9169893264770508,1,Berapa Buka Kapan,0.8248464465141296
7511540770919351048,ziaaa_kezia,per semester brapa bulan klo disini?,0,0,1,Berapa Buka Kapan,0.7414155006408691,14,Dicicil 3Jt Biaya,0.754755973815918,0,Tidak Ada Jurusan,0.7330350875854492
7426394371428041478,fanaticj14,Ada yang mau daftar yg ekstensi/rpl ga sih?,0,0,1,Berapa Buka Kapan,0.7791536450386047,0,Tidak Ada Jurusan,0.7519128918647766,5,Ada S2 Rpl,0.7418404817581177
7347302351663825669,mharyo_s88,kita kuliah online? zoom sambil turu lah 🗿,0,0,9,Id Ac Pmb,0.5445477962493896,12,Umur Yang Semangat,0.7440730333328247,4,Online Offline Full,0.7186709046363831
7543433837461865223,rosellynlove12,"ga ada fakultas teknik ya, selain tek. informatika ?",0,0,0,Tidak Ada Jurusan,0.7313833236694336,5,Ada S2 Rpl,0.732429027557373,17,Informasi Informatika Akuntansi,0.7220399379730225
7352203449822413574,zaahhh_2,masih menerima kk,0,0,2,Iya Kak Dong,0.6952338814735413,18,100 Universitas Siber,0.6289507150650024,3,Menyimak Nrrjml Binus,0.6279863119125366
7518369041808327442,ngopiseteko,Kak jadual kuliah online nya gimana?,0,0,1,Berapa Buka Kapan,0.8260405659675598,0,Tidak Ada Jurusan,0.7819312810897827,4,Online Offline Full,0.7723979949951172
7515421199007482642,fuckyouuutu,kalo online brati S1 gada KKN nya kak?,0,0,1,Berapa Buka Kapan,0.7796497344970703,0,Tidak Ada Jurusan,0.8498693108558655,4,Online Offline Full,0.8235952854156494
7527433188282417938,sxcsalsaa,kak kalau pindahan dri kampus lain atau pernah berhenti di semst 3/4 mau lnjt di unsia ap bisa di konversi dan ap ad biaya tambahan brp ya,0,0,1,Berapa Buka Kapan,0.7840954065322876,0,Tidak Ada Jurusan,0.8255733847618103,14,Dicicil 3Jt Biaya,0.7597556710243225
7568503970902147861,prem.sperm,bisa daftar dari jepang ga ?,0,0,1,Berapa Buka Kapan,0.7468492388725281,5,Ada S2 Rpl,0.7355554699897766,0,Tidak Ada Jurusan,0.7226364612579346
7526217058000012050,zawa_ai,ada program Pascasarjana ngk??,0,0,5,Ada S2 Rpl,0.8324788808822632,0,Tidak Ada Jurusan,0.7590596675872803,18,100 Universitas Siber,0.7021481990814209
7500603800794694408,winmopas,hukum ada ga ka?,0,0,5,Ada S2 Rpl,0.7753498554229736,2,Iya Kak Dong,0.7594188451766968,15,Dimana Daerah Pjj,0.7540854215621948
7526748225819771668,baritasilaban03,gak ada diploma 3 manajemen kah,0,0,0,Tidak Ada Jurusan,0.755211591720581,5,Ada S2 Rpl,0.7929159998893738,17,Informasi Informatika Akuntansi,0.6974136829376221
7387070719002624773,mhmdfhmyy,Kak jam kuliahnya mulai jam berapa?,0,0,1,Berapa Buka Kapan,0.7772365808486938,15,Dimana Daerah Pjj,0.75095534324646,0,Tidak Ada Jurusan,0.7219735383987427
7494581624353358600,fyrdaurzula,"kak, biayanya berapa ya",0,0,1,Berapa Buka Kapan,0.8379250764846802,22,Biayanya Berapa Biaya,0.816163182258606,15,Dimana Daerah Pjj,0.7968177199363708
7503505601239581448,cheeseka5,bisa diinfokan jadwal hari dan jam kuliahnya kak,0,0,1,Berapa Buka Kapan,0.7586714625358582,13,Info Bagaimana Cara,0.7341619729995728,4,Online Offline Full,0.703249454498291
7569126740008092437,watuun_,💖,0,0,3,Menyimak Nrrjml Binus,0.995229959487915,21,Nitip Nitipp Kabarin,0.6757673621177673,2,Iya Kak Dong,0.6486166715621948
7526814563284435729,oneandonlyberr,😁,0,0,3,Menyimak Nrrjml Binus,0.995229959487915,21,Nitip Nitipp Kabarin,0.6757673621177673,2,Iya Kak Dong,0.6486166715621948
7521973774414938888,hahahaa_kasiannn,😂,0,0,3,Menyimak Nrrjml Binus,0.995229959487915,21,Nitip Nitipp Kabarin,0.6757673621177673,2,Iya Kak Dong,0.6486166715621948
7415030523754955525,masayufira,🔥,0,0,3,Menyimak Nrrjml Binus,0.995229959487915,21,Nitip Nitipp Kabarin,0.6757673621177673,2,Iya Kak Dong,0.6486166715621948
7359903126114468613,kaniareykris,berapa total biaya S1 manajemen yg full online kak,7,3,1,Berapa Buka Kapan,0.7379968166351318,0,Tidak Ada Jurusan,0.7722244262695312,14,Dicicil 3Jt Biaya,0.744402289390564
7363604306098209541,dewikim20,nahh aku juga mau tau nih biaya nya brpa,2,0,22,Biayanya Berapa Biaya,0.7337103486061096,1,Berapa Buka Kapan,0.7289961576461792,13,Info Bagaimana Cara,0.7055191993713379
7408401401338020613,miegeprek001,3juta persemseter kalau 8semester jadi 24juta kak totalnya,3,0,14,Dicicil 3Jt Biaya,0.7705111503601074,1,Berapa Buka Kapan,0.6703191995620728,4,Online Offline Full,0.6572500467300415
7568514568742470407,56leejn,ini include buku atau lainnya gitu kak?,0,0,1,Berapa Buka Kapan,0.6898849010467529,4,Online Offline Full,0.7417812347412109,0,Tidak Ada Jurusan,0.6881571412086487
7341018419674792710,nuraprilia529,"Kalau dari luar negeri bisa juga gak kak, tolong di jawab kak🙏🏻",5,17,0,Tidak Ada Jurusan,0.7395411133766174,1,Berapa Buka Kapan,0.7911986708641052,8,Dm Admin Halo,0.7556204795837402
7421265703666729735,5hombing,"Sangat bisa kak, kebetulan juga saya di luar negeri kerja 😊",0,0,0,Tidak Ada Jurusan,0.7122159600257874,19,Jalur Konversi Melalui,0.6817786693572998,16,100 Tugas Skripsi,0.6785115599632263
7421314004486980360,nuraprilia529,Allahamdulilah sekarang udah jadi bagian dari mahasiswa unsia kak 😊,0,0,10,Selalu Amin Semoga,0.668968677520752,27,Pt Terakreditasi Ban,0.6105904579162598,26,Bismillah Depan Bismillahirrahmanirrahim,0.6026679277420044
7465065787427472136,oriokiran,kak boleh dm nanya2 gakkkk🙏🏻,0,0,1,Berapa Buka Kapan,0.7389861345291138,8,Dm Admin Halo,0.8081793785095215,7,Daftar Aku Sudah,0.7386258840560913
7465108806042616583,nuraprilia529,Boleh dong kak😊,0,0,2,Iya Kak Dong,0.839853823184967,8,Dm Admin Halo,0.808687150478363,7,Daftar Aku Sudah,0.8002200126647949
7465510087718568712,youur_kittemnn,kak aku dm,1,0,8,Dm Admin Halo,0.7929427027702332,2,Iya Kak Dong,0.749413013458252,7,Daftar Aku Sudah,0.7405092120170593
7465540305920574226,nuraprilia529,Oke kak😊,0,0,2,Iya Kak Dong,0.8286677598953247,11,Terima Kasih Salam,0.8184610605239868,20,Betul Keren Banget,0.7553865909576416
7548347574573646610,i0.dna,biaya pendaftarannya brp ya ka,0,0,1,Berapa Buka Kapan,0.8620929718017578,13,Info Bagaimana Cara,0.801235556602478,22,Biayanya Berapa Biaya,0.7624906301498413
7473892482100036360,gebyflorina21,Kaa full online tanpa harus ke kampusnya? Soalny saya kerja diluar negri,0,0,0,Tidak Ada Jurusan,0.7769854068756104,4,Online Offline Full,0.7846854329109192,1,Berapa Buka Kapan,0.7439192533493042
7473895907186033415,nuraprilia529,Iya kak Full online 😊 kebetulan saya juga di luar kak.,0,0,2,Iya Kak Dong,0.6415783762931824,4,Online Offline Full,0.7973463535308838,7,Daftar Aku Sudah,0.7449345588684082
7473896028477293320,gebyflorina21,Siap kakk saya mau mendaftar jugaa terima kasihh,0,0,11,Terima Kasih Salam,0.8228037357330322,7,Daftar Aku Sudah,0.737427830696106,8,Dm Admin Halo,0.7296870350837708
7473896388092101383,nuraprilia529,Sama-sama kak,0,0,2,Iya Kak Dong,0.7966952323913574,11,Terima Kasih Salam,0.7911468744277954,25,Semangat Wah Tetap,0.7472838163375854
7480028582074614546,purweni.brahms,Biaya persemesternya berapa ya kak,0,0,1,Berapa Buka Kapan,0.8181411027908325,22,Biayanya Berapa Biaya,0.7713871002197266,14,Dicicil 3Jt Biaya,0.754828929901123
7502161498748568327,m6048981,ke kampus pas apa doang kak?,0,0,4,Online Offline Full,0.6686121225357056,15,Dimana Daerah Pjj,0.7071051597595215,0,Tidak Ada Jurusan,0.6679768562316895
7502204677460329224,nuraprilia529,"di unsia full online kak, dari ujian sampai wisuda juga bisa online kak",0,0,4,Online Offline Full,0.8280766606330872,9,Id Ac Pmb,0.8438881039619446,16,100 Tugas Skripsi,0.808504581451416
7452552748560646928,_._._._427,kak boleh tanya² gak kak🙏,0,0,2,Iya Kak Dong,0.7285662889480591,8,Dm Admin Halo,0.7598806023597717,7,Daftar Aku Sudah,0.72963547706604
7452559882681533202,nuraprilia529,Boleh dong kak🥰,0,0,2,Iya Kak Dong,0.839853823184967,8,Dm Admin Halo,0.808687150478363,7,Daftar Aku Sudah,0.8002200126647949
7421315119088452360,5hombing,"Wah selamat ya mbak , selamat bergabung di Unsia , semangat jalani perkuliahan nya 😊",0,0,10,Selalu Amin Semoga,0.8517313003540039,11,Terima Kasih Salam,0.7543865442276001,16,100 Tugas Skripsi,0.7224678993225098
7328384941909689094,andresitumorang297,wisuda nya online atau offline kak?,2,7,4,Online Offline Full,0.8726322650909424,1,Berapa Buka Kapan,0.8073000907897949,15,Dimana Daerah Pjj,0.7539324760437012
7569034121797698311,5hombing,online,0,0,3,Menyimak Nrrjml Binus,0.8951042294502258,21,Nitip Nitipp Kabarin,0.6240898370742798,28,Juta 3Jt Serius,0.6146255731582642
7569029226167894800,risa_davina,Ujiannya online apa offline?,0,0,4,Online Offline Full,0.8329493403434753,1,Berapa Buka Kapan,0.7410404682159424,15,Dimana Daerah Pjj,0.7187527418136597
7488705700592993031,5hombing,"yang pasti masih sekitarnya Jaksel ya kak, tapi untuk gedung nya kurang tau , karena setiap wisudawan mungkin beda2 tempatnya nanti",0,0,0,Tidak Ada Jurusan,0.6880609393119812,4,Online Offline Full,0.7143621444702148,1,Berapa Buka Kapan,0.6952848434448242
7488701758551638801,chesescakefluffy,"Untuk tempat,biasanya wisuda dimana kak",0,0,15,Dimana Daerah Pjj,0.7999128103256226,1,Berapa Buka Kapan,0.7757033109664917,4,Online Offline Full,0.7336854934692383
7465662309752554247,5hombing,"tidak kak , cuman ada Pjj di tulis",0,0,4,Online Offline Full,0.7971871495246887,5,Ada S2 Rpl,0.762739896774292,7,Daftar Aku Sudah,0.7582871913909912
7465509322652238599,youur_kittemnn,nanti di ijazahnya ada tulisan onlinenya ga kak?,0,0,1,Berapa Buka Kapan,0.8304263353347778,4,Online Offline Full,0.8181471228599548,0,Tidak Ada Jurusan,0.7743149995803833
7421265775124726536,5hombing,Offline ya kk😊,0,0,4,Online Offline Full,0.6557731628417969,2,Iya Kak Dong,0.85560542345047,11,Terima Kasih Salam,0.8220730423927307
7414052558920925957,nana_kiyowo0,s2 online ada ka?,1,1,0,Tidak Ada Jurusan,0.790528416633606,5,Ada S2 Rpl,0.8485590219497681,4,Online Offline Full,0.802374541759491
7421265270927393554,5hombing,Ada kak di BINUS 😊,1,0,2,Iya Kak Dong,0.7450718283653259,15,Dimana Daerah Pjj,0.7881743907928467,5,Ada S2 Rpl,0.777376651763916
7414716202331144965,xftyaa3,"tes nya apa aja ka , udah pasti lolos apa belum",1,2,1,Berapa Buka Kapan,0.7774990797042847,0,Tidak Ada Jurusan,0.7584624290466309,4,Online Offline Full,0.7506982088088989
7421265407355896584,5hombing,"Tesnya hanya saja, Tes akademik ya kak😊",0,0,1,Berapa Buka Kapan,0.7064782381057739,4,Online Offline Full,0.7509223222732544,0,Tidak Ada Jurusan,0.714423656463623
7421418587770127110,aaanaaandaa,"jalur raport ada ga ka, apa hanya tes cbt saja?",0,0,1,Berapa Buka Kapan,0.7759782075881958,0,Tidak Ada Jurusan,0.7851651310920715,4,Online Offline Full,0.7553507685661316
7336398569676587782,bumdes_harapan_jaya,kpn mulai kuliahnya buat Maba min,0,9,13,Info Bagaimana Cara,0.7111495733261108,1,Berapa Buka Kapan,0.7950072288513184,0,Tidak Ada Jurusan,0.7915557026863098
7344974337667482373,leonnaa17,hrs registrasi dlu kak dpt nim,0,0,1,Berapa Buka Kapan,0.7884249687194824,7,Daftar Aku Sudah,0.781597912311554,4,Online Offline Full,0.7559488415718079
7344982284248056582,handayan91,kak izin chat yah,1,0,8,Dm Admin Halo,0.8784155249595642,11,Terima Kasih Salam,0.8204443454742432,7,Daftar Aku Sudah,0.7774463295936584
7344982369718371078,leonnaa17,silahkan kqk,0,0,2,Iya Kak Dong,0.7181898355484009,21,Nitip Nitipp Kabarin,0.6991778612136841,3,Menyimak Nrrjml Binus,0.6432687044143677
7338309230175077126,bumdes_harapan_jaya,"kok nimnya blm keluar ya,semacam grup jg kok ngga ada ya?",0,0,1,Berapa Buka Kapan,0.7224876880645752,4,Online Offline Full,0.7002890110015869,12,Umur Yang Semangat,0.6989246606826782
7343496043491263237,handayan91,sama kak aku juga blm dapet nim dan nggak ada grupnya sampai sekarang,0,0,2,Iya Kak Dong,0.6247543096542358,7,Daftar Aku Sudah,0.7659220695495605,12,Umur Yang Semangat,0.7506572008132935
7344728742546653958,leonnaa17,dftr bln brp kak.. udh registrasi matkul blm,0,0,22,Biayanya Berapa Biaya,0.6489068269729614,1,Berapa Buka Kapan,0.8173164129257202,7,Daftar Aku Sudah,0.7485917210578918
7344964897568047877,handayan91,gelombang 4 kak,0,0,1,Berapa Buka Kapan,0.5330175161361694,28,Juta 3Jt Serius,0.709430456161499,18,100 Universitas Siber,0.7043101787567139
7321195311707259654,babyangell66,Ada skripsi gak kak?? Ujian akhir semesternya online atau offline please butuh bat🥺,1,1,4,Online Offline Full,0.8109344244003296,16,100 Tugas Skripsi,0.8006929159164429,1,Berapa Buka Kapan,0.7838969826698303
7344728999888651013,leonnaa17,pke skripsi kak.. ujian boleh ofline,0,0,4,Online Offline Full,0.7725067138671875,5,Ada S2 Rpl,0.7456956505775452,7,Daftar Aku Sudah,0.7394932508468628
7415302856914404101,suli_sulton,"info biaya, kak?",0,1,13,Info Bagaimana Cara,0.8098283410072327,22,Biayanya Berapa Biaya,0.7432195544242859,1,Berapa Buka Kapan,0.7014756798744202
7421265574464684808,5hombing,"Di jamin terjangkau kak, ada juga beasiswa di kampus kita ini 😊",0,0,1,Berapa Buka Kapan,0.6870396137237549,6,Dibuka Saat Mahasiswa,0.7279783487319946,9,Id Ac Pmb,0.7245540618896484
7310207967021368070,saaa.0346,daerah mana kak?,0,4,15,Dimana Daerah Pjj,0.891880452632904,1,Berapa Buka Kapan,0.7316930890083313,2,Iya Kak Dong,0.7255963087081909
7311059071988663048,5hombing,"jakarta kak
kampus kita bisa kuliah 100% online kok kak
yang jauh berada di luar kota atau dimanasa saja bisa kuliah kok di unsia kak🥰",1,0,23,Jakarta Selatan Kota,0.6698394417762756,9,Id Ac Pmb,0.8204284906387329,0,Tidak Ada Jurusan,0.7435252666473389
7421243729790894854,aaanaaandaa,"pkkmb wajib hadir ga kak, dan untuk skripsi apakah wajib offline?",0,0,5,Ada S2 Rpl,0.6916838884353638,4,Online Offline Full,0.7611130475997925,1,Berapa Buka Kapan,0.7599467039108276
7421265039925183239,5hombing,"Untuk skripsian tetap di laksanakan secara online ya kak , Offline hanya disaat wisuda saja kita hadir kak",0,0,4,Online Offline Full,0.7709314227104187,9,Id Ac Pmb,0.7476314306259155,6,Dibuka Saat Mahasiswa,0.7471121549606323
7421308133413470982,aaanaaandaa,"oh begitu ya, baik terima kasih kak😻",0,0,11,Terima Kasih Salam,0.8393654823303223,8,Dm Admin Halo,0.7552778124809265,10,Selalu Amin Semoga,0.6859025955200195
7423594960245785349,minnieowinniew,kak ada nomor kampus nya? mau tanya2 info,0,8,1,Berapa Buka Kapan,0.799347996711731,8,Dm Admin Halo,0.7494058012962341,13,Info Bagaimana Cara,0.7482069730758667
7424790405491524357,izzaa406,gtw Gw Chat no² gprnh bls,0,0,1,Berapa Buka Kapan,0.596436619758606,7,Daftar Aku Sudah,0.6339613199234009,4,Online Offline Full,0.6306532621383667
7424799760383001349,minnieowinniew,ha mksd ka,0,0,0,Tidak Ada Jurusan,0.5203838348388672,2,Iya Kak Dong,0.7577378749847412,20,Betul Keren Banget,0.6826907396316528
7424801758372872966,izzaa406,"rencana gw mau pindah sini ,gtw bisa atau gk",1,0,0,Tidak Ada Jurusan,0.6713567972183228,12,Umur Yang Semangat,0.6892644166946411,1,Berapa Buka Kapan,0.6652991771697998
7480443647227495185,black_jack932,pindah dari univ mana?,0,0,0,Tidak Ada Jurusan,0.7377550601959229,5,Ada S2 Rpl,0.7356246709823608,15,Dimana Daerah Pjj,0.7244813442230225
7480444253513106184,izzaa406,Bekasi Bang,0,0,23,Jakarta Selatan Kota,0.598837673664093,2,Iya Kak Dong,0.6209378242492676,28,Juta 3Jt Serius,0.6146742701530457
7424799904751125254,izzaa406,no kampusnya Slow respon kak pas gw chat blm d bls2,0,0,1,Berapa Buka Kapan,0.6804543733596802,8,Dm Admin Halo,0.7072582244873047,4,Online Offline Full,0.6781535148620605
7424801114501317382,minnieowinniew,ih anjir ko gtu dah😭,0,0,2,Iya Kak Dong,0.6709887981414795,20,Betul Keren Banget,0.6787261962890625,12,Umur Yang Semangat,0.6046535968780518
7424801444005970694,izzaa406,sibuk mungkin,0,0,2,Iya Kak Dong,0.7147257924079895,3,Menyimak Nrrjml Binus,0.6332407593727112,20,Betul Keren Banget,0.6319161653518677
7419891340392039174,mrs_lhy,ada S2 gak,0,1,5,Ada S2 Rpl,0.8886240720748901,0,Tidak Ada Jurusan,0.7604967355728149,2,Iya Kak Dong,0.7288629412651062
7426222766184481541,user9499142835860,"blm ada kak , ini kampusnya masih baru 4 tahun bln 7 klu tdk salah kemarin baru melaksanakan wisuda pertamanya .. anakku mahasiswa baru tahun ini",0,0,4,Online Offline Full,0.6835728287696838,12,Umur Yang Semangat,0.7678421139717102,6,Dibuka Saat Mahasiswa,0.7208784818649292
7310072978380653317,arief_maulana_n__06,aku ips bisa masuk teknik informatika,0,1,0,Tidak Ada Jurusan,0.7643877267837524,5,Ada S2 Rpl,0.7171192169189453,12,Umur Yang Semangat,0.6867109537124634
7310075489065108230,univsiberasia,"Halo Kak, bisa bangett lhoo🤩",0,0,8,Dm Admin Halo,0.8236453533172607,7,Daftar Aku Sudah,0.752043604850769,11,Terima Kasih Salam,0.7396984100341797
7353130860868764421,kenjielvano25,halo kak untuk pendaftaran 2024 kapan buka ya?,0,3,1,Berapa Buka Kapan,0.8274850845336914,6,Dibuka Saat Mahasiswa,0.8518537282943726,8,Dm Admin Halo,0.7704370617866516
7388987949777355525,dlsnaa21,udah dapat informasi lagi blm kak ?,0,0,17,Informasi Informatika Akuntansi,0.5150039196014404,7,Daftar Aku Sudah,0.789496660232544,1,Berapa Buka Kapan,0.7797289490699768
7373308495032861445,uchynsaja3,kak saya sdh daftar ulang ulang tapi belum dapat informasi lebih lanjut LG🥺👏👏,0,0,1,Berapa Buka Kapan,0.75779128074646,13,Info Bagaimana Cara,0.7135416269302368,8,Dm Admin Halo,0.704259991645813
7353493910314255110,univsiberasia,"Halo Kak, saat ini sedang dibuka pendaftaran untuk jalur reguler, yuk langsung daftar di website UNSIA di pmb.unsia.ac.id 😊",2,0,9,Id Ac Pmb,0.8865066766738892,6,Dibuka Saat Mahasiswa,0.8407447934150696,27,Pt Terakreditasi Ban,0.7407518625259399
7356492688626565894,ayem558,kak ini bisa dari liar daerah ngk sih.,0,1,15,Dimana Daerah Pjj,0.7429534196853638,1,Berapa Buka Kapan,0.7203527092933655,4,Online Offline Full,0.7057519555091858
7426223308519523078,user9499142835860,"bs bangett kak , dari luar negri juga ada mahasiswa nya .. anakku dari merauke juga kuliah di situ tahun ini",0,0,2,Iya Kak Dong,0.596055269241333,0,Tidak Ada Jurusan,0.7651020288467407,12,Umur Yang Semangat,0.7371208071708679
7366300040291943174,reyna89059,gak ada batasan usia ya kalo buat kelas online kyk gini.. ada jurusan Hukum & Hubungan internasional gak,0,1,5,Ada S2 Rpl,0.724723219871521,0,Tidak Ada Jurusan,0.7700064778327942,12,Umur Yang Semangat,0.723181426525116
7491539981723271943,rsydstra_,ga ada kalau jurusan ini,0,0,0,Tidak Ada Jurusan,0.6368038654327393,5,Ada S2 Rpl,0.7017403841018677,18,100 Universitas Siber,0.6407986283302307
7314836532521698054,benni_tab,apa pendaftaran masih buka yh kak,0,1,1,Berapa Buka Kapan,0.8611852526664734,6,Dibuka Saat Mahasiswa,0.7954288721084595,4,Online Offline Full,0.778342068195343
7326740776213250821,univsiberasia,"Halo Kak, ada kabar gembira lho. Saat ini UNSIA sedang membuka pendaftaran mahasiswa baru gel. V 🤩",0,0,6,Dibuka Saat Mahasiswa,0.8504506945610046,9,Id Ac Pmb,0.7693208456039429,27,Pt Terakreditasi Ban,0.737033486366272
7428076662594126600,hpkentang2075,kak november masih bisa daftar,0,0,1,Berapa Buka Kapan,0.8390455842018127,7,Daftar Aku Sudah,0.8396633863449097,6,Dibuka Saat Mahasiswa,0.7942190766334534
7345098998103130886,ku.ayumi_fdja,"Terima mahasiswa pindahan gx sih ka?
mau yg full online",0,0,1,Berapa Buka Kapan,0.8064207434654236,4,Online Offline Full,0.85043865442276,0,Tidak Ada Jurusan,0.8129359483718872
7374409658864222982,fourstyle.official,dimna it kk,0,0,0,Tidak Ada Jurusan,0.540069580078125,2,Iya Kak Dong,0.7878385186195374,20,Betul Keren Banget,0.6926170587539673
7495143869114483474,noliz.teruz,kak ko web nya ga bisa di akses ya?,0,0,1,Berapa Buka Kapan,0.7267992496490479,8,Dm Admin Halo,0.6833464503288269,13,Info Bagaimana Cara,0.6724205613136292
7495245895270318849,mawar_merahaja,Unisa full online kek UT kah? dmna lokasi kampus?,0,0,15,Dimana Daerah Pjj,0.7174398303031921,4,Online Offline Full,0.7905184030532837,0,Tidak Ada Jurusan,0.7783576250076294
7421418263538975493,aaanaaandaa,jurusan fav nya apa ini?,0,0,0,Tidak Ada Jurusan,0.8024075031280518,15,Dimana Daerah Pjj,0.7686660289764404,5,Ada S2 Rpl,0.7588397264480591
7323106347439588101,samsul_arifin12,jjujuuhh,0,0,2,Iya Kak Dong,0.6762937307357788,20,Betul Keren Banget,0.6535216569900513,24,Ilkom Ieu Balang,0.5993506908416748
7550870462969791240,yourmineeeeaaa,Huhu di bnjarbaru gk adaa,0,0,4,Online Offline Full,0.7158880233764648,5,Ada S2 Rpl,0.7159276604652405,12,Umur Yang Semangat,0.7026410698890686
7569250251769447186,khodijahidzaa,kalo kuliah 2 univ bisa ga?,0,0,0,Tidak Ada Jurusan,0.8503234386444092,5,Ada S2 Rpl,0.8211672902107239,1,Berapa Buka Kapan,0.7732647657394409
7497679340852560648,archieaner_,Hukum masi belom ada ya kak?,0,0,2,Iya Kak Dong,0.7417203187942505,7,Daftar Aku Sudah,0.7609226703643799,4,Online Offline Full,0.7388777136802673
7431245875848528645,bulan_ricca,"kak cara pendaftaran gimana, ini full online kan?",0,0,4,Online Offline Full,0.8361430764198303,1,Berapa Buka Kapan,0.8605064153671265,13,Info Bagaimana Cara,0.820719301700592
7371480128758874885,fdxsror,bisa terima mahasiswa pindahan juga kak??saya s1 informatika masih semester 4 di kampus PTS kak,0,0,0,Tidak Ada Jurusan,0.8513730764389038,16,100 Tugas Skripsi,0.7885470986366272,6,Dibuka Saat Mahasiswa,0.7853344678878784
7495194386526864146,clairablee,ada kelas karyawan ga ka,0,0,1,Berapa Buka Kapan,0.8411768674850464,5,Ada S2 Rpl,0.8330221176147461,0,Tidak Ada Jurusan,0.8278038501739502
7579653843366413074,xixilibraaa,"Ini jadwalnya ada Hybrd nya gk, biar gk online mulu biar ada ke kampus nya gtu",0,0,0,Tidak Ada Jurusan,0.7579041123390198,4,Online Offline Full,0.801320493221283,12,Umur Yang Semangat,0.7840234637260437
7567612833602126600,panggilaku.vavaaa,pindahan dr politeknik negeri ke sini bisa?,0,0,1,Berapa Buka Kapan,0.5559877753257751,0,Tidak Ada Jurusan,0.6386510133743286,5,Ada S2 Rpl,0.6240418553352356
7317253943918560006,yuraaaa73,"ka, kalau udh lulus S1 mau kuliah S1 lagi disini dengan jurusan apa ada transfer kredit matkul gitu?",0,0,0,Tidak Ada Jurusan,0.8375438451766968,1,Berapa Buka Kapan,0.7631858587265015,19,Jalur Konversi Melalui,0.7331011891365051
7559857082188104456,mbakyu_122,ka maaf untuk akredisasinya apa ka?,0,0,1,Berapa Buka Kapan,0.8083052635192871,8,Dm Admin Halo,0.7706869840621948,13,Info Bagaimana Cara,0.754218339920044
7317652068993975045,antrophophile,kak mmau tanya kalau daftar 2 kampus itu bagaiamna pendaftarannya? apa sama kyk pmb atau ad cara tersendiri? mohon dijawab terimakasih,0,0,0,Tidak Ada Jurusan,0.748491644859314,1,Berapa Buka Kapan,0.7700785994529724,19,Jalur Konversi Melalui,0.7105406522750854
7412765910958408453,darkchocolate6_,Mahasiswa online dpt almet ga ?,0,1,6,Dibuka Saat Mahasiswa,0.5791802406311035,5,Ada S2 Rpl,0.7384909391403198,18,100 Universitas Siber,0.733311653137207
7426223682408530694,user9499142835860,"dapat kak , cuma saat ini masih penutupan karena untuk kelancaran pengiriman yg sdh sebelum""nya",0,0,1,Berapa Buka Kapan,0.6513776779174805,6,Dibuka Saat Mahasiswa,0.6515177488327026,4,Online Offline Full,0.6404823660850525
7410445815460168454,serotoninaction,Kk2 yg cari kuliah utk S1 S2 kelas full online bisa mampir ke akun aku y😁,0,0,0,Tidak Ada Jurusan,0.7483830451965332,9,Id Ac Pmb,0.7720717191696167,6,Dibuka Saat Mahasiswa,0.7253186702728271
7571790899806700304,_sasmith,💘,0,0,3,Menyimak Nrrjml Binus,0.995229959487915,21,Nitip Nitipp Kabarin,0.6757673621177673,2,Iya Kak Dong,0.6486166715621948
7533678902256091911,maulana.fazri7,😁,0,0,3,Menyimak Nrrjml Binus,0.995229959487915,21,Nitip Nitipp Kabarin,0.6757673621177673,2,Iya Kak Dong,0.6486166715621948
7533678914582119186,maulana.fazri7,🥰,0,0,3,Menyimak Nrrjml Binus,0.995229959487915,21,Nitip Nitipp Kabarin,0.6757673621177673,2,Iya Kak Dong,0.6486166715621948
7525158981954880264,michaelll630,🥰,0,0,3,Menyimak Nrrjml Binus,0.995229959487915,21,Nitip Nitipp Kabarin,0.6757673621177673,2,Iya Kak Dong,0.6486166715621948
7495675562251174664,ravinsi20,😁,0,0,3,Menyimak Nrrjml Binus,0.995229959487915,21,Nitip Nitipp Kabarin,0.6757673621177673,2,Iya Kak Dong,0.6486166715621948
7495376642408416008,nahsjsjhshs,😢,0,0,3,Menyimak Nrrjml Binus,0.995229959487915,21,Nitip Nitipp Kabarin,0.6757673621177673,2,Iya Kak Dong,0.6486166715621948
7495188820301972231,saltedcarame098,kalau lanjut dr d3 ke s1 bisa ga kaa,0,0,0,Tidak Ada Jurusan,0.8278775215148926,1,Berapa Buka Kapan,0.7489553689956665,19,Jalur Konversi Melalui,0.741470456123352
7324181440148194054,kelvin.liu19,bahasa inggris ga ada ya,0,0,0,Tidak Ada Jurusan,0.7050382494926453,5,Ada S2 Rpl,0.7521117925643921,4,Online Offline Full,0.7026647329330444
7239907160351736582,bolo97.97weeeeeeeee,KK disini ujian nya full online juga apa gimana,0,2,4,Online Offline Full,0.8685011863708496,1,Berapa Buka Kapan,0.8110584020614624,0,Tidak Ada Jurusan,0.7889066934585571
7241421185395819270,bolo97.97weeeeeeeee,ada jurusan S2 nya jg ngak kk,0,0,5,Ada S2 Rpl,0.8080050945281982,0,Tidak Ada Jurusan,0.865193784236908,1,Berapa Buka Kapan,0.7576258778572083
7241408770038661894,univsiberasia,"betul sekali Kak, kita 100% full online",0,0,18,100 Universitas Siber,0.6987365484237671,4,Online Offline Full,0.7427647709846497,16,100 Tugas Skripsi,0.7409541010856628
7242039326635328282,lalonglabok01,Tapi kalau wisuda kak online atau?,0,0,4,Online Offline Full,0.8244097232818604,0,Tidak Ada Jurusan,0.7103307247161865,1,Berapa Buka Kapan,0.7073473930358887
7456757959407469318,karlina.vanesca,Aku semuanya ka😂,0,0,2,Iya Kak Dong,0.832800030708313,20,Betul Keren Banget,0.7231913805007935,11,Terima Kasih Salam,0.708723783493042
7237550588006482694,bintangtimur256,wisudanya gimana kak?,0,1,1,Berapa Buka Kapan,0.8427391052246094,15,Dimana Daerah Pjj,0.8380081653594971,13,Info Bagaimana Cara,0.8157920837402344
7260324358828376837,univsiberasia,"Halo Kak, nanti akan diberi pilihan ingin online ataupun offline ya Kak ☺️",0,0,4,Online Offline Full,0.7342417240142822,8,Dm Admin Halo,0.77913498878479,1,Berapa Buka Kapan,0.7329474687576294
7238798372626662149,michaelyxxx,kak ada PJJ kelas malam nya gak? mohon jawab,0,4,1,Berapa Buka Kapan,0.8045095205307007,0,Tidak Ada Jurusan,0.7579965591430664,4,Online Offline Full,0.740464985370636
7238849464542151430,michaelyxxx,"Oalah gitu, tpi boleh gak kak kalo mau ikut metode 22nya kya sinkron/asinkron? soalnya aku kdang lembur kerja kdang jga pulang cpet",0,0,9,Id Ac Pmb,0.6535879373550415,12,Umur Yang Semangat,0.7888855934143066,4,Online Offline Full,0.7533865571022034
7238819730609783558,univsiberasia,bisa di akses kapan saja yaitu 24 jam/hari☺.,0,0,1,Berapa Buka Kapan,0.43219810724258423,4,Online Offline Full,0.47821277379989624,9,Id Ac Pmb,0.45886147022247314
7238819593786049286,univsiberasia,Asinkron mode perkuliahan dengan menonton video dan download materi di dalam sistem kami yang disebut LMS (Learning Management System) dan bisa di aks,0,0,9,Id Ac Pmb,0.54067063331604,17,Informasi Informatika Akuntansi,0.5531298518180847,4,Online Offline Full,0.5096116065979004
7238819367462454021,univsiberasia,"Halo Kak, Salah 1 metode pembelajaran di UNSIA yaitu asinkron",0,0,16,100 Tugas Skripsi,0.7776932716369629,17,Informasi Informatika Akuntansi,0.7193461656570435,9,Id Ac Pmb,0.7177402973175049
7242266914440184582,retno194,Unsia is my campus now🥰,0,1,18,100 Universitas Siber,0.6898288726806641,24,Ilkom Ieu Balang,0.6234884262084961,26,Bismillah Depan Bismillahirrahmanirrahim,0.59431391954422
7242523376408052486,univsiberasia,wiii keren 🤩 semangat terus Kak Retno,1,0,10,Selalu Amin Semoga,0.7946236729621887,25,Semangat Wah Tetap,0.7966756820678711,11,Terima Kasih Salam,0.7455307245254517
7257462875429896966,teriii_624,kak maaf mau tanya kalau kuliah di unsia bisa sambil kerja gak kak?,0,1,0,Tidak Ada Jurusan,0.862484335899353,1,Berapa Buka Kapan,0.8275930285453796,16,100 Tugas Skripsi,0.7745224237442017
7260324622875837189,univsiberasia,"Halo Kak, bisa banget lho, UNSIA menerapkan kuliah 100% full online learning, jadi bisa kuliah dimana saja dan kapan saja 🥳",0,0,9,Id Ac Pmb,0.8484316468238831,16,100 Tugas Skripsi,0.8115710020065308,6,Dibuka Saat Mahasiswa,0.7530725002288818
7238616453611537157,zamiatidadang,salken dr Nganjuk jatim,0,1,0,Tidak Ada Jurusan,0.44645798206329346,18,100 Universitas Siber,0.6028941869735718,24,Ilkom Ieu Balang,0.5902422070503235
7238819951266579205,univsiberasia,"Terima kasih Kak, semangat terus 🙌🙌",0,0,10,Selalu Amin Semoga,0.8397466540336609,25,Semangat Wah Tetap,0.86313796043396,11,Terima Kasih Salam,0.8596506118774414
7381809292788040454,zeanlindah,hallo klo yg sda umur 31 apakah masi bisa??,0,0,0,Tidak Ada Jurusan,0.7057227492332458,1,Berapa Buka Kapan,0.7592528462409973,19,Jalur Konversi Melalui,0.686165988445282
7404040442482017030,akusaja12,"umur sudah 40 an😢
dulu pengen kuliah..kendala biaya😭sekarang malah..pengen bgt kuliah 🤣🤣",0,0,0,Tidak Ada Jurusan,0.6390988826751709,12,Umur Yang Semangat,0.7456876039505005,7,Daftar Aku Sudah,0.593294620513916
7538320278243279637,yozhann,"kak kalo kerja di jepang, sambil kuliah online bisa ga kak?",0,1,0,Tidak Ada Jurusan,0.8367911577224731,1,Berapa Buka Kapan,0.805418848991394,4,Online Offline Full,0.7592557072639465
7539716963846210311,nengnengsih9,Bisa ka aku juga masuk kuliah di sini aku di taiwan kan online,0,0,0,Tidak Ada Jurusan,0.8330038785934448,4,Online Offline Full,0.8015297055244446,1,Berapa Buka Kapan,0.7770087718963623
7515424499521585927,syawaluddin._014,🔥,0,0,3,Menyimak Nrrjml Binus,0.995229959487915,21,Nitip Nitipp Kabarin,0.6757673621177673,2,Iya Kak Dong,0.6486166715621948
7511012504911414037,twins_azka_azfa,😍,0,0,3,Menyimak Nrrjml Binus,0.995229959487915,21,Nitip Nitipp Kabarin,0.6757673621177673,2,Iya Kak Dong,0.6486166715621948
7493932811671061255,yeyong_nana,🙏,0,0,3,Menyimak Nrrjml Binus,0.995229959487915,21,Nitip Nitipp Kabarin,0.6757673621177673,2,Iya Kak Dong,0.6486166715621948
7238636389951931142,jes_minoz,ada beasiswa nya gk?,0,1,1,Berapa Buka Kapan,0.8225395679473877,5,Ada S2 Rpl,0.8851516246795654,0,Tidak Ada Jurusan,0.8233376741409302
7238816763009565446,univsiberasia,"Halo Kak, ada donh, cek instagram kita ya @univsiberasia dan @ppmb.unsia",0,0,9,Id Ac Pmb,0.7794247269630432,6,Dibuka Saat Mahasiswa,0.7623275518417358,27,Pt Terakreditasi Ban,0.7482089400291443
7233309424714466075,ayundruru23,daftar online bisa kak?,0,1,4,Online Offline Full,0.7560343146324158,13,Info Bagaimana Cara,0.8086420297622681,1,Berapa Buka Kapan,0.7518379092216492
7234066599119241989,univsiberasia,"bisa dong Kak, langsung kunjungi website kita di pmb.unsia.ac.id",0,0,9,Id Ac Pmb,0.8638070225715637,16,100 Tugas Skripsi,0.7659817934036255,6,Dibuka Saat Mahasiswa,0.7519885897636414
7236289558751707909,hmmmmzzxxxx,kenyataannya tidak seperti itu😭,0,1,-1,Mantab Uk Belakang,0.0,20,Betul Keren Banget,0.6068190336227417,2,Iya Kak Dong,0.601493239402771
7237415289485820678,univsiberasia,kenyataannya seperti apa kak kalau boleh tau? 🧐,1,0,2,Iya Kak Dong,0.681219756603241,15,Dimana Daerah Pjj,0.778916597366333,1,Berapa Buka Kapan,0.7472633123397827
7281200550845580038,sabariah.sabri,waktu untuk kelas karyawan hari apa dan jam brp kak?,0,0,1,Berapa Buka Kapan,0.7315750122070312,15,Dimana Daerah Pjj,0.6670433282852173,0,Tidak Ada Jurusan,0.6661399006843567
7525419908089053959,abdilatataalapamasei,halo min sy ada pertanyaan sy kerja di pertambangan jam kerja sy jam 7 pagi sampai jam 7 malam is okey gak? 😭🙏🏻,0,0,1,Berapa Buka Kapan,0.6328754425048828,0,Tidak Ada Jurusan,0.6406771540641785,12,Umur Yang Semangat,0.6041569113731384
7502019725888930578,rara_tiara1,kenyataanya sangat sulit banget apa lagi nyari kelompok tugas mana tugas ada waktu nya lagi,1,0,12,Umur Yang Semangat,0.7485122680664062,4,Online Offline Full,0.6427567601203918,16,100 Tugas Skripsi,0.6248524188995361
7593458656193315604,ptraalsmanaaa_,😭,0,0,3,Menyimak Nrrjml Binus,0.995229959487915,21,Nitip Nitipp Kabarin,0.6757673621177673,2,Iya Kak Dong,0.6486166715621948
7469263856209969937,gema628,🥰,0,0,3,Menyimak Nrrjml Binus,0.995229959487915,21,Nitip Nitipp Kabarin,0.6757673621177673,2,Iya Kak Dong,0.6486166715621948
7231177462289007387,nurhasanah3207,aku sambil dengerin dangdut koplo min 😅,0,1,2,Iya Kak Dong,0.5694024562835693,24,Ilkom Ieu Balang,0.5365045070648193,5,Ada S2 Rpl,0.5231882333755493
7231456449926005531,univsiberasia,Mimin juga suka dengerin koplo 😂,0,0,2,Iya Kak Dong,0.5567237734794617,20,Betul Keren Banget,0.5581943988800049,5,Ada S2 Rpl,0.5447903275489807
7231194298145620762,meedas.english,"Kerjain tugas sambil dengerin musik, musiknya selesai, tugasnya gak selesai-selesaib😭😭",0,1,12,Umur Yang Semangat,0.6515057682991028,4,Online Offline Full,0.5507940053939819,7,Daftar Aku Sudah,0.5115882754325867
7231456327950795547,univsiberasia,jangan-jangan tugasnya sampe sekarang belum kelar ya Kak 😅,0,0,2,Iya Kak Dong,0.6521453857421875,7,Daftar Aku Sudah,0.7313290238380432,12,Umur Yang Semangat,0.723820686340332
7231178662476186394,bagusikyy_1,inpo pendaratan,0,2,3,Menyimak Nrrjml Binus,0.7951550483703613,21,Nitip Nitipp Kabarin,0.6343141794204712,18,100 Universitas Siber,0.6195157766342163
7231501497179177754,bagusikyy_1,kampus situ,0,0,3,Menyimak Nrrjml Binus,0.7594610452651978,18,100 Universitas Siber,0.688758373260498,2,Iya Kak Dong,0.6319988965988159
7231456559681831707,univsiberasia,pendaratan kemana nih Kak 😁,0,0,15,Dimana Daerah Pjj,0.8399975895881653,2,Iya Kak Dong,0.7933599948883057,7,Daftar Aku Sudah,0.7777588367462158
7244838131668468486,ramadnyy5,UT yang sejak 1984 nyimak🙏🏻,2,5,3,Menyimak Nrrjml Binus,0.4343801438808441,18,100 Universitas Siber,0.5563642978668213,26,Bismillah Depan Bismillahirrahmanirrahim,0.4993973970413208
7244930279730217734,ramadnyy5,tapi dapat dipastikan kalau online yaa sudah mendahului univ ini toh sesuai dengan usianya,0,0,12,Umur Yang Semangat,0.6926635503768921,4,Online Offline Full,0.675977349281311,5,Ada S2 Rpl,0.6291748285293579
7244930102063399685,ramadnyy5,"bukan online sii lebih tepatnya, tapi adanya keterpisahan dalam sistem pembelajarannya antara dosen dan mahasiswa",0,0,9,Id Ac Pmb,0.5763757824897766,12,Umur Yang Semangat,0.6644724011421204,4,Online Offline Full,0.6543971300125122
7244929867477156613,ramadnyy5,"dan sama pas reformasi ke jejaring internet, udah dimulai semenjak pertama adanya internet",0,0,4,Online Offline Full,0.4562073349952698,17,Informasi Informatika Akuntansi,0.5166482925415039,12,Umur Yang Semangat,0.5053421258926392
7244929736529543942,ramadnyy5,"kalaupun memang belum ada, tapi setidaknya sistem pembelajaran dengan sistem keterpisahan mahasiswa dan dosen, UT paling pertama",0,0,9,Id Ac Pmb,0.5419275760650635,17,Informasi Informatika Akuntansi,0.6077451109886169,4,Online Offline Full,0.5971800684928894
7244911366534955782,hiddd20__,"ada ko, Org Ortu gua aja lulusan UT 90an .",0,0,10,Selalu Amin Semoga,0.49854108691215515,12,Umur Yang Semangat,0.6687067747116089,0,Tidak Ada Jurusan,0.6139930486679077
7238798007163650822,michaelyxxx,kak ada PJJ buat kelas malam gak?? mohon dijawab,0,1,1,Berapa Buka Kapan,0.8095190525054932,0,Tidak Ada Jurusan,0.7682427763938904,4,Online Offline Full,0.7325359582901001
7260324961363952390,univsiberasia,"Halo Kak, bisa diakses 24 jam selama 7 hari lho 😊",0,0,1,Berapa Buka Kapan,0.596371054649353,8,Dm Admin Halo,0.6360709071159363,9,Id Ac Pmb,0.6201497316360474
7236944351716459269,wil.r123,ut jg ada full onlin,2,2,4,Online Offline Full,0.7741029262542725,5,Ada S2 Rpl,0.7696970701217651,18,100 Universitas Siber,0.7332859635353088
7236999638347547398,wil.r123,brp itu biayanya,0,0,22,Biayanya Berapa Biaya,0.9006277322769165,15,Dimana Daerah Pjj,0.6850703954696655,13,Info Bagaimana Cara,0.6796095371246338
7236958830134756102,_brownsugarbboba0,"tp ut ujiannya offline kak, klo unsia bener"" online",1,0,4,Online Offline Full,0.8383740186691284,16,100 Tugas Skripsi,0.8077840805053711,1,Berapa Buka Kapan,0.7782052755355835
7239335701135885062,black_cobra7.i,apakah bisa buat mahasiswa yg udah kuliah di kampus lain tanpa ngelepas kampus itu?,1,1,0,Tidak Ada Jurusan,0.7260347008705139,5,Ada S2 Rpl,0.6737351417541504,1,Berapa Buka Kapan,0.6602766513824463
7241409077908488965,univsiberasia,"Bisa Kak, kecuali untuk jalur konversi ya",1,0,19,Jalur Konversi Melalui,0.8645594120025635,1,Berapa Buka Kapan,0.7717441320419312,4,Online Offline Full,0.7680950164794922
7238596862578574085,alvarodmp,akreditasinya ???,1,2,3,Menyimak Nrrjml Binus,0.7595866918563843,18,100 Universitas Siber,0.6588340997695923,2,Iya Kak Dong,0.6455302834510803
7238818073779077894,univsiberasia,"Halo kak, Saat ini UNSIA adalah kampus pertama dengan prodi yang telah TERAKREDITASI BAN PT🙏🏻",1,0,27,Pt Terakreditasi Ban,0.8530107736587524,6,Dibuka Saat Mahasiswa,0.7593644857406616,9,Id Ac Pmb,0.7418110966682434
7244934240336003846,kokoppi07,ha? gmana gmana? hampir semua kampus terakreditasi ban pt 😂😂,0,0,0,Tidak Ada Jurusan,0.6405595541000366,5,Ada S2 Rpl,0.6609514355659485,27,Pt Terakreditasi Ban,0.6343826055526733
7237995940191306501,nels.valt,apakah bisa untuk yang sedang kerja / magang diluar negeri.?,4,1,0,Tidak Ada Jurusan,0.7237756848335266,1,Berapa Buka Kapan,0.6853188872337341,5,Ada S2 Rpl,0.6681312918663025
7238818759662863109,univsiberasia,"Kakak tidak perlu khawatir karena UNSIA menerapkan sistem perkuliahan secara online
maka kakak bisa berkuliah dimana saja dan kapan saja",0,0,9,Id Ac Pmb,0.7840784788131714,6,Dibuka Saat Mahasiswa,0.621943473815918,16,100 Tugas Skripsi,0.6146509647369385
7236666253619282694,santria_id,kak gelombang 2 kapan dibuka lagi? soalnya aku telat daftar pas gelombang 1,0,1,1,Berapa Buka Kapan,0.8032774925231934,6,Dibuka Saat Mahasiswa,0.8134517669677734,7,Daftar Aku Sudah,0.7707956433296204
7237415015459865349,univsiberasia,"UNSIA saat ini sedang membuka pendaftaran gelombang II lho Kak, langsung daftar melalui website kita ya di pmb.unsia.ac.id",0,0,9,Id Ac Pmb,0.8881239295005798,6,Dibuka Saat Mahasiswa,0.8237624168395996,27,Pt Terakreditasi Ban,0.7439069151878357
7236919393774519046,motoran23,spil biaya persemester min,0,3,14,Dicicil 3Jt Biaya,0.6720127463340759,22,Biayanya Berapa Biaya,0.6583712100982666,5,Ada S2 Rpl,0.5781519412994385
7236994056671576838,trendyloftt,3jt,2,0,28,Juta 3Jt Serius,0.9137967824935913,3,Menyimak Nrrjml Binus,0.7337863445281982,22,Biayanya Berapa Biaya,0.6492098569869995
7237419279086519046,motoran23,makasih min,0,0,11,Terima Kasih Salam,0.8342121243476868,10,Selalu Amin Semoga,0.6622765064239502,20,Betul Keren Banget,0.662255048751831
7237415730412831494,univsiberasia,Sesuai dengan SK Rektor No. 3 Tahun 2020 Biaya kuliah di UNSIA adalah sebesar 3 juta rupiah / semester. Biaya tersebut dapat dicicil dalam 2 kali pemb,1,0,14,Dicicil 3Jt Biaya,0.6528084874153137,9,Id Ac Pmb,0.5623166561126709,27,Pt Terakreditasi Ban,0.5226988792419434
7241934355177456390,retno194,It's my Campus Now 🥰,0,0,18,100 Universitas Siber,0.6772586107254028,24,Ilkom Ieu Balang,0.6563119888305664,2,Iya Kak Dong,0.6540947556495667
7244880298533602054,buhajipalingkaya,adiknya unas,1,0,2,Iya Kak Dong,0.6854751706123352,3,Menyimak Nrrjml Binus,0.779146671295166,18,100 Universitas Siber,0.6572340130805969
7236995710213243654,toc.project,bisa onsite dan online gtu ya,0,0,4,Online Offline Full,0.7825961112976074,1,Berapa Buka Kapan,0.6958970427513123,7,Daftar Aku Sudah,0.6669937968254089
7244938789884658438,kyyyyyyyyyyy020,Ut nyimak wkwk,1,0,3,Menyimak Nrrjml Binus,0.5775315761566162,2,Iya Kak Dong,0.7838943004608154,24,Ilkom Ieu Balang,0.7042962908744812
7244887545087378181,cxnxjx3,UT nyimak,2,0,3,Menyimak Nrrjml Binus,0.8136646747589111,21,Nitip Nitipp Kabarin,0.6357400417327881,2,Iya Kak Dong,0.6347525715827942
7244884796760556294,harapansitompul_,UT nyimakkk,2,0,3,Menyimak Nrrjml Binus,0.47935038805007935,11,Terima Kasih Salam,0.7495036125183105,2,Iya Kak Dong,0.7172305583953857
7244941689433146118,tapaiypo,UT gak sih?,1,0,2,Iya Kak Dong,0.8018777370452881,20,Betul Keren Banget,0.7218422889709473,5,Ada S2 Rpl,0.6727033853530884
7244943127198417669,ruanginggris.id,ada S2 sastra Inggris nya?,1,0,0,Tidak Ada Jurusan,0.8077784776687622,5,Ada S2 Rpl,0.8035451173782349,17,Informasi Informatika Akuntansi,0.6945974826812744
7244883169814774534,dhim.last,lah kampus gw ciber 😅,1,0,5,Ada S2 Rpl,0.7135984301567078,15,Dimana Daerah Pjj,0.7180505990982056,18,100 Universitas Siber,0.7014998197555542
7237863147406623494,investor...remaja,studi nya ada apa aja,1,0,0,Tidak Ada Jurusan,0.7228822708129883,5,Ada S2 Rpl,0.7753968238830566,15,Dimana Daerah Pjj,0.7521675825119019
7244537533396321029,iibenuuu,UT nyimak,0,0,3,Menyimak Nrrjml Binus,0.8136646747589111,21,Nitip Nitipp Kabarin,0.6357400417327881,2,Iya Kak Dong,0.6347525715827942
7239907364258235142,bolo97.97weeeeeeeee,"KK khusus ujian nya online juga apa gimana ,",0,0,4,Online Offline Full,0.8839201927185059,1,Berapa Buka Kapan,0.8545043468475342,0,Tidak Ada Jurusan,0.8167656660079956
7244937938044879622,rifky.alif,UT lbh duluan,1,0,2,Iya Kak Dong,0.7443330883979797,3,Menyimak Nrrjml Binus,0.6713483929634094,24,Ilkom Ieu Balang,0.6600980758666992
7238031490226422533,bangjeck.197,ada prodi psikologi gak kak?,0,0,0,Tidak Ada Jurusan,0.8677566051483154,5,Ada S2 Rpl,0.8524402379989624,1,Berapa Buka Kapan,0.8222135305404663
7244345332669563653,cinderlx__,UT nyimak aje,1,0,3,Menyimak Nrrjml Binus,0.6413918137550354,2,Iya Kak Dong,0.6618759632110596,21,Nitip Nitipp Kabarin,0.6202182769775391
7244754618000966405,hermanfebrian26,UT GIMANA UT,1,0,1,Berapa Buka Kapan,0.6080602407455444,15,Dimana Daerah Pjj,0.6995149850845337,22,Biayanya Berapa Biaya,0.695685625076294
7244934465373274885,ad_1.2.3,"pertama? gk salah tu
dari semester 1 Sampai sekarang semester 4 masih online nih
dari tahun 2021 kayaknya sih 2020 udh online",2,0,0,Tidak Ada Jurusan,0.6795885562896729,12,Umur Yang Semangat,0.7785791158676147,4,Online Offline Full,0.7100945711135864
7244883965717644037,ar___is,"Aku yg otaknya lemot, menolah kuliah online. Gak masuk woy pelajarannya 🤭",1,0,12,Umur Yang Semangat,0.8181518316268921,4,Online Offline Full,0.709078848361969,0,Tidak Ada Jurusan,0.6968706846237183
7239407168171475717,rossoneriid,Terus gedungnya buat apa ?,0,0,15,Dimana Daerah Pjj,0.7454184889793396,22,Biayanya Berapa Biaya,0.6743308901786804,5,Ada S2 Rpl,0.6650153398513794
7238315839417418501,_mhddl,UNSIA??,0,0,18,100 Universitas Siber,0.7271252274513245,3,Menyimak Nrrjml Binus,0.7866898775100708,21,Nitip Nitipp Kabarin,0.6342931985855103
7239940758140076806,maryanaputri_,ada S2 nya ya?,2,0,5,Ada S2 Rpl,0.8605356216430664,0,Tidak Ada Jurusan,0.8233928680419922,1,Berapa Buka Kapan,0.7742795348167419
7238165565347873541,rizwan120201,ini kuliahnya di Universitas unas ya kak,0,0,5,Ada S2 Rpl,0.7455541491508484,0,Tidak Ada Jurusan,0.8224264979362488,6,Dibuka Saat Mahasiswa,0.7983309030532837
7243991244262605574,pudilabi,biaya nya,1,0,22,Biayanya Berapa Biaya,0.8531458973884583,28,Juta 3Jt Serius,0.697199821472168,13,Info Bagaimana Cara,0.6643819808959961
7242618475532878598,user8747482755975,kalo skripsi+bimbingan online juga?,2,0,4,Online Offline Full,0.7757976651191711,5,Ada S2 Rpl,0.7567865252494812,18,100 Universitas Siber,0.7336491346359253
7238374757664686853,lpknikainternasional1,UT udah dari jaman penjajahan online nya 🥺,3,0,4,Online Offline Full,0.5934265851974487,12,Umur Yang Semangat,0.5873289108276367,18,100 Universitas Siber,0.5865356922149658
7244837453890454277,andr3aan,"UT kampus online pertama di indonesia, berdiri sejak tahun 1984, bahkan hp pun blm ada waktu itu",1,0,4,Online Offline Full,0.5482025742530823,12,Umur Yang Semangat,0.583686351776123,18,100 Universitas Siber,0.5740948915481567
7236706853018993414,acaaaally,@ravfx itu kmpusnya,1,0,-1,Mantab Uk Belakang,0.0,2,Iya Kak Dong,0.6936253905296326,15,Dimana Daerah Pjj,0.6755443811416626
7244424789753742086,putriluthfia3,@Lita Anis: buka S2 GK?,0,0,5,Ada S2 Rpl,0.781874418258667,0,Tidak Ada Jurusan,0.7427706718444824,4,Online Offline Full,0.6945110559463501
7242839101194945285,litaanis24,buka S2 GK?,0,0,5,Ada S2 Rpl,0.8110202550888062,18,100 Universitas Siber,0.7101603746414185,2,Iya Kak Dong,0.7065401673316956
7244931612181005062,reza.nvian,Pertama di Indonesia ? Nggak salah tu kata-kata nya,1,0,4,Online Offline Full,0.5378377437591553,12,Umur Yang Semangat,0.5965980291366577,20,Betul Keren Banget,0.5791885852813721
7467113398124249857,yourname09906,berapa biaya per semester nya kak??,1,1,1,Berapa Buka Kapan,0.8047394752502441,22,Biayanya Berapa Biaya,0.8249702453613281,14,Dicicil 3Jt Biaya,0.7947206497192383
7533593519073297159,bebeelacc2,3 jt kak,0,0,28,Juta 3Jt Serius,0.9539287090301514,2,Iya Kak Dong,0.724894642829895,14,Dicicil 3Jt Biaya,0.6979294419288635
7267194677328626438,irfancaldaro,Apakah tersedia kelas full online ? Tanpa mahasiswa hadir ke kampus sama sekali ? termasuk ujian dan skripsi juga bimbingan ?,4,5,4,Online Offline Full,0.6875587701797485,0,Tidak Ada Jurusan,0.6672598719596863,16,100 Tugas Skripsi,0.644467294216156
7271234935217472261,bebeelacc2,Iya bang full sistem online,0,0,4,Online Offline Full,0.7935617566108704,2,Iya Kak Dong,0.7213605642318726,7,Daftar Aku Sudah,0.701752781867981
7374866599503643398,n0t.foound,ada uang pangkalnya ga si ka,0,0,1,Berapa Buka Kapan,0.7985115051269531,15,Dimana Daerah Pjj,0.7805532813072205,5,Ada S2 Rpl,0.7480167150497437
7374874603548050181,bebeelacc2,"Gak ada kk, terkecuali konversi transfer sks",0,0,5,Ada S2 Rpl,0.6008901596069336,18,100 Universitas Siber,0.5786541700363159,4,Online Offline Full,0.5522670745849609
7533429409698300688,seamixubiungu,konversi sks berapa bayarnya ka?,0,0,1,Berapa Buka Kapan,0.8075072765350342,22,Biayanya Berapa Biaya,0.7959439754486084,14,Dicicil 3Jt Biaya,0.7772241830825806
7533593423489794823,bebeelacc2,2 jt kak,0,0,28,Juta 3Jt Serius,0.9383761882781982,2,Iya Kak Dong,0.7106866836547852,14,Dicicil 3Jt Biaya,0.6848795413970947
7232692939426906907,nahozie100,Almamater kapan bisa dibeli min?,0,6,1,Berapa Buka Kapan,0.7526445388793945,15,Dimana Daerah Pjj,0.7450791597366333,5,Ada S2 Rpl,0.6948074102401733
7234067274961093382,univsiberasia,"Halo Kak ozie, biaya almamater sebesar 200k ya Kak dan bisa di proses ketika sudah menjadi mahasiswa 😊",4,0,14,Dicicil 3Jt Biaya,0.7915017008781433,6,Dibuka Saat Mahasiswa,0.7843199968338013,9,Id Ac Pmb,0.784080445766449
7234082658031911685,nahozie100,"Sudah min. Saya di semester 2 skrg, dan mau pesan namun di tokped belum tersedia",0,0,3,Menyimak Nrrjml Binus,0.18688064813613892,1,Berapa Buka Kapan,0.6784325838088989,16,100 Tugas Skripsi,0.6637172102928162
7237415412110820101,univsiberasia,mohon ditunggu ya Kak 😊,1,0,11,Terima Kasih Salam,0.8232367038726807,8,Dm Admin Halo,0.7995019555091858,13,Info Bagaimana Cara,0.6868606805801392
7233379617565639451,mharyo_s88,goib,0,0,3,Menyimak Nrrjml Binus,0.8241921067237854,21,Nitip Nitipp Kabarin,0.6497626900672913,2,Iya Kak Dong,0.6011589765548706
7233438289901028123,nahozie100,Wkwk smt brp skrg bg,0,0,1,Berapa Buka Kapan,0.6899731755256653,7,Daftar Aku Sudah,0.7370350360870361,15,Dimana Daerah Pjj,0.7126373648643494
7233830055792689946,mharyo_s88,5 bang😂,0,0,3,Menyimak Nrrjml Binus,0.787699282169342,28,Juta 3Jt Serius,0.7432337403297424,2,Iya Kak Dong,0.6338528394699097
7345101721591677702,ku.ayumi_fdja,apakah trima mahasiswa pindahan ?,1,1,1,Berapa Buka Kapan,0.6479818820953369,5,Ada S2 Rpl,0.7314954996109009,18,100 Universitas Siber,0.6860160827636719
7533593573628756754,bebeelacc2,Terima kak,0,0,11,Terima Kasih Salam,0.8335444927215576,2,Iya Kak Dong,0.7312575578689575,25,Semangat Wah Tetap,0.6992530822753906
7410466819339158278,by_sennja,"pengenn kuliah dari dulu,tapi umur udah 30 thn😭😁",2,4,0,Tidak Ada Jurusan,0.6722918152809143,12,Umur Yang Semangat,0.7238425612449646,7,Daftar Aku Sudah,0.6119593381881714
7459442585016304402,colonel_cortez,why not?,1,0,-1,Mantab Uk Belakang,0.0,3,Menyimak Nrrjml Binus,0.6812117099761963,2,Iya Kak Dong,0.6043851375579834
7411162773449097989,by_sennja,spill biayanya kak berapa ?,0,0,1,Berapa Buka Kapan,0.7953121662139893,22,Biayanya Berapa Biaya,0.7967811822891235,15,Dimana Daerah Pjj,0.7600134611129761
7411162351526888198,by_sennja,"sudah 15 THN yg lalu aku lulus SMA 😭😂kaya nya kalau pengen kuliah,,jdi agak susah buat beradaptasi 😁",0,0,0,Tidak Ada Jurusan,0.6718131303787231,12,Umur Yang Semangat,0.7859140634536743,4,Online Offline Full,0.620449423789978
7411103410671878917,by_sennja,"gimana cara daftar nya ya,, pengen ngambil jurusan bahasa,, itu ngambilnya jurusan apa, komunikasi",0,0,0,Tidak Ada Jurusan,0.8078570365905762,1,Berapa Buka Kapan,0.7512277364730835,5,Ada S2 Rpl,0.6903257369995117
7247739007324734214,odyaserachel0.0,apakah sudah terdaftar di dikti,0,1,5,Ada S2 Rpl,0.6715201139450073,0,Tidak Ada Jurusan,0.644618570804596,1,Berapa Buka Kapan,0.6437482833862305
7249603970586592006,remind_daily,"sudah kak, 5 Prodi di UNSIA semua sudah terakreditasi Baik Sekali... Hayuu Kak Segera Mendaftar Kuliah di UNSIA",2,0,27,Pt Terakreditasi Ban,0.8740808963775635,9,Id Ac Pmb,0.8254160284996033,6,Dibuka Saat Mahasiswa,0.7911538481712341
7547742928492528392,fddrfvvgb,bisa ke Taiwan ngga kak,0,1,1,Berapa Buka Kapan,0.8122494220733643,0,Tidak Ada Jurusan,0.7872626781463623,15,Dimana Daerah Pjj,0.7657707333564758
7548740980065796871,univsiberasia,"Halo Kak, banyak mahasiswa UNSIA yang berdomisili di Taiwan lho☺",0,0,6,Dibuka Saat Mahasiswa,0.7828166484832764,9,Id Ac Pmb,0.7408096790313721,16,100 Tugas Skripsi,0.7386689782142639
7596385158971376392,shellaasyah_,"kak mau tanya, bisa full online gak ya sampai akhir? soalnya lagi diluar negeri gitu🙏mohon infonya kak",0,0,0,Tidak Ada Jurusan,0.767431914806366,1,Berapa Buka Kapan,0.8261899948120117,4,Online Offline Full,0.7563427686691284
7543905203478971137,splanas0,ada teknik nya,0,0,2,Iya Kak Dong,0.7311228513717651,5,Ada S2 Rpl,0.707399308681488,13,Info Bagaimana Cara,0.6896383762359619
7414943236147790597,kiki96920,tesis nya gimna?,0,0,1,Berapa Buka Kapan,0.7251797914505005,22,Biayanya Berapa Biaya,0.8137160539627075,5,Ada S2 Rpl,0.7868454456329346
7466224087867392774,dewi_liuu,bisa konversi ga ka jdi tnpa mengulang?,0,0,4,Online Offline Full,0.6733789443969727,5,Ada S2 Rpl,0.6446317434310913,1,Berapa Buka Kapan,0.608749508857727
7487302761152611080,caramboltremolo,KK saya kerja di kapal jarang ada waktu luang tapi saya pengen bgt kuliah 😭🙏,0,0,0,Tidak Ada Jurusan,0.6972017288208008,12,Umur Yang Semangat,0.729565441608429,4,Online Offline Full,0.6292309761047363
7469364341277131541,rosalindayamormexico,kak sush ga si sidang itu aku smbl kerja kpkiran bngt sumpah apakah d persulit,0,0,0,Tidak Ada Jurusan,0.6823303699493408,12,Umur Yang Semangat,0.7317900061607361,4,Online Offline Full,0.6826417446136475
7459334635421614856,syahian,ada jurusan psikologi gak ka?,0,0,0,Tidak Ada Jurusan,0.874987006187439,5,Ada S2 Rpl,0.8357679843902588,1,Berapa Buka Kapan,0.8082232475280762
7458897655557604101,merlynpattiruhu,S2 ada full online gk,0,0,0,Tidak Ada Jurusan,0.8141676783561707,5,Ada S2 Rpl,0.8595890998840332,4,Online Offline Full,0.8018972873687744
7434762622195221304,dilyudh_,bismillahirrahmanirrahim tahun depan 🥰,0,0,26,Bismillah Depan Bismillahirrahmanirrahim,0.7327084541320801,10,Selalu Amin Semoga,0.531944751739502,25,Semangat Wah Tetap,0.44543251395225525
7398877417711190790,ownernya_cerry63,kak kalo kuliahnya online dafyarnya dimana,0,0,4,Online Offline Full,0.820531964302063,1,Berapa Buka Kapan,0.8508350849151611,0,Tidak Ada Jurusan,0.8149901628494263
7456255260941009670,rvnnelf,"ini daftarnya lewat jalur snbp, snbt, atau mandirii?",1,0,19,Jalur Konversi Melalui,0.7483450174331665,1,Berapa Buka Kapan,0.647347092628479,4,Online Offline Full,0.6417921781539917
7434010883230565127,alexander.firnand1,kak kalau kelas online wisudanya online apa offline nih???,1,0,4,Online Offline Full,0.8454509973526001,1,Berapa Buka Kapan,0.8335963487625122,0,Tidak Ada Jurusan,0.7975466251373291
7576140469094564616,_nanasdingin,ada jurusan hubungan masyarakat ga?,0,0,5,Ada S2 Rpl,0.7234628200531006,18,100 Universitas Siber,0.633853554725647,0,Tidak Ada Jurusan,0.6104174256324768
7414943178770580229,kiki96920,jurusan s2 apa aja?,0,0,0,Tidak Ada Jurusan,0.7734884023666382,5,Ada S2 Rpl,0.7447246313095093,17,Informasi Informatika Akuntansi,0.6675617098808289
7416019495074366213,seyyheyyy29,cara daftarnya gmna ka?,0,0,1,Berapa Buka Kapan,0.8455342054367065,13,Info Bagaimana Cara,0.8816961646080017,15,Dimana Daerah Pjj,0.7374296188354492
7583174886027526920,cliptocash.id,🥰,0,0,3,Menyimak Nrrjml Binus,0.995229959487915,21,Nitip Nitipp Kabarin,0.6757673621177673,2,Iya Kak Dong,0.6486166715621948
7577429866527376148,afindaca6,🥰,0,0,3,Menyimak Nrrjml Binus,0.995229959487915,21,Nitip Nitipp Kabarin,0.6757673621177673,2,Iya Kak Dong,0.6486166715621948
7568039594836656917,caniiaaa3,🥰,0,0,3,Menyimak Nrrjml Binus,0.995229959487915,21,Nitip Nitipp Kabarin,0.6757673621177673,2,Iya Kak Dong,0.6486166715621948
7527117715812434706,cocoa.soiree,😍😍😍,0,0,3,Menyimak Nrrjml Binus,0.995229959487915,21,Nitip Nitipp Kabarin,0.6757673621177673,2,Iya Kak Dong,0.6486166715621948
7496846814769201928,masall_761,😁,0,0,3,Menyimak Nrrjml Binus,0.995229959487915,21,Nitip Nitipp Kabarin,0.6757673621177673,2,Iya Kak Dong,0.6486166715621948
7480907770348372791,flowercrown_3,🥰,0,0,3,Menyimak Nrrjml Binus,0.995229959487915,21,Nitip Nitipp Kabarin,0.6757673621177673,2,Iya Kak Dong,0.6486166715621948
7227251825466966811,nazilagroup1234,pendaftaran masih dibuka?,0,1,1,Berapa Buka Kapan,0.5575205087661743,18,100 Universitas Siber,0.6345101594924927,6,Dibuka Saat Mahasiswa,0.6225249767303467
7231002244089398042,univsiberasia,"Halo Kak, cek terus di Instagram kita ya @univsiberasia dan @ppmb.unsia dan jangan lupa follow juga 😊",0,0,9,Id Ac Pmb,0.7275072336196899,27,Pt Terakreditasi Ban,0.689764142036438,6,Dibuka Saat Mahasiswa,0.6820024847984314
7230071989913502491,mharyo_s88,"wahh almamater, salah satu benda tergoib 😳. btw min saya dah semester 5 mana almamater nya min? saya mau beli gak ada terus, sampe dah nyampe warek",0,1,1,Berapa Buka Kapan,0.6531085968017578,12,Umur Yang Semangat,0.7623745799064636,0,Tidak Ada Jurusan,0.6756685972213745
7260325424348234502,univsiberasia,"Halo Kak, silahkan cek instagram kita di ppmb.unsia mengenai almamater, bisa menghubungi biro administrasi umum 😊",1,0,9,Id Ac Pmb,0.8202443718910217,6,Dibuka Saat Mahasiswa,0.7565749287605286,8,Dm Admin Halo,0.7070720195770264
7230052053404582682,rosalindayamormexico,Wktu ujian ga bljr wkwkw,0,1,4,Online Offline Full,0.683746337890625,12,Umur Yang Semangat,0.7236738204956055,5,Ada S2 Rpl,0.6237258911132812
7231002531484009243,univsiberasia,Hati-hati ngulang kak kl ga belajar 😂,0,0,7,Daftar Aku Sudah,0.6421849131584167,12,Umur Yang Semangat,0.6901174783706665,2,Iya Kak Dong,0.627747654914856
7226239800138105627,kocengkawin,Yg main tilik ya,0,0,1,Berapa Buka Kapan,0.6059237122535706,2,Iya Kak Dong,0.7174147367477417,7,Daftar Aku Sudah,0.702271580696106
7227311827503596294,asrul_ql97,done follow,1,0,7,Daftar Aku Sudah,0.5151993036270142,21,Nitip Nitipp Kabarin,0.6576067209243774,2,Iya Kak Dong,0.634154736995697
7243985494202385157,dikitaja0,gimana caranya kk,0,0,13,Info Bagaimana Cara,0.7234695553779602,22,Biayanya Berapa Biaya,0.6726574897766113,2,Iya Kak Dong,0.6103085279464722
7227071122801558277,amaramirul1,"🟠HAIZS HADIR JAP🟠
🟡LIKESS
❤️K0MWENS 😀
🔻COPYLINKS✔️5kalis
✅P0ll0WS JE TAU DAN JGN LUPA REPOST VTT SEKALI 🔺⬜️",0,0,2,Iya Kak Dong,0.43181753158569336,24,Ilkom Ieu Balang,0.5188296437263489,7,Daftar Aku Sudah,0.5001223087310791
7224142884298441498,embugendishayu,lebaran di jkt aja min gk kmn mana,0,0,1,Berapa Buka Kapan,0.5959148406982422,12,Umur Yang Semangat,0.6452397108078003,4,Online Offline Full,0.6416879296302795
7328384426161013509,andresitumorang297,wisuda nya online atau ofline kak?,0,0,4,Online Offline Full,0.8517568707466125,1,Berapa Buka Kapan,0.789097249507904,7,Daftar Aku Sudah,0.7563762664794922
7227268980714193669,dwinuk,Sukses Selalu 🥰,0,0,10,Selalu Amin Semoga,0.764032244682312,25,Semangat Wah Tetap,0.7696904540061951,11,Terima Kasih Salam,0.6997884511947632
7227205249441858330,user740309079,salken kk,0,0,2,Iya Kak Dong,0.7792463302612305,25,Semangat Wah Tetap,0.7537252902984619,20,Betul Keren Banget,0.7464377880096436
7227341921403994907,zain_bachrowi5970,salam.kk.eee,0,0,11,Terima Kasih Salam,0.7882049083709717,2,Iya Kak Dong,0.7199214696884155,25,Semangat Wah Tetap,0.7189619541168213
7227078164496581402,hazizahezel12,"semngat""",0,0,25,Semangat Wah Tetap,0.9007149338722229,26,Bismillah Depan Bismillahirrahmanirrahim,0.72971510887146,3,Menyimak Nrrjml Binus,0.7165558338165283
7592189833041429269,alif99052005,kpan pendaftarannya kak?,0,3,1,Berapa Buka Kapan,0.8568292856216431,13,Info Bagaimana Cara,0.8356037139892578,6,Dibuka Saat Mahasiswa,0.770006000995636
7592210836165362450,univsiberasia,"Hi Kak, saat ini sedang dibuka pendaftaran mahasiswa baru lho🤩",0,0,6,Dibuka Saat Mahasiswa,0.8938091397285461,9,Id Ac Pmb,0.755096971988678,16,100 Tugas Skripsi,0.73689866065979
7592245269476410133,alif99052005,ada full online gak kak atau kelas karyawan nya?,0,0,1,Berapa Buka Kapan,0.8261955976486206,4,Online Offline Full,0.8432154655456543,0,Tidak Ada Jurusan,0.7925143241882324
7592270497418445586,univsiberasia,UNSIA 100% full online Kakak🤗,0,0,18,100 Universitas Siber,0.828827977180481,16,100 Tugas Skripsi,0.6467102766036987,4,Online Offline Full,0.6083263754844666
7569981206654124818,zzara75,kak ini di palembang ada ga kak???,0,0,0,Tidak Ada Jurusan,0.7570834755897522,1,Berapa Buka Kapan,0.8232454061508179,15,Dimana Daerah Pjj,0.8111560344696045
7568822632159773456,firaaaa.22,untuk yg gap year bisa dpt beasiswa akademik?,0,0,0,Tidak Ada Jurusan,0.7165773510932922,14,Dicicil 3Jt Biaya,0.7175429463386536,6,Dibuka Saat Mahasiswa,0.6998384594917297
7586801315663430421,ber_shop25,@one,0,0,3,Menyimak Nrrjml Binus,0.9025940895080566,21,Nitip Nitipp Kabarin,0.6409412026405334,2,Iya Kak Dong,0.6212090253829956
7220900115648152347,embugendishayu,😂😂😂,0,0,3,Menyimak Nrrjml Binus,0.995229959487915,21,Nitip Nitipp Kabarin,0.6757673621177673,2,Iya Kak Dong,0.6486166715621948
7222263328243270427,wanus27,"Dosen terbaik ntuk Mahasiswa/I prodi Sistem informasi Unsia , Pak Noviandri 👌",0,0,0,Tidak Ada Jurusan,0.5937451124191284,17,Informasi Informatika Akuntansi,0.7170631885528564,18,100 Universitas Siber,0.6521574258804321
7586850680607687445,agnes172,bisa bisa ke ausiie untuk kerja ngak k,0,0,0,Tidak Ada Jurusan,0.6766101121902466,4,Online Offline Full,0.6722245812416077,12,Umur Yang Semangat,0.6611186265945435
7222705421718831899,strawberrykity._,"ijin bertanya kak kalau kita jauh dari Kalimantan pengen daftar bisa ngak kak, kuliah nya online semua termasuk ujiannya",0,0,7,Daftar Aku Sudah,0.7350248694419861,1,Berapa Buka Kapan,0.8257881999015808,0,Tidak Ada Jurusan,0.8200578093528748
7588170271276040980,karin.hislittleprincess_,ada batas tangga sama mabanya kak?,0,0,1,Berapa Buka Kapan,0.7394025921821594,7,Daftar Aku Sudah,0.7810254096984863,4,Online Offline Full,0.7371420860290527
7262322906491060997,ruby___je,ka no wa kok gabisa ya?,0,0,1,Berapa Buka Kapan,0.7443603873252869,8,Dm Admin Halo,0.7540709972381592,4,Online Offline Full,0.7230576276779175
7217629673235350299,elasetia_,semangat berpuasa untuk semua temen-temen dan dosen UNSIA 🙌🏻,0,1,10,Selalu Amin Semoga,0.7648388743400574,18,100 Universitas Siber,0.6270520687103271,25,Semangat Wah Tetap,0.6228116154670715
7218045638675776283,univsiberasia,Semangat Kak puasanya 🙌,0,0,25,Semangat Wah Tetap,0.8854161500930786,10,Selalu Amin Semoga,0.8141303658485413,11,Terima Kasih Salam,0.7566953301429749
7528442102198649607,echa_0068,apakah ujiannya online juga kak?,0,1,4,Online Offline Full,0.8497284054756165,1,Berapa Buka Kapan,0.8379580974578857,0,Tidak Ada Jurusan,0.7825138568878174
7533971234644722440,valentinostanleyy,iya kak online,0,0,2,Iya Kak Dong,0.835412323474884,20,Betul Keren Banget,0.7691023349761963,11,Terima Kasih Salam,0.7348860502243042
7251080252502590213,ratumustika1017,bisa menggunakan kip ga ka?,1,2,0,Tidak Ada Jurusan,0.6683773994445801,5,Ada S2 Rpl,0.7314001321792603,1,Berapa Buka Kapan,0.7218645811080933
7389531621160403730,univsiberasia,"Halo Kak, bisa ya😊",0,0,8,Dm Admin Halo,0.8837427496910095,11,Terima Kasih Salam,0.7761243581771851,7,Daftar Aku Sudah,0.7681869268417358
7564975194337313544,ayyrafah,caranya gimna ka?,0,0,13,Info Bagaimana Cara,0.8378662467002869,1,Berapa Buka Kapan,0.7431038618087769,15,Dimana Daerah Pjj,0.7101082801818848
7223620689122886427,sealuxyid,100% dengan metode belajar yang fleksibel asyncron mantep sukses selalu unsia,2,1,10,Selalu Amin Semoga,0.6546026468276978,16,100 Tugas Skripsi,0.6142388582229614,18,100 Universitas Siber,0.5806007385253906
7228808664881365786,univsiberasia,terima kasih Kak 🤩semangat terus yaa,1,0,10,Selalu Amin Semoga,0.8361998796463013,25,Semangat Wah Tetap,0.8403071165084839,11,Terima Kasih Salam,0.8338861465454102
7311674513171104518,sri_woles,biaya kk?,0,1,22,Biayanya Berapa Biaya,0.7662136554718018,28,Juta 3Jt Serius,0.7186564207077026,3,Menyimak Nrrjml Binus,0.6883906126022339
7312049468781675269,univsiberasia,"Halo Kak, Sesuai dengan SK Rektor No. 3 Tahun 2020 Biaya kuliah di UNSIA adalah sebesar 3 juta rupiah / semester. Biaya tersebut dapat dicicil dalam 2 kali pembayaran.",1,0,14,Dicicil 3Jt Biaya,0.750147819519043,9,Id Ac Pmb,0.7064077854156494,6,Dibuka Saat Mahasiswa,0.6770658493041992
7330930926668514053,putrisaridw5,mau tanya akreditas ka,2,1,1,Berapa Buka Kapan,0.7462202310562134,0,Tidak Ada Jurusan,0.7422959804534912,5,Ada S2 Rpl,0.7406968474388123
7389531199012766471,univsiberasia,"Halo Kak, saat ini UNSIA sudah terakreditasi BAN-PT yaitu baik sekali dan terakreditasi internasional dari EAHEA😊",1,0,27,Pt Terakreditasi Ban,0.9408136010169983,9,Id Ac Pmb,0.7379645109176636,6,Dibuka Saat Mahasiswa,0.7366138696670532
7365494771970622216,syi4610,jurusan nya apa kak,0,1,0,Tidak Ada Jurusan,0.8355549573898315,15,Dimana Daerah Pjj,0.8548070192337036,1,Berapa Buka Kapan,0.8107395172119141
7389531394575975186,univsiberasia,"Halo Kak, UNSIA memiliki 5 prodi ya yaitu Komunikasi, manajemen, akuntansi, sistem informasi, dan informatika",0,0,17,Informasi Informatika Akuntansi,0.9449996948242188,27,Pt Terakreditasi Ban,0.7250775694847107,9,Id Ac Pmb,0.7082725167274475
7318774279046234886,putrie_august,akreditasi kaak?,0,1,2,Iya Kak Dong,0.8476480841636658,20,Betul Keren Banget,0.7588977813720703,3,Menyimak Nrrjml Binus,0.7407914400100708
7389531569402954503,univsiberasia,"Halo Kak, saat ini UNSIA sudah terakreditasi BAN-PT yaitu baik sekali dan terakreditasi internasional dari EAHEA😊",0,0,27,Pt Terakreditasi Ban,0.9408136010169983,9,Id Ac Pmb,0.7379645109176636,6,Dibuka Saat Mahasiswa,0.7366138696670532
7408034473344041734,rannn_1505,kak saya di luar kota trs kerja disistem shift bisa kuliah disini gk,0,0,0,Tidak Ada Jurusan,0.80656898021698,1,Berapa Buka Kapan,0.7469529509544373,4,Online Offline Full,0.741775631904602
7293715928180441862,glowingjournal_,Gap yar pjj ad beasiswa jg?,0,0,15,Dimana Daerah Pjj,0.7073169946670532,5,Ada S2 Rpl,0.7813084125518799,0,Tidak Ada Jurusan,0.7769430875778198
7439675272158921479,insight.idd,ada beasiswa KIP kuliah nggak kak untuk S1 online nya??,0,0,1,Berapa Buka Kapan,0.8293018341064453,0,Tidak Ada Jurusan,0.8569695353507996,6,Dibuka Saat Mahasiswa,0.8059841990470886
7473113510587876117,mbakayou21,kak yg rpl S1 bisa online ga ? please jawab kak 🙏🙏🙏🙏,1,0,5,Ada S2 Rpl,0.7646663188934326,1,Berapa Buka Kapan,0.839701235294342,0,Tidak Ada Jurusan,0.8277454376220703
7414711061981938437,titaajulianni,studi yg paling mudah studi apa ka? 😂,0,0,0,Tidak Ada Jurusan,0.7246276140213013,15,Dimana Daerah Pjj,0.7252583503723145,1,Berapa Buka Kapan,0.6907745599746704
7586857606539559698,warung.gnz2,Bisa akselerasi selain RPL ngga kak?,0,0,5,Ada S2 Rpl,0.787891685962677,1,Berapa Buka Kapan,0.7727863192558289,4,Online Offline Full,0.7655545473098755
7370573669837718277,twofourfourthreefour,Ada jurusan bahasa inggrisnya gak kak??,0,0,0,Tidak Ada Jurusan,0.865502119064331,1,Berapa Buka Kapan,0.8141223192214966,5,Ada S2 Rpl,0.7918542623519897
7408067923182535430,lyradumpiezzz,ini full online?,0,0,4,Online Offline Full,0.5987821817398071,3,Menyimak Nrrjml Binus,0.6905126571655273,18,100 Universitas Siber,0.685710072517395
7405624765606658821,ramadhan.qpr,kalo waktu kuliah nya gimn kak.terkadang kerja masuk pagi kadang malam.,1,0,0,Tidak Ada Jurusan,0.7164148092269897,12,Umur Yang Semangat,0.7275151014328003,4,Online Offline Full,0.7191656827926636
7390315051829166854,titinwahyu01,ada program 1tahun gak ya kak,0,0,1,Berapa Buka Kapan,0.8517889976501465,0,Tidak Ada Jurusan,0.8171708583831787,5,Ada S2 Rpl,0.7926046848297119
7345099429299536645,ku.ayumi_fdja,"terima mahasiswa pindahan gx sih ka?
tersedia di negara apa aj ka?",0,0,1,Berapa Buka Kapan,0.8137987852096558,0,Tidak Ada Jurusan,0.8018218278884888,4,Online Offline Full,0.7689872980117798
7392491489404142341,ginasania12,jurusan pendidikan ada gk,0,0,5,Ada S2 Rpl,0.8312914967536926,0,Tidak Ada Jurusan,0.7529127597808838,18,100 Universitas Siber,0.7156996726989746
7387801106698535685,pengusaha_eksport,akreditas C,0,0,1,Berapa Buka Kapan,0.44094622135162354,2,Iya Kak Dong,0.6723086833953857,3,Menyimak Nrrjml Binus,0.6633883714675903
7449014588824290053,user11337890247,ujian nya online juga kak?,0,0,4,Online Offline Full,0.8830744028091431,1,Berapa Buka Kapan,0.8184179067611694,16,100 Tugas Skripsi,0.8034114837646484
7414051577440879366,nana_kiyowo0,s2 online ada ka?,0,0,0,Tidak Ada Jurusan,0.790528416633606,5,Ada S2 Rpl,0.8485590219497681,4,Online Offline Full,0.802374541759491
7413055498872013574,darkchocolate6_,Dpt almet g?,0,0,5,Ada S2 Rpl,0.7093375325202942,2,Iya Kak Dong,0.7193328738212585,15,Dimana Daerah Pjj,0.665549635887146
7415612749164790533,ajabdezex21,info link pendaftaran nya kk,0,0,13,Info Bagaimana Cara,0.846115231513977,1,Berapa Buka Kapan,0.7401255369186401,7,Daftar Aku Sudah,0.7052685618400574
7395983524291445510,iamhabibie7,ada beasiswA,0,0,1,Berapa Buka Kapan,0.5466079115867615,3,Menyimak Nrrjml Binus,0.7237569689750671,5,Ada S2 Rpl,0.7143245935440063
7335605923052438277,fie.bet,jurusan bisnis internasional kg ada ya kak,1,0,0,Tidak Ada Jurusan,0.8642584681510925,5,Ada S2 Rpl,0.8115732669830322,1,Berapa Buka Kapan,0.7838996648788452
7389463674916799239,cyntiaaritonang27,Kak apakah sudah pendaftaran maha siswa baru？？,0,3,1,Berapa Buka Kapan,0.7837767004966736,6,Dibuka Saat Mahasiswa,0.7608161568641663,0,Tidak Ada Jurusan,0.7135715484619141
7389534596860789524,cyntiaaritonang27,"iya ,sistem belajar untuk jalur karyawan bagaimana kak,soalnya kami kerja ada shift malamnya",0,0,0,Tidak Ada Jurusan,0.754411518573761,4,Online Offline Full,0.7456676363945007,1,Berapa Buka Kapan,0.7338660955429077
7389531847753089800,univsiberasia,"Halo Kak, saat ini UNSIA sedang membuka pendaftaran mahasiswa baru lho, yuk intip informasi lebih lanjut di pmb.unsia.ac.id",0,0,9,Id Ac Pmb,0.8509394526481628,6,Dibuka Saat Mahasiswa,0.8097885847091675,27,Pt Terakreditasi Ban,0.7240867614746094
7389464148483310356,cyntiaaritonang27,jalur prndaftaran nya bagaimana kk,0,0,1,Berapa Buka Kapan,0.8091624975204468,13,Info Bagaimana Cara,0.7867748737335205,15,Dimana Daerah Pjj,0.7635889053344727
7603323155562545941,dndzhrnpt,dari awal kuliah sampai wisuda apakah bisa terus online?,0,4,0,Tidak Ada Jurusan,0.7162289619445801,1,Berapa Buka Kapan,0.6977825164794922,4,Online Offline Full,0.6860144138336182
7603340138747724552,univsiberasia,Bisa dong Kak🤩,0,0,2,Iya Kak Dong,0.8299328088760376,8,Dm Admin Halo,0.7937267422676086,7,Daftar Aku Sudah,0.7721319198608398
7603360839991378708,dndzhrnpt,kalau untuk wisuda nya min?,0,0,4,Online Offline Full,0.8157206773757935,1,Berapa Buka Kapan,0.835230827331543,0,Tidak Ada Jurusan,0.8165925145149231
7632244428916179732,redvelvett033,mau daftar kah kak? aku pgn tapi masi ragu😭,0,0,7,Daftar Aku Sudah,0.7772154211997986,1,Berapa Buka Kapan,0.792208194732666,13,Info Bagaimana Cara,0.7421295046806335
7632310111961383700,dndzhrnpt,masi mikir kak😞,0,0,2,Iya Kak Dong,0.8036453723907471,20,Betul Keren Banget,0.7004315853118896,7,Daftar Aku Sudah,0.6818839311599731
7227102600269169434,ahmadanaliga25,😄,1,0,3,Menyimak Nrrjml Binus,0.995229959487915,21,Nitip Nitipp Kabarin,0.6757673621177673,2,Iya Kak Dong,0.6486166715621948
7484088418251883281,ji_sunggie93,🥰,0,0,3,Menyimak Nrrjml Binus,0.995229959487915,21,Nitip Nitipp Kabarin,0.6757673621177673,2,Iya Kak Dong,0.6486166715621948
7472395695618671367,heri.s42,🥰,0,0,3,Menyimak Nrrjml Binus,0.995229959487915,21,Nitip Nitipp Kabarin,0.6757673621177673,2,Iya Kak Dong,0.6486166715621948
7592061985333183249,daejonyounggg,💛,0,0,3,Menyimak Nrrjml Binus,0.995229959487915,21,Nitip Nitipp Kabarin,0.6757673621177673,2,Iya Kak Dong,0.6486166715621948
7260714266372915974,hi.mommmm,itu lulus nya bisa lebih cepat gak kak?,0,2,0,Tidak Ada Jurusan,0.7961261868476868,1,Berapa Buka Kapan,0.8226690292358398,4,Online Offline Full,0.7858484983444214
7271235276369838853,bebeelacc2,"Bisa kak , 3,5 tahun",0,0,14,Dicicil 3Jt Biaya,0.7191680073738098,5,Ada S2 Rpl,0.671115517616272,28,Juta 3Jt Serius,0.6621493101119995
7308923354823607046,cheesecuittttttt,"maaf ka, kalau untuk wisuda nya online juga kah?",0,0,4,Online Offline Full,0.8390796780586243,1,Berapa Buka Kapan,0.8328998684883118,0,Tidak Ada Jurusan,0.7736144065856934
7293310086532449030,haniayyafierly,ada jurusan apa aja kk,1,2,0,Tidak Ada Jurusan,0.7845680713653564,5,Ada S2 Rpl,0.7510573863983154,15,Dimana Daerah Pjj,0.7213250994682312
7574478145933263624,yuyun.herliana05_,"kak maaf mau tanya , rekomendasi prodi apa ya?",0,0,1,Berapa Buka Kapan,0.8142892122268677,0,Tidak Ada Jurusan,0.8033199310302734,15,Dimana Daerah Pjj,0.7431343793869019
7574606086154879752,yuyun.herliana05_,kak boleh tanya2 di dm ga?,0,0,1,Berapa Buka Kapan,0.7680399417877197,8,Dm Admin Halo,0.8318514823913574,13,Info Bagaimana Cara,0.7236387729644775
7576582532129506049,senandungiu,apakah irt umur 35 THN bisa kuliah di sana,2,0,0,Tidak Ada Jurusan,0.7233848571777344,5,Ada S2 Rpl,0.6643455624580383,1,Berapa Buka Kapan,0.6429421901702881
7260008118910485253,putrichikalsyairaam,@nrrjml♉,1,0,3,Menyimak Nrrjml Binus,0.646769642829895,24,Ilkom Ieu Balang,0.5305907726287842,18,100 Universitas Siber,0.5277161598205566
7592941080117134081,_syhrnnsa04_,😂,0,0,3,Menyimak Nrrjml Binus,0.995229959487915,21,Nitip Nitipp Kabarin,0.6757673621177673,2,Iya Kak Dong,0.6486166715621948
7573617097924100882,anneseptiani25,😁,0,0,3,Menyimak Nrrjml Binus,0.995229959487915,21,Nitip Nitipp Kabarin,0.6757673621177673,2,Iya Kak Dong,0.6486166715621948
7545036206527988488,sintayyou17,😂,0,0,3,Menyimak Nrrjml Binus,0.995229959487915,21,Nitip Nitipp Kabarin,0.6757673621177673,2,Iya Kak Dong,0.6486166715621948
7208683601914184475,arief_maulana_n__06,beaasiswa media sosia btw itu apa kak,0,2,15,Dimana Daerah Pjj,0.7582427859306335,0,Tidak Ada Jurusan,0.735264003276825,1,Berapa Buka Kapan,0.7327603101730347
7210615677634855706,univsiberasia,"halo Kak, beasiswa media sosial adalah untuk mahasiswa aktif UNSIA ya Kak 😊",0,0,1,Berapa Buka Kapan,0.6612525582313538,6,Dibuka Saat Mahasiswa,0.8102459907531738,9,Id Ac Pmb,0.7769562602043152
7210671075666494235,arief_maulana_n__06,madsud nya mahasiswa aftif unsia apa kak,0,0,0,Tidak Ada Jurusan,0.8028419017791748,1,Berapa Buka Kapan,0.7542948722839355,15,Dimana Daerah Pjj,0.7414500713348389
7210404769490486042,dharmateak_furniture,"Hadir support kak, salam flks",0,1,11,Terima Kasih Salam,0.7980799674987793,10,Selalu Amin Semoga,0.7543821334838867,25,Semangat Wah Tetap,0.7405617237091064
7210614972530000666,univsiberasia,"Terima kasih Kak, semangat terus ya 🙌🏻🙌🏻",1,0,10,Selalu Amin Semoga,0.8361998796463013,25,Semangat Wah Tetap,0.8403071165084839,11,Terima Kasih Salam,0.8338861465454102
7588302310134285077,iceroast.14,cara dapet beasiswa nya gimana kak,0,0,1,Berapa Buka Kapan,0.8372840881347656,13,Info Bagaimana Cara,0.8279735445976257,0,Tidak Ada Jurusan,0.7766086459159851
7597026617920209672,putryrisma_18,yang ke lima itu kip kan ka?,0,0,0,Tidak Ada Jurusan,0.6372358798980713,7,Daftar Aku Sudah,0.7243802547454834,2,Iya Kak Dong,0.7114954590797424
7239361987166388997,storyme_kia,kalo yang udah kerja masih bisa dapat beasiswa ka? maaf cuma tanya aja 😅😁,0,0,1,Berapa Buka Kapan,0.8029922246932983,0,Tidak Ada Jurusan,0.8088312149047852,6,Dibuka Saat Mahasiswa,0.7842775583267212
7588302550882140949,iceroast.14,beasiswa nya berlaku untuk yang baru lulus sekolah aja atau yang udh lama juga bisa dapet kak,0,0,1,Berapa Buka Kapan,0.7104446291923523,6,Dibuka Saat Mahasiswa,0.7545617818832397,9,Id Ac Pmb,0.7484596967697144
7495686079006769927,ayufujiyanti,Kak kalo pindah dari ut bisa ga? Trs jurusan nya beda bisa?,0,2,0,Tidak Ada Jurusan,0.8466410636901855,1,Berapa Buka Kapan,0.8077085614204407,19,Jalur Konversi Melalui,0.7710976600646973
7633823681622475528,erwansyah_saka.m,bisa tapi ya ngulanglah dari smster1,0,0,4,Online Offline Full,0.6552900075912476,12,Umur Yang Semangat,0.6784778833389282,7,Daftar Aku Sudah,0.6667240262031555
7632875280561865493,strawbbeerryx,upp,0,0,3,Menyimak Nrrjml Binus,0.8422996997833252,21,Nitip Nitipp Kabarin,0.6208199858665466,28,Juta 3Jt Serius,0.5823327898979187
7495648216156832530,vhancraft_,kak mending ambil jurusan akuntasi atau manajemen ya?😭😭😭,3,7,0,Tidak Ada Jurusan,0.8042378425598145,17,Informasi Informatika Akuntansi,0.7394492626190186,5,Ada S2 Rpl,0.720038890838623
7497656876916146952,m0odcc,"ka sama bgt aku lg bingung antara dua ini, btw aku sma nya ipa, dan kayanya mau ambil akuntansi 😩",5,0,0,Tidak Ada Jurusan,0.722928524017334,12,Umur Yang Semangat,0.744168758392334,16,100 Tugas Skripsi,0.6998165845870972
7495721631623660306,favgirlurr,manajeman,0,0,-1,Mantab Uk Belakang,0.0,3,Menyimak Nrrjml Binus,0.8140227794647217,28,Juta 3Jt Serius,0.5553394556045532
7569650495532745492,mikanitias,"Kak, kamu udh daftar kah ?",0,0,7,Daftar Aku Sudah,0.8320722579956055,1,Berapa Buka Kapan,0.7687309980392456,8,Dm Admin Halo,0.7213966846466064
7516133082089554706,adeliaa_z,kamu uda daftar ka?,0,0,7,Daftar Aku Sudah,0.8142514824867249,2,Iya Kak Dong,0.7348979711532593,8,Dm Admin Halo,0.7185764312744141
7498551366874153749,elisapriana,kak jadinya ambil jurusan apa?,0,0,0,Tidak Ada Jurusan,0.8332331776618958,15,Dimana Daerah Pjj,0.801598310470581,1,Berapa Buka Kapan,0.7783916592597961
7498562126455702280,vhancraft_,gatau nih masih bingung😭😭,0,0,2,Iya Kak Dong,0.6937029957771301,7,Daftar Aku Sudah,0.6833014488220215,12,Umur Yang Semangat,0.6795679330825806
7495998517106934535,senjaa9100,Kirain ada umum sastra Indonesia😩 Sistem informasi buat aku puyeng minta amplop😩😩,0,0,17,Informasi Informatika Akuntansi,0.5924488306045532,12,Umur Yang Semangat,0.614018976688385,5,Ada S2 Rpl,0.5958739519119263
7624666582568846096,xhsnznakkzh,jurusan pendidikan jasmanai Dan olahraga ada ga kak S2 nya?,0,0,0,Tidak Ada Jurusan,0.8087312579154968,17,Informasi Informatika Akuntansi,0.7587619423866272,5,Ada S2 Rpl,0.7553813457489014
7479820142290338577,malik_bawazki,ada jurusan psikologi ga?,0,0,5,Ada S2 Rpl,0.8767412900924683,0,Tidak Ada Jurusan,0.8140352368354797,18,100 Universitas Siber,0.7304071187973022
7563520808409465621,davin_alfarez,"bisa full onlain kah,?",0,0,4,Online Offline Full,0.7327965497970581,5,Ada S2 Rpl,0.721157431602478,1,Berapa Buka Kapan,0.7035009860992432
7585984846850458386,dhea_ayyu19,kk ada S2 apa aja ? aku S1 komunikasi,0,0,5,Ada S2 Rpl,0.7474133968353271,0,Tidak Ada Jurusan,0.8051880598068237,17,Informasi Informatika Akuntansi,0.7039469480514526
7495374416899179282,endess_homemade,fakultas hukum blm ada ya,2,0,0,Tidak Ada Jurusan,0.7908664345741272,5,Ada S2 Rpl,0.8088148236274719,4,Online Offline Full,0.7333204746246338
7576183508025770753,memeysiapa_,lokasi dimana kak?,0,0,15,Dimana Daerah Pjj,0.886338472366333,13,Info Bagaimana Cara,0.770766019821167,1,Berapa Buka Kapan,0.7644267082214355
7483719557111808786,racunglow1,PAi ada gak,0,0,5,Ada S2 Rpl,0.730501651763916,2,Iya Kak Dong,0.7593153715133667,15,Dimana Daerah Pjj,0.6627984642982483
7586515742125490964,andikakf61_,teknik elektro belum ada kah?,0,1,0,Tidak Ada Jurusan,0.7403815984725952,5,Ada S2 Rpl,0.8020592927932739,18,100 Universitas Siber,0.6952384114265442
7586529762588967698,univsiberasia,Belum ada nih Kakak,1,0,2,Iya Kak Dong,0.7885643243789673,7,Daftar Aku Sudah,0.779253363609314,5,Ada S2 Rpl,0.6989630460739136
7210351570985599771,lincekristiani.hlw,cara daftarnya gimana kk?,0,0,1,Berapa Buka Kapan,0.8010311126708984,13,Info Bagaimana Cara,0.8575502634048462,22,Biayanya Berapa Biaya,0.7180708646774292
7283432101302698758,remonchanada,nnti wisudanya bagaimana?,0,0,1,Berapa Buka Kapan,0.7440682649612427,22,Biayanya Berapa Biaya,0.7656526565551758,15,Dimana Daerah Pjj,0.7532640695571899
7577073094348817172,optioncancell,s2 belum ada kk?,0,0,5,Ada S2 Rpl,0.8230041861534119,0,Tidak Ada Jurusan,0.7341725826263428,18,100 Universitas Siber,0.7129435539245605
7592045193802941202,iis.trisnaw,psikologi ada g?,1,0,5,Ada S2 Rpl,0.7023844718933105,2,Iya Kak Dong,0.6899106502532959,3,Menyimak Nrrjml Binus,0.6366735696792603
7500815901979591442,p.h.y.t.a,kak ad S3nya nggak?,0,0,0,Tidak Ada Jurusan,0.8760393857955933,5,Ada S2 Rpl,0.8832517862319946,1,Berapa Buka Kapan,0.8409587740898132
7334526028045419269,pianasar,wisudanya dimana,0,0,15,Dimana Daerah Pjj,0.7854725122451782,22,Biayanya Berapa Biaya,0.7335424423217773,2,Iya Kak Dong,0.7308779358863831
7576608676292559633,zylds08,S2 ada ngak kk,0,0,0,Tidak Ada Jurusan,0.8243626356124878,5,Ada S2 Rpl,0.8730376958847046,15,Dimana Daerah Pjj,0.8065757751464844
7577594549980480257,profesionaljobless,😁,0,0,3,Menyimak Nrrjml Binus,0.995229959487915,21,Nitip Nitipp Kabarin,0.6757673621177673,2,Iya Kak Dong,0.6486166715621948
7540645742526284552,lessrx0,🔥,0,0,3,Menyimak Nrrjml Binus,0.995229959487915,21,Nitip Nitipp Kabarin,0.6757673621177673,2,Iya Kak Dong,0.6486166715621948
7496557338033292039,iamsa198,😭,0,0,3,Menyimak Nrrjml Binus,0.995229959487915,21,Nitip Nitipp Kabarin,0.6757673621177673,2,Iya Kak Dong,0.6486166715621948
7459992939675157255,selaagustina,😁,0,0,3,Menyimak Nrrjml Binus,0.995229959487915,21,Nitip Nitipp Kabarin,0.6757673621177673,2,Iya Kak Dong,0.6486166715621948
7260008415090459397,putrichikalsyairaam,@nrrjml♉ HARUS LIAT,0,0,3,Menyimak Nrrjml Binus,0.5016692280769348,18,100 Universitas Siber,0.6285637617111206,5,Ada S2 Rpl,0.597933292388916
7207026410446537499,embugendishayu,waah jd pengin kuliah online gk perlu kakmpus bs smbil kerja jg ha,0,0,0,Tidak Ada Jurusan,0.7286684513092041,12,Umur Yang Semangat,0.7695999145507812,4,Online Offline Full,0.6965514421463013
7324691247083029254,alwarda975,😂😂🤣,0,0,3,Menyimak Nrrjml Binus,0.995229959487915,21,Nitip Nitipp Kabarin,0.6757673621177673,2,Iya Kak Dong,0.6486166715621948
7210643918744142619,rudiazam01,HDR🥰,0,0,3,Menyimak Nrrjml Binus,0.7959480285644531,21,Nitip Nitipp Kabarin,0.5815467834472656,28,Juta 3Jt Serius,0.5280100107192993
7201143377118315290,hahaa1311,prustasi aku mengahdapi burnout 🥺,0,1,-1,Mantab Uk Belakang,0.0,18,100 Universitas Siber,0.5672545433044434,24,Ilkom Ieu Balang,0.547842264175415
7202089014656451354,univsiberasia,semangat Kak Halimah🙌🙌,0,0,25,Semangat Wah Tetap,0.9105352163314819,10,Selalu Amin Semoga,0.7807084321975708,26,Bismillah Depan Bismillahirrahmanirrahim,0.7519527673721313
7148254397268902683,mrs_rinh24,ini sistem kuliahnya full online ya?sama kek UT ya,0,3,4,Online Offline Full,0.8190668821334839,12,Umur Yang Semangat,0.7636951208114624,0,Tidak Ada Jurusan,0.7522796988487244
7271385833910518533,bebeelacc2,"Wah belum jodoh berarti kak hehe , semangat ya kaka cantik♥️",1,0,10,Selalu Amin Semoga,0.7277144193649292,7,Daftar Aku Sudah,0.7402961254119873,11,Terima Kasih Salam,0.7383480072021484
7271286101100593926,mrs_rinh24,thank you ya kak responnya hehe kk telat bales nya terlanjur masuk di UPH,0,0,11,Terima Kasih Salam,0.813593864440918,8,Dm Admin Halo,0.766391396522522,7,Daftar Aku Sudah,0.7491034269332886
7271236974073152262,bebeelacc2,Betul kaka,0,0,20,Betul Keren Banget,0.8636669516563416,2,Iya Kak Dong,0.7645946741104126,11,Terima Kasih Salam,0.6651486158370972
7238600796275000069,60movie,"jurusan apa saja yg ada di UNSIA?
Ada Arsitektur gak kak?",1,0,0,Tidak Ada Jurusan,0.8149205446243286,5,Ada S2 Rpl,0.7308576703071594,1,Berapa Buka Kapan,0.7282054424285889
7143250440137540379,fciep5,prodi nya ada apa aja?,0,1,0,Tidak Ada Jurusan,0.7802146077156067,5,Ada S2 Rpl,0.8057249784469604,15,Dimana Daerah Pjj,0.7819174528121948
7155455950538113819,umarajah34,"banyak kak...ada manajemen, akutansi, komunikasi, sistem informasi dan informatika",0,0,17,Informasi Informatika Akuntansi,0.8188796043395996,5,Ada S2 Rpl,0.5793494582176208,0,Tidak Ada Jurusan,0.5724036693572998
7138624095755502363,oonqkepo91,❤❤❤,0,0,3,Menyimak Nrrjml Binus,0.995229959487915,21,Nitip Nitipp Kabarin,0.6757673621177673,2,Iya Kak Dong,0.6486166715621948
7145444043597398811,user00998827833847189,masih buka?,0,1,1,Berapa Buka Kapan,0.5010395050048828,3,Menyimak Nrrjml Binus,0.6972376108169556,2,Iya Kak Dong,0.6911846399307251
7221775797731984133,nagahero42,masih ka,0,0,2,Iya Kak Dong,0.8634083271026611,25,Semangat Wah Tetap,0.7170485854148865,7,Daftar Aku Sudah,0.7160502672195435
7130214541610222363,yeonae9961,ijin download videonya ya kak.🙏,1,0,0,Tidak Ada Jurusan,0.5854223966598511,11,Terima Kasih Salam,0.785849928855896,8,Dm Admin Halo,0.714767336845398
7134676268062688027,linimanoppo,🥰🥰🥰,1,0,3,Menyimak Nrrjml Binus,0.995229959487915,21,Nitip Nitipp Kabarin,0.6757673621177673,2,Iya Kak Dong,0.6486166715621948
7134287996370682651,rakhmawati675,Civitas Academica Universitas Bina Darma mengucapkan Selamat Ultah untuk Pak Rektor UNSIA.. Bahagia dan Sukses selalu.. Aamiin🙏🙏,1,1,10,Selalu Amin Semoga,0.7612484693527222,27,Pt Terakreditasi Ban,0.6107437610626221,9,Id Ac Pmb,0.56369948387146
7136107144772584218,univsiberasia,Terima kasih banyak kak🙏,1,0,11,Terima Kasih Salam,0.8859325647354126,10,Selalu Amin Semoga,0.722697913646698,25,Semangat Wah Tetap,0.7058811187744141
7155061406273012506,daltontimika22,mantap 👍👍👍,0,0,11,Terima Kasih Salam,0.6669318675994873,20,Betul Keren Banget,0.8242471218109131,2,Iya Kak Dong,0.752457857131958
7124641997750895387,yeonae9961,Semangat Terus pak.🥰,0,0,25,Semangat Wah Tetap,0.9022040367126465,10,Selalu Amin Semoga,0.772025465965271,11,Terima Kasih Salam,0.7253865003585815
7114272191974163226,rakhmawati675,Universitas Siber Asia👍👍,1,0,18,100 Universitas Siber,0.7146095037460327,3,Menyimak Nrrjml Binus,0.6302300095558167,17,Informasi Informatika Akuntansi,0.546322226524353
7155026908835562266,daltontimika22,mantap👍👍👍,0,0,11,Terima Kasih Salam,0.6669318675994873,20,Betul Keren Banget,0.8242471218109131,2,Iya Kak Dong,0.752457857131958
7100098449294803739,bagussejati97,next pekalongan. 🥰😂,1,0,3,Menyimak Nrrjml Binus,0.7278456687927246,26,Bismillah Depan Bismillahirrahmanirrahim,0.6178483963012695,18,100 Universitas Siber,0.6101580858230591
7100097542347801371,elsateresia05,ke Medan datang ngk yaa Min? 🥺,0,0,1,Berapa Buka Kapan,0.7569538354873657,15,Dimana Daerah Pjj,0.7365171909332275,4,Online Offline Full,0.7154780626296997
7116830426182976282,say_hi_ndy,mau masuk cmn takut ssh dipahami klo online😳apalagi klo ada hitung2an tkut g ngerti tpi enaknya waktunya yg ok🥺,0,0,12,Umur Yang Semangat,0.7403500080108643,4,Online Offline Full,0.6734388470649719,0,Tidak Ada Jurusan,0.6006797552108765
7016841785146704666,kinantiiii1000,its so good,0,0,2,Iya Kak Dong,0.6445581316947937,20,Betul Keren Banget,0.6678822636604309,3,Menyimak Nrrjml Binus,0.6027207374572754
7155026481936270106,daltontimika22,mantap 👍👍🙏,0,0,11,Terima Kasih Salam,0.6669318675994873,20,Betul Keren Banget,0.8242471218109131,2,Iya Kak Dong,0.752457857131958
7016298302497456922,i_99rm,boleh minta linknya GK ?,0,0,5,Ada S2 Rpl,0.7051147818565369,13,Info Bagaimana Cara,0.6670534014701843,2,Iya Kak Dong,0.6654925346374512
7019918156840190746,bangjoel168,selamat. happy anniversary. maju terus unsia ku,1,0,10,Selalu Amin Semoga,0.7837013006210327,25,Semangat Wah Tetap,0.6254514455795288,26,Bismillah Depan Bismillahirrahmanirrahim,0.6211721897125244
7506036292774282005,fitrianifachrunisa_,"guys aku calon mahasiswi unsia, siapa tau disini ada yg manajemen jg? ga nemu"" tmn plis😭🙏🏻",53,55,1,Berapa Buka Kapan,0.672946572303772,12,Umur Yang Semangat,0.762343168258667,0,Tidak Ada Jurusan,0.7436469793319702
7534145930824532744,vell.gasuka.matcha,"Hallo kak, aku rencananya mau daftar manajemen di unsia😁",7,0,0,Tidak Ada Jurusan,0.7956262826919556,6,Dibuka Saat Mahasiswa,0.8146202564239502,16,100 Tugas Skripsi,0.797866940498352
7535694417580835592,fryy_hd,udah daftar belum kak?,0,0,7,Daftar Aku Sudah,0.828325629234314,1,Berapa Buka Kapan,0.7618767023086548,8,Dm Admin Halo,0.7502756118774414
7535747234065269522,vell.gasuka.matcha,Udah kak,0,0,2,Iya Kak Dong,0.8450679779052734,7,Daftar Aku Sudah,0.7280746102333069,20,Betul Keren Banget,0.7178633213043213
7536215581663740679,_berlindamh,kak mau tanya emang bener bisa dicicil 3 kali kah?,0,0,14,Dicicil 3Jt Biaya,0.7483258843421936,1,Berapa Buka Kapan,0.7053515911102295,0,Tidak Ada Jurusan,0.648645281791687
7536228528729326344,vell.gasuka.matcha,Iya bisa kak,0,0,2,Iya Kak Dong,0.8499224185943604,20,Betul Keren Banget,0.7742376327514648,8,Dm Admin Halo,0.7465470433235168
7536457282399355655,_berlindamh,jd 1 kali cicilan 1 jt kah ka?,0,0,14,Dicicil 3Jt Biaya,0.7741395235061646,1,Berapa Buka Kapan,0.6847407817840576,28,Juta 3Jt Serius,0.6642582416534424
7536492549818352391,vell.gasuka.matcha,Iya kak,0,0,2,Iya Kak Dong,0.8862804174423218,20,Betul Keren Banget,0.818972647190094,11,Terima Kasih Salam,0.7698267698287964
7536506614954853121,fitrianifachrunisa_,"bntu jwb, pas daftar ulg 1jt nnti klo mau uts 1jt dan mau uas 1jt",0,0,14,Dicicil 3Jt Biaya,0.7264372110366821,12,Umur Yang Semangat,0.6620333194732666,4,Online Offline Full,0.6409374475479126
7540133334192014098,kisses_pooch,daftar ulang tgl brp?,0,0,1,Berapa Buka Kapan,0.6776196956634521,7,Daftar Aku Sudah,0.6915781497955322,22,Biayanya Berapa Biaya,0.683393120765686
7540140964108206865,fitrianifachrunisa_,sehabis berkas dan test lengkap cpt kok,0,0,1,Berapa Buka Kapan,0.5719704031944275,4,Online Offline Full,0.6548741459846497,12,Umur Yang Semangat,0.6000537872314453
7540629761909261063,kisses_pooch,ini beneran kan kk,0,0,4,Online Offline Full,0.6126263737678528,2,Iya Kak Dong,0.761784553527832,20,Betul Keren Banget,0.7306761741638184
7540813211580187393,fitrianifachrunisa_,iyaaa bener,0,0,2,Iya Kak Dong,0.743468165397644,20,Betul Keren Banget,0.7970676422119141,3,Menyimak Nrrjml Binus,0.6533790826797485
7570192780204344082,revaasihotang,kk batas bayar yh tu ada berapa bulan kk 🙏,0,0,1,Berapa Buka Kapan,0.7711270451545715,14,Dicicil 3Jt Biaya,0.7479256987571716,4,Online Offline Full,0.7199735641479492
7570618124967510800,fitrianifachrunisa_,"2bln kak, jd ibarat sebulan 500k selama 6bln kn jd 3jt, bayarnya pas daftar ulg 1jt, mau uts 1jt sm mau uas 1jt tp klo pake referensi nnti di angsuran ke 3 dpt potongan 300-500k",0,0,14,Dicicil 3Jt Biaya,0.7900816202163696,12,Umur Yang Semangat,0.6599492430686951,4,Online Offline Full,0.6202831864356995
7534208472466047760,fitrianifachrunisa_,yukk kak daftar,0,0,7,Daftar Aku Sudah,0.7680585980415344,13,Info Bagaimana Cara,0.7704510688781738,8,Dm Admin Halo,0.7171347737312317
7511782005593621264,au.iyyy0,halo kaa aku rencana mau dftr manajemen th ini jugakk hihi,1,0,2,Iya Kak Dong,0.6591663360595703,7,Daftar Aku Sudah,0.7956274151802063,8,Dm Admin Halo,0.7370092272758484
7518772151919985426,fsevaa,kak udh daftar? aku rencana jg mau ambil management,2,0,7,Daftar Aku Sudah,0.8214804530143738,1,Berapa Buka Kapan,0.780299186706543,0,Tidak Ada Jurusan,0.7695149183273315
7518820832832848657,au.iyyy0,"insyaallah bln depan kaa hihi, kaka sendiri udh daftar?",0,0,7,Daftar Aku Sudah,0.8264832496643066,4,Online Offline Full,0.7173919677734375,6,Dibuka Saat Mahasiswa,0.7134262919425964
7518932555124441864,fsevaa,blm ni kk bingung mau daftar unsia apa ut ya😭,0,0,0,Tidak Ada Jurusan,0.8441907167434692,1,Berapa Buka Kapan,0.8438460230827332,7,Daftar Aku Sudah,0.8250242471694946
7518939022036665104,fitrianifachrunisa_,ut pusing kaa susah dpt nilai jg😔🙏🏻,0,0,12,Umur Yang Semangat,0.8070074915885925,7,Daftar Aku Sudah,0.7503232955932617,4,Online Offline Full,0.7248185276985168
7533157682782995207,manpeachyy,kak pendaftarannya kapaan yaa,0,0,1,Berapa Buka Kapan,0.8750849962234497,13,Info Bagaimana Cara,0.7948058843612671,6,Dibuka Saat Mahasiswa,0.7761337757110596
7528939100680160016,fitrianifachrunisa_,kak eftha,0,0,2,Iya Kak Dong,0.7366065979003906,3,Menyimak Nrrjml Binus,0.7249772548675537,20,Betul Keren Banget,0.6739996671676636
7528828485633393426,fsevaa,kaka pake kode referal siapa kak,0,0,1,Berapa Buka Kapan,0.7111302614212036,15,Dimana Daerah Pjj,0.7283005714416504,7,Daftar Aku Sudah,0.6913661956787109
7528793456086483728,fitrianifachrunisa_,baru umum kok ka,0,0,2,Iya Kak Dong,0.7748452425003052,7,Daftar Aku Sudah,0.7597014307975769,4,Online Offline Full,0.7138694524765015
7528690374966854407,fsevaa,KAK IKUT GROUPNYA MANAJEMEN JG😭,0,0,7,Daftar Aku Sudah,0.8524669408798218,4,Online Offline Full,0.7765733003616333,1,Berapa Buka Kapan,0.7717486619949341
7528689995532747538,fsevaa,"kak akuuu, ada group wa kah",0,0,1,Berapa Buka Kapan,0.7307707071304321,7,Daftar Aku Sudah,0.7417290806770325,8,Dm Admin Halo,0.739427387714386
7525474622524916498,choiisaanz,iyapp,0,0,2,Iya Kak Dong,0.8072686791419983,20,Betul Keren Banget,0.793994665145874,21,Nitip Nitipp Kabarin,0.6831790208816528
7521611151013413649,fitrianifachrunisa_,asikk skuyy,0,0,-1,Mantab Uk Belakang,0.0,20,Betul Keren Banget,0.7895127534866333,2,Iya Kak Dong,0.7666398286819458
7521594649233310481,fitrianifachrunisa_,udh daftar ka gelombang 1,0,0,7,Daftar Aku Sudah,0.8034647703170776,1,Berapa Buka Kapan,0.7656251192092896,6,Dibuka Saat Mahasiswa,0.7479109764099121
7521587918630126353,_andhr,kakak mau ambil manajemen kah,0,0,0,Tidak Ada Jurusan,0.7661211490631104,5,Ada S2 Rpl,0.7888257503509521,15,Dimana Daerah Pjj,0.787165641784668
7519466557307896583,im.kaiiiii,iya iya syg🗿,0,0,2,Iya Kak Dong,0.7627159357070923,20,Betul Keren Banget,0.6927102208137512,11,Terima Kasih Salam,0.6558647751808167
7519116292491592456,fsevaa,kenapa kk?🥺,0,0,2,Iya Kak Dong,0.757472038269043,20,Betul Keren Banget,0.6922967433929443,3,Menyimak Nrrjml Binus,0.6701768636703491
7519097478005949201,au.iyyy0,kurang cocok sama ut deh kyknya 😔,0,0,2,Iya Kak Dong,0.6451587080955505,12,Umur Yang Semangat,0.6911687850952148,20,Betul Keren Banget,0.6405924558639526
7519091230182277896,im.kaiiiii,iya sayang bntr lagi,0,0,2,Iya Kak Dong,0.7517322897911072,7,Daftar Aku Sudah,0.6829748153686523,26,Bismillah Depan Bismillahirrahmanirrahim,0.6548644304275513
7519091112888861441,fitrianifachrunisa_,heh pulang🤣,0,0,2,Iya Kak Dong,0.6999934911727905,20,Betul Keren Banget,0.632453978061676,21,Nitip Nitipp Kabarin,0.623704195022583
7519090619558888199,im.kaiiiii,lom,0,0,2,Iya Kak Dong,0.7107049226760864,3,Menyimak Nrrjml Binus,0.8062629103660583,21,Nitip Nitipp Kabarin,0.7148793935775757
7518964826355680008,augustgurlllll,"Belum kak, aku masuknya wa grup untuk umum (bukan yg asli dari kampusnya)",0,0,7,Daftar Aku Sudah,0.778813898563385,4,Online Offline Full,0.7692627906799316,1,Berapa Buka Kapan,0.7510745525360107
7518964678040978194,fsevaa,udh masuk wa group blm kk,0,0,7,Daftar Aku Sudah,0.7835437059402466,1,Berapa Buka Kapan,0.7209157943725586,4,Online Offline Full,0.6916629076004028
7518964008636990216,augustgurlllll,Aku udaa🙌🏻,0,0,2,Iya Kak Dong,0.8225031495094299,24,Ilkom Ieu Balang,0.6927593946456909,20,Betul Keren Banget,0.6910009384155273
7518960854391407378,fsevaa,nah iya aku denger dari org2 gini komennya:(,0,0,2,Iya Kak Dong,0.5942474603652954,12,Umur Yang Semangat,0.6389328241348267,20,Betul Keren Banget,0.6360981464385986
7566518543320515346,user8436803,"kakk Disana gmn pembelajarannya? aku butuh yg full online, trs diakui kan ya pas lulus ?",0,0,4,Online Offline Full,0.8189777135848999,0,Tidak Ada Jurusan,0.8080077171325684,12,Umur Yang Semangat,0.7935488224029541
7566639456851526401,fitrianifachrunisa_,"full, diakui donggg",0,0,4,Online Offline Full,0.6665639877319336,2,Iya Kak Dong,0.8178925514221191,20,Betul Keren Banget,0.7277444005012512
7559856669061743378,mbakyu_122,"ka aku baru mau dftar unsia ,, aku boleh dm ga? biar bisa sharing , aku denger2 klo di ut susah nilainya ..",0,0,0,Tidak Ada Jurusan,0.8176878094673157,1,Berapa Buka Kapan,0.804039478302002,16,100 Tugas Skripsi,0.7648381590843201
7559883727877276433,fitrianifachrunisa_,chat dm aku kak yuk daftar terakhir 17okt,0,0,7,Daftar Aku Sudah,0.7747297286987305,8,Dm Admin Halo,0.759212851524353,13,Info Bagaimana Cara,0.670069694519043
7559885454767014674,mbakyu_122,ga bs chat ka pertamann nya blm di acc,0,0,1,Berapa Buka Kapan,0.6683233976364136,4,Online Offline Full,0.6773614883422852,7,Daftar Aku Sudah,0.665064811706543
7559943948842058497,fitrianifachrunisa_,di ig ka,0,0,7,Daftar Aku Sudah,0.7259945869445801,2,Iya Kak Dong,0.7805500030517578,8,Dm Admin Halo,0.738053560256958
7559486898143937297,ccheellll,akuu,0,0,3,Menyimak Nrrjml Binus,0.8802098035812378,2,Iya Kak Dong,0.7110781073570251,21,Nitip Nitipp Kabarin,0.6537196636199951
7544012079331787537,leogirl2976,aku juga manajemen kak,0,0,2,Iya Kak Dong,0.847039520740509,7,Daftar Aku Sudah,0.7632651329040527,20,Betul Keren Banget,0.7360579371452332
7543878922799858450,zahraaaisyahhh,kak aku juga calon mahasiswi mau temenan ga🥺,0,0,1,Berapa Buka Kapan,0.7421045899391174,7,Daftar Aku Sudah,0.7835904955863953,0,Tidak Ada Jurusan,0.7700554132461548
7543885799033733904,fitrianifachrunisa_,ayok kaa mutual ig @fchrnssaaa_,0,0,7,Daftar Aku Sudah,0.6870267391204834,8,Dm Admin Halo,0.6791605353355408,11,Terima Kasih Salam,0.6321104764938354
7543323683810640648,fny.poh_,Aku baru daftaaar🤣 mauu join kenalan kakk,0,0,7,Daftar Aku Sudah,0.8272217512130737,8,Dm Admin Halo,0.717759907245636,1,Berapa Buka Kapan,0.6982194185256958
7543468945057284880,fitrianifachrunisa_,yukk sini kenalan lgsg ke ig ku aja wkwk,0,0,7,Daftar Aku Sudah,0.7203100919723511,8,Dm Admin Halo,0.6840499639511108,2,Iya Kak Dong,0.6182185411453247
7515632203147019016,ms.sung_,Akuuu kakk,0,0,2,Iya Kak Dong,0.8483686447143555,3,Menyimak Nrrjml Binus,0.7360786199569702,20,Betul Keren Banget,0.7331894636154175
7515687426883781393,fitrianifachrunisa_,yuk berteman kak,0,0,7,Daftar Aku Sudah,0.6820551753044128,2,Iya Kak Dong,0.7067897915840149,8,Dm Admin Halo,0.6888939142227173
7515720756963296007,ms.sung_,Kuy buat group🤭,0,0,7,Daftar Aku Sudah,0.6342034339904785,2,Iya Kak Dong,0.6487927436828613,18,100 Universitas Siber,0.6313183307647705
7515767355315471105,fitrianifachrunisa_,AYOKKK YG MANAJEMEN KITA BUAT GRUP😭🙏🏻,0,0,7,Daftar Aku Sudah,0.6986345052719116,2,Iya Kak Dong,0.6046117544174194,26,Bismillah Depan Bismillahirrahmanirrahim,0.5813242197036743
7515939741256237832,crakress,kak boleh ikut ga aku rencana daftar maba manajemen tahun ini😔😔,0,0,0,Tidak Ada Jurusan,0.8172407150268555,1,Berapa Buka Kapan,0.8078353404998779,7,Daftar Aku Sudah,0.7790084481239319
7515978201623298832,fitrianifachrunisa_,ayookk,0,0,2,Iya Kak Dong,0.7536702752113342,21,Nitip Nitipp Kabarin,0.7118964791297913,25,Semangat Wah Tetap,0.6592020392417908
7518933167039333127,fsevaa,kk maba thn ini kah,0,0,1,Berapa Buka Kapan,0.7004767656326294,7,Daftar Aku Sudah,0.7175239324569702,0,Tidak Ada Jurusan,0.7068383693695068
7585487706197852948,calon.jenazah1617,bismillah aku mau coba juga kuliah di unsia adakah disini yg mau daftar jga jurusan manajemen?,2,9,26,Bismillah Depan Bismillahirrahmanirrahim,0.5704226493835449,0,Tidak Ada Jurusan,0.8349334597587585,9,Id Ac Pmb,0.7640790939331055
7596314479971091216,theresi62,ka sama ka,0,0,2,Iya Kak Dong,0.8055908679962158,7,Daftar Aku Sudah,0.6835097670555115,25,Semangat Wah Tetap,0.6779211163520813
7585502627049718548,sebutmecom,"aku kak, tapi masih bingung antara ut atau unsia",0,0,1,Berapa Buka Kapan,0.7651969790458679,0,Tidak Ada Jurusan,0.8045076727867126,4,Online Offline Full,0.7585035562515259
7591033024478741249,slimontye,Unsia aja kha gampang lulusnya,0,0,5,Ada S2 Rpl,0.7101399898529053,0,Tidak Ada Jurusan,0.7203947305679321,4,Online Offline Full,0.6878763437271118
7591004269907313424,slimontye,Bareng q khaa,0,0,2,Iya Kak Dong,0.7447763681411743,24,Ilkom Ieu Balang,0.7849992513656616,26,Bismillah Depan Bismillahirrahmanirrahim,0.697358250617981
7591009432197432084,calon.jenazah1617,tapi aku blm daftar ka insya Allah tengah bln ini atau Febuari nya 😅,0,0,7,Daftar Aku Sudah,0.7976421117782593,1,Berapa Buka Kapan,0.7665911912918091,6,Dibuka Saat Mahasiswa,0.7452110648155212
7591032941724877569,slimontye,Siap kha,0,0,2,Iya Kak Dong,0.6785345077514648,26,Bismillah Depan Bismillahirrahmanirrahim,0.6325829029083252,3,Menyimak Nrrjml Binus,0.6050068140029907
7589955761134093057,lukman_gansz,"nah samaan kita jurusan manajemen,masih bingung tapi ni UT apa UNSIA",0,0,2,Iya Kak Dong,0.5289204716682434,0,Tidak Ada Jurusan,0.7862067222595215,12,Umur Yang Semangat,0.7496072053909302
7589965534671373076,calon.jenazah1617,aku fix unsia si ka hehehe,0,0,7,Daftar Aku Sudah,0.7755377888679504,4,Online Offline Full,0.7335443496704102,12,Umur Yang Semangat,0.7328448295593262
7585518356771357460,calon.jenazah1617,klu aku udh fix unsia aja ka ga tau knp tertarik aja,0,0,0,Tidak Ada Jurusan,0.715467095375061,7,Daftar Aku Sudah,0.7484638094902039,12,Umur Yang Semangat,0.734142541885376
7582745649306026770,kafabihi04______0,ada yang ambil akuntansi unsia?,0,4,0,Tidak Ada Jurusan,0.8122540712356567,5,Ada S2 Rpl,0.8059049248695374,18,100 Universitas Siber,0.7606692910194397
7653550598318883602,dnsgtch,"aku niatnya mau ambil kak ini,infonya dong",0,0,11,Terima Kasih Salam,0.7015117406845093,7,Daftar Aku Sudah,0.8090577125549316,1,Berapa Buka Kapan,0.7502173185348511
7584411895919788808,pcrnyakai,"aku niatnya mau ambil, boleh tnya ga kak?",0,0,1,Berapa Buka Kapan,0.8080061078071594,7,Daftar Aku Sudah,0.8020856380462646,0,Tidak Ada Jurusan,0.7714527249336243
7584425355407442706,kafabihi04______0,aku jga baru mau,0,0,-1,Mantab Uk Belakang,0.0,2,Iya Kak Dong,0.7528072595596313,7,Daftar Aku Sudah,0.7130255699157715
7584427332990534418,pcrnyakai,aku gabisa dm kaka,0,0,8,Dm Admin Halo,0.7296177744865417,2,Iya Kak Dong,0.7277945280075073,7,Daftar Aku Sudah,0.716605544090271
7567179454531797780,bangskyy_football,"kalo yang kerja di Luar Negeri, bisa ngambil kelas onlinenya gak kak?, yang sama sekali gak ke kampus gitu",6,7,0,Tidak Ada Jurusan,0.7709602117538452,4,Online Offline Full,0.7561734914779663,12,Umur Yang Semangat,0.733191728591919
7569481606366151431,ikutikutan,"Halo kak unsia sistem online 100% ya kak. Jd mulai perkuliahan, tugas, UAS, uts, sidang semua online😍",2,0,4,Online Offline Full,0.7937784790992737,16,100 Tugas Skripsi,0.8578699827194214,9,Id Ac Pmb,0.7830145359039307
7570344398200161044,agnesfy4,"kak saya tki di penang,ribet ga ya daftar sama kuliahnya? pengen kuliah nih",2,0,0,Tidak Ada Jurusan,0.844796895980835,1,Berapa Buka Kapan,0.822140634059906,12,Umur Yang Semangat,0.7586333751678467
7570366489666257672,ikutikutan,"Halo kak aman kak, bisa dm aku ya kak buat more info😍",0,0,8,Dm Admin Halo,0.8908533453941345,7,Daftar Aku Sudah,0.7192395925521851,13,Info Bagaimana Cara,0.6890155076980591
7570622764353749781,agnesfy4,privat ka,0,0,2,Iya Kak Dong,0.8889309167861938,20,Betul Keren Banget,0.7906138896942139,21,Nitip Nitipp Kabarin,0.7741312980651855
7580888621394395921,terserah.uptoyou,privat ka,0,0,2,Iya Kak Dong,0.8889309167861938,20,Betul Keren Banget,0.7906138896942139,21,Nitip Nitipp Kabarin,0.7741312980651855
7567399232898941716,sintiarifa5,nitip😭🙏,0,0,21,Nitip Nitipp Kabarin,0.9735068678855896,3,Menyimak Nrrjml Binus,0.7572670578956604,2,Iya Kak Dong,0.7146409749984741
7574319621689082631,candi.naa,Ada anak akuntansi ga?,2,3,5,Ada S2 Rpl,0.7746310830116272,2,Iya Kak Dong,0.7616792321205139,15,Dimana Daerah Pjj,0.6974079012870789
7633573629620126485,fayeyoko.babebies,aku baru mau daftar kak,0,0,7,Daftar Aku Sudah,0.8893648386001587,1,Berapa Buka Kapan,0.7762669920921326,2,Iya Kak Dong,0.7640547752380371
7594021241674711825,elsanindiaa,Udh daftar kk b,0,0,7,Daftar Aku Sudah,0.7965686321258545,2,Iya Kak Dong,0.7673279047012329,11,Terima Kasih Salam,0.7011096477508545
7582745557002240776,kafabihi04______0,aku akuntansi,0,0,3,Menyimak Nrrjml Binus,0.8074851036071777,2,Iya Kak Dong,0.7477453947067261,21,Nitip Nitipp Kabarin,0.6483938694000244
7545371909555274504,akla_akla156,Ada program S2 nya ga ka??,0,1,0,Tidak Ada Jurusan,0.8831073045730591,5,Ada S2 Rpl,0.8509480953216553,1,Berapa Buka Kapan,0.8432860374450684
7557033070730642183,bar18528,Baru mau buka kak,0,0,1,Berapa Buka Kapan,0.7182508707046509,7,Daftar Aku Sudah,0.8029546737670898,2,Iya Kak Dong,0.7624199390411377
7576132856351654676,nazmul.milal,"kalo daftar gelombang 2 tahun ini, mulai kuliah nya kapan ya.? saya mau masuk ilmu komunikasi",2,11,1,Berapa Buka Kapan,0.7525573968887329,0,Tidak Ada Jurusan,0.7971723079681396,12,Umur Yang Semangat,0.7302191257476807
7576563986196415240,univsiberasia,"Hi Kak, perkuliahan akan dimulai di bulan April 2026 ya🤩",0,0,6,Dibuka Saat Mahasiswa,0.8555217385292053,9,Id Ac Pmb,0.7380164265632629,1,Berapa Buka Kapan,0.7187620401382446
7576613938600870677,siff_15,"sama kak,mau daftar ilkom mau pindah dari uin",2,0,7,Daftar Aku Sudah,0.7619732618331909,0,Tidak Ada Jurusan,0.8177264928817749,1,Berapa Buka Kapan,0.7848244905471802
7589472513911178001,fajarartstudio,"halo kak, salam maba ilkom😁",2,0,11,Terima Kasih Salam,0.7816083431243896,10,Selalu Amin Semoga,0.7484031915664673,8,Dm Admin Halo,0.7078560590744019
7589475262644077332,nazmul.milal,salam kenal bang,0,0,11,Terima Kasih Salam,0.7941179871559143,10,Selalu Amin Semoga,0.6575304269790649,20,Betul Keren Banget,0.6390175819396973
7576614186399449876,nazmul.milal,"mantap ka, salam kenal",0,0,11,Terima Kasih Salam,0.8927963972091675,20,Betul Keren Banget,0.7601585388183594,10,Selalu Amin Semoga,0.72703617811203
7589886077340828434,amiutami37,kaka ngulang dr semester 1 kh?,0,0,0,Tidak Ada Jurusan,0.7171899080276489,12,Umur Yang Semangat,0.7066367268562317,7,Daftar Aku Sudah,0.6959620714187622
7589939529861137159,siff_15,"iyaa kak,niatnya gtu
tapi belum daftar sii",0,0,7,Daftar Aku Sudah,0.831911563873291,12,Umur Yang Semangat,0.7602331638336182,4,Online Offline Full,0.7491592168807983
7576280776183186184,insanity.lf,nitip bg. ada niatan daftar juga,0,0,7,Daftar Aku Sudah,0.7750128507614136,1,Berapa Buka Kapan,0.6855876445770264,12,Umur Yang Semangat,0.6767832040786743
7576280961286341397,nazmul.milal,"wih mantep bang, jurusan apa nih",0,0,0,Tidak Ada Jurusan,0.6989948153495789,15,Dimana Daerah Pjj,0.6972823143005371,12,Umur Yang Semangat,0.6797956228256226
7576283365566661394,insanity.lf,"belum bg, masih niat haha
niatnya manajemen atau public administration
katanya sih banyak teori doang jadi bisa baca2 sambil kerja.
atau mungkin abgnya ada saran jurusan yg lain boleh share ke saya hehe",0,0,7,Daftar Aku Sudah,0.6782431602478027,12,Umur Yang Semangat,0.770896315574646,0,Tidak Ada Jurusan,0.7365827560424805
7576293534882988820,nazmul.milal,"gatau saya juga, saya rencana mau ambil ilkom sih, soalnya biar bisa public speaking juga",0,0,7,Daftar Aku Sudah,0.6663250923156738,12,Umur Yang Semangat,0.7190441489219666,0,Tidak Ada Jurusan,0.7083294987678528
7528447939384853255,me.varro,aku dari manajemen ka,3,8,2,Iya Kak Dong,0.7534972429275513,7,Daftar Aku Sudah,0.7108258008956909,15,Dimana Daerah Pjj,0.7022432684898376
7534145999679423250,vell.gasuka.matcha,Halo aku juga😁,1,0,8,Dm Admin Halo,0.6481637358665466,2,Iya Kak Dong,0.776387095451355,11,Terima Kasih Salam,0.7158235907554626
7544012458000696081,leogirl2976,hallo kak aku juga manajemen,0,0,2,Iya Kak Dong,0.6799160838127136,8,Dm Admin Halo,0.7665927410125732,11,Terima Kasih Salam,0.7505314350128174
7528690486429991698,fsevaa,kak aku jugaa.. udh ada group blm si kak😭,0,0,7,Daftar Aku Sudah,0.8357188105583191,1,Berapa Buka Kapan,0.7746479511260986,8,Dm Admin Halo,0.7614246606826782
7531042833865671442,ptrifdhllh,"belum kak, nanti akan bnyak grup kalo sudah mulai kuliah🙏",1,0,7,Daftar Aku Sudah,0.8014865517616272,12,Umur Yang Semangat,0.7520148754119873,4,Online Offline Full,0.7282127737998962
7531043032474125074,ptrifdhllh,kak boleh kenalan? aku dari prodi akuntansi,0,0,17,Informasi Informatika Akuntansi,0.6876180171966553,0,Tidak Ada Jurusan,0.7776368856430054,7,Daftar Aku Sudah,0.7329796552658081
7544153544804778770,vell.gasuka.matcha,Blh kak😁,0,0,2,Iya Kak Dong,0.8746737241744995,8,Dm Admin Halo,0.7744863629341125,7,Daftar Aku Sudah,0.7539335489273071
7536480975705228039,saputra.saputra740,satu prodi nih,0,0,2,Iya Kak Dong,0.7533751726150513,5,Ada S2 Rpl,0.7255355715751648,18,100 Universitas Siber,0.7175725698471069
7530600980971520769,nama.12_0,kak mau nanya klu masuk sini ada tesnya jga atau tdk,0,0,0,Tidak Ada Jurusan,0.822418212890625,1,Berapa Buka Kapan,0.834211528301239,4,Online Offline Full,0.7651204466819763
7540537926485312264,wean1991,temen2 real GK nih.... soalnya saya uda daftar nih kk semua...mohon konfirmasi..🙏🙏,0,2,0,Tidak Ada Jurusan,0.638845682144165,7,Daftar Aku Sudah,0.7502458691596985,8,Dm Admin Halo,0.7411723136901855
7540559817933898514,univsiberasia,"Halo Kak, real dong no tipu-tipu🤗",1,0,8,Dm Admin Halo,0.7400684356689453,11,Terima Kasih Salam,0.6969459652900696,7,Daftar Aku Sudah,0.6690570116043091
7540563540122977042,wean1991,mantap...👍,0,0,11,Terima Kasih Salam,0.6669318675994873,20,Betul Keren Banget,0.8242471218109131,2,Iya Kak Dong,0.752457857131958
7594505847054418695,mpokasih4,kak ini kan sistem online untuk wisuda apakah online juga,0,1,4,Online Offline Full,0.8652161955833435,1,Berapa Buka Kapan,0.8058486580848694,0,Tidak Ada Jurusan,0.7686176300048828
7594679766146827026,univsiberasia,"Halo Kak, untuk wisuda dilaksanakan secara hybrid ya",0,0,6,Dibuka Saat Mahasiswa,0.8604370355606079,16,100 Tugas Skripsi,0.7583408355712891,9,Id Ac Pmb,0.748196005821228
7210568176425616154,munawaroh8502,hadir keren,0,1,20,Betul Keren Banget,0.762579083442688,2,Iya Kak Dong,0.7389860153198242,26,Bismillah Depan Bismillahirrahmanirrahim,0.7026572227478027
7210615826927321882,univsiberasia,terima kasih Kak 😊,3,0,11,Terima Kasih Salam,0.8841306567192078,8,Dm Admin Halo,0.7074587345123291,2,Iya Kak Dong,0.7062433958053589
7637219236780327700,tantanpoo,halo kak untuk mahasiswa baru bisa daftar kah?,0,1,6,Dibuka Saat Mahasiswa,0.854798436164856,1,Berapa Buka Kapan,0.7765508890151978,19,Jalur Konversi Melalui,0.7741292119026184
7637457626088342280,univsiberasia,"Hi Kak, saat ini masih dibuka ya pendaftaran mahasiswa baru di UNSIA🤗",0,0,6,Dibuka Saat Mahasiswa,0.9171949625015259,9,Id Ac Pmb,0.7957732677459717,16,100 Tugas Skripsi,0.7482577562332153
7210395634007786266,hen86985,Berkah selalu 🤲,0,1,10,Selalu Amin Semoga,0.7159889340400696,26,Bismillah Depan Bismillahirrahmanirrahim,0.7526395320892334,25,Semangat Wah Tetap,0.7352200746536255
7210615809818133274,univsiberasia,"aamiin, terima kasih Kak 😊",0,0,11,Terima Kasih Salam,0.8760815858840942,10,Selalu Amin Semoga,0.7889936566352844,25,Semangat Wah Tetap,0.7414896488189697
7572779584908247828,kirei_cf,"Suami q di UNSIA , Smester 2 🙏😌",0,0,0,Tidak Ada Jurusan,0.6765053272247314,18,100 Universitas Siber,0.7191261053085327,16,100 Tugas Skripsi,0.6464252471923828
7583008172849464071,_liyana94,"kak, di unsia ada prodi administrasi bisnis tidak ya?",0,0,0,Tidak Ada Jurusan,0.8735648393630981,1,Berapa Buka Kapan,0.7997358441352844,16,100 Tugas Skripsi,0.7853919267654419
7577928964405953296,jualanembakdee,maksudnya universitas2 tersebut partner unsia itu gmana?,0,0,0,Tidak Ada Jurusan,0.7381041049957275,5,Ada S2 Rpl,0.7106945514678955,1,Berapa Buka Kapan,0.6763085126876831
7583985583586050823,ayaaana_0,ada rpl ngga?,2,1,5,Ada S2 Rpl,0.786819577217102,2,Iya Kak Dong,0.7646896839141846,15,Dimana Daerah Pjj,0.7145299911499023
7583991627791008530,univsiberasia,Hi Kak. Ada ya RPL transkrip nilai,0,0,16,100 Tugas Skripsi,0.756683349609375,1,Berapa Buka Kapan,0.7301152944564819,0,Tidak Ada Jurusan,0.7298893928527832
7573672176261628690,ziziii_zzn,infokan beasiswaa😭😭,0,0,13,Info Bagaimana Cara,0.6030023097991943,3,Menyimak Nrrjml Binus,0.551334798336029,22,Biayanya Berapa Biaya,0.5501836538314819
7213561681074045722,xsatyaf,kak ada pertukaran mahasiswa gak kak sama kampus yg jadi partner unsia😅,1,0,0,Tidak Ada Jurusan,0.8121954202651978,1,Berapa Buka Kapan,0.7781572341918945,6,Dibuka Saat Mahasiswa,0.7445164918899536
7596932612846486273,rosalindayamormexico,Bangganya jd mahasiswa disini,0,0,10,Selalu Amin Semoga,0.6983417272567749,18,100 Universitas Siber,0.6574044227600098,26,Bismillah Depan Bismillahirrahmanirrahim,0.6518920660018921
7586626350292353800,jeun.victiory,Kak ada ilmu pemerintahan?,0,0,5,Ada S2 Rpl,0.8122745752334595,15,Dimana Daerah Pjj,0.7483749389648438,0,Tidak Ada Jurusan,0.7431284785270691
7578008829583049479,tiarazkla,jalur rpl kapan buka min?,0,0,5,Ada S2 Rpl,0.751567006111145,1,Berapa Buka Kapan,0.7809872627258301,0,Tidak Ada Jurusan,0.7316237688064575
7572108832265339669,bstpink3,ada program d3 ke s1 ga kak?,0,0,0,Tidak Ada Jurusan,0.8368797898292542,5,Ada S2 Rpl,0.7724790573120117,1,Berapa Buka Kapan,0.7500675916671753
7459694979011592967,arsy_ss,Kak PJJ itu bisa daftar cpns ga sih kk?,1,0,1,Berapa Buka Kapan,0.8294901251792908,0,Tidak Ada Jurusan,0.8233044147491455,4,Online Offline Full,0.7769573926925659
7593550550798156564,sinay.kaf,"kak tolong balas ya kak, bisa ga kak double degree sama kampus yg kerja sama ini? terus harus daftar di unsia dulu atau gimana kak",2,0,0,Tidak Ada Jurusan,0.8330576419830322,1,Berapa Buka Kapan,0.8132510185241699,9,Id Ac Pmb,0.7843953967094421
7577218448053355281,odeeunoia,min gimana cara daftar nya,0,0,1,Berapa Buka Kapan,0.8013550043106079,13,Info Bagaimana Cara,0.834593653678894,0,Tidak Ada Jurusan,0.6881096363067627
7230155502913766170,iakm000,kerja sama dalam bentuk apa nih ka? studi banndin apa pertukaran mahasiswa gitu kah?,5,0,1,Berapa Buka Kapan,0.7004587650299072,0,Tidak Ada Jurusan,0.7500764727592468,5,Ada S2 Rpl,0.7146111726760864
7545857519287616263,syalomyn,untk program s2 jurusan apa aja kak?,0,0,0,Tidak Ada Jurusan,0.8315144777297974,1,Berapa Buka Kapan,0.7534612417221069,5,Ada S2 Rpl,0.7444612979888916
7548617719823139592,riantabrnainggo90,kira2 ad program pertukaran mahasiswa di hanyang kah kak?,0,0,1,Berapa Buka Kapan,0.7852460741996765,0,Tidak Ada Jurusan,0.798769474029541,15,Dimana Daerah Pjj,0.7668193578720093
7577408322555740936,micstnjk,s2 apakah ada terbuka,0,0,5,Ada S2 Rpl,0.7993450164794922,0,Tidak Ada Jurusan,0.7515817880630493,1,Berapa Buka Kapan,0.6780898571014404
7575724693551661825,giaseotcyv3,UNPERTI bagus kak,0,0,2,Iya Kak Dong,0.8221501708030701,11,Terima Kasih Salam,0.7963500618934631,20,Betul Keren Banget,0.7632074356079102
7215853906067407621,mharyo_s88,"@gak tahun siapa: info pertukaran mahasiswa ke Korea min, dah semester 5 ini 🫠🫠🫠",1,0,0,Tidak Ada Jurusan,0.7679527401924133,12,Umur Yang Semangat,0.7861658334732056,7,Daftar Aku Sudah,0.7186345458030701
7593531525309432584,sysynat1,🥺,0,0,3,Menyimak Nrrjml Binus,0.995229959487915,21,Nitip Nitipp Kabarin,0.6757673621177673,2,Iya Kak Dong,0.6486166715621948
7590595699285459719,onejil0vz,😍,0,0,3,Menyimak Nrrjml Binus,0.995229959487915,21,Nitip Nitipp Kabarin,0.6757673621177673,2,Iya Kak Dong,0.6486166715621948
7589300067610624775,lalycha_,😁,0,0,3,Menyimak Nrrjml Binus,0.995229959487915,21,Nitip Nitipp Kabarin,0.6757673621177673,2,Iya Kak Dong,0.6486166715621948
7576542367190057749,yusni_umaricu,😁,0,0,3,Menyimak Nrrjml Binus,0.995229959487915,21,Nitip Nitipp Kabarin,0.6757673621177673,2,Iya Kak Dong,0.6486166715621948
7540714844694823698,user.00310109,😁,0,0,3,Menyimak Nrrjml Binus,0.995229959487915,21,Nitip Nitipp Kabarin,0.6757673621177673,2,Iya Kak Dong,0.6486166715621948
7537858162901304072,miegoreng1236,😄,0,0,3,Menyimak Nrrjml Binus,0.995229959487915,21,Nitip Nitipp Kabarin,0.6757673621177673,2,Iya Kak Dong,0.6486166715621948
7528044975490810632,din.din__77,😂,0,0,3,Menyimak Nrrjml Binus,0.995229959487915,21,Nitip Nitipp Kabarin,0.6757673621177673,2,Iya Kak Dong,0.6486166715621948
7502021848373805845,kayelenaraim,🥰,0,0,3,Menyimak Nrrjml Binus,0.995229959487915,21,Nitip Nitipp Kabarin,0.6757673621177673,2,Iya Kak Dong,0.6486166715621948
7580902814000694034,rulxaini,kaa unsia Bisa kipk gaa😭,0,1,5,Ada S2 Rpl,0.7955223321914673,1,Berapa Buka Kapan,0.8150720596313477,7,Daftar Aku Sudah,0.8114893436431885
7581380155180974855,univsiberasia,"Hi Kak, bisa yaaa🤩",0,0,8,Dm Admin Halo,0.8723907470703125,11,Terima Kasih Salam,0.7731715440750122,7,Daftar Aku Sudah,0.7483357787132263
7590595668567360274,onejil0vz,😘,0,0,3,Menyimak Nrrjml Binus,0.995229959487915,21,Nitip Nitipp Kabarin,0.6757673621177673,2,Iya Kak Dong,0.6486166715621948
6997298641132126978,yeonae9961,🥰🥰🥰,0,0,3,Menyimak Nrrjml Binus,0.995229959487915,21,Nitip Nitipp Kabarin,0.6757673621177673,2,Iya Kak Dong,0.6486166715621948
6997303609184617242,nimawayae,merdeka,0,0,3,Menyimak Nrrjml Binus,0.8692018985748291,21,Nitip Nitipp Kabarin,0.6120469570159912,2,Iya Kak Dong,0.6063573360443115
7015120128623493914,mahakaryaisenmulang,Bingung Cari Konveksi Seragam Yang Aman Dan Terpercaya ? Isen Mulang Konveksi Solusinya.,0,0,2,Iya Kak Dong,0.3621969521045685,12,Umur Yang Semangat,0.4908232092857361,15,Dimana Daerah Pjj,0.4520467221736908
7100094568443593499,all_hid,maju terus UNSIA,0,1,10,Selalu Amin Semoga,0.7792646884918213,25,Semangat Wah Tetap,0.7348211407661438,26,Bismillah Depan Bismillahirrahmanirrahim,0.6829756498336792
7100775581754606362,univsiberasia,🙏🙏,0,0,3,Menyimak Nrrjml Binus,0.995229959487915,21,Nitip Nitipp Kabarin,0.6757673621177673,2,Iya Kak Dong,0.6486166715621948
7100076373167440667,rakhmawati675,Banyak terima kasih Universitas Siber Asia. Semoga Unsia dan UBD semakin maju dan terdepan. Aamiin🙏🙏🥰🥰,1,1,10,Selalu Amin Semoga,0.7918474674224854,27,Pt Terakreditasi Ban,0.6478309631347656,11,Terima Kasih Salam,0.6016241908073425
7100090795658904346,univsiberasia,"aamiin terima kasih, sukses selalu🥰😊",1,0,10,Selalu Amin Semoga,0.7800827026367188,11,Terima Kasih Salam,0.7553532123565674,25,Semangat Wah Tetap,0.6689801812171936
7100098340419388186,elsateresia05,Yuk Unsia makin sukses,1,0,10,Selalu Amin Semoga,0.7802461385726929,26,Bismillah Depan Bismillahirrahmanirrahim,0.6940648555755615,25,Semangat Wah Tetap,0.6933443546295166
7062262696573682458,rioetarigan,Perkiraan brp tahun lg kira2 mendapat akreditasi b keatas kak?,0,1,1,Berapa Buka Kapan,0.7301827073097229,0,Tidak Ada Jurusan,0.7348874807357788,14,Dicicil 3Jt Biaya,0.7145594358444214
7077155088065889050,fxxkituu,akreditasinya unsia saat ini apa?,0,0,0,Tidak Ada Jurusan,0.6847054958343506,27,Pt Terakreditasi Ban,0.7184584736824036,17,Informasi Informatika Akuntansi,0.6673969030380249
7038246126100939546,pinuser123,Hai kak apakah ujianya juga online ?,0,0,4,Online Offline Full,0.7552289962768555,1,Berapa Buka Kapan,0.7769650220870972,16,100 Tugas Skripsi,0.7733776569366455
7531059655713342215,whyy.1555,"min itu pas skripsian nya gimana? dapet relasi dari mana klo emang kuliahan nya full online?? aku pengen gabung di unsia tapi takut jika nanti pas skripsian nya lebih ribet dari pada univ lain, minn boleh shering² gk seputar kuliahan nya",0,0,0,Tidak Ada Jurusan,0.7896724343299866,12,Umur Yang Semangat,0.7750060558319092,4,Online Offline Full,0.7328234314918518
7502028084091175687,memoriesneverdie_14,😆,0,0,3,Menyimak Nrrjml Binus,0.995229959487915,21,Nitip Nitipp Kabarin,0.6757673621177673,2,Iya Kak Dong,0.6486166715621948
7013207053049414426,caca.ryn,sudah ikutan🥰,0,0,7,Daftar Aku Sudah,0.734026312828064,2,Iya Kak Dong,0.7775382399559021,21,Nitip Nitipp Kabarin,0.684752345085144
7006889425947181825,bangjoel168,https://vt.tiktok.com/ZSJKXysyP/,1,0,2,Iya Kak Dong,0.5057885646820068,24,Ilkom Ieu Balang,0.6414903998374939,18,100 Universitas Siber,0.5293484926223755
7018843425323631386,xenaaprilia,https://vt.tiktok.com/ZSeLtc4T5/,0,0,2,Iya Kak Dong,0.4979185461997986,24,Ilkom Ieu Balang,0.596464991569519,18,100 Universitas Siber,0.5364232659339905
6990680905845113627,sushicibaduyut20,Pingin coba maen ke kampus tapi jauh 😂,2,0,1,Berapa Buka Kapan,0.5693515539169312,12,Umur Yang Semangat,0.6541249752044678,0,Tidak Ada Jurusan,0.6148334741592407
7017195318718497563,elyne_bbh,kak almamater nya bukan itu yg kakak pakai,0,0,5,Ada S2 Rpl,0.6600401401519775,15,Dimana Daerah Pjj,0.6951153874397278,4,Online Offline Full,0.6908528804779053
7062262052282254107,rioetarigan,Perkiraan brp tahun lg kira2 mendapat akreditasi b keatas kak,0,0,1,Berapa Buka Kapan,0.7301827073097229,0,Tidak Ada Jurusan,0.7348874807357788,14,Dicicil 3Jt Biaya,0.7145594358444214
7006889660929000194,bangjoel168,https://vt.tiktok.com/ZSJKXysyP/,1,0,2,Iya Kak Dong,0.5057885646820068,24,Ilkom Ieu Balang,0.6414903998374939,18,100 Universitas Siber,0.5293484926223755
7119326328146969371,iniakutapiboong,terakreditasi apa unsia kalo bole tau kak🙏🏻,0,5,27,Pt Terakreditasi Ban,0.7136853933334351,15,Dimana Daerah Pjj,0.7995108366012573,0,Tidak Ada Jurusan,0.796046257019043
7145119678691689243,agnessacintaofficial18,ga ada jawaban kan sangat d ragukan,0,0,4,Online Offline Full,0.5479575395584106,5,Ada S2 Rpl,0.5483423471450806,12,Umur Yang Semangat,0.5373712778091431
7271235846350537477,bebeelacc2,Bisa di cek di pddikti,0,0,9,Id Ac Pmb,0.6262747645378113,13,Info Bagaimana Cara,0.6716388463973999,4,Online Offline Full,0.6517544984817505
7271235819816534789,bebeelacc2,Terakreditasi B ya kaka,0,0,27,Pt Terakreditasi Ban,0.6485949158668518,2,Iya Kak Dong,0.8181977868080139,11,Terima Kasih Salam,0.8180491924285889
7234148876248138502,batikfaaro,2023 nih kak udah daftar kuliah belom?,0,0,7,Daftar Aku Sudah,0.8196980953216553,0,Tidak Ada Jurusan,0.8035130500793457,1,Berapa Buka Kapan,0.7907081842422485
7160626313806480154,s.willz,Terakreditasi B oleh BAN-PT?? entahlah di brosur depan kelas sekolah saya sih gitu yak 🥲,0,0,0,Tidak Ada Jurusan,0.7017472982406616,12,Umur Yang Semangat,0.6892102360725403,4,Online Offline Full,0.6679097414016724
7498925780861911826,call_me_nana313,btw udh buka?,0,15,1,Berapa Buka Kapan,0.6528463363647461,2,Iya Kak Dong,0.7541975975036621,7,Daftar Aku Sudah,0.7507815361022949
7498979903275221778,nescape06,mau daftar jg ka?,0,0,7,Daftar Aku Sudah,0.889697790145874,13,Info Bagaimana Cara,0.8285458087921143,1,Berapa Buka Kapan,0.8232778310775757
7500591004623061767,ananda_hildaaa,"iya ka mau daftar
kk nya mau daftar juga atau emang suda mahasiswa sana?",1,0,7,Daftar Aku Sudah,0.8141096830368042,0,Tidak Ada Jurusan,0.7953916192054749,1,Berapa Buka Kapan,0.7887777090072632
7500591249872012039,nescape06,masih mau daftar ka niatnya cari berengan😁,0,0,7,Daftar Aku Sudah,0.8412460088729858,1,Berapa Buka Kapan,0.7762727737426758,15,Dimana Daerah Pjj,0.7328141927719116
7501320764320285461,milo000ow,daftarnya lewat mana ya kak,0,0,1,Berapa Buka Kapan,0.8544405102729797,15,Dimana Daerah Pjj,0.8174374103546143,13,Info Bagaimana Cara,0.810701847076416
7502295920593093393,ujungan.a,lewat web kak,0,0,1,Berapa Buka Kapan,0.6518642902374268,2,Iya Kak Dong,0.7677547931671143,18,100 Universitas Siber,0.7280713319778442
7503392572955542292,fitrianifachrunisa_,"ka aku udh daftar dan test alhamdulillah lolos, udh byr ukt, gatau ini blm dikabarin dr univnya😭",0,0,1,Berapa Buka Kapan,0.7445467114448547,12,Umur Yang Semangat,0.7830361127853394,7,Daftar Aku Sudah,0.756118893623352
7501168178157880071,call_me_nana313,iyaa,0,0,2,Iya Kak Dong,0.8304998874664307,20,Betul Keren Banget,0.7762936949729919,3,Menyimak Nrrjml Binus,0.7603020071983337
7585352450624701191,pppcik,ka aku mau tanya” boleh ga🥺,0,0,1,Berapa Buka Kapan,0.787253737449646,8,Dm Admin Halo,0.8030730485916138,7,Daftar Aku Sudah,0.7701885104179382
7531611188213859088,fitrianifachrunisa_,itu aja ka,0,0,2,Iya Kak Dong,0.7984753847122192,20,Betul Keren Banget,0.7029783725738525,11,Terima Kasih Salam,0.6633065938949585
7531324249722585873,mn6aaa,biayanya itu doang kak? atau ada biaya lain?,0,0,1,Berapa Buka Kapan,0.7476035952568054,14,Dicicil 3Jt Biaya,0.7341566681861877,22,Biayanya Berapa Biaya,0.7172510623931885
7531289134897382145,fitrianifachrunisa_,"3jt dicicil 3kali, pas daftar ulg, uts, dan pas mau uas",0,0,14,Dicicil 3Jt Biaya,0.7524223327636719,4,Online Offline Full,0.5766855478286743,12,Umur Yang Semangat,0.5721017718315125
7531253590007939857,mn6aaa,kak biayanya apa aja dan berapa? aku juga mau daftar manajemen,0,0,1,Berapa Buka Kapan,0.7959463596343994,0,Tidak Ada Jurusan,0.7292129397392273,22,Biayanya Berapa Biaya,0.7285804748535156
7585776093434200839,univsiberasia,Bolehhh dong Kakak🤩,0,0,2,Iya Kak Dong,0.8104454278945923,7,Daftar Aku Sudah,0.7636215686798096,11,Terima Kasih Salam,0.7411240339279175
7004738947377496858,kuroonekoow,kaka boleh konsul ga? aku rencana mau daftar di sini tp msh ga tau apa apa tentang perkuliahan 😭,3,4,0,Tidak Ada Jurusan,0.7971473932266235,1,Berapa Buka Kapan,0.7513957619667053,12,Umur Yang Semangat,0.7329666018486023
7366091107321414405,mattchaayuuu,"halo aku juga dari 2024, apakah jadi daftar unsia kak? masih bingungg",0,0,0,Tidak Ada Jurusan,0.8076440095901489,1,Berapa Buka Kapan,0.8177533149719238,16,100 Tugas Skripsi,0.7987974286079407
7580191717610472200,teajusapell99,"kk ak dari 2025 gmn ka, tolong kasih tau ak masih bingung🙏",0,0,1,Berapa Buka Kapan,0.733332633972168,8,Dm Admin Halo,0.7468680143356323,7,Daftar Aku Sudah,0.7317709922790527
7580221115190379282,univsiberasia,"Hi Kakak, kalau masih bingung bisa dm Mimin ya🤗",0,0,8,Dm Admin Halo,0.8913776874542236,11,Terima Kasih Salam,0.7073965072631836,1,Berapa Buka Kapan,0.7047851085662842
7336522704901915398,aadindaa_1,"halo aku dari 2024😃, gimana udh masuk unsia kak??",0,0,0,Tidak Ada Jurusan,0.7946291565895081,6,Dibuka Saat Mahasiswa,0.8183791637420654,27,Pt Terakreditasi Ban,0.8035752773284912
7599611072571638529,firaaaa.22,kaaaa Kenapa aku baru daftar tapi malah ada tulisan nik sudah terdaftar 1 kali padahal aku mau bayar biaya pendaftaran mau lanjut tapi g bisa,0,0,1,Berapa Buka Kapan,0.7214666604995728,12,Umur Yang Semangat,0.6970816254615784,0,Tidak Ada Jurusan,0.6831799745559692
7589867319754113808,ferianggarzm,cara daftar ulang nya gimana minn ini udah bayar,0,0,1,Berapa Buka Kapan,0.7466769218444824,13,Info Bagaimana Cara,0.7438210248947144,14,Dicicil 3Jt Biaya,0.6662420630455017
7502769845211136776,n.4in1,Mirip ka @iamegamei | Ig:@iamegamei 😳😳😳,2,0,7,Daftar Aku Sudah,0.5896772742271423,18,100 Universitas Siber,0.5443897247314453,2,Iya Kak Dong,0.534503698348999
7584248873955246856,4ndrekyz,😇,0,0,3,Menyimak Nrrjml Binus,0.995229959487915,21,Nitip Nitipp Kabarin,0.6757673621177673,2,Iya Kak Dong,0.6486166715621948
7536293389642416904,sollection1,Ini kamu bukan sih?? Kuliah disini?? @iamegamei,0,0,0,Tidak Ada Jurusan,0.644527792930603,12,Umur Yang Semangat,0.6775957345962524,18,100 Universitas Siber,0.6742781400680542
7492806153480586002,caramelbutterbeer,😳,0,0,3,Menyimak Nrrjml Binus,0.995229959487915,21,Nitip Nitipp Kabarin,0.6757673621177673,2,Iya Kak Dong,0.6486166715621948
7495045470978589448,sheissheiiii,@mbambatujeya ini kakak yaaa? kakak dulu unsia kakk?,2,0,2,Iya Kak Dong,0.6801740527153015,7,Daftar Aku Sudah,0.7477647066116333,10,Selalu Amin Semoga,0.7049063444137573
7006888046662632193,bangjoel168,boleh. yang mau konsul silahkan akses. website resmi unsia. nanti para admin nya siap membantu anda,1,0,9,Id Ac Pmb,0.7088590264320374,7,Daftar Aku Sudah,0.6570918560028076,16,100 Tugas Skripsi,0.6515395641326904
7501387496718074631,im_ceela,pmb.unsia.ac.id,0,0,18,100 Universitas Siber,0.7996155023574829,9,Id Ac Pmb,0.6312698721885681,5,Ada S2 Rpl,0.5773642659187317
7569457637671830280,putri3_momfakhrulazkaech,"unsia ini negeri atau swasta punya?lg cari bt nanti anak kuliah,tadinya mau UT tp liat ni bgs jg,soalnya anaknya pgn sambil kerja",18,4,0,Tidak Ada Jurusan,0.7576577663421631,12,Umur Yang Semangat,0.7905016541481018,4,Online Offline Full,0.7026872634887695
7569482035800228626,ikutikutan,Halo kak bisa cek dm ya aku mau dm kakak hehe,2,0,8,Dm Admin Halo,0.9033838510513306,7,Daftar Aku Sudah,0.7417274713516235,11,Terima Kasih Salam,0.6960705518722534
7617907912137474836,hermantobarasa1,apakah ada jurusan bk kak,0,0,18,100 Universitas Siber,0.6466798782348633,0,Tidak Ada Jurusan,0.8202521204948425,5,Ada S2 Rpl,0.8162345290184021
7623590901880947474,abldwi,infoin dong kak swasta atau negeri,0,0,3,Menyimak Nrrjml Binus,0.2816969156265259,0,Tidak Ada Jurusan,0.74821937084198,1,Berapa Buka Kapan,0.7436380386352539
7231392690315019035,septisucias,jurusan keperawatan ada kak?,0,5,0,Tidak Ada Jurusan,0.8251527547836304,5,Ada S2 Rpl,0.8290992975234985,15,Dimana Daerah Pjj,0.7597426176071167
7540990030094762769,denis.santriana,unsia itu univ online kak ya kali keperawatan online😭😭,44,0,18,100 Universitas Siber,0.7526366710662842,16,100 Tugas Skripsi,0.7931215167045593,4,Online Offline Full,0.7852281332015991
7237416613761401605,univsiberasia,"UNSIA memiliki 5 program studi, yakni: Sistem Informasi, Informatika, Komunikasi, Akuntansi, Manajemen",4,0,17,Informasi Informatika Akuntansi,0.8361401557922363,9,Id Ac Pmb,0.5495604276657104,27,Pt Terakreditasi Ban,0.549368143081665
7386741413545739013,lehalaobaniang,wisudanya offline apa online kak?,1,0,4,Online Offline Full,0.8804426193237305,1,Berapa Buka Kapan,0.8273793458938599,15,Dimana Daerah Pjj,0.7933892011642456
7415897084824437509,nimanglenius,daftar kk,0,0,7,Daftar Aku Sudah,0.5316766500473022,3,Menyimak Nrrjml Binus,0.7528824210166931,18,100 Universitas Siber,0.6457293033599854
7568835744552108807,cantiik_july0,Izin bertanya apakah bisa online di Jepang?,0,0,1,Berapa Buka Kapan,0.7432951927185059,4,Online Offline Full,0.701711893081665,0,Tidak Ada Jurusan,0.6976116299629211
7569033898613883669,upppye,kak nerima mahasiswa transfer dari UT gak ya?,1,7,1,Berapa Buka Kapan,0.8415387868881226,0,Tidak Ada Jurusan,0.828492283821106,19,Jalur Konversi Melalui,0.8086585998535156
7570931724978357010,univsiberasia,"Halo Kakak, bisa ya melalui jalur konversi",2,0,19,Jalur Konversi Melalui,0.9428244829177856,1,Berapa Buka Kapan,0.7533867359161377,8,Dm Admin Halo,0.7365796566009521
7571265174095987476,aanansya,mulai dari awal lagi atau lanjut ya kak?,0,0,1,Berapa Buka Kapan,0.6577701568603516,7,Daftar Aku Sudah,0.7148873209953308,2,Iya Kak Dong,0.658799409866333
7575740913323311892,konan.42,di unsia ada sastra korea gk ka?,0,0,0,Tidak Ada Jurusan,0.8433834910392761,1,Berapa Buka Kapan,0.7810467481613159,5,Ada S2 Rpl,0.7742494940757751
7571674661407310609,shucidamaiyanti,sama ka 😅,0,0,2,Iya Kak Dong,0.8679442405700684,11,Terima Kasih Salam,0.7492332458496094,20,Betul Keren Banget,0.7480812072753906
7570675968667288328,arkeshindies,wkwkwk kenapaa kaa di UT?,0,0,0,Tidak Ada Jurusan,0.7292597889900208,15,Dimana Daerah Pjj,0.793250322341919,4,Online Offline Full,0.7480095028877258
7569042500376314642,ptimah_7,nitipp,0,0,21,Nitip Nitipp Kabarin,0.9220758676528931,2,Iya Kak Dong,0.7354280948638916,3,Menyimak Nrrjml Binus,0.7320672273635864
7570843073515029255,suri_goeltom,@udin69can,0,0,3,Menyimak Nrrjml Binus,0.7727996110916138,2,Iya Kak Dong,0.6564203500747681,28,Juta 3Jt Serius,0.6487160325050354
7575062512368370450,slzabill_x,unsia bisa kip kak?,3,4,0,Tidak Ada Jurusan,0.78675377368927,7,Daftar Aku Sudah,0.8182840347290039,1,Berapa Buka Kapan,0.8049156069755554
7577324701749330706,univsiberasia,Bisa ya Kakak🤗,0,0,2,Iya Kak Dong,0.8275011777877808,8,Dm Admin Halo,0.764857292175293,11,Terima Kasih Salam,0.740475058555603
7591412839395705607,_teerserahhh_,itu full online kak?,0,0,4,Online Offline Full,0.849433422088623,2,Iya Kak Dong,0.7750130891799927,15,Dimana Daerah Pjj,0.7587248086929321
7577372669356573458,slzabill_x,pendaftarannya gmna kak kalo pakai pip?,0,0,1,Berapa Buka Kapan,0.8501478433609009,13,Info Bagaimana Cara,0.7913562655448914,19,Jalur Konversi Melalui,0.7742037773132324
7578780772581999378,tiaaaaaa139,daerah mana ka ini?,0,0,15,Dimana Daerah Pjj,0.8741129040718079,1,Berapa Buka Kapan,0.6970006227493286,5,Ada S2 Rpl,0.6897979378700256
7242145641768485637,lidya_6thv,Sistem belajar nya senin-jumat tidak?,9,1,0,Tidak Ada Jurusan,0.6403592228889465,4,Online Offline Full,0.7481701970100403,12,Umur Yang Semangat,0.6663182377815247
7242145718756475654,lidya_6thv,@Universitas Siber Asia,0,0,18,100 Universitas Siber,0.7146095037460327,3,Menyimak Nrrjml Binus,0.6302300095558167,17,Informasi Informatika Akuntansi,0.546322226524353
7577723549835772680,hadnisn_,belum ada S2 ya kak?,3,2,5,Ada S2 Rpl,0.8288601040840149,0,Tidak Ada Jurusan,0.8342955112457275,7,Daftar Aku Sudah,0.7874831557273865
7577753976742019858,matrikyasa,nitip,1,0,21,Nitip Nitipp Kabarin,0.9735068678855896,3,Menyimak Nrrjml Binus,0.7572670578956604,2,Iya Kak Dong,0.7146409749984741
7579132057525011208,wulandari.alwani,nitip,0,0,21,Nitip Nitipp Kabarin,0.9735068678855896,3,Menyimak Nrrjml Binus,0.7572670578956604,2,Iya Kak Dong,0.7146409749984741
7575962766584136469,vavareisma,kak kalau pindahan dari UT bisa ga ?,2,7,1,Berapa Buka Kapan,0.8604387044906616,0,Tidak Ada Jurusan,0.8349545001983643,19,Jalur Konversi Melalui,0.8020713329315186
7577324835933569810,univsiberasia,Bisa banget dong Kak☺️,1,0,2,Iya Kak Dong,0.8023839592933655,20,Betul Keren Banget,0.7659247517585754,8,Dm Admin Halo,0.758539617061615
7608088192650986248,univsiberasia,Kakak bisa cek lebih detailnya dengan DM Mimin ya🤗,0,0,8,Dm Admin Halo,0.7988633513450623,13,Info Bagaimana Cara,0.663009524345398,1,Berapa Buka Kapan,0.6419071555137634
7608085437009953544,khrismacahya,DM ke nomor yg mana kak,0,0,1,Berapa Buka Kapan,0.7134350538253784,8,Dm Admin Halo,0.7784534692764282,15,Dimana Daerah Pjj,0.7011008262634277
7582393033502081813,171124n,"bisa enggak kak ,aku jg pengen pindah",0,0,0,Tidak Ada Jurusan,0.7073397636413574,7,Daftar Aku Sudah,0.7584252953529358,2,Iya Kak Dong,0.7317981719970703
7577589278147068688,tifany_167_,gimana kak caranya?,0,0,13,Info Bagaimana Cara,0.8170801401138306,1,Berapa Buka Kapan,0.7256481647491455,8,Dm Admin Halo,0.7061594724655151
7577547384659329800,i.yyyou,kalo nglanjutin dari d3 ke s1 bisa ga,0,0,0,Tidak Ada Jurusan,0.7809854745864868,5,Ada S2 Rpl,0.7223804593086243,12,Umur Yang Semangat,0.6819718480110168
7577343017775727381,vavareisma,gimna caranya kak,0,0,13,Info Bagaimana Cara,0.8252066969871521,1,Berapa Buka Kapan,0.7220159769058228,15,Dimana Daerah Pjj,0.6974188685417175
7579615779089810184,ue_va1993,caranya gimana ya...,0,3,13,Info Bagaimana Cara,0.7970321774482727,22,Biayanya Berapa Biaya,0.7072374820709229,1,Berapa Buka Kapan,0.6963280439376831
7580221543981351698,univsiberasia,"Hari ini resmi pendaftaran Mahasiswa Baru UNSIA dimulai. Jadi Kakak bisa langsung daftar sekarang di pmb.unsia.ac.id, pilih jurusan favorit, dan mulai kuliah online fleksibel dari mana aja.🤩",1,0,9,Id Ac Pmb,0.9113692045211792,6,Dibuka Saat Mahasiswa,0.7645787000656128,27,Pt Terakreditasi Ban,0.6986396312713623
7580325634266743559,ue_va1993,tapi saya di LN kak,0,0,0,Tidak Ada Jurusan,0.6802899837493896,15,Dimana Daerah Pjj,0.7148688435554504,5,Ada S2 Rpl,0.7118304967880249
7584300835841819413,baginda02_,kak apakah ada jurusan sastra jepang kak,0,0,0,Tidak Ada Jurusan,0.8406689763069153,1,Berapa Buka Kapan,0.7800608277320862,5,Ada S2 Rpl,0.7710460424423218
7529900534607397650,jokoslamet82,biaya per semester brp yaa,5,1,1,Berapa Buka Kapan,0.7862743139266968,22,Biayanya Berapa Biaya,0.8180124759674072,14,Dicicil 3Jt Biaya,0.7617099285125732
7571383169561608968,valentinostanleyy,3jt per semester bisa dicicil 3x kak,1,0,14,Dicicil 3Jt Biaya,0.8630959987640381,28,Juta 3Jt Serius,0.629858136177063,0,Tidak Ada Jurusan,0.6290989518165588
7578955435945722641,iam.nyz,Biaya daftarnya berapa kak?,0,4,1,Berapa Buka Kapan,0.8553981184959412,13,Info Bagaimana Cara,0.8168073892593384,22,Biayanya Berapa Biaya,0.8043296933174133
7579112904612971265,acc.aff,"Tergantung gelombang kak, ada yang free ada yang 100rb. Kalo ukt 3jt/sem bisa dicicil. Trs ada kode refferal buat potongan ukt",3,0,14,Dicicil 3Jt Biaya,0.8189391493797302,1,Berapa Buka Kapan,0.6917290091514587,4,Online Offline Full,0.6695281863212585
7579905631965889288,pororoww7,"cumaa ituu aja kak, bayaranya?",0,0,2,Iya Kak Dong,0.6818207502365112,7,Daftar Aku Sudah,0.6782853603363037,13,Info Bagaimana Cara,0.6763949990272522
7579906355529679633,acc.aff,"Iya kak, untuk tambahannya cuma almet aja (optional)",1,0,2,Iya Kak Dong,0.6313507556915283,1,Berapa Buka Kapan,0.7144323587417603,7,Daftar Aku Sudah,0.7037590742111206
7583629593124684545,jamesalone15,"enak ya bisa di cicil, kalau di UT gak bisa, gak punya duit ya gak bisa lanjut",0,0,12,Umur Yang Semangat,0.7221478223800659,0,Tidak Ada Jurusan,0.647011399269104,4,Online Offline Full,0.631619930267334
7299278607409562373,fachrara,apakah di unsia ada program ekstensi dari D3 ke S1 Jurusan Managemen,1,1,0,Tidak Ada Jurusan,0.7937315702438354,5,Ada S2 Rpl,0.7109613418579102,17,Informasi Informatika Akuntansi,0.6847183704376221
7404271839017763592,arnicudz,"Nitip ka, sama brp tahun dr D3 ke S1",0,0,0,Tidak Ada Jurusan,0.7661782503128052,5,Ada S2 Rpl,0.6911125183105469,1,Berapa Buka Kapan,0.6898154020309448
7263877897106522886,worktildie,ujiannya online jg y kk?,1,1,4,Online Offline Full,0.8515666723251343,1,Berapa Buka Kapan,0.795388400554657,7,Daftar Aku Sudah,0.7869938015937805
7312648207959556869,univsiberasia,"Halo Kak, betul sekali🤩",3,0,8,Dm Admin Halo,0.7042707204818726,11,Terima Kasih Salam,0.7803165912628174,20,Betul Keren Banget,0.7801545262336731
7237137745046897414,temennya_hujan77,Ada jurusan apa saja kak,0,3,0,Tidak Ada Jurusan,0.8476829528808594,1,Berapa Buka Kapan,0.8018390536308289,15,Dimana Daerah Pjj,0.8007543087005615
7237416521231024901,univsiberasia,"UNSIA memiliki 5 program studi, yakni: Sistem Informasi, Informatika, Komunikasi, Akuntansi, Manajemen",4,0,17,Informasi Informatika Akuntansi,0.8361401557922363,9,Id Ac Pmb,0.5495604276657104,27,Pt Terakreditasi Ban,0.549368143081665
7253733046872277766,ceritaserenity,mau psikologi,2,0,2,Iya Kak Dong,0.7740189433097839,21,Nitip Nitipp Kabarin,0.733830451965332,3,Menyimak Nrrjml Binus,0.6725506782531738
7569082206888166160,shsarl,kak ada prodi bimbingan dan konseling/b.jawa ga ya?,0,0,0,Tidak Ada Jurusan,0.8209433555603027,1,Berapa Buka Kapan,0.7950810194015503,5,Ada S2 Rpl,0.7596023678779602
7569441032095433489,odeeunoia,cara nya gimana,0,2,13,Info Bagaimana Cara,0.7889038324356079,22,Biayanya Berapa Biaya,0.7501649856567383,1,Berapa Buka Kapan,0.6566542983055115
7577781253124424464,lulv_00,nitip 🙏🏻,1,0,21,Nitip Nitipp Kabarin,0.9735068678855896,3,Menyimak Nrrjml Binus,0.7572670578956604,2,Iya Kak Dong,0.7146409749984741
7569482175311332103,ikutikutan,Halo kak cek dm ya aku dm kakak 🥰,0,0,8,Dm Admin Halo,0.8692030310630798,7,Daftar Aku Sudah,0.7146629095077515,11,Terima Kasih Salam,0.6813724040985107
7592130535830045458,lies.elizzaa_,ada prodi apa aja ka,0,2,0,Tidak Ada Jurusan,0.8313252329826355,1,Berapa Buka Kapan,0.8115897178649902,5,Ada S2 Rpl,0.8081879615783691
7592147904476775176,lies.elizzaa_,ga ada prodi Keguruan ya,0,0,0,Tidak Ada Jurusan,0.7698991298675537,5,Ada S2 Rpl,0.8273189067840576,4,Online Offline Full,0.7233341932296753
7585211676987966229,rishvicha_,min mau info lengkap,0,1,1,Berapa Buka Kapan,0.7468018531799316,13,Info Bagaimana Cara,0.8058891296386719,8,Dm Admin Halo,0.7067173719406128
7585776215878484754,univsiberasia,"Hai Kakak, informasi lengkap bisa DM Mimin ya 🤩🤩",0,0,8,Dm Admin Halo,0.8855451345443726,13,Info Bagaimana Cara,0.7297970056533813,11,Terima Kasih Salam,0.6968402862548828
7542122623178818321,aziizahnrr,ini full online smpe sarjana ga?,0,1,4,Online Offline Full,0.7599150538444519,5,Ada S2 Rpl,0.7013775706291199,18,100 Universitas Siber,0.683009922504425
7571383038371906311,valentinostanleyy,"iya kak full online sampai sarjana, wisuda jd bisa online bs offline",1,0,4,Online Offline Full,0.8633475303649902,12,Umur Yang Semangat,0.7790387272834778,16,100 Tugas Skripsi,0.7676029205322266
7217668416677135131,luluk_maulidha,brp kak,0,3,1,Berapa Buka Kapan,0.7106984853744507,22,Biayanya Berapa Biaya,0.7882824540138245,15,Dimana Daerah Pjj,0.7729682922363281
7218043009248707354,univsiberasia,Sesuai dengan SK Rektor No. 3 Tahun 2020 Biaya kuliah di UNSIA adalah sebesar 3 juta rupiah / semester. Biaya tersebut dapat dicicil dalam 2 kali pemb,1,0,14,Dicicil 3Jt Biaya,0.6528084874153137,9,Id Ac Pmb,0.5623166561126709,27,Pt Terakreditasi Ban,0.5226988792419434
7571268816555459336,zakauha.ruqayyah,3 jt itu udah semua kak? per semester cuma bayar itu aja apa ada biaya lain ya?,0,0,14,Dicicil 3Jt Biaya,0.8324922919273376,1,Berapa Buka Kapan,0.7438658475875854,0,Tidak Ada Jurusan,0.7342290878295898
7577559237090378517,miftah_rizkia,ada biaya tambahan lagi tidak KA ?,0,0,1,Berapa Buka Kapan,0.8064624667167664,13,Info Bagaimana Cara,0.7627477645874023,14,Dicicil 3Jt Biaya,0.7341786623001099
7556459997216867090,baksomiekuning_,masih buka ngga kak?,0,1,1,Berapa Buka Kapan,0.7755553722381592,15,Dimana Daerah Pjj,0.7563300132751465,7,Daftar Aku Sudah,0.7501822113990784
7571382942866785031,valentinostanleyy,sudah buka nih kak,0,0,1,Berapa Buka Kapan,0.7083660364151001,7,Daftar Aku Sudah,0.8048188090324402,8,Dm Admin Halo,0.7593713998794556
7569763628510413575,hisymi19,akuntan ada g ka,0,1,5,Ada S2 Rpl,0.805544912815094,15,Dimana Daerah Pjj,0.835324764251709,2,Iya Kak Dong,0.8099838495254517
7571006258128405266,ikutikutan,Ada kak🥰,0,0,2,Iya Kak Dong,0.8884873986244202,21,Nitip Nitipp Kabarin,0.7539201378822327,7,Daftar Aku Sudah,0.7535897493362427
7263303125825127174,kopisusupanasenak,"universitas siber asia dimedan ada nggak kak?
lokasi kampus yang di Medan di mana ya kak",0,1,18,100 Universitas Siber,0.5781291723251343,1,Berapa Buka Kapan,0.7665896415710449,15,Dimana Daerah Pjj,0.7550371885299683
7567815554862875409,dddiiaanp,"belum ada, tapi itu bisa full online kak jadi bisa jarak jauh.",0,0,4,Online Offline Full,0.825013279914856,1,Berapa Buka Kapan,0.7527300119400024,0,Tidak Ada Jurusan,0.7224186658859253
7578410401387135765,s.asyaaa,Hallo ka untuk tesnya bisa online semua ka?,0,3,4,Online Offline Full,0.786751925945282,1,Berapa Buka Kapan,0.8204487562179565,6,Dibuka Saat Mahasiswa,0.8066335320472717
7579168658750391058,univsiberasia,"Halo Kakak, betulll banget🤩",0,0,20,Betul Keren Banget,0.7846183776855469,11,Terima Kasih Salam,0.7751058340072632,8,Dm Admin Halo,0.6944475173950195
7579179606197994260,s.asyaaa,Aku kalau mau daftar ke nomor mana ya ka?,0,0,1,Berapa Buka Kapan,0.8213561177253723,15,Dimana Daerah Pjj,0.7856301069259644,7,Daftar Aku Sudah,0.7665675282478333
7579256258654978834,univsiberasia,"Hari ini resmi pendaftaran Mahasiswa Baru UNSIA dimulai. Jadi Kakak bisa langsung daftar sekarang di pmb.unsia.ac.id, pilih jurusan favorit, dan mulai kuliah online fleksibel dari mana aja.🤗",0,0,9,Id Ac Pmb,0.9113692045211792,6,Dibuka Saat Mahasiswa,0.7645787000656128,27,Pt Terakreditasi Ban,0.6986396312713623
7233764323611820805,ummahasnahusain,cara daftar nya gimana kak?,0,2,1,Berapa Buka Kapan,0.8423422574996948,13,Info Bagaimana Cara,0.8833231925964355,8,Dm Admin Halo,0.7386695742607117
7237415956938982149,univsiberasia,Langsung daftar melalui website kita ya Kak di pmb.unsia.ac.id,1,0,9,Id Ac Pmb,0.8659422397613525,6,Dibuka Saat Mahasiswa,0.7557020783424377,16,100 Tugas Skripsi,0.7163187265396118
7579140087641146119,ina_r26,halo kk ada S2 nga?,0,1,0,Tidak Ada Jurusan,0.8098641633987427,5,Ada S2 Rpl,0.805014967918396,1,Berapa Buka Kapan,0.748367428779602
7579167761785258760,univsiberasia,"Hi Kakak, saat ini untuk program S2 belum dibuka ya Kakak",0,0,6,Dibuka Saat Mahasiswa,0.8875641226768494,9,Id Ac Pmb,0.754828155040741,0,Tidak Ada Jurusan,0.7369874715805054
7232459276153291546,indahharyatisalamah,ada jurusan nersnya ga kak?,0,1,0,Tidak Ada Jurusan,0.8819512724876404,1,Berapa Buka Kapan,0.8558602333068848,5,Ada S2 Rpl,0.8372380137443542
7237416624676356869,univsiberasia,"UNSIA memiliki 5 program studi, yakni: Sistem Informasi, Informatika, Komunikasi, Akuntansi, Manajemen",0,0,17,Informasi Informatika Akuntansi,0.8361401557922363,9,Id Ac Pmb,0.5495604276657104,27,Pt Terakreditasi Ban,0.549368143081665
7581348516975362823,mrslnaaln,untuk S2 ada ga kak?,0,1,0,Tidak Ada Jurusan,0.8688994646072388,5,Ada S2 Rpl,0.8475980758666992,1,Berapa Buka Kapan,0.8293828368186951
7581378392550834952,univsiberasia,"Hi Kak, saat ini untuk program S2 belum dibuka ya",0,0,6,Dibuka Saat Mahasiswa,0.8937022686004639,0,Tidak Ada Jurusan,0.7454185485839844,9,Id Ac Pmb,0.7439881563186646
7578751336033731349,octtaple,bisa lanjut dr D3 ke S1 ngga?,0,1,0,Tidak Ada Jurusan,0.7306460738182068,5,Ada S2 Rpl,0.6948743462562561,19,Jalur Konversi Melalui,0.6036348938941956
7579167887909503751,univsiberasia,"Hi Kakak, bisa melalui jalur konversi ya",0,0,19,Jalur Konversi Melalui,0.9408554434776306,8,Dm Admin Halo,0.777541995048523,1,Berapa Buka Kapan,0.7737560272216797
7605538151280444181,ramdhanihasibuan123,Kak pendaftaran 2026 sampai kapan?,0,1,1,Berapa Buka Kapan,0.7955277562141418,13,Info Bagaimana Cara,0.7251783609390259,15,Dimana Daerah Pjj,0.7205058336257935
7605688953270895380,alisha_audiio,ikut tanya mimin🙏😁,0,0,1,Berapa Buka Kapan,0.6159624457359314,2,Iya Kak Dong,0.7328335642814636,13,Info Bagaimana Cara,0.698229193687439
7533193840640066311,doen_doembye,apakah ada perdagangan internasional,0,1,5,Ada S2 Rpl,0.6703966856002808,18,100 Universitas Siber,0.6033910512924194,22,Biayanya Berapa Biaya,0.5875694751739502
7535017428154106632,univsiberasia,"Halo Kak, saat ini di UNSIA terdapat 5 prodi nih, yaitu komunikasi, akuntansi, sistem informasi, informatika, dan manajemen",0,0,17,Informasi Informatika Akuntansi,0.9281725287437439,6,Dibuka Saat Mahasiswa,0.7339804172515869,9,Id Ac Pmb,0.7329981923103333
7583354547667403541,bangogik2,bisa pindahan dari UT kesini ka?,0,1,1,Berapa Buka Kapan,0.7873673439025879,7,Daftar Aku Sudah,0.7874801158905029,0,Tidak Ada Jurusan,0.7823054194450378
7583397239223173896,univsiberasia,"Hi Kakak, bisa banget dong Kakak melalui jalur konversi🤩",0,0,19,Jalur Konversi Melalui,0.8819728493690491,8,Dm Admin Halo,0.7429527044296265,16,100 Tugas Skripsi,0.740114688873291
7578446691247375112,bbffxx_,terus wisuda nya nanti gimana?,0,1,1,Berapa Buka Kapan,0.7818912267684937,0,Tidak Ada Jurusan,0.7586174011230469,15,Dimana Daerah Pjj,0.7585455179214478
7579168413911974674,univsiberasia,Wisuda dilaksanakan secara hybrid Kakak☺️,0,0,6,Dibuka Saat Mahasiswa,0.4955565333366394,18,100 Universitas Siber,0.5417641997337341,4,Online Offline Full,0.4905167818069458
7577553761989264144,fidi_girl,ujiannya online atau ofline kak?,0,1,4,Online Offline Full,0.8514039516448975,1,Berapa Buka Kapan,0.7900093793869019,13,Info Bagaimana Cara,0.7444888353347778
7579168606085579528,univsiberasia,"Hi Kakak, 100% fully online",0,0,16,100 Tugas Skripsi,0.6751308441162109,18,100 Universitas Siber,0.7379454374313354,11,Terima Kasih Salam,0.6752310991287231
7630413941291205394,sendi_setiawan7,Hai ka info s2 nua,0,2,13,Info Bagaimana Cara,0.7364603281021118,16,100 Tugas Skripsi,0.7411749362945557,8,Dm Admin Halo,0.7401688098907471
7630730851597271816,univsiberasia,"Hi Kakak, untuk program S2 saat ini belum dibuka ya di UNSIA😊",0,0,6,Dibuka Saat Mahasiswa,0.9126259088516235,9,Id Ac Pmb,0.8090285062789917,16,100 Tugas Skripsi,0.7673783898353577
7630464991795200775,princess_zhr,"nitip kak, kabarin klo ada",0,0,21,Nitip Nitipp Kabarin,0.6662805080413818,8,Dm Admin Halo,0.7729803919792175,7,Daftar Aku Sudah,0.7303680181503296
7578342311421510420,mooooodd_,Mau daftar gimana caranyaa,0,1,1,Berapa Buka Kapan,0.7693110704421997,13,Info Bagaimana Cara,0.8214578628540039,7,Daftar Aku Sudah,0.6982351541519165
7579168550209471239,univsiberasia,"Hi Kakak, untuk pendaftaran bisa langsung ke website resmi UNSIA ya di pmb.unsia.ac.id",0,0,9,Id Ac Pmb,0.8846304416656494,6,Dibuka Saat Mahasiswa,0.7919906973838806,16,100 Tugas Skripsi,0.7176779508590698
7569842562391933716,azuraoktiani23,S2 ada gak ?,0,1,5,Ada S2 Rpl,0.883302628993988,0,Tidak Ada Jurusan,0.7477434873580933,15,Dimana Daerah Pjj,0.7337690591812134
7570931838166090514,univsiberasia,"Halo Kakak, saat ini untuk program pascasarjana belum dibuka ya di UNSIA",0,0,6,Dibuka Saat Mahasiswa,0.9116317629814148,9,Id Ac Pmb,0.7991108298301697,16,100 Tugas Skripsi,0.7585672736167908
7556143101199500039,sefaragic16,S3 adakah ?,0,3,6,Dibuka Saat Mahasiswa,0.4210972785949707,3,Menyimak Nrrjml Binus,0.7227848768234253,18,100 Universitas Siber,0.656136691570282
7556154407764280082,univsiberasia,"Halo Kakak, saat ini UNSIA belum membuka program S3😊",1,0,6,Dibuka Saat Mahasiswa,0.8385412693023682,9,Id Ac Pmb,0.7399570941925049,16,100 Tugas Skripsi,0.7233270406723022
7576429004514083585,titikay1608,kak..dm dong,0,0,8,Dm Admin Halo,0.861428439617157,7,Daftar Aku Sudah,0.755344569683075,15,Dimana Daerah Pjj,0.7330553531646729
7569081607476757269,skyyde__,anjir 😩,0,0,2,Iya Kak Dong,0.6692813038825989,20,Betul Keren Banget,0.6576327085494995,21,Nitip Nitipp Kabarin,0.63763427734375
7329722517894120197,yuspinpator11,"bisa gak ya kak,nyambung begitu,soalnya sy jurusan sistim informasi tapi cuma diploma 2 aja",2,2,0,Tidak Ada Jurusan,0.8493010997772217,1,Berapa Buka Kapan,0.7753162384033203,16,100 Tugas Skripsi,0.7578315734863281
7393443858972033797,teuku.mal,udah ada info blom kak ?,0,0,13,Info Bagaimana Cara,0.7607461214065552,8,Dm Admin Halo,0.8069384694099426,7,Daftar Aku Sudah,0.7742330431938171
7338346206429299462,syantiekkkkk,Kak sistem informasi susah gaa,0,0,13,Info Bagaimana Cara,0.6498382091522217,5,Ada S2 Rpl,0.7354751825332642,4,Online Offline Full,0.708817720413208
7571760535600022279,muhammadragil189,apakah masih buka online?,1,1,5,Ada S2 Rpl,0.7043659687042236,4,Online Offline Full,0.6840970516204834,15,Dimana Daerah Pjj,0.6666402220726013
7590940091741422354,astraletheia.nyx,iya,1,0,2,Iya Kak Dong,0.8304998874664307,20,Betul Keren Banget,0.7762936949729919,3,Menyimak Nrrjml Binus,0.7603020071983337
7534881729175585556,_dhinimaharani_,ada jurusan psikologi ta,1,2,5,Ada S2 Rpl,0.8390401005744934,0,Tidak Ada Jurusan,0.7976633310317993,18,100 Universitas Siber,0.7235779762268066
7535017172524270343,univsiberasia,"Halo Kak, saat ini di UNSIA terdapat 5 prodi nih, yaitu komunikasi, akuntansi, sistem informasi, informatika, dan manajemen",2,0,17,Informasi Informatika Akuntansi,0.9281725287437439,6,Dibuka Saat Mahasiswa,0.7339804172515869,9,Id Ac Pmb,0.7329981923103333
7583526425215517456,sptt109,fleksibel ga kak?,0,1,2,Iya Kak Dong,0.8800681829452515,15,Dimana Daerah Pjj,0.7441004514694214,5,Ada S2 Rpl,0.7428779602050781
7583534366602117895,univsiberasia,100% fleksibel Kakak di UNSIA🥳,0,0,18,100 Universitas Siber,0.7625142335891724,5,Ada S2 Rpl,0.5692676305770874,26,Bismillah Depan Bismillahirrahmanirrahim,0.5572704672813416
7557625173053178642,ali.alghazali451,apakah masih ada pendaftaran,0,1,5,Ada S2 Rpl,0.7394469976425171,1,Berapa Buka Kapan,0.729880690574646,22,Biayanya Berapa Biaya,0.7039579153060913
7577324887091643144,univsiberasia,Masih dibuka nih Kakak pendaftaran mahasiswa baru 🤗,0,0,6,Dibuka Saat Mahasiswa,0.7961229085922241,9,Id Ac Pmb,0.6694319248199463,16,100 Tugas Skripsi,0.6428862810134888
7584762364379431688,nya_shop88,dmn tempatnya unsia?,0,1,15,Dimana Daerah Pjj,0.7693914771080017,18,100 Universitas Siber,0.7751085162162781,22,Biayanya Berapa Biaya,0.6941552758216858
7608088302072234759,univsiberasia,"Kampus UNSIA terletak di Jl. Harsono RM No.1, RT.5/RW.7, Ragunan, Kec. Ps. Minggu, Kota Jakarta Selatan, Daerah Khusus Ibukota Jakarta. Buka di hari kerja Senin-Jumat ya☺️",0,0,23,Jakarta Selatan Kota,0.8597476482391357,9,Id Ac Pmb,0.512624979019165,17,Informasi Informatika Akuntansi,0.47368818521499634
7572018877199205121,tukiyem_244,"Kak aku sekarang di Taiwan, nanti misal wisuda di Taiwan apa indo??",0,1,1,Berapa Buka Kapan,0.7653480172157288,0,Tidak Ada Jurusan,0.8172885179519653,4,Online Offline Full,0.7455653548240662
7577324787954762514,univsiberasia,"Hi Kak, di Indonesia ya Wisudanya🤗",0,0,6,Dibuka Saat Mahasiswa,0.7637590765953064,16,100 Tugas Skripsi,0.7192046642303467,10,Selalu Amin Semoga,0.7117253541946411
7465280459054138120,waduhhhhhhhhh4,ada program ekstensi nya gak ya?,0,1,1,Berapa Buka Kapan,0.8028916120529175,5,Ada S2 Rpl,0.7951488494873047,0,Tidak Ada Jurusan,0.772650420665741
7524934052672439058,univsiberasia,"Halo Kak, ada ya😊",0,0,8,Dm Admin Halo,0.8601776361465454,7,Daftar Aku Sudah,0.7799832820892334,11,Terima Kasih Salam,0.7672673463821411
7234135555490333445,kyoemiiii,hallo ka cara daftarnya gimana???,0,1,1,Berapa Buka Kapan,0.8051166534423828,13,Info Bagaimana Cara,0.8402668237686157,8,Dm Admin Halo,0.7971112728118896
7237416134583550725,univsiberasia,Langsung daftar melalui website kita ya Kak di pmb.unsia.ac.id,0,0,9,Id Ac Pmb,0.8659422397613525,6,Dibuka Saat Mahasiswa,0.7557020783424377,16,100 Tugas Skripsi,0.7163187265396118
7537495196553806593,ichaatrg,kak unsia Nerima mahasiswa transferan ga kak?,0,1,1,Berapa Buka Kapan,0.796329915523529,0,Tidak Ada Jurusan,0.7762211561203003,19,Jalur Konversi Melalui,0.764190673828125
7537927984452666119,univsiberasia,"Halo Kakak, bisa ya melalui jalur konversi🤗",0,0,19,Jalur Konversi Melalui,0.9428244829177856,1,Berapa Buka Kapan,0.7533867359161377,8,Dm Admin Halo,0.7365796566009521
7312461698249294597,uhuyyyyyyyyyy221,kk ini di daerah mana ya,0,1,15,Dimana Daerah Pjj,0.8423910140991211,1,Berapa Buka Kapan,0.7329490780830383,0,Tidak Ada Jurusan,0.6692755222320557
7350417906204852998,citato244,Jakarta,1,0,23,Jakarta Selatan Kota,0.5464785099029541,3,Menyimak Nrrjml Binus,0.7957099676132202,18,100 Universitas Siber,0.5813657641410828
7594168609712390929,syadilhsb,Utk thn 2026 sudah bs daftar kah?,0,1,7,Daftar Aku Sudah,0.614027202129364,1,Berapa Buka Kapan,0.6698700189590454,0,Tidak Ada Jurusan,0.6312988996505737
7594380807142589202,univsiberasia,UNSIA saat ini masih membuka pendaftaran mahasiswa baru lhooo Kak🤩,0,0,6,Dibuka Saat Mahasiswa,0.8659403920173645,9,Id Ac Pmb,0.7957785725593567,27,Pt Terakreditasi Ban,0.7089357376098633
7524928926506976008,luxetha,teknik informatika ada ka?,1,5,0,Tidak Ada Jurusan,0.7845063209533691,5,Ada S2 Rpl,0.8152554631233215,17,Informasi Informatika Akuntansi,0.736661970615387
7524933657002984200,univsiberasia,"Halo Kak, di UNSIA ada prodi informatika lho kak😊",0,0,16,100 Tugas Skripsi,0.8266459107398987,6,Dibuka Saat Mahasiswa,0.8148301243782043,9,Id Ac Pmb,0.7891223430633545
7551968395890115335,cxyzraa11,administrasi gada ka,0,0,2,Iya Kak Dong,0.7942708730697632,4,Online Offline Full,0.7841939926147461,5,Ada S2 Rpl,0.7672005891799927
7524933828989879047,luxetha,masuk ke teknik informatika atau engga ya kak itu?,0,0,0,Tidak Ada Jurusan,0.8262612819671631,5,Ada S2 Rpl,0.7486602067947388,1,Berapa Buka Kapan,0.7468804121017456
7524934431237931794,univsiberasia,Teknik informatika dan prodi informatika itu sama ya Kak😊,0,0,0,Tidak Ada Jurusan,0.7748246192932129,17,Informasi Informatika Akuntansi,0.7796517014503479,16,100 Tugas Skripsi,0.7193709015846252
7524941156069737234,luxetha,"oh iya baik kakak, berarti ada ya kakak teknik informatika",0,0,0,Tidak Ada Jurusan,0.7481903433799744,16,100 Tugas Skripsi,0.734742283821106,11,Terima Kasih Salam,0.7171133160591125
7576430342380749585,leoguurrllss,Ada program Dari D3 mau lanjut ke S1 ga ka?,0,1,0,Tidak Ada Jurusan,0.8513606786727905,5,Ada S2 Rpl,0.7633858323097229,1,Berapa Buka Kapan,0.7576370239257812
7576549465717834514,univsiberasia,"Halo Kakak, ada ya melalui jalur konversi🤗",0,0,19,Jalur Konversi Melalui,0.9141403436660767,1,Berapa Buka Kapan,0.7530669569969177,16,100 Tugas Skripsi,0.7464185357093811
7585157591786455829,ikamusyarofah6,Halo kak pengen pindah dari UT bisa ngga ya semester 4 ?,0,0,0,Tidak Ada Jurusan,0.8431726098060608,1,Berapa Buka Kapan,0.8306164741516113,19,Jalur Konversi Melalui,0.7971431612968445
7585158909272605461,wndsra25,😭,0,0,3,Menyimak Nrrjml Binus,0.995229959487915,21,Nitip Nitipp Kabarin,0.6757673621177673,2,Iya Kak Dong,0.6486166715621948
7585211676987966229,rishvicha_,min mau info lengkap,0,1,1,Berapa Buka Kapan,0.7468018531799316,13,Info Bagaimana Cara,0.8058891296386719,8,Dm Admin Halo,0.7067173719406128
7585776215878484754,univsiberasia,"Hai Kakak, informasi lengkap bisa DM Mimin ya 🤩🤩",0,0,8,Dm Admin Halo,0.8855451345443726,13,Info Bagaimana Cara,0.7297970056533813,11,Terima Kasih Salam,0.6968402862548828
7574335840105693960,ciol_oyong,Kalau D3 Lanjut ke s1 bs nggak kak?,0,0,0,Tidak Ada Jurusan,0.8502247929573059,1,Berapa Buka Kapan,0.7682629823684692,5,Ada S2 Rpl,0.7646033763885498
7585521137028596487,nonganahasanah01234,ada loker buat dosen tidak kakak?,0,0,10,Selalu Amin Semoga,0.551934003829956,0,Tidak Ada Jurusan,0.8053892850875854,5,Ada S2 Rpl,0.795783519744873
7585942793555788552,jeun.victiory,Ada prodi ilmu pemerintahan?,0,0,5,Ada S2 Rpl,0.7681350708007812,17,Informasi Informatika Akuntansi,0.7547318935394287,18,100 Universitas Siber,0.7232916355133057
7586697437152133906,nurandinititin,😁,0,0,3,Menyimak Nrrjml Binus,0.995229959487915,21,Nitip Nitipp Kabarin,0.6757673621177673,2,Iya Kak Dong,0.6486166715621948
7587232185210684168,ekaliasss_,Kalo domisili d bandung tapi mau kuliah d sini gmna ka,0,0,0,Tidak Ada Jurusan,0.8222829103469849,1,Berapa Buka Kapan,0.7860493659973145,19,Jalur Konversi Melalui,0.714219331741333
7587282003764314900,catslover738,di Kalbar ada ngk kk,0,0,3,Menyimak Nrrjml Binus,0.30821603536605835,15,Dimana Daerah Pjj,0.7422643899917603,5,Ada S2 Rpl,0.7219867706298828
7587512167046693639,one.riga,ada s2 nya gk kak?,0,0,0,Tidak Ada Jurusan,0.8829877376556396,5,Ada S2 Rpl,0.8840984106063843,1,Berapa Buka Kapan,0.8570460677146912
7587758000199500560,callsiho_,@Dede Nurul Yakin,0,0,2,Iya Kak Dong,0.7519763708114624,20,Betul Keren Banget,0.682009756565094,26,Bismillah Depan Bismillahirrahmanirrahim,0.6561437845230103
7587822279104463623,cutieteddy_,s2 biologi murni ada ya?,0,0,0,Tidak Ada Jurusan,0.815832257270813,5,Ada S2 Rpl,0.8321925401687622,16,100 Tugas Skripsi,0.7119278311729431
7584300602294092565,baginda02_,kak apakah ada jurusan sastra jepang kak,0,0,0,Tidak Ada Jurusan,0.8406689763069153,1,Berapa Buka Kapan,0.7800608277320862,5,Ada S2 Rpl,0.7710460424423218
7589608840918139656,uziiuzex,apakah Ada prodi cyber security,0,0,5,Ada S2 Rpl,0.7086851596832275,15,Dimana Daerah Pjj,0.6228665709495544,0,Tidak Ada Jurusan,0.6204661130905151
7590493223635141397,komaruzaman0,😁,0,0,3,Menyimak Nrrjml Binus,0.995229959487915,21,Nitip Nitipp Kabarin,0.6757673621177673,2,Iya Kak Dong,0.6486166715621948
7591335745399767815,racunduniamaya100,💪,0,0,3,Menyimak Nrrjml Binus,0.995229959487915,21,Nitip Nitipp Kabarin,0.6757673621177673,2,Iya Kak Dong,0.6486166715621948
7591422957734429460,jkkofficial,Akreditasi ny apa ?,0,0,0,Tidak Ada Jurusan,0.7240915298461914,5,Ada S2 Rpl,0.7831891775131226,15,Dimana Daerah Pjj,0.7801507711410522
7591749353581478672,tikarahmawat,😊,0,0,3,Menyimak Nrrjml Binus,0.995229959487915,21,Nitip Nitipp Kabarin,0.6757673621177673,2,Iya Kak Dong,0.6486166715621948
7591749350796591873,tikarahmawat,🥰,0,0,3,Menyimak Nrrjml Binus,0.995229959487915,21,Nitip Nitipp Kabarin,0.6757673621177673,2,Iya Kak Dong,0.6486166715621948
7591749350167397137,tikarahmawat,😁,0,0,3,Menyimak Nrrjml Binus,0.995229959487915,21,Nitip Nitipp Kabarin,0.6757673621177673,2,Iya Kak Dong,0.6486166715621948
7591819458974876437,neupi05,apakah ada s1hukum,0,0,5,Ada S2 Rpl,0.7752125263214111,0,Tidak Ada Jurusan,0.7566565275192261,1,Berapa Buka Kapan,0.6473523378372192
7592130535830045458,lies.elizzaa_,ada prodi apa aja ka,0,2,0,Tidak Ada Jurusan,0.8313252329826355,1,Berapa Buka Kapan,0.8115897178649902,5,Ada S2 Rpl,0.8081879615783691
7592147904476775176,lies.elizzaa_,ga ada prodi Keguruan ya,0,0,0,Tidak Ada Jurusan,0.7698991298675537,5,Ada S2 Rpl,0.8273189067840576,4,Online Offline Full,0.7233341932296753
7593378120674444050,kristina28066,S2 nya ada kka,0,0,5,Ada S2 Rpl,0.8291903734207153,15,Dimana Daerah Pjj,0.7650836706161499,2,Iya Kak Dong,0.7561322450637817
7594168609712390929,syadilhsb,Utk thn 2026 sudah bs daftar kah?,0,1,7,Daftar Aku Sudah,0.6140273213386536,1,Berapa Buka Kapan,0.6698700785636902,0,Tidak Ada Jurusan,0.6312990188598633
7594380807142589202,univsiberasia,UNSIA saat ini masih membuka pendaftaran mahasiswa baru lhooo Kak🤩,0,0,6,Dibuka Saat Mahasiswa,0.8659403920173645,9,Id Ac Pmb,0.7957785725593567,27,Pt Terakreditasi Ban,0.7089357376098633
7594442339512435463,umma.bilal26,ga tersedia ftk?,0,0,3,Menyimak Nrrjml Binus,0.6185716390609741,18,100 Universitas Siber,0.6014283895492554,5,Ada S2 Rpl,0.59529709815979
7594860879205155592,trully_na,kak kalo mau dtng wisuda dikampusnya langsung ada syarat kusus ga?misal ipk brp gtu atau apa?,0,0,0,Tidak Ada Jurusan,0.7993521690368652,1,Berapa Buka Kapan,0.7522428035736084,14,Dicicil 3Jt Biaya,0.7186020612716675
7533683869435347730,.kitakasihtahu_,😁,0,0,3,Menyimak Nrrjml Binus,0.995229959487915,21,Nitip Nitipp Kabarin,0.6757673621177673,2,Iya Kak Dong,0.6486166715621948
7470172646680855313,kagura92_,Kalau wisudanya gimn KK?,0,0,1,Berapa Buka Kapan,0.8020976781845093,15,Dimana Daerah Pjj,0.7799853086471558,0,Tidak Ada Jurusan,0.7623754143714905
7471298995286065975,dedeh.khaira,😁,0,0,3,Menyimak Nrrjml Binus,0.995229959487915,21,Nitip Nitipp Kabarin,0.6757673621177673,2,Iya Kak Dong,0.6486166715621948
7478142556678636304,virgotaktik,"ada S2 akuntansi gak, tolong dong kl ada tmn tmn yg tau kampus mana yg ada program ini🙏",0,1,0,Tidak Ada Jurusan,0.8060762286186218,5,Ada S2 Rpl,0.7251099348068237,1,Berapa Buka Kapan,0.7137905359268188
7526096457750741761,makanterus961,Disini prodinya S1 semua kk,0,0,0,Tidak Ada Jurusan,0.7914352416992188,5,Ada S2 Rpl,0.7478735446929932,17,Informasi Informatika Akuntansi,0.7027280330657959
7484952325850415879,julparijki,ini gratis,0,0,3,Menyimak Nrrjml Binus,0.7393529415130615,2,Iya Kak Dong,0.6940977573394775,21,Nitip Nitipp Kabarin,0.6678977012634277
7501464721884250888,khsnhskma,😳,0,0,3,Menyimak Nrrjml Binus,0.995229959487915,21,Nitip Nitipp Kabarin,0.6757673621177673,2,Iya Kak Dong,0.6486166715621948
7525946102928540424,tiarohaeni,biaya uktnya berapa kak,0,0,1,Berapa Buka Kapan,0.8187762498855591,22,Biayanya Berapa Biaya,0.787577748298645,14,Dicicil 3Jt Biaya,0.7680574655532837
7526746573343376136,lanzzdly,min unsia swasta ya?,0,0,0,Tidak Ada Jurusan,0.7884969115257263,16,100 Tugas Skripsi,0.785740315914154,18,100 Universitas Siber,0.7812310457229614
7526846511960490760,indahchffh,😔,0,0,3,Menyimak Nrrjml Binus,0.995229959487915,21,Nitip Nitipp Kabarin,0.6757673621177673,2,Iya Kak Dong,0.6486166715621948
7527562536267350792,dayhoedwie2,😂,0,3,3,Menyimak Nrrjml Binus,0.995229959487915,21,Nitip Nitipp Kabarin,0.6757673621177673,2,Iya Kak Dong,0.6486166715621948
7584368668398666517,teresiahemelka,"mumpung ada yg online nih, tau²nya udah sarjana kan",0,0,4,Online Offline Full,0.7101216912269592,12,Umur Yang Semangat,0.7067685127258301,7,Daftar Aku Sudah,0.7024023532867432
7584351013198217992,dayhoedwie2,kepencet wkwkw,0,0,2,Iya Kak Dong,0.6726706027984619,20,Betul Keren Banget,0.6093845367431641,21,Nitip Nitipp Kabarin,0.6057239174842834
7584291751248233236,teresiahemelka,ngapa kak? gasss yuk,0,0,7,Daftar Aku Sudah,0.7219194769859314,2,Iya Kak Dong,0.7082949876785278,8,Dm Admin Halo,0.6654462814331055
7531187396248519425,ahriansyah911,🥰,0,0,3,Menyimak Nrrjml Binus,0.995229959487915,21,Nitip Nitipp Kabarin,0.6757673621177673,2,Iya Kak Dong,0.6486166715621948
7531753508854268679,otyimd,😁,0,0,3,Menyimak Nrrjml Binus,0.995229959487915,21,Nitip Nitipp Kabarin,0.6757673621177673,2,Iya Kak Dong,0.6486166715621948
7531872459969053456,jarzspay,🗿,0,0,3,Menyimak Nrrjml Binus,0.995229959487915,21,Nitip Nitipp Kabarin,0.6757673621177673,2,Iya Kak Dong,0.6486166715621948
7533193840640066311,doen_doembye,apakah ada perdagangan internasional,0,1,5,Ada S2 Rpl,0.670396625995636,18,100 Universitas Siber,0.6033910512924194,22,Biayanya Berapa Biaya,0.5875694751739502
7535017428154106632,univsiberasia,"Halo Kak, saat ini di UNSIA terdapat 5 prodi nih, yaitu komunikasi, akuntansi, sistem informasi, informatika, dan manajemen",0,0,17,Informasi Informatika Akuntansi,0.9281725287437439,6,Dibuka Saat Mahasiswa,0.7339804172515869,9,Id Ac Pmb,0.7329981923103333
7465280459054138120,waduhhhhhhhhh4,ada program ekstensi nya gak ya?,0,1,1,Berapa Buka Kapan,0.8028916120529175,5,Ada S2 Rpl,0.7951488494873047,0,Tidak Ada Jurusan,0.772650420665741
7524934052672439058,univsiberasia,"Halo Kak, ada ya😊",0,0,8,Dm Admin Halo,0.8601776361465454,7,Daftar Aku Sudah,0.7799832224845886,11,Terima Kasih Salam,0.7672673463821411
7535131825929519890,nana_024.0,Ga ada jurusan bahasa Inggris atau sastra Inggris ya,0,0,0,Tidak Ada Jurusan,0.7722793221473694,5,Ada S2 Rpl,0.7302039265632629,4,Online Offline Full,0.6550379395484924
7537495196553806593,ichaatrg,kak unsia Nerima mahasiswa transferan ga kak?,0,1,1,Berapa Buka Kapan,0.796329915523529,0,Tidak Ada Jurusan,0.7762211561203003,19,Jalur Konversi Melalui,0.764190673828125
7537927984452666119,univsiberasia,"Halo Kakak, bisa ya melalui jalur konversi🤗",0,0,19,Jalur Konversi Melalui,0.9428244829177856,1,Berapa Buka Kapan,0.7533867359161377,8,Dm Admin Halo,0.7365797162055969
7538046404174840594,dhania.brt,Apakah ada untuk s2 ?,0,0,5,Ada S2 Rpl,0.7938483953475952,0,Tidak Ada Jurusan,0.7596031427383423,1,Berapa Buka Kapan,0.6729599237442017
7538654450384225031,ramadhan18106,🥰,0,0,3,Menyimak Nrrjml Binus,0.995229959487915,21,Nitip Nitipp Kabarin,0.6757673621177673,2,Iya Kak Dong,0.6486166715621948
7540439469280658194,aprilyanii230,bisa non TTM gk kak,0,0,1,Berapa Buka Kapan,0.8267490863800049,8,Dm Admin Halo,0.7849950790405273,0,Tidak Ada Jurusan,0.7670417428016663
7540959689434661633,pehngueri,pkl nya gimana kak,0,0,1,Berapa Buka Kapan,0.8419702053070068,13,Info Bagaimana Cara,0.8515015244483948,15,Dimana Daerah Pjj,0.8412432670593262
7542122623178818321,aziizahnrr,ini full online smpe sarjana ga?,0,1,4,Online Offline Full,0.7599150538444519,5,Ada S2 Rpl,0.7013775706291199,18,100 Universitas Siber,0.683009922504425
7571383038371906311,valentinostanleyy,"iya kak full online sampai sarjana, wisuda jd bisa online bs offline",1,0,4,Online Offline Full,0.8633475303649902,12,Umur Yang Semangat,0.7790387272834778,16,100 Tugas Skripsi,0.7676029205322266
7543211524933763858,lengkara_25,😁,0,0,3,Menyimak Nrrjml Binus,0.995229959487915,21,Nitip Nitipp Kabarin,0.6757673621177673,2,Iya Kak Dong,0.6486166715621948
7544374778221200145,aliakbar08075,"akreditasinya apa kak? a, b, atau c?",0,0,0,Tidak Ada Jurusan,0.7510122060775757,5,Ada S2 Rpl,0.724939227104187,1,Berapa Buka Kapan,0.6972825527191162
7581723666506367765,haiyahoke,"sistem kuliah nya gimana ? tolong jelasin.
dah muak sekali dengan ut 😭😭😭
hidup kayak dikejar kejar truss",10,6,12,Umur Yang Semangat,0.7902032732963562,0,Tidak Ada Jurusan,0.7056889533996582,4,Online Offline Full,0.6719459891319275
7581762044187034376,univsiberasia,"Hi Kak, boleh DM Mimin aja ya untuk informasi lengkapnya🤩",1,0,8,Dm Admin Halo,0.8809586763381958,13,Info Bagaimana Cara,0.7263970375061035,1,Berapa Buka Kapan,0.713813066482544
7582392928850477845,171124n,luar pulau bisa gasi kk? aku dri bngkulu soalnya,1,0,1,Berapa Buka Kapan,0.6889576315879822,7,Daftar Aku Sudah,0.7411477565765381,12,Umur Yang Semangat,0.7231963276863098
7582493555508953872,bunnymoon.0,upp,0,0,3,Menyimak Nrrjml Binus,0.8422996997833252,21,Nitip Nitipp Kabarin,0.6208199858665466,28,Juta 3Jt Serius,0.5823327898979187
7582677863658111745,hisouletter,"bisa kak, soalnya full online",0,0,4,Online Offline Full,0.8779762387275696,1,Berapa Buka Kapan,0.809712290763855,16,100 Tugas Skripsi,0.7869917154312134
7585151670423798549,a.nmw0,"DM aku juga kak, aku pengen tau detail nya",0,0,8,Dm Admin Halo,0.8401954174041748,7,Daftar Aku Sudah,0.777530312538147,13,Info Bagaimana Cara,0.7391330599784851
7595039292763538183,alinpoetrya,Betul aku niatnya mau pindah 😌,0,0,0,Tidak Ada Jurusan,0.6273970603942871,2,Iya Kak Dong,0.6964437365531921,7,Daftar Aku Sudah,0.6805828809738159
7565489437905617671,apakauliat._____,kak saya dri kampus swasta semester 2 prodi manajemen akreditas BAIK terus mau pindah ke unsia jalur RPL prodi manajemen juga apakah mata kuliah saya bakal di akui oleh kampus untuk mata kuliah yang sama?,1,0,5,Ada S2 Rpl,0.6686663627624512,0,Tidak Ada Jurusan,0.7906681895256042,27,Pt Terakreditasi Ban,0.7312811017036438
7616215593898214152,marzukialmahmudi,@ilham dawar:rekomendasi kuliah bk full online,0,0,18,100 Universitas Siber,0.6920531392097473,5,Ada S2 Rpl,0.6056522130966187,4,Online Offline Full,0.603095531463623
7585369957811192584,ta_urus96,Ka pangen Pindah dari pendidikan jasmani dan rekreasi bisa nggk ?,0,0,0,Tidak Ada Jurusan,0.7619274854660034,5,Ada S2 Rpl,0.7303575277328491,12,Umur Yang Semangat,0.7019795179367065
7585157591786455829,ikamusyarofah6,Halo kak pengen pindah dari UT bisa ngga ya semester 4 ?,0,0,0,Tidak Ada Jurusan,0.8431726098060608,1,Berapa Buka Kapan,0.8306164741516113,19,Jalur Konversi Melalui,0.7971431612968445
7584300602294092565,baginda02_,kak apakah ada jurusan sastra jepang kak,0,0,0,Tidak Ada Jurusan,0.8406689763069153,1,Berapa Buka Kapan,0.7800608277320862,5,Ada S2 Rpl,0.7710460424423218
7583670081248690951,_cappuccino12,"ini onlinenya harus tatap muka min? (zoom, dsj)
atau bisa juga gak?",0,0,4,Online Offline Full,0.7556828260421753,1,Berapa Buka Kapan,0.6727144122123718,5,Ada S2 Rpl,0.6587356925010681
7583719993613271815,yuga_baex,kak kalo nerusin d3 ke s1 apakah bisa,0,0,0,Tidak Ada Jurusan,0.8130809664726257,1,Berapa Buka Kapan,0.7337852716445923,5,Ada S2 Rpl,0.7317537069320679
7582936136318911248,silviyati89,batas umur brapak ak,0,0,1,Berapa Buka Kapan,0.6468793153762817,15,Dimana Daerah Pjj,0.693277895450592,22,Biayanya Berapa Biaya,0.6549471616744995
7582863699607454471,gxsahkpo,ini sistem ny gimana k,0,0,13,Info Bagaimana Cara,0.7228726148605347,1,Berapa Buka Kapan,0.7123823761940002,22,Biayanya Berapa Biaya,0.7104986906051636
7579839614505419541,anggiyuzu,Ini bayarnya bisa dana ga?,0,0,1,Berapa Buka Kapan,0.6488564014434814,4,Online Offline Full,0.6984413862228394,5,Ada S2 Rpl,0.6800847053527832
7579526805146452743,fhennxixi09,itu dimana sih😭,0,0,15,Dimana Daerah Pjj,0.8509647846221924,2,Iya Kak Dong,0.7204888463020325,5,Ada S2 Rpl,0.6931889653205872
7579320218398491400,heheh99999,"full online apa gimana kak, soalnya aku di Kalimantan Barat",0,0,4,Online Offline Full,0.8082640171051025,1,Berapa Buka Kapan,0.8062413334846497,0,Tidak Ada Jurusan,0.7767963409423828
7579082370838823700,ardaaxuxi_,kenapa aku baru tau setelah udh menjalankan 4 smt di UT😭,0,0,1,Berapa Buka Kapan,0.6024399995803833,12,Umur Yang Semangat,0.6864732503890991,0,Tidak Ada Jurusan,0.6609564423561096
7578428713780577041,estiprasasti2,kak ada jurusan PG Paud?,0,0,0,Tidak Ada Jurusan,0.8193827271461487,5,Ada S2 Rpl,0.8178791999816895,1,Berapa Buka Kapan,0.7621027231216431
7578172818640388872,amsorrrrriiii,gk ada jurusan teknik mesin ya,0,0,0,Tidak Ada Jurusan,0.7918902635574341,5,Ada S2 Rpl,0.7995376586914062,17,Informasi Informatika Akuntansi,0.6933128833770752
7578012995915268884,otheryser,cara mau pindah dari ut ke sini gmna min?btw baru sem 1 di ut😭,0,0,0,Tidak Ada Jurusan,0.7788940072059631,1,Berapa Buka Kapan,0.7586177587509155,4,Online Offline Full,0.7109038829803467
7577831711154930449,depuspits,khusus s1 ya? bisa buat daftar d3?,0,0,0,Tidak Ada Jurusan,0.7963993549346924,5,Ada S2 Rpl,0.7444162964820862,12,Umur Yang Semangat,0.6927047371864319
7577833239190291217,itsmechiichan,ada S2 ga?,0,0,5,Ada S2 Rpl,0.8886240720748901,0,Tidak Ada Jurusan,0.7604967355728149,2,Iya Kak Dong,0.7288629412651062
7577780055801217793,lulv_00,ada jurusan apa aja kak? aku dari d3 tekim mau lanjut s1,0,0,0,Tidak Ada Jurusan,0.8583998680114746,5,Ada S2 Rpl,0.7395332455635071,1,Berapa Buka Kapan,0.7377813458442688
7577773950081139464,deepbreath_0,ada s2 nya?,0,0,5,Ada S2 Rpl,0.8542430400848389,0,Tidak Ada Jurusan,0.7503048181533813,2,Iya Kak Dong,0.74950110912323
7577730404020060946,abangkuat59,"UNSIA ini dimana ya?
saya umur 25 tahun masih bisa daftar?",0,0,0,Tidak Ada Jurusan,0.771672785282135,1,Berapa Buka Kapan,0.7575565576553345,16,100 Tugas Skripsi,0.710891842842102
7577558792293237522,user6594297055815,Jurusan sastra Inggris ada gak kak?,0,0,0,Tidak Ada Jurusan,0.8461604118347168,5,Ada S2 Rpl,0.789527177810669,1,Berapa Buka Kapan,0.765402615070343
7577302942203806484,asciiayuningsih,hallo kak. untuk kode reffreal masukkinnya gmn ya kak,0,0,1,Berapa Buka Kapan,0.766106367111206,13,Info Bagaimana Cara,0.7428836822509766,8,Dm Admin Halo,0.7376313805580139
7577238364647129857,akakcica,akreditasinya apa kak yg prodi manajemen?,0,0,0,Tidak Ada Jurusan,0.8223748207092285,5,Ada S2 Rpl,0.7660034894943237,1,Berapa Buka Kapan,0.7629848122596741
7576648027709670152,robbi.dulfitriana,ada S2nya?,0,0,5,Ada S2 Rpl,0.8395857810974121,2,Iya Kak Dong,0.7535438537597656,0,Tidak Ada Jurusan,0.72740238904953
7576594430195974932,lostcontrol612,KA S2 ada enggak ???,0,0,0,Tidak Ada Jurusan,0.8315513134002686,5,Ada S2 Rpl,0.8706242442131042,15,Dimana Daerah Pjj,0.816963255405426
7576519349148041991,chandz5,min mau tanya kalo dari D3 ke S1 biaya nya berapa ya ? smaa jurusannya ada apa aja di unsia ?,0,0,0,Tidak Ada Jurusan,0.8291618824005127,1,Berapa Buka Kapan,0.7641071677207947,14,Dicicil 3Jt Biaya,0.7086752653121948
7575913589430256402,eeefff211,s2 ada belum,0,0,5,Ada S2 Rpl,0.8650839328765869,0,Tidak Ada Jurusan,0.7493964433670044,15,Dimana Daerah Pjj,0.7122532725334167
7575888129355514641,ayuandhin_,sudah kelewat daftar nya😭,0,0,7,Daftar Aku Sudah,0.7124898433685303,2,Iya Kak Dong,0.6834907531738281,12,Umur Yang Semangat,0.6578815579414368
7575808252844999442,yowes0405,S1 manajemen bisnis biaya brp kk,0,0,22,Biayanya Berapa Biaya,0.6502336263656616,0,Tidak Ada Jurusan,0.691300630569458,17,Informasi Informatika Akuntansi,0.6842148900032043
7574335840105693960,ciol_oyong,Kalau D3 Lanjut ke s1 bs nggak kak?,0,0,0,Tidak Ada Jurusan,0.8502247929573059,1,Berapa Buka Kapan,0.768263041973114,5,Ada S2 Rpl,0.7646034359931946
7573595444728726279,oliveberlayar,ada jurusan apa aja ya,0,0,0,Tidak Ada Jurusan,0.8143157958984375,5,Ada S2 Rpl,0.7807244062423706,15,Dimana Daerah Pjj,0.7625011205673218
7573061088619610888,nurlenni6,ada jurusan pendidikan ips ga?,0,0,5,Ada S2 Rpl,0.8328080177307129,0,Tidak Ada Jurusan,0.7945308685302734,4,Online Offline Full,0.6844568252563477
7572550977094746898,ffafiniiiii,biayanya gimana?,0,0,22,Biayanya Berapa Biaya,0.8847827911376953,13,Info Bagaimana Cara,0.7075158357620239,28,Juta 3Jt Serius,0.6815681457519531
7570926541753107218,berlyanfawnia,rekam medis ada kk,0,0,2,Iya Kak Dong,0.691676139831543,5,Ada S2 Rpl,0.7050585746765137,18,100 Universitas Siber,0.6827129125595093
7570231814653149973,kakashienta,Untuk S1 Kebidanan ada gk kk Trimahkasih,0,0,0,Tidak Ada Jurusan,0.7677038908004761,5,Ada S2 Rpl,0.7229523062705994,1,Berapa Buka Kapan,0.7143146395683289
7569293679355069205,gy_dy_,S2 keperawatan ada g ?,0,0,0,Tidak Ada Jurusan,0.7541050910949707,5,Ada S2 Rpl,0.8009620308876038,17,Informasi Informatika Akuntansi,0.6787121295928955
7569279684878549761,jejak_kata,ada jurusan Hukum Ekonomi Syari’ah,0,0,5,Ada S2 Rpl,0.7241821885108948,17,Informasi Informatika Akuntansi,0.7079506516456604,0,Tidak Ada Jurusan,0.6679314970970154
7569209287517455125,oliviactr,Pgsd ada gk kk,0,0,0,Tidak Ada Jurusan,0.7994429469108582,5,Ada S2 Rpl,0.8264198899269104,1,Berapa Buka Kapan,0.771902322769165
7568510859916559124,iyyoooeh,S2 Manajemen ada ga kak?,0,0,0,Tidak Ada Jurusan,0.8658601641654968,5,Ada S2 Rpl,0.8513631224632263,1,Berapa Buka Kapan,0.7639836072921753
7566226004588806932,mulyana4988,pingin jurusan psikologi,0,0,5,Ada S2 Rpl,0.6974163055419922,18,100 Universitas Siber,0.7315723299980164,17,Informasi Informatika Akuntansi,0.7002556920051575
7562584159157338901,vidyasaput,S1 keperawatan ada gk kak?,0,0,0,Tidak Ada Jurusan,0.8438502550125122,5,Ada S2 Rpl,0.8074655532836914,1,Berapa Buka Kapan,0.749129056930542
7560920454636208903,yeni.ad125,konversi prodi pgmi ada,0,0,5,Ada S2 Rpl,0.7214502096176147,18,100 Universitas Siber,0.7000666856765747,17,Informasi Informatika Akuntansi,0.6597587466239929
7559752760263066388,rahmat_rifki,S2 manajemen Dakwah ada GK KK ?,0,0,0,Tidak Ada Jurusan,0.7716769576072693,5,Ada S2 Rpl,0.7837050557136536,17,Informasi Informatika Akuntansi,0.7349583506584167
7557625285399544594,ali.alghazali451,saya ingin kuliah tapi kendala biaya,0,0,0,Tidak Ada Jurusan,0.6660650968551636,5,Ada S2 Rpl,0.6141078472137451,1,Berapa Buka Kapan,0.6014213562011719
7555271606677259016,bulbulz_,s2 informatika ada?,0,0,5,Ada S2 Rpl,0.7896043062210083,18,100 Universitas Siber,0.73758465051651,17,Informasi Informatika Akuntansi,0.7232325077056885
7554638062774043409,imwhydrt,ada S2 Cyber security ga kak ?,0,0,0,Tidak Ada Jurusan,0.8175950646400452,5,Ada S2 Rpl,0.8274431228637695,1,Berapa Buka Kapan,0.7677574157714844
7554380202157146887,audyf.n,manajemen pendidikan ada bu?,0,0,5,Ada S2 Rpl,0.7232310175895691,18,100 Universitas Siber,0.6718051433563232,17,Informasi Informatika Akuntansi,0.6434841156005859
7554324943245411089,na_ikna8,ada jurusan perpustakaan ga kk,0,0,0,Tidak Ada Jurusan,0.829848051071167,5,Ada S2 Rpl,0.8249702453613281,1,Berapa Buka Kapan,0.7526101469993591
7553630103516660488,hallomuyassar,UT solusi nya mbak,0,0,11,Terima Kasih Salam,0.7359292507171631,13,Info Bagaimana Cara,0.732165515422821,2,Iya Kak Dong,0.6814074516296387
7553450752954729233,bahrimuhammad77,ka ada jurusan agama islam kah untuk S2 nya,0,0,5,Ada S2 Rpl,0.757408857345581,0,Tidak Ada Jurusan,0.8380596041679382,1,Berapa Buka Kapan,0.755723237991333
7552864097860240135,nhovy11242,pariwisata ada ngga ka?,0,0,5,Ada S2 Rpl,0.8283380270004272,15,Dimana Daerah Pjj,0.8400874137878418,1,Berapa Buka Kapan,0.7948093414306641
7551751008667468545,llnsp14,ada nomor wa yg BSA dihubungin ka🥰,0,0,1,Berapa Buka Kapan,0.6963750123977661,8,Dm Admin Halo,0.7639343738555908,13,Info Bagaimana Cara,0.6721435189247131
7550936917186216705,gracedankaksofi,perbankan dan keuangan ada kak?,0,0,5,Ada S2 Rpl,0.7217828035354614,17,Informasi Informatika Akuntansi,0.6725309491157532,18,100 Universitas Siber,0.654445469379425
7550650250941252360,echadt,program doktor ada kak?,0,0,6,Dibuka Saat Mahasiswa,0.6416974067687988,5,Ada S2 Rpl,0.7922587990760803,2,Iya Kak Dong,0.7228906750679016
7548443351801627410,frans6077,di Jogja ada kah campus nya,0,0,18,100 Universitas Siber,0.6419557332992554,15,Dimana Daerah Pjj,0.7155272960662842,5,Ada S2 Rpl,0.71343594789505
7548398482170266386,cicicaalia_,kak ada jurusan desain visual ?,0,0,0,Tidak Ada Jurusan,0.8207333087921143,5,Ada S2 Rpl,0.7963260412216187,17,Informasi Informatika Akuntansi,0.745353102684021
7547643381369307912,nimro.hayati,kak kalo komputer kaj ada,0,0,0,Tidak Ada Jurusan,0.743463933467865,15,Dimana Daerah Pjj,0.7726568579673767,5,Ada S2 Rpl,0.7694808840751648
7545804180884046610,astrea_licik,ada jurusan elektro yang online,0,0,5,Ada S2 Rpl,0.7808160185813904,0,Tidak Ada Jurusan,0.7391583919525146,18,100 Universitas Siber,0.735717236995697
7544374778221200145,aliakbar08075,"akreditasinya apa kak? a, b, atau c?",0,0,0,Tidak Ada Jurusan,0.7510123252868652,5,Ada S2 Rpl,0.7249393463134766,1,Berapa Buka Kapan,0.6972826719284058
7540959689434661633,pehngueri,pkl nya gimana kak,0,0,1,Berapa Buka Kapan,0.8419703245162964,13,Info Bagaimana Cara,0.8515017032623291,15,Dimana Daerah Pjj,0.841243326663971
7540439469280658194,aprilyanii230,bisa non TTM gk kak,0,0,1,Berapa Buka Kapan,0.8267490863800049,8,Dm Admin Halo,0.7849950790405273,0,Tidak Ada Jurusan,0.7670417428016663
7538046404174840594,dhania.brt,Apakah ada untuk s2 ?,0,0,5,Ada S2 Rpl,0.7938483953475952,0,Tidak Ada Jurusan,0.7596031427383423,1,Berapa Buka Kapan,0.6729599237442017
7535131825929519890,nana_024.0,Ga ada jurusan bahasa Inggris atau sastra Inggris ya,0,0,0,Tidak Ada Jurusan,0.7722793221473694,5,Ada S2 Rpl,0.7302039265632629,4,Online Offline Full,0.6550379395484924
7526746573343376136,lanzzdly,min unsia swasta ya?,0,0,0,Tidak Ada Jurusan,0.7884969711303711,16,100 Tugas Skripsi,0.7857403755187988,18,100 Universitas Siber,0.7812311053276062
7525946102928540424,tiarohaeni,biaya uktnya berapa kak,0,0,1,Berapa Buka Kapan,0.8187762498855591,22,Biayanya Berapa Biaya,0.7875778079032898,14,Dicicil 3Jt Biaya,0.7680574655532837
7484952325850415879,julparijki,ini gratis,0,0,3,Menyimak Nrrjml Binus,0.7393529415130615,2,Iya Kak Dong,0.6940977573394775,21,Nitip Nitipp Kabarin,0.6678977012634277
7470172646680855313,kagura92_,Kalau wisudanya gimn KK?,0,0,1,Berapa Buka Kapan,0.8020976781845093,15,Dimana Daerah Pjj,0.7799853086471558,0,Tidak Ada Jurusan,0.7623754143714905
7456254383279670022,rvnnelf,ka bisa apply kipk/kjmu juga ga kalo daftar kampus ini?,0,0,1,Berapa Buka Kapan,0.8329610824584961,0,Tidak Ada Jurusan,0.8478876352310181,19,Jalur Konversi Melalui,0.8121846914291382
7449656061299360519,kabita5426,ka jurusan teknik mesin ada ga?,0,0,0,Tidak Ada Jurusan,0.8468024730682373,5,Ada S2 Rpl,0.8201649785041809,1,Berapa Buka Kapan,0.7505462169647217
7434011594600563463,alexander.firnand1,Wisudanya offline atau online kak?,0,0,4,Online Offline Full,0.8720337152481079,1,Berapa Buka Kapan,0.7920663356781006,7,Daftar Aku Sudah,0.7397527694702148
7417459939424600837,gigy_atyka,Kalau di UNSIA bisa pakai KIP tidak?,0,0,0,Tidak Ada Jurusan,0.7738324403762817,5,Ada S2 Rpl,0.7771817445755005,1,Berapa Buka Kapan,0.7677901983261108
7417285903667200773,ariyatiiiiiii,akreditasi nya apa kak,0,0,0,Tidak Ada Jurusan,0.8077132701873779,15,Dimana Daerah Pjj,0.8474105596542358,1,Berapa Buka Kapan,0.8108407855033875
7402996020701954822,feytatinggulu7,ada jurusan hukum gk?,0,0,5,Ada S2 Rpl,0.8724221587181091,0,Tidak Ada Jurusan,0.7784328460693359,18,100 Universitas Siber,0.7190806269645691
7346060744067482373,sweetlymy04,kak apa bisa daftar klo dari luar kota?,0,0,1,Berapa Buka Kapan,0.8559585213661194,0,Tidak Ada Jurusan,0.8017370700836182,19,Jalur Konversi Melalui,0.7637184858322144
7344744864187908869,duyungdarat0623,kak kalo misalnya kita nya kerja diluar negeri tapi kuliah online Disni bisa gak?,0,0,0,Tidak Ada Jurusan,0.8226184844970703,1,Berapa Buka Kapan,0.7811485528945923,4,Online Offline Full,0.7700733542442322
7343496253844685573,handayan91,min ada grupnya buat maba nggak,0,0,2,Iya Kak Dong,0.6084152460098267,1,Berapa Buka Kapan,0.8142071962356567,0,Tidak Ada Jurusan,0.7919055223464966
7320612967446364934,ldrhm48,kapan buka pendaftaran kk?,0,0,1,Berapa Buka Kapan,0.8182066679000854,13,Info Bagaimana Cara,0.7815117835998535,6,Dibuka Saat Mahasiswa,0.7517455220222473
7313422370784494342,sandrabarbarrrr,mau kakk,0,0,2,Iya Kak Dong,0.871541440486908,7,Daftar Aku Sudah,0.7552838325500488,21,Nitip Nitipp Kabarin,0.7398101091384888
7291346150290948869,4qu4riu5_,jurusan apa aja,0,0,0,Tidak Ada Jurusan,0.6933376789093018,5,Ada S2 Rpl,0.7199803590774536,22,Biayanya Berapa Biaya,0.6974018216133118
7274387698893472517,imnotyyoours,min ada program pasca sarjana ga min,0,0,0,Tidak Ada Jurusan,0.8165411949157715,5,Ada S2 Rpl,0.7858532667160034,1,Berapa Buka Kapan,0.7430886626243591
7256828668860302085,sweatimes,Berapa tahun kak?,0,0,1,Berapa Buka Kapan,0.7065211534500122,15,Dimana Daerah Pjj,0.760002076625824,2,Iya Kak Dong,0.752763032913208
7250582162377769733,aldosiregar_24,ada linknya tidak,0,0,5,Ada S2 Rpl,0.7680426836013794,2,Iya Kak Dong,0.763724684715271,15,Dimana Daerah Pjj,0.7377209663391113
7274387708818031365,imnotyyoours,ad program s2 ga min,0,0,6,Dibuka Saat Mahasiswa,0.6539177894592285,5,Ada S2 Rpl,0.8309305310249329,0,Tidak Ada Jurusan,0.8300725817680359
7527562536267350792,dayhoedwie2,😂,0,3,3,Menyimak Nrrjml Binus,0.995229959487915,21,Nitip Nitipp Kabarin,0.6757673621177673,2,Iya Kak Dong,0.6486166715621948
7584368668398666517,teresiahemelka,"mumpung ada yg online nih, tau²nya udah sarjana kan",0,0,4,Online Offline Full,0.7101216912269592,12,Umur Yang Semangat,0.7067685127258301,7,Daftar Aku Sudah,0.7024023532867432
7584351013198217992,dayhoedwie2,kepencet wkwkw,0,0,2,Iya Kak Dong,0.6726706027984619,20,Betul Keren Banget,0.6093844175338745,21,Nitip Nitipp Kabarin,0.6057238578796387
7584291751248233236,teresiahemelka,ngapa kak? gasss yuk,0,0,7,Daftar Aku Sudah,0.7219195365905762,2,Iya Kak Dong,0.7082950472831726,8,Dm Admin Halo,0.6654462814331055
7561982678083502855,shintaaandinii,@Yaaaa,0,1,2,Iya Kak Dong,0.7363739013671875,3,Menyimak Nrrjml Binus,0.8648089170455933,20,Betul Keren Banget,0.6869010925292969
7562208433442308882,ristia038,LAMPU KAKA,0,0,2,Iya Kak Dong,0.7150238156318665,3,Menyimak Nrrjml Binus,0.7239987850189209,21,Nitip Nitipp Kabarin,0.6772842407226562
7577675980815860481,lian_2738,@Andriani @Kelsa caine,2,0,3,Menyimak Nrrjml Binus,0.5786926746368408,24,Ilkom Ieu Balang,0.6270121335983276,18,100 Universitas Siber,0.5940901041030884
7632505100217467665,arifve_09,😁,0,0,3,Menyimak Nrrjml Binus,0.995229959487915,21,Nitip Nitipp Kabarin,0.6757673621177673,2,Iya Kak Dong,0.6486166715621948
7596183819611702036,meypcrnyajay,👈,0,0,3,Menyimak Nrrjml Binus,0.995229959487915,21,Nitip Nitipp Kabarin,0.6757673621177673,2,Iya Kak Dong,0.6486166715621948
7595242963660440327,oikiboyyyyy,🗿,0,0,3,Menyimak Nrrjml Binus,0.995229959487915,21,Nitip Nitipp Kabarin,0.6757673621177673,2,Iya Kak Dong,0.6486166715621948
7591749350796591873,tikarahmawat,🥰,0,0,3,Menyimak Nrrjml Binus,0.995229959487915,21,Nitip Nitipp Kabarin,0.6757673621177673,2,Iya Kak Dong,0.6486166715621948
7591749353581478672,tikarahmawat,😊,0,0,3,Menyimak Nrrjml Binus,0.995229959487915,21,Nitip Nitipp Kabarin,0.6757673621177673,2,Iya Kak Dong,0.6486166715621948
7591749350167397137,tikarahmawat,😁,0,0,3,Menyimak Nrrjml Binus,0.995229959487915,21,Nitip Nitipp Kabarin,0.6757673621177673,2,Iya Kak Dong,0.6486166715621948
7591335745399767815,racunduniamaya100,💪,0,0,3,Menyimak Nrrjml Binus,0.995229959487915,21,Nitip Nitipp Kabarin,0.6757673621177673,2,Iya Kak Dong,0.6486166715621948
7590493223635141397,komaruzaman0,😁,0,0,3,Menyimak Nrrjml Binus,0.995229959487915,21,Nitip Nitipp Kabarin,0.6757673621177673,2,Iya Kak Dong,0.6486166715621948
7587758000199500560,callsiho_,@Dede Nurul Yakin,0,0,2,Iya Kak Dong,0.7519763112068176,20,Betul Keren Banget,0.682009756565094,26,Bismillah Depan Bismillahirrahmanirrahim,0.6561437249183655
7586697437152133906,nurandinititin,😁,0,0,3,Menyimak Nrrjml Binus,0.995229959487915,21,Nitip Nitipp Kabarin,0.6757673621177673,2,Iya Kak Dong,0.6486166715621948
7585158909272605461,wndsra25,😭,0,0,3,Menyimak Nrrjml Binus,0.995229959487915,21,Nitip Nitipp Kabarin,0.6757673621177673,2,Iya Kak Dong,0.6486166715621948
7581119904729187093,lesta_tika,😅,0,0,3,Menyimak Nrrjml Binus,0.995229959487915,21,Nitip Nitipp Kabarin,0.6757673621177673,2,Iya Kak Dong,0.6486166715621948
7580718291669500673,fikri_maulana21,😁,0,0,3,Menyimak Nrrjml Binus,0.995229959487915,21,Nitip Nitipp Kabarin,0.6757673621177673,2,Iya Kak Dong,0.6486166715621948
7580405415482737415,ardnrm4,😂,0,0,3,Menyimak Nrrjml Binus,0.995229959487915,21,Nitip Nitipp Kabarin,0.6757673621177673,2,Iya Kak Dong,0.6486166715621948
7578469854010442503,sriagustina406,😳,0,0,3,Menyimak Nrrjml Binus,0.995229959487915,21,Nitip Nitipp Kabarin,0.6757673621177673,2,Iya Kak Dong,0.6486166715621948
7575109890789573397,faisalgucci,😁,0,0,3,Menyimak Nrrjml Binus,0.995229959487915,21,Nitip Nitipp Kabarin,0.6757673621177673,2,Iya Kak Dong,0.6486166715621948
7573990502233473799,stnrhyn210795,😆,0,0,3,Menyimak Nrrjml Binus,0.995229959487915,21,Nitip Nitipp Kabarin,0.6757673621177673,2,Iya Kak Dong,0.6486166715621948
7573258030650196744,yuliyu0232,😂,0,0,3,Menyimak Nrrjml Binus,0.995229959487915,21,Nitip Nitipp Kabarin,0.6757673621177673,2,Iya Kak Dong,0.6486166715621948
7571525550134231816,tukang_halu91,😅,0,0,3,Menyimak Nrrjml Binus,0.995229959487915,21,Nitip Nitipp Kabarin,0.6757673621177673,2,Iya Kak Dong,0.6486166715621948
7569043655224460049,vequellezy,@kinaraaaa @moyawror,0,0,24,Ilkom Ieu Balang,0.7829781770706177,2,Iya Kak Dong,0.5508682727813721,18,100 Universitas Siber,0.5447521209716797
7569022599096304405,foell__,🥰🥰🥰,0,0,3,Menyimak Nrrjml Binus,0.995229959487915,21,Nitip Nitipp Kabarin,0.6757673621177673,2,Iya Kak Dong,0.6486166715621948
7568791641907462919,sweetzuul,🥰🥰🥰,0,0,3,Menyimak Nrrjml Binus,0.995229959487915,21,Nitip Nitipp Kabarin,0.6757673621177673,2,Iya Kak Dong,0.6486166715621948
7568749118635787016,ahjenayy,😭,0,0,3,Menyimak Nrrjml Binus,0.995229959487915,21,Nitip Nitipp Kabarin,0.6757673621177673,2,Iya Kak Dong,0.6486166715621948
7568512772029776647,jerukkur,🥰,0,0,3,Menyimak Nrrjml Binus,0.995229959487915,21,Nitip Nitipp Kabarin,0.6757673621177673,2,Iya Kak Dong,0.6486166715621948
7568496999504134930,elevena.6,🌷,0,0,3,Menyimak Nrrjml Binus,0.995229959487915,21,Nitip Nitipp Kabarin,0.6757673621177673,2,Iya Kak Dong,0.6486166715621948
7564098953052062482,usern0tf0undl0,😂,0,0,3,Menyimak Nrrjml Binus,0.995229959487915,21,Nitip Nitipp Kabarin,0.6757673621177673,2,Iya Kak Dong,0.6486166715621948
7564091675813184277,neli9812,😂,0,0,3,Menyimak Nrrjml Binus,0.995229959487915,21,Nitip Nitipp Kabarin,0.6757673621177673,2,Iya Kak Dong,0.6486166715621948
7560849450982998802,itsme.tiiaaraa,😭,0,0,3,Menyimak Nrrjml Binus,0.995229959487915,21,Nitip Nitipp Kabarin,0.6757673621177673,2,Iya Kak Dong,0.6486166715621948
7560221092490167058,yogapratama22340,🥰,0,0,3,Menyimak Nrrjml Binus,0.995229959487915,21,Nitip Nitipp Kabarin,0.6757673621177673,2,Iya Kak Dong,0.6486166715621948
7558888279124755207,mhmdzidan017,😂,0,0,3,Menyimak Nrrjml Binus,0.995229959487915,21,Nitip Nitipp Kabarin,0.6757673621177673,2,Iya Kak Dong,0.6486166715621948
7558851937640530689,user67453830180656,🗿,0,0,3,Menyimak Nrrjml Binus,0.995229959487915,21,Nitip Nitipp Kabarin,0.6757673621177673,2,Iya Kak Dong,0.6486166715621948
7550139952966763272,250106privates,😁,0,0,3,Menyimak Nrrjml Binus,0.995229959487915,21,Nitip Nitipp Kabarin,0.6757673621177673,2,Iya Kak Dong,0.6486166715621948
7543211524933763858,lengkara_25,😁,0,0,3,Menyimak Nrrjml Binus,0.995229959487915,21,Nitip Nitipp Kabarin,0.6757673621177673,2,Iya Kak Dong,0.6486166715621948
7538654450384225031,ramadhan18106,🥰,0,0,3,Menyimak Nrrjml Binus,0.995229959487915,21,Nitip Nitipp Kabarin,0.6757673621177673,2,Iya Kak Dong,0.6486166715621948
7533683869435347730,.kitakasihtahu_,😁,0,0,3,Menyimak Nrrjml Binus,0.995229959487915,21,Nitip Nitipp Kabarin,0.6757673621177673,2,Iya Kak Dong,0.6486166715621948
7531872459969053456,jarzspay,🗿,0,0,3,Menyimak Nrrjml Binus,0.995229959487915,21,Nitip Nitipp Kabarin,0.6757673621177673,2,Iya Kak Dong,0.6486166715621948
7531753508854268679,otyimd,😁,0,0,3,Menyimak Nrrjml Binus,0.995229959487915,21,Nitip Nitipp Kabarin,0.6757673621177673,2,Iya Kak Dong,0.6486166715621948
7531187396248519425,ahriansyah911,🥰,0,0,3,Menyimak Nrrjml Binus,0.995229959487915,21,Nitip Nitipp Kabarin,0.6757673621177673,2,Iya Kak Dong,0.6486166715621948
7526846511960490760,indahchffh,😔,0,0,3,Menyimak Nrrjml Binus,0.995229959487915,21,Nitip Nitipp Kabarin,0.6757673621177673,2,Iya Kak Dong,0.6486166715621948
7501464721884250888,khsnhskma,😳,0,0,3,Menyimak Nrrjml Binus,0.995229959487915,21,Nitip Nitipp Kabarin,0.6757673621177673,2,Iya Kak Dong,0.6486166715621948
7471298995286065975,dedeh.khaira,😁,0,0,3,Menyimak Nrrjml Binus,0.995229959487915,21,Nitip Nitipp Kabarin,0.6757673621177673,2,Iya Kak Dong,0.6486166715621948
7445435484299641618,dhoni.ajja,🔥,0,0,3,Menyimak Nrrjml Binus,0.995229959487915,21,Nitip Nitipp Kabarin,0.6757673621177673,2,Iya Kak Dong,0.6486166715621948
7210850517811462939,mharyo_s88,😳😳😳,0,0,3,Menyimak Nrrjml Binus,0.995229959487915,21,Nitip Nitipp Kabarin,0.6757673621177673,2,Iya Kak Dong,0.6486166715621948
7478142556678636304,virgotaktik,"ada S2 akuntansi gak, tolong dong kl ada tmn tmn yg tau kampus mana yg ada program ini🙏",0,1,0,Tidak Ada Jurusan,0.8060762286186218,5,Ada S2 Rpl,0.7251099348068237,1,Berapa Buka Kapan,0.7137905359268188
7526096457750741761,makanterus961,Disini prodinya S1 semua kk,0,0,0,Tidak Ada Jurusan,0.7914353013038635,5,Ada S2 Rpl,0.7478736639022827,17,Informasi Informatika Akuntansi,0.7027280926704407
7579583520517014288,papajex5,tambahin jurusan dong min,0,0,0,Tidak Ada Jurusan,0.7522375583648682,5,Ada S2 Rpl,0.7810717225074768,7,Daftar Aku Sudah,0.727979302406311
7577972606402298642,noprirezaaa,Mau dong,0,0,2,Iya Kak Dong,0.8310772180557251,20,Betul Keren Banget,0.7254884243011475,21,Nitip Nitipp Kabarin,0.7180026769638062
7591819458974876437,neupi05,apakah ada s1hukum,0,0,5,Ada S2 Rpl,0.7752125263214111,0,Tidak Ada Jurusan,0.7566565275192261,1,Berapa Buka Kapan,0.6473523378372192
7567390846871323399,ri.ia,dri ut ke unsia bsa ga ya,97,50,1,Berapa Buka Kapan,0.8109966516494751,0,Tidak Ada Jurusan,0.8058896064758301,19,Jalur Konversi Melalui,0.7896817922592163
7568450609259971348,violetv.m___,infoin jugaa kak😭😭,4,0,2,Iya Kak Dong,0.7166876792907715,8,Dm Admin Halo,0.8068135380744934,13,Info Bagaimana Cara,0.761414110660553
7568452490111681298,apasajalah_7,"Okee kak, aku dh cape bngt di ut😭😭",41,0,12,Umur Yang Semangat,0.7940492630004883,7,Daftar Aku Sudah,0.7609662413597107,11,Terima Kasih Salam,0.7024422287940979
7568480690036196103,lalaorangecounty,boleh spill ga kak kenapa capenya bangett?,0,0,7,Daftar Aku Sudah,0.7497760057449341,1,Berapa Buka Kapan,0.7663014531135559,15,Dimana Daerah Pjj,0.7328357100486755
7568484840069710600,apasajalah_7,"Aku irt + busui kak, dulu walaupun di kejar” sama tugas aku ttp nyanggupin, tpi karna sekarang kurba jdi ga fleksibel bagi aku, karna adanya tuweb (tutorial webinar) + ada tugas bikin video trs di up di sosmed gitu",17,0,12,Umur Yang Semangat,0.7921857237815857,4,Online Offline Full,0.6805180311203003,16,100 Tugas Skripsi,0.6641929149627686
7569188253007594258,lalaorangecounty,"ohh gitu, makasii kak",0,0,11,Terima Kasih Salam,0.8629336357116699,8,Dm Admin Halo,0.7525506019592285,2,Iya Kak Dong,0.7512342929840088
7584785972535264016,twlgh9,knapa kak? pusing kah kuliah di UT?🙏 aku lgi cari² kuliah untk online,0,0,12,Umur Yang Semangat,0.7406987547874451,0,Tidak Ada Jurusan,0.7715857028961182,4,Online Offline Full,0.7346360683441162
7584793007510881032,apasajalah_7,"Bngtt kak, karna kurba",1,0,2,Iya Kak Dong,0.7680177688598633,20,Betul Keren Banget,0.7511114478111267,7,Daftar Aku Sudah,0.7100111246109009
7584795435040424705,twlgh9,udh daftar unsia kak?,0,0,0,Tidak Ada Jurusan,0.7286900877952576,7,Daftar Aku Sudah,0.8487806916236877,6,Dibuka Saat Mahasiswa,0.7871377468109131
7592114821810963220,user17v4,😭,0,0,3,Menyimak Nrrjml Binus,0.995229959487915,21,Nitip Nitipp Kabarin,0.6757673621177673,2,Iya Kak Dong,0.6486166715621948
7568469612409438996,violetv.m___,kakk aku dm bolehh gaa??😭😭,0,0,8,Dm Admin Halo,0.8047639727592468,7,Daftar Aku Sudah,0.7818406224250793,15,Dimana Daerah Pjj,0.7434588670730591
7568469764067590920,apasajalah_7,Boleh ka aman aja,0,0,5,Ada S2 Rpl,0.6717771887779236,2,Iya Kak Dong,0.7986299991607666,8,Dm Admin Halo,0.7305644154548645
7570696517209981703,raazarsy,kaaa baless dm akuuu,0,0,8,Dm Admin Halo,0.7999321818351746,7,Daftar Aku Sudah,0.7100334167480469,11,Terima Kasih Salam,0.6676478385925293
7591920567939318535,herinamutiasarii,gmn caranya kak,0,0,13,Info Bagaimana Cara,0.8252066969871521,1,Berapa Buka Kapan,0.7220159769058228,15,Dimana Daerah Pjj,0.6974188685417175
7569268637996647186,whokyy332,udah stress bgt kayany ka di ut😭😂,1,0,12,Umur Yang Semangat,0.8069615364074707,7,Daftar Aku Sudah,0.6992464661598206,4,Online Offline Full,0.6933987736701965
7569345898481943314,apasajalah_7,"Awalnya biasa aja, tpi karna kurba jdi stress😭",3,0,12,Umur Yang Semangat,0.6119836568832397,7,Daftar Aku Sudah,0.5383810997009277,2,Iya Kak Dong,0.5254486799240112
7639738718366139144,nuqia77,"kak maaf mau nanya, bedanya kurikulum lama sama yang baru apa kak? saya maba UT baru semester 1 ini, makasih 🙏🏼",0,0,11,Terima Kasih Salam,0.6203870177268982,0,Tidak Ada Jurusan,0.7626453638076782,1,Berapa Buka Kapan,0.7457470893859863
7635820250155762453,morningpersonz,sama Lagi aku udh di smster 10 malah blm lulus2🤣.udh capek maksimal,0,0,12,Umur Yang Semangat,0.8326943516731262,0,Tidak Ada Jurusan,0.6709113121032715,4,Online Offline Full,0.6654835939407349
7635820670450058005,apasajalah_7,Ko bisa sampai semester segitu😭😭,0,0,0,Tidak Ada Jurusan,0.7234861254692078,12,Umur Yang Semangat,0.7177397012710571,5,Ada S2 Rpl,0.7175586819648743
7635849216007799573,morningpersonz,suka ke skip klo ada UAS trs ngulang next semester😂,0,0,3,Menyimak Nrrjml Binus,0.26130494475364685,12,Umur Yang Semangat,0.7700034976005554,4,Online Offline Full,0.6619598269462585
7634073850004062997,ana141501,Ikuttt,0,0,2,Iya Kak Dong,0.7988426685333252,20,Betul Keren Banget,0.7305904030799866,21,Nitip Nitipp Kabarin,0.7200984954833984
7572447954922619655,wh0ps1e00,"aku mau ngulang kak ke unsia dari ut, siapa mau pindah juga😭",1,0,0,Tidak Ada Jurusan,0.829239010810852,7,Daftar Aku Sudah,0.8030827045440674,1,Berapa Buka Kapan,0.7969368100166321
7592115132256404245,user17v4,aku 😭. gimana kak sekarang ?,0,0,2,Iya Kak Dong,0.7225266098976135,15,Dimana Daerah Pjj,0.6979637742042542,7,Daftar Aku Sudah,0.6595561504364014
7569932979020464904,maya.siska13,"Kakk emangnya ut ga bagus yaa??? Aku bingung mau ut atau unsia ,aku mau kuliah sambil kerjaaa",1,0,1,Berapa Buka Kapan,0.7431043386459351,0,Tidak Ada Jurusan,0.8263574242591858,12,Umur Yang Semangat,0.7903469800949097
7569081908422050578,bossl3r,info ka,1,0,13,Info Bagaimana Cara,0.7908716797828674,2,Iya Kak Dong,0.7365522384643555,8,Dm Admin Halo,0.7257787585258484
7609421361362797328,apaansihwee2,info in mau pindah jugaa,0,0,13,Info Bagaimana Cara,0.6959573030471802,7,Daftar Aku Sudah,0.7158300876617432,1,Berapa Buka Kapan,0.7060209512710571
7602823669841625874,hanss054,info juga,0,0,13,Info Bagaimana Cara,0.690298318862915,2,Iya Kak Dong,0.7147191762924194,21,Nitip Nitipp Kabarin,0.7121348977088928
7593921524731036436,milanounow,SAMAAAAAAA KITA KA,0,0,2,Iya Kak Dong,0.7520369291305542,7,Daftar Aku Sudah,0.6757150888442993,11,Terima Kasih Salam,0.647158145904541
7592739654081446657,yuliany_,titip kak infoin jugaa😭,0,0,2,Iya Kak Dong,0.7013626098632812,8,Dm Admin Halo,0.798933744430542,11,Terima Kasih Salam,0.7837568521499634
7592211835768701716,rinnn4_4,katanya sih bisa minimal semester 2,0,0,0,Tidak Ada Jurusan,0.757793664932251,12,Umur Yang Semangat,0.7405000925064087,4,Online Offline Full,0.7172026634216309
7592114762441507605,user17v4,gimana kak bisa ?,0,0,13,Info Bagaimana Cara,0.7646180391311646,2,Iya Kak Dong,0.7179077863693237,15,Dimana Daerah Pjj,0.7059319615364075
7589177275049427732,gdaaaaak,info kaa,0,0,13,Info Bagaimana Cara,0.7908716797828674,2,Iya Kak Dong,0.7365522384643555,8,Dm Admin Halo,0.7257787585258484
7574630338032567056,fitrianifachrunisa_,bisa kakk btw aku diunsia,0,0,4,Online Offline Full,0.7704842686653137,7,Daftar Aku Sudah,0.8446462750434875,8,Dm Admin Halo,0.8253884315490723
7574640004807639826,apasajalah_7,Sekrng udh semester brp di unisa?,0,0,0,Tidak Ada Jurusan,0.7633717656135559,12,Umur Yang Semangat,0.7178219556808472,1,Berapa Buka Kapan,0.6986210346221924
7577183495418036993,fitrianifachrunisa_,masih 1 mingdep UTS,0,0,4,Online Offline Full,0.6722274422645569,12,Umur Yang Semangat,0.6978382468223572,5,Ada S2 Rpl,0.6546311974525452
7576981891350364936,nothingcf,plis kalo bisa infoin kak😭,0,0,0,Tidak Ada Jurusan,0.6468786597251892,8,Dm Admin Halo,0.8137062788009644,7,Daftar Aku Sudah,0.7472249269485474
7575706054211207952,arjunasyny24,nitip sendal k,0,0,21,Nitip Nitipp Kabarin,0.7733654975891113,2,Iya Kak Dong,0.6340456008911133,24,Ilkom Ieu Balang,0.6077584624290466
7575366508932629266,keyyliiiannnnnn,infoin dong,0,0,-1,Mantab Uk Belakang,0.0,13,Info Bagaimana Cara,0.7563148140907288,8,Dm Admin Halo,0.7449615001678467
7572630006925525781,shaciiiiii,bisa ka,0,0,2,Iya Kak Dong,0.8483531475067139,8,Dm Admin Halo,0.759137749671936,13,Info Bagaimana Cara,0.7533248662948608
7572514614983295751,ywoarbii,mau nitip kak😔,0,0,21,Nitip Nitipp Kabarin,0.8191580772399902,7,Daftar Aku Sudah,0.7770898938179016,2,Iya Kak Dong,0.7706139087677002
7570923376711205653,rrecloudly_30,kenapa mau pindah kak?,0,0,0,Tidak Ada Jurusan,0.6782286763191223,15,Dimana Daerah Pjj,0.7716231942176819,2,Iya Kak Dong,0.7662166357040405
7569968466288952085,oneanddoonlyy,Infoo,0,0,3,Menyimak Nrrjml Binus,0.7909199595451355,21,Nitip Nitipp Kabarin,0.6867309212684631,2,Iya Kak Dong,0.6237056851387024
7569178759997702930,sukakamu_1312,Nitip,0,0,21,Nitip Nitipp Kabarin,0.9735068678855896,3,Menyimak Nrrjml Binus,0.7572670578956604,2,Iya Kak Dong,0.7146409749984741
7569042132969112327,ptimah_7,nitippp,0,0,21,Nitip Nitipp Kabarin,0.9379101991653442,2,Iya Kak Dong,0.7453049421310425,20,Betul Keren Banget,0.6568657159805298
7568651016893268756,asamadyaa,informasi nya kak,0,0,13,Info Bagaimana Cara,0.8337705135345459,11,Terima Kasih Salam,0.7567213177680969,2,Iya Kak Dong,0.7519993782043457
7568503370957406997,hatcyuuu_,nitip,0,0,21,Nitip Nitipp Kabarin,0.9735068678855896,3,Menyimak Nrrjml Binus,0.7572670578956604,2,Iya Kak Dong,0.7146409749984741
7568491517934813969,xian3411,nitip dong,0,0,21,Nitip Nitipp Kabarin,0.9253088235855103,2,Iya Kak Dong,0.7864657640457153,7,Daftar Aku Sudah,0.6958186626434326
7568479411663831824,_yaww19,Ehhh info jg 😭 aku setres bgt di ut,0,0,12,Umur Yang Semangat,0.7795348167419434,0,Tidak Ada Jurusan,0.6971204280853271,7,Daftar Aku Sudah,0.6831045150756836
7597044225369588481,aksv0.0,"pliss info juga woyy, rasanya ut tuton berasa amat sgt mandiri bgt😔😭",0,0,13,Info Bagaimana Cara,0.5704514980316162,12,Umur Yang Semangat,0.694128155708313,20,Betul Keren Banget,0.6827915906906128
7572018160556426000,tukiyem_244,Kak sharing dong km kenapa mau pindah dari UT ke usia?,0,0,0,Tidak Ada Jurusan,0.7841475605964661,1,Berapa Buka Kapan,0.7293461561203003,12,Umur Yang Semangat,0.717224657535553
7568552042772480786,einaafets,"Bisa bgt kak. Asal sudah 2 smt di ut, dan nilai minimal c ya",0,0,2,Iya Kak Dong,0.5720273852348328,0,Tidak Ada Jurusan,0.779822051525116,14,Dicicil 3Jt Biaya,0.7611746191978455
7588900836400366357,mayden555,Kuliahnya berapa tahun kak?,33,11,1,Berapa Buka Kapan,0.8021412491798401,15,Dimana Daerah Pjj,0.818173885345459,0,Tidak Ada Jurusan,0.7645376920700073
7612511673022923528,univsiberasia,"Hi Kakak, bisa banget dong🤩",0,0,8,Dm Admin Halo,0.8046092987060547,7,Daftar Aku Sudah,0.7529129981994629,11,Terima Kasih Salam,0.7482377290725708
7581190538906567431,widowidiastuti,mending UT apa Unsia ya? yg online bisa sambil kerja😭,7,24,0,Tidak Ada Jurusan,0.7829937934875488,12,Umur Yang Semangat,0.7740393877029419,4,Online Offline Full,0.7694382071495056
7581378760164000519,univsiberasia,"Menurut Mimin UNSIA si Kak, 100% full online, biaya terjangkau, dan sudah terakreditasi nasional dan internasional. Dijamin gaakan nyesel jadi mahasiswa UNSIA🤩",46,0,9,Id Ac Pmb,0.7820953726768494,27,Pt Terakreditasi Ban,0.753201961517334,12,Umur Yang Semangat,0.7367931604385376
7583284793183732501,piscesgirl710,"Min, UAS nya juga online kah? Trs bimbingan skripsinya online juga semua?",0,0,4,Online Offline Full,0.8333945870399475,1,Berapa Buka Kapan,0.7837942838668823,16,100 Tugas Skripsi,0.7831660509109497
7583288726357754642,univsiberasia,Betul banget dong Kakak🤩,0,0,20,Betul Keren Banget,0.9066184163093567,2,Iya Kak Dong,0.7490156888961792,11,Terima Kasih Salam,0.7306689023971558
7633989927885570817,zo.zoo06,"Minn,di jogja ada ga cabngny?",0,0,2,Iya Kak Dong,0.576505184173584,1,Berapa Buka Kapan,0.7550786733627319,15,Dimana Daerah Pjj,0.7535709738731384
7604530817445282561,arvelyy_,@Mayessssbersama,0,0,2,Iya Kak Dong,0.6045048832893372,26,Bismillah Depan Bismillahirrahmanirrahim,0.641520619392395,24,Ilkom Ieu Balang,0.6338449120521545
7602976732140831505,_aasy44,Semisal ambil kelas sbtu minggu bisa ga ya ka,0,0,0,Tidak Ada Jurusan,0.8084839582443237,1,Berapa Buka Kapan,0.8396967649459839,4,Online Offline Full,0.7996138334274292
7589147586394063634,syaaaaaaa_2a,kalo wisuda bisa online ga ka,0,0,1,Berapa Buka Kapan,0.8707542419433594,4,Online Offline Full,0.8660302758216858,0,Tidak Ada Jurusan,0.8072121143341064
7588441201470030609,widabasca,Min dari UT pindah ke unsia bisa ngga min? Tanpa ngulang semester,1,0,0,Tidak Ada Jurusan,0.8295696973800659,1,Berapa Buka Kapan,0.7904359102249146,19,Jalur Konversi Melalui,0.7322441339492798
7591412295772406536,_teerserahhh_,kak spil prodi apa aja yg D3,0,0,0,Tidak Ada Jurusan,0.8062844276428223,5,Ada S2 Rpl,0.7553446292877197,1,Berapa Buka Kapan,0.7396212220191956
7604017776105194260,nunanaa__,Min kalau pindahan bisa ga?,0,0,1,Berapa Buka Kapan,0.8120934963226318,5,Ada S2 Rpl,0.7638356685638428,4,Online Offline Full,0.7626740336418152
7597453402238944021,qurrotulaini161,ada S2 ga min?,0,0,0,Tidak Ada Jurusan,0.8452280163764954,5,Ada S2 Rpl,0.8718380928039551,1,Berapa Buka Kapan,0.7600318193435669
7598047620631954184,lavanyaur,UAS nya gimana kak?,0,0,1,Berapa Buka Kapan,0.8439171314239502,13,Info Bagaimana Cara,0.8264987468719482,15,Dimana Daerah Pjj,0.7943756580352783
7618782734135558920,chenxinaa,berarti gaada acara kuliah ofline kan kak?? karna rumahku terpaut jauh bgt dri UNSIA,1,0,4,Online Offline Full,0.7359456419944763,12,Umur Yang Semangat,0.7643449306488037,0,Tidak Ada Jurusan,0.7516059279441833
7618854630495781650,univsiberasia,"Tidak akan Kakak, jadi aman banget koo😊",1,0,2,Iya Kak Dong,0.6948492527008057,7,Daftar Aku Sudah,0.6390947103500366,12,Umur Yang Semangat,0.6301248073577881
7591690407726301973,yysmnnn_,@Kageno • 影野 @melyia,0,0,24,Ilkom Ieu Balang,0.7058990597724915,18,100 Universitas Siber,0.5091608762741089,2,Iya Kak Dong,0.4603969156742096
7623317779006243602,rawwusaid,Kalo posisi di luar negeri apakah bisa?,0,0,0,Tidak Ada Jurusan,0.7099778652191162,5,Ada S2 Rpl,0.7031328678131104,1,Berapa Buka Kapan,0.6803860664367676
7623687251433046792,univsiberasia,"Bisa banget dong, karena UNSIA menerapkan 100% fully online learning🤩",0,0,16,100 Tugas Skripsi,0.8053219318389893,4,Online Offline Full,0.6997545957565308,9,Id Ac Pmb,0.6874687075614929
7623922124125717256,rawwusaid,Untuk ngurus berkas berkas semuanya di apply online semua kan min ? misal kalau daftar,0,0,4,Online Offline Full,0.7733374834060669,1,Berapa Buka Kapan,0.7300381660461426,0,Tidak Ada Jurusan,0.7140544056892395
7588369959983170324,leberryyyyy,@iqballll_,0,0,-1,Mantab Uk Belakang,0.0,2,Iya Kak Dong,0.6128761768341064,11,Terima Kasih Salam,0.605383038520813
7588370609089282824,ridhoiqballl,hum,0,0,3,Menyimak Nrrjml Binus,0.8610274791717529,21,Nitip Nitipp Kabarin,0.6155753135681152,2,Iya Kak Dong,0.6086346507072449
7583289050393314066,univsiberasia,Yapps yapss betul lagi nih Kakak,0,0,20,Betul Keren Banget,0.7757538557052612,11,Terima Kasih Salam,0.661325216293335,2,Iya Kak Dong,0.634952187538147
7583521520758162196,syaharasofa,jd untuk skripsi ny tetep online atau tatap muka ka?,0,0,4,Online Offline Full,0.810799241065979,16,100 Tugas Skripsi,0.7130287885665894,1,Berapa Buka Kapan,0.700836181640625
7581344613404017426,matchasuki_1,nitip dong,1,0,21,Nitip Nitipp Kabarin,0.9253088235855103,2,Iya Kak Dong,0.7864657640457153,7,Daftar Aku Sudah,0.6958186626434326
7549662581754708754,papoimacarena,Tes nya gimna kak klo daftar,5,13,1,Berapa Buka Kapan,0.8807147741317749,13,Info Bagaimana Cara,0.831150472164154,4,Online Offline Full,0.8043538331985474
7552561588113654546,aslana856,kak masi buka gk kak kalo untuk kelas karyawan,0,0,1,Berapa Buka Kapan,0.8231350183486938,0,Tidak Ada Jurusan,0.7799643278121948,4,Online Offline Full,0.7651554346084595
7575905306144834312,pusptaa_4,apa perbedaan kuliah ut sm unsia plis jwab ga ngerti,6,12,1,Berapa Buka Kapan,0.7009096145629883,0,Tidak Ada Jurusan,0.7813169956207275,5,Ada S2 Rpl,0.7377467155456543
7646321956715561735,annamuarofah03,Ada Jurusan DkV gak ?,0,0,5,Ada S2 Rpl,0.8647199869155884,0,Tidak Ada Jurusan,0.8119896650314331,15,Dimana Daerah Pjj,0.7302330732345581
7635930345524675336,nurulhanifah_02,kalo mau aktif hima di Unsia tuhh gimana yah ka,0,0,1,Berapa Buka Kapan,0.8471702933311462,0,Tidak Ada Jurusan,0.8332631587982178,16,100 Tugas Skripsi,0.788920521736145
7633990111487329025,zo.zoo06,Klau ujiannya bagimana kk?,0,0,1,Berapa Buka Kapan,0.7165616750717163,4,Online Offline Full,0.7353509664535522,15,Dimana Daerah Pjj,0.7332650423049927
7611376961940144916,supranadiary,kakak ambil jurusan apa? di unsia skripsi an nya susah ga si kak?,0,0,0,Tidak Ada Jurusan,0.8628089427947998,1,Berapa Buka Kapan,0.7915949821472168,16,100 Tugas Skripsi,0.7779037356376648
7610539500112773895,xyzadnth,kak kalau kelas nya sistem nya gimana ya? Harus hadir dengan video conference kah?,0,0,0,Tidak Ada Jurusan,0.7242532968521118,1,Berapa Buka Kapan,0.7612338662147522,4,Online Offline Full,0.7296156287193298
7606610426663846657,urlaadyy,kak biaya per sks berapa?,0,0,1,Berapa Buka Kapan,0.7794883251190186,22,Biayanya Berapa Biaya,0.8011289834976196,14,Dicicil 3Jt Biaya,0.7508208751678467
7605842946138702599,rznov_80,dpt buku paket jg g kak,0,0,1,Berapa Buka Kapan,0.7936825752258301,4,Online Offline Full,0.7659764289855957,7,Daftar Aku Sudah,0.7487917542457581
7605201019710325512,rznov_80,kuliah pakai hp saja bisa atau harus dgn laptop,0,0,4,Online Offline Full,0.6384904980659485,12,Umur Yang Semangat,0.6133291721343994,5,Ada S2 Rpl,0.6130687594413757
7605200838215795463,rznov_80,di unsia apa dapat buku paket jg ka,0,0,0,Tidak Ada Jurusan,0.8229820728302002,1,Berapa Buka Kapan,0.8253418207168579,4,Online Offline Full,0.7856651544570923
7604032696574853896,vnaalviani,"kak kalo kelas karyawan full online ka bnr bnr online, ada skripsi nya ngga?",0,0,1,Berapa Buka Kapan,0.8090192675590515,4,Online Offline Full,0.8393773436546326,0,Tidak Ada Jurusan,0.8162721395492554
7598350356485079816,febi_725,Kak jurusan pgsd ada ga kak,1,0,0,Tidak Ada Jurusan,0.8488907217979431,1,Berapa Buka Kapan,0.7893513441085815,5,Ada S2 Rpl,0.783160924911499
7595624990981915410,ferdiansyahputra15,bisa kip-k ga kak,1,0,0,Tidak Ada Jurusan,0.7071847319602966,1,Berapa Buka Kapan,0.785651445388794,15,Dimana Daerah Pjj,0.7732328176498413
7544671595802149640,koala_uwwu1,"kalo full online kira"" ada kkn nya ngga?",4,12,1,Berapa Buka Kapan,0.812654972076416,4,Online Offline Full,0.8676471710205078,5,Ada S2 Rpl,0.8032987713813782
7545685052576744200,einaafets,Ngga ada,2,0,3,Menyimak Nrrjml Binus,0.7716730833053589,2,Iya Kak Dong,0.6831815242767334,21,Nitip Nitipp Kabarin,0.635269045829773
7587252350864524050,miawhug,ini ga ada internship kah kak,0,0,1,Berapa Buka Kapan,0.775846004486084,5,Ada S2 Rpl,0.7902283668518066,4,Online Offline Full,0.7850375175476074
7561988466990514951,einaafets,Betuul,0,0,2,Iya Kak Dong,0.6830400228500366,20,Betul Keren Banget,0.6998129487037659,3,Menyimak Nrrjml Binus,0.6180644035339355
7561978054245925653,libra8102,sistem ujiannya nanti gmna kak? apa online jg?,0,0,4,Online Offline Full,0.8495964407920837,1,Berapa Buka Kapan,0.8347231149673462,0,Tidak Ada Jurusan,0.763901948928833
7558455026927010581,dlsshnt,Belum kak,0,0,2,Iya Kak Dong,0.842258095741272,7,Daftar Aku Sudah,0.7281395792961121,21,Nitip Nitipp Kabarin,0.6946189403533936
7558406353824793360,_awcaaa,udah daftar belum kak??,0,0,7,Daftar Aku Sudah,0.828325629234314,1,Berapa Buka Kapan,0.7618767023086548,8,Dm Admin Halo,0.7502756118774414
7559709195667669768,aquariusssgirl2,ada yg baru mau daftar juga ga? prodi komunikasi,21,14,1,Berapa Buka Kapan,0.7392930388450623,0,Tidak Ada Jurusan,0.7476028203964233,4,Online Offline Full,0.740861713886261
7565767712707658497,sahilaayesha,kaa masih keburu g dftr skg,1,0,1,Berapa Buka Kapan,0.780713677406311,7,Daftar Aku Sudah,0.8088786602020264,4,Online Offline Full,0.7554476857185364
7598723881058878226,xbz85,"hallo kak, aku baru kemarin daftar prodi komunikasi, sekarang masi isi biodata, ayo kak bareng biar ada teman hihii",0,0,7,Daftar Aku Sudah,0.8216902613639832,6,Dibuka Saat Mahasiswa,0.7529711127281189,12,Umur Yang Semangat,0.7512259483337402
7577548595127223060,saezza.fr,udah daftar kak?,0,0,7,Daftar Aku Sudah,0.8230871558189392,2,Iya Kak Dong,0.7518686652183533,8,Dm Admin Halo,0.7498464584350586
7559988961550336789,vanesanvia_,ini aku juga mau daftar kakk,0,0,7,Daftar Aku Sudah,0.8960270881652832,1,Berapa Buka Kapan,0.7783316373825073,4,Online Offline Full,0.7574371695518494
7576717109410890514,another.via_,udh daftar kak ?,0,0,7,Daftar Aku Sudah,0.8230871558189392,2,Iya Kak Dong,0.7518686652183533,8,Dm Admin Halo,0.7498464584350586
7561104421418320648,bloopbungle,"ih ikut, diskusi yuk. buat grup mauu g",0,0,7,Daftar Aku Sudah,0.760879635810852,2,Iya Kak Dong,0.6997452974319458,12,Umur Yang Semangat,0.6822303533554077
7575934965407580946,novira_1613,ikut grup nya dong kak🙏,0,0,7,Daftar Aku Sudah,0.8551634550094604,8,Dm Admin Halo,0.7917892336845398,2,Iya Kak Dong,0.7571987509727478
7568500642998829825,keulbra,ikutt,0,0,2,Iya Kak Dong,0.7727037668228149,20,Betul Keren Banget,0.7050473690032959,21,Nitip Nitipp Kabarin,0.7002342939376831
7561426515743163143,aquariusssgirl2,"gass ka, buka dm ku ya",0,0,8,Dm Admin Halo,0.8470122814178467,11,Terima Kasih Salam,0.7582153677940369,7,Daftar Aku Sudah,0.747836172580719
7561126557738844946,oneofninaa,ih ikuttt grupnya,0,0,2,Iya Kak Dong,0.7669520378112793,7,Daftar Aku Sudah,0.7347363233566284,20,Betul Keren Banget,0.6949948072433472
7560537870555104018,aquariusssgirl2,mau ambil jurusan apa ka,0,0,0,Tidak Ada Jurusan,0.8532536029815674,15,Dimana Daerah Pjj,0.8042586445808411,1,Berapa Buka Kapan,0.7985060214996338
7560672218829931285,vanesanvia_,ilkom nih,0,0,7,Daftar Aku Sudah,0.6614497900009155,2,Iya Kak Dong,0.7917056083679199,20,Betul Keren Banget,0.719588577747345
7560741461605876488,aquariusssgirl2,"ihh sama, bls dm ka",0,0,8,Dm Admin Halo,0.7715332508087158,2,Iya Kak Dong,0.7326900959014893,7,Daftar Aku Sudah,0.7278139591217041
7562193255690912532,shaaxyra,ikut juga dong,0,0,2,Iya Kak Dong,0.8114045858383179,7,Daftar Aku Sudah,0.7452731728553772,20,Betul Keren Banget,0.7280179262161255
7552161672099939090,mountaingoat514,Kelas karyawan ka?,2,8,1,Berapa Buka Kapan,0.5895437598228455,18,100 Universitas Siber,0.7323542833328247,2,Iya Kak Dong,0.7300478219985962
7568440105683550993,diaan0009,"nitip, mo tau juga,😔🤏🏻",0,0,21,Nitip Nitipp Kabarin,0.8012955188751221,2,Iya Kak Dong,0.724560022354126,7,Daftar Aku Sudah,0.702387809753418
7536058946353218321,dwii.jyntii,hallo kak 3jt udah incld biaya apa aja itu kak?,2,19,14,Dicicil 3Jt Biaya,0.8149925470352173,1,Berapa Buka Kapan,0.7201446294784546,13,Info Bagaimana Cara,0.693708062171936
7536133066814178056,einaafets,3jt ukt kak per smt,0,0,14,Dicicil 3Jt Biaya,0.7941171526908875,28,Juta 3Jt Serius,0.6717225313186646,5,Ada S2 Rpl,0.604363203048706
7528416158661640967,dvny.yay,total biaya per semester berapa kak,2,1,1,Berapa Buka Kapan,0.781279444694519,22,Biayanya Berapa Biaya,0.7834924459457397,14,Dicicil 3Jt Biaya,0.7659066319465637
7529159109607637776,nhonamhutii,3 JT/ semester,0,0,28,Juta 3Jt Serius,0.8786071538925171,3,Menyimak Nrrjml Binus,0.6591771841049194,22,Biayanya Berapa Biaya,0.6327327489852905
7567360362506617608,watermelon5s,apakah ini full online kak? kalau nanti buat tugas akhir bimbingannya bisa online juga kah?,110,42,16,100 Tugas Skripsi,0.7823658585548401,4,Online Offline Full,0.8230035305023193,1,Berapa Buka Kapan,0.8051369786262512
7579601765974672146,univsiberasia,"Hi Kakak, tentu online juga ya untuk bimbingannya🤩",14,0,8,Dm Admin Halo,0.8132053017616272,11,Terima Kasih Salam,0.8096733689308167,16,100 Tugas Skripsi,0.7832053303718567
7568415667746734855,cel1na_0,buat grup dongg aku juga mau ikutan tau informasi nya🥺❤,21,0,7,Daftar Aku Sudah,0.804567813873291,1,Berapa Buka Kapan,0.7016110420227051,8,Dm Admin Halo,0.7001962661743164
7568535568571106066,rista_115,kak ikut,1,0,2,Iya Kak Dong,0.8492658734321594,21,Nitip Nitipp Kabarin,0.7395462989807129,20,Betul Keren Banget,0.7367310523986816
7568417810474435349,sl270601,Nah betul buat grub mau join,2,0,7,Daftar Aku Sudah,0.6963456869125366,13,Info Bagaimana Cara,0.6484748125076294,12,Umur Yang Semangat,0.6475632190704346
7568445925887542024,rfnyrsyd_,ikut,0,0,2,Iya Kak Dong,0.7303128242492676,3,Menyimak Nrrjml Binus,0.8703309297561646,21,Nitip Nitipp Kabarin,0.7252682447433472
7568421116156035847,0dypsie,ikut,0,0,2,Iya Kak Dong,0.7303128242492676,3,Menyimak Nrrjml Binus,0.8703309297561646,21,Nitip Nitipp Kabarin,0.7252682447433472
7568419769638241032,cel1na_0,ayo ihh aku ikut ajh☺❤,0,0,2,Iya Kak Dong,0.691796064376831,7,Daftar Aku Sudah,0.6624146699905396,25,Semangat Wah Tetap,0.5804243683815002
7568427158109160213,sl270601,Kmu buat aku join ka,1,0,7,Daftar Aku Sudah,0.7576503753662109,2,Iya Kak Dong,0.7351598143577576,8,Dm Admin Halo,0.6673495769500732
7568435632613622535,cel1na_0,"kalok aku yang buat, masalahnya aku gak tau informasi apa apa, malah berujung 'diarahkan oleh orang yang tak tau arah'😭😭",2,0,12,Umur Yang Semangat,0.6001935005187988,0,Tidak Ada Jurusan,0.481974333524704,4,Online Offline Full,0.4784562587738037
7568436391316685576,moochycozi,😭😭,1,0,3,Menyimak Nrrjml Binus,0.995229959487915,21,Nitip Nitipp Kabarin,0.6757673621177673,2,Iya Kak Dong,0.6486166715621948
7568439393691157255,cel1na_0,bener kan😭,0,0,-1,Mantab Uk Belakang,0.0,20,Betul Keren Banget,0.7802394032478333,2,Iya Kak Dong,0.7248075008392334
7568466348092998421,sl270601,Gpp buat grub aja dlu ka ntr jg pda gabung,1,0,7,Daftar Aku Sudah,0.7309143543243408,12,Umur Yang Semangat,0.6920179128646851,4,Online Offline Full,0.6344469785690308
7568478899159024392,cel1na_0,"Kamu ajh dulu yang buat, ntarr aku join, mau buat dimana?? WA, IG, TT, Ap di X😭😅",0,0,7,Daftar Aku Sudah,0.7055754661560059,12,Umur Yang Semangat,0.6733646392822266,4,Online Offline Full,0.6224560737609863
7568481763758326529,lveemiamor,mau ikut grupnyaa kakkkkkk,1,0,7,Daftar Aku Sudah,0.8231525421142578,2,Iya Kak Dong,0.7424936890602112,8,Dm Admin Halo,0.7209169864654541
7568670484130644752,_abcdefghijklmno.pqrstu,aku juga mau ikut join dunh kak,0,0,7,Daftar Aku Sudah,0.8527352213859558,8,Dm Admin Halo,0.7408879399299622,2,Iya Kak Dong,0.732799768447876
7570567506222433045,tupiittup,kak mau ikuttt,0,0,7,Daftar Aku Sudah,0.8258109092712402,2,Iya Kak Dong,0.7842930555343628,15,Dimana Daerah Pjj,0.7518908381462097
7574064394516611861,shelta.vin,ikuttt,0,0,2,Iya Kak Dong,0.7988426685333252,20,Betul Keren Banget,0.7305904030799866,21,Nitip Nitipp Kabarin,0.7200984954833984
7572018047281251089,tukiyem_244,Kak udh ada group nya blm?? Gabung dong,1,0,7,Daftar Aku Sudah,0.843615710735321,1,Berapa Buka Kapan,0.7850819230079651,8,Dm Admin Halo,0.7766621708869934
7572117947913650962,cel1na_0,"Belumm😭😭, soalnya ya gitu, aku juga butuh arah, bukan yang di mengarahkan 😭",0,0,2,Iya Kak Dong,0.6470131874084473,12,Umur Yang Semangat,0.7119400501251221,7,Daftar Aku Sudah,0.6669846773147583
7579134853879776018,ue_va1993,nitip,0,0,21,Nitip Nitipp Kabarin,0.9735068678855896,3,Menyimak Nrrjml Binus,0.7572670578956604,2,Iya Kak Dong,0.7146409749984741
7568509430066217748,bellaaulliaa,ikutt plisss,2,0,2,Iya Kak Dong,0.7552449107170105,20,Betul Keren Banget,0.7318644523620605,25,Semangat Wah Tetap,0.7072982788085938
7573887109817254672,anollss_,ikutt ikutt,1,0,2,Iya Kak Dong,0.6777417659759521,25,Semangat Wah Tetap,0.6302788853645325,20,Betul Keren Banget,0.5928041338920593
7568471934808195847,sigulaarenn__,"iyaa kakk setuju, plss info2 in dong",1,0,11,Terima Kasih Salam,0.7729862332344055,8,Dm Admin Halo,0.7333895564079285,7,Daftar Aku Sudah,0.7165803909301758
7570917358438826772,rrecloudly_30,mau ikut,0,0,2,Iya Kak Dong,0.7923460006713867,21,Nitip Nitipp Kabarin,0.7526648044586182,7,Daftar Aku Sudah,0.6844261288642883
7568524842004415240,seawugirl,nitip,1,0,21,Nitip Nitipp Kabarin,0.9735068678855896,3,Menyimak Nrrjml Binus,0.7572670578956604,2,Iya Kak Dong,0.7146409749984741
7568448898865365768,confidential.abill,kaa kalau udah adaa grup nya invite aku kaa,1,0,7,Daftar Aku Sudah,0.7931138277053833,8,Dm Admin Halo,0.8093474507331848,1,Berapa Buka Kapan,0.699428379535675
7568463249249174280,cel1na_0,"kalok kamu dulu yang nemu, invite aku kak😭🥺❤",1,0,7,Daftar Aku Sudah,0.7610577344894409,8,Dm Admin Halo,0.7420861124992371,2,Iya Kak Dong,0.6412822008132935
7568463731773915911,confidential.abill,"aku baruu Nemu info2 nya aja kaa belum nemu grup nyaa, mau ga kaa 😭🙏",1,0,7,Daftar Aku Sudah,0.8145924806594849,1,Berapa Buka Kapan,0.7580335140228271,12,Umur Yang Semangat,0.7514085173606873
7568466099638141714,cel1na_0,"mau, tapi aku malu sama kakaknya😭😂❤, nunggu grup ajh deh, jangan lupa ajak aku join ya kak🥺❤",0,0,7,Daftar Aku Sudah,0.7952117919921875,12,Umur Yang Semangat,0.733066201210022,8,Dm Admin Halo,0.7244613766670227
7568466696055522056,confidential.abill,"ih maluu kenapa initeh, kalem kaa aku ga gigit 😭🤣, aku kirim DM dehh wkwk",1,0,8,Dm Admin Halo,0.6696326732635498,7,Daftar Aku Sudah,0.698482871055603,2,Iya Kak Dong,0.6777334213256836
7568478599596262162,cel1na_0,Introvert 🥺😭😅,0,0,2,Iya Kak Dong,0.5676755309104919,3,Menyimak Nrrjml Binus,0.7253541350364685,21,Nitip Nitipp Kabarin,0.5725101232528687
7569026083195601684,inikanriyaa,kak bikin grup aja aku ikut,0,0,7,Daftar Aku Sudah,0.8347214460372925,2,Iya Kak Dong,0.7497245669364929,4,Online Offline Full,0.7320343852043152
7579628641010336520,bitter0623,ikut kk🥰,0,0,2,Iya Kak Dong,0.796546459197998,21,Nitip Nitipp Kabarin,0.730837345123291,3,Menyimak Nrrjml Binus,0.6988853216171265
7573568708587012882,armelaaaa_12,mau ikutt juga,1,0,2,Iya Kak Dong,0.812262773513794,7,Daftar Aku Sudah,0.774135947227478,5,Ada S2 Rpl,0.6989650726318359
7568432032398000903,teccaawca,akuu juga mau ikut pls tapi pindahan dari pt sebelum nyaa huhu,2,0,27,Pt Terakreditasi Ban,0.6384347677230835,0,Tidak Ada Jurusan,0.7645491361618042,12,Umur Yang Semangat,0.7616931200027466
7567631265592935188,scddnnn_,hallo kak kamu mau daftar yaa? barengan ayo huhu,0,0,7,Daftar Aku Sudah,0.8432841300964355,8,Dm Admin Halo,0.7833924293518066,1,Berapa Buka Kapan,0.7279797792434692
7568346666764354312,6497kmg,"hii kak, kamu udah daftaar?",0,0,7,Daftar Aku Sudah,0.7554135918617249,2,Iya Kak Dong,0.7300176620483398,11,Terima Kasih Salam,0.7026207447052002
7568392459497456391,.anothervideo,ka ayo cari info bareng,1,0,7,Daftar Aku Sudah,0.7680901288986206,8,Dm Admin Halo,0.7548919916152954,13,Info Bagaimana Cara,0.7066769599914551
7568001774487307026,watermelon5s,"iyaa kak mau daftar, tapi msh nyari info bisa full online ngga ya, soalnya domisiliku diluar jateng",1,0,0,Tidak Ada Jurusan,0.7747830152511597,1,Berapa Buka Kapan,0.82697594165802,4,Online Offline Full,0.7720190286636353
7568002999069754132,scddnnn_,"kali kamu mau tanya """,0,0,1,Berapa Buka Kapan,0.5892062783241272,2,Iya Kak Dong,0.7062865495681763,15,Dimana Daerah Pjj,0.6593683362007141
7568004966863651592,watermelon5s,bolehhh,0,0,2,Iya Kak Dong,0.8058763146400452,20,Betul Keren Banget,0.7161309719085693,21,Nitip Nitipp Kabarin,0.705715537071228
7568002962066572052,scddnnn_,aku ada kenalan yang uda semeser ahir,0,0,7,Daftar Aku Sudah,0.7053932547569275,2,Iya Kak Dong,0.6801912784576416,12,Umur Yang Semangat,0.6769582033157349
7568412052806828821,agneshura_,Ka bagi infonya dong gimana kuliah disini,0,0,11,Terima Kasih Salam,0.6975566744804382,0,Tidak Ada Jurusan,0.7871239185333252,1,Berapa Buka Kapan,0.7601232528686523
7568439819128210192,diaan0009,info biayanya dong kka🥺,0,0,22,Biayanya Berapa Biaya,0.6996195316314697,13,Info Bagaimana Cara,0.8428115844726562,8,Dm Admin Halo,0.8132197856903076
7579601294642414356,fahfihfuh2,ikut ka,0,0,2,Iya Kak Dong,0.8567474484443665,21,Nitip Nitipp Kabarin,0.7631921768188477,25,Semangat Wah Tetap,0.7556988000869751
7570176339321602824,zen_wstr,"Info grupnya dong, kali belum ada. Aku bikinin",0,0,7,Daftar Aku Sudah,0.7926331758499146,1,Berapa Buka Kapan,0.7188199162483215,4,Online Offline Full,0.7149355411529541
7568551918432617224,einaafets,"Betul full online sampe lulus, bimbingan? Tentu online jg",0,0,4,Online Offline Full,0.7798439860343933,12,Umur Yang Semangat,0.6853998303413391,5,Ada S2 Rpl,0.679627001285553
7586707579423294228,capckw,ada skripsian ga kak?,2,4,5,Ada S2 Rpl,0.8310931921005249,0,Tidak Ada Jurusan,0.8184109926223755,1,Berapa Buka Kapan,0.8108817934989929
7593326753923465992,urknowhdd_,worth it gaa si ka? buat kerja sambil kuliah dan biarr dilirik sama perusahaan² gede,0,0,0,Tidak Ada Jurusan,0.6699094176292419,12,Umur Yang Semangat,0.7464192509651184,7,Daftar Aku Sudah,0.6429185271263123
7590791384794596103,amiutami37,tapi harus ujian dulu ga ka disini baru lanjut semester disana?,0,0,4,Online Offline Full,0.7856608629226685,12,Umur Yang Semangat,0.8046831488609314,0,Tidak Ada Jurusan,0.7884531021118164
7589687555638166290,amiutami37,ka klo dr institut daerah saya trs pindah ke sana bisa ga ya ka? 🙏 tolong dong ka🙏,0,0,15,Dimana Daerah Pjj,0.7054064273834229,1,Berapa Buka Kapan,0.8077915906906128,0,Tidak Ada Jurusan,0.7955933213233948
7588993536989840136,xyzahrabc,Persemester biaya nya brp ka,0,0,1,Berapa Buka Kapan,0.8028318285942078,22,Biayanya Berapa Biaya,0.7858614921569824,13,Info Bagaimana Cara,0.7517532110214233
7635819997315662612,morningpersonz,dari UT ke Unsia bs nda? udh semester 10 gk lulus2🤣.,11,4,0,Tidak Ada Jurusan,0.785248875617981,12,Umur Yang Semangat,0.756889820098877,4,Online Offline Full,0.741185188293457
7636221281402372885,yoliaaaa_,langsung aja kak,1,0,2,Iya Kak Dong,0.7313414812088013,13,Info Bagaimana Cara,0.6980929374694824,11,Terima Kasih Salam,0.6803224086761475
7638285042867913492,dukunbaikhati,@Titiiii 🌻,0,0,2,Iya Kak Dong,0.7312456369400024,3,Menyimak Nrrjml Binus,0.7770097851753235,21,Nitip Nitipp Kabarin,0.7219617366790771
7638423451502330645,fitrirahma2612_,wkwk pindah?,0,0,2,Iya Kak Dong,0.7783349752426147,20,Betul Keren Banget,0.7014497518539429,21,Nitip Nitipp Kabarin,0.6805987358093262
7635952932781622036,dinaaaa865,😭 Samaaaa,0,0,-1,Mantab Uk Belakang,0.0,3,Menyimak Nrrjml Binus,0.8422602415084839,2,Iya Kak Dong,0.7406575679779053
7632268938529784583,go0ober1,Pelit nilai ga ya? Soalnya sebelah pelit nilai huhu,5,8,12,Umur Yang Semangat,0.7473551630973816,2,Iya Kak Dong,0.6723525524139404,7,Daftar Aku Sudah,0.6647088527679443
7655781478055510792,jsyllk,ini di siber kak?,0,0,18,100 Universitas Siber,0.6940945982933044,2,Iya Kak Dong,0.8015698194503784,15,Dimana Daerah Pjj,0.7675573825836182
7656051026451071745,arinnnnn11_,"bukan kak, univ lainn",0,0,5,Ada S2 Rpl,0.7516774535179138,2,Iya Kak Dong,0.7657710313796997,15,Dimana Daerah Pjj,0.7493809461593628
7655992293695456020,prettybess_,"jangan asal komen plisss, sebutin maksudnyaa?!?!",0,0,0,Tidak Ada Jurusan,0.5429152250289917,2,Iya Kak Dong,0.6692774295806885,7,Daftar Aku Sudah,0.6691398024559021
7635947511902946056,aries_girl3104,di siber kk??,0,0,2,Iya Kak Dong,0.7456725835800171,3,Menyimak Nrrjml Binus,0.725612998008728,18,100 Universitas Siber,0.6834921836853027
7632996404299285249,udinidin30,sebelah yang mana kak,0,0,15,Dimana Daerah Pjj,0.8259081840515137,2,Iya Kak Dong,0.7258950471878052,7,Daftar Aku Sudah,0.7010968923568726
7632999416231985927,go0ober1,"Univnya pelit nilai ga, soalnya kalau UT itu persentasinya gedenya di nilai UAS",0,0,12,Umur Yang Semangat,0.7649907469749451,0,Tidak Ada Jurusan,0.7183326482772827,4,Online Offline Full,0.709831714630127
7633969391152284432,myname.app,"nah fokusnya di UAS aja bang
Orang-orang mah dari tuton udah di bawa stress😂",0,0,4,Online Offline Full,0.6449546813964844,12,Umur Yang Semangat,0.7173181772232056,7,Daftar Aku Sudah,0.6014015078544617
7528696284480783122,deputtt8,nanti dapet almet ga sih min?,2,3,1,Berapa Buka Kapan,0.7933500409126282,15,Dimana Daerah Pjj,0.7587534189224243,5,Ada S2 Rpl,0.7476193904876709
7609440212754154248,aleraa8_,"ka aku mau tanya, dari awal sampe wisuda total biaya brpa ya? sama bayar ujian,buku,almamater dll?",1,0,1,Berapa Buka Kapan,0.7787485122680664,14,Dicicil 3Jt Biaya,0.7693979740142822,0,Tidak Ada Jurusan,0.7567206621170044
7575380873689613063,akbar062811_,PENSAMAKU nya udah pasti pas weekend kakk?,0,0,6,Dibuka Saat Mahasiswa,0.5796213150024414,7,Daftar Aku Sudah,0.7098045349121094,4,Online Offline Full,0.7002108693122864
7575203709283336968,akbar062811_,gada ospek ka? klo ada itu ga pake almet dong klo harus nunggu kuliah dlu,0,0,0,Tidak Ada Jurusan,0.7418885827064514,12,Umur Yang Semangat,0.7844865322113037,4,Online Offline Full,0.7662712335586548
7571288946240914197,lemmebeurmud,wisuda online juga kah?,2,2,4,Online Offline Full,0.8108921647071838,5,Ada S2 Rpl,0.7783142924308777,15,Dimana Daerah Pjj,0.7422829270362854
7571382453177795336,valentinostanleyy,bisa online bisa offline kak,0,0,4,Online Offline Full,0.8288663625717163,1,Berapa Buka Kapan,0.7573042511940002,13,Info Bagaimana Cara,0.7296992540359497
7571308470671934216,ikutikutan,Online ada offline ada kak,0,0,4,Online Offline Full,0.7526386976242065,5,Ada S2 Rpl,0.6759771704673767,2,Iya Kak Dong,0.6712846755981445
7585800094407967508,tehsusubobaa,layanan luar negeri bisa gak,1,4,0,Tidak Ada Jurusan,0.5509803891181946,5,Ada S2 Rpl,0.6238453388214111,18,100 Universitas Siber,0.5742757320404053
7585930108668084999,lolo41509,biaya 1 smt ny brpa kak?,0,0,1,Berapa Buka Kapan,0.7935830950737,14,Dicicil 3Jt Biaya,0.7803184390068054,22,Biayanya Berapa Biaya,0.7673344612121582
7585824773092655893,ilysxy5,Ak dftr di unsia jg skr posisi jpg kak,0,0,0,Tidak Ada Jurusan,0.8174894452095032,7,Daftar Aku Sudah,0.7829408645629883,1,Berapa Buka Kapan,0.7786613702774048
7585832752743121685,tehsusubobaa,tutor daftar nya kak,0,0,13,Info Bagaimana Cara,0.8843611478805542,7,Daftar Aku Sudah,0.7926008701324463,8,Dm Admin Halo,0.7748582363128662
7585840150178087700,ilysxy5,"Tinggal ke pmb unsia kak nnt ada caranya disitu lgsg pendaftaran kak,",0,0,9,Id Ac Pmb,0.8524457812309265,1,Berapa Buka Kapan,0.7849099040031433,7,Daftar Aku Sudah,0.7787981033325195
7568395843318399761,kyaqlby,"ini online nya zoom apa nonton youtube gitu kakkk, sama bisa buat yang mau pindah gaa",1,8,0,Tidak Ada Jurusan,0.6860474348068237,4,Online Offline Full,0.7689672112464905,1,Berapa Buka Kapan,0.7127822637557983
7568552571234108167,einaafets,"22nya kak. Zoom iya, video materi dari youtube iya di lms namanya edlink ya.. Bisa pindahan",3,0,2,Iya Kak Dong,0.603667676448822,4,Online Offline Full,0.7278358936309814,12,Umur Yang Semangat,0.686429500579834
7631598192363258645,saalmaasc,kalau zoom wajib atau yang mau² aja Kak?,0,0,4,Online Offline Full,0.6845396757125854,1,Berapa Buka Kapan,0.6498041749000549,7,Daftar Aku Sudah,0.6472967863082886
7631602554178437909,einaafets,"Gak wajib ka sih kalo zoom video conference gitu.. tp yaa bukan berarti yg mau2 aja jg sih.. Kl misal lg ambil nilai presentasi / FGD gt ya sebenernya harus hadir atau ya mungkin alpa atau konsekuensi lain (?) tergantung kebijakan dosennya.. Tp di unsia so far vicon ga wajib hadir ""kecuali"" kondisi tertentu🙏",0,0,0,Tidak Ada Jurusan,0.6570566296577454,12,Umur Yang Semangat,0.7242668867111206,4,Online Offline Full,0.6731377840042114
7632611938740552469,saalmaasc,"Oke Kak, kuliahnya gak wajib pake laptop kan Kak, i mean bisa di akses walau hanya pake HP? soalnya aku kerja dilaut dan gak memungkinkan bawa laptop.",0,0,2,Iya Kak Dong,0.6047031879425049,12,Umur Yang Semangat,0.7421579360961914,4,Online Offline Full,0.7074702978134155
7632854176087163668,einaafets,Kalo buat akses materi tiap minggu aja rasanya bisa2 aja ka tanpa laptop.. Cm kl udh ada tugas/ujian yg fiturnya butuh laptop kan brti harus pke laptop..,0,0,0,Tidak Ada Jurusan,0.6687264442443848,12,Umur Yang Semangat,0.7593898177146912,4,Online Offline Full,0.7202789187431335
7569502327745954576,kyaqlby,ka sorry buat mau pindah di siber bayar uang gedung nya berapa ya dan bayaran lainnya apa aja,0,0,1,Berapa Buka Kapan,0.7989505529403687,14,Dicicil 3Jt Biaya,0.7679557800292969,0,Tidak Ada Jurusan,0.7547281980514526
7569528730835616520,einaafets,"Biaya pendaftaran itu kan 100k ka, ukt 3jt. Kl pindahan ada biaya konversi 2jt di luar ukt td. Dan gada biaya gedung kok",0,0,14,Dicicil 3Jt Biaya,0.8079833984375,4,Online Offline Full,0.6983176469802856,0,Tidak Ada Jurusan,0.6726441383361816
7569502683331609351,einaafets,"Tidak ada biaya gedung ka hanya biaya pendaftaran 104k, ukt 3jt. Kalo pindahan itu ada biaya konversi kak 2jt. Dan syaratnya harus sudah 2 smt di kampus asal, dan ngurus surat keluar dll yaa. Minimal nilai c utk pindah. Kalo mau info lebih lanjut bisa dm yaaa😉",2,0,14,Dicicil 3Jt Biaya,0.8122564554214478,0,Tidak Ada Jurusan,0.7549879550933838,1,Berapa Buka Kapan,0.7352880239486694
7568515875813671698,56leejn,ospeknya offline kak?,0,10,4,Online Offline Full,0.8349400758743286,7,Daftar Aku Sudah,0.774215042591095,1,Berapa Buka Kapan,0.7621116638183594
7568552308431848199,einaafets,"Engga kak, full online. Di unsia PENSAMAKU pengenalan kampus saja",12,0,4,Online Offline Full,0.8031259775161743,16,100 Tugas Skripsi,0.7868671417236328,9,Id Ac Pmb,0.7725026607513428
7572158255767028487,anaakhiri,cara daftarnya gmn,0,0,13,Info Bagaimana Cara,0.8595396280288696,22,Biayanya Berapa Biaya,0.7558194398880005,1,Berapa Buka Kapan,0.7489408254623413
7572448684731417362,wh0ps1e00,"berapa lama kak ini? dan di jam berapa ya, aku mau join tp takut gabisa ikut ospek nya",0,0,0,Tidak Ada Jurusan,0.7425619959831238,1,Berapa Buka Kapan,0.7920904159545898,12,Umur Yang Semangat,0.7632607221603394
7572451132493611797,einaafets,@fani:Lumayan lama si ka 2-3 jam kayaknya.. 😅Tp disambi aja kl emg mendesak. Pagi smpe siangg,0,0,0,Tidak Ada Jurusan,0.598858654499054,12,Umur Yang Semangat,0.6932275295257568,4,Online Offline Full,0.6575785875320435
7569650300945302290,56leejn,"yahhh, susah dapet temen ngga ya kak",1,0,4,Online Offline Full,0.7051095962524414,7,Daftar Aku Sudah,0.7395188808441162,12,Umur Yang Semangat,0.7185543179512024
7569650920016266002,einaafets,Aktif ikut HIMA aja ka kl mau banyak kenalan😆😉,0,0,7,Daftar Aku Sudah,0.7620352506637573,0,Tidak Ada Jurusan,0.6867271661758423,1,Berapa Buka Kapan,0.672838568687439
7572018240320406289,tukiyem_244,Kak km domisili mana Taiwan nya??,0,0,15,Dimana Daerah Pjj,0.8486225605010986,1,Berapa Buka Kapan,0.8044297695159912,0,Tidak Ada Jurusan,0.7551212310791016
7572020242562761492,einaafets,"Bukan, jabodetabek aku",0,0,3,Menyimak Nrrjml Binus,0.6360044479370117,2,Iya Kak Dong,0.7510544061660767,24,Ilkom Ieu Balang,0.6475144624710083
7593326931413074706,urknowhdd_,buat kerja sambil kuliah dan ningkatin ksrir worth it gaa ka,0,0,0,Tidak Ada Jurusan,0.6837096214294434,12,Umur Yang Semangat,0.7281955480575562,4,Online Offline Full,0.6441172361373901
7593351680973685524,einaafets,Worth it ka🙂‍↕️😉,0,0,0,Tidak Ada Jurusan,0.5219634771347046,2,Iya Kak Dong,0.7835413217544556,20,Betul Keren Banget,0.7363482713699341
7569053017145590546,netaa496,kakak osmb online gaa?,0,4,4,Online Offline Full,0.7579574584960938,2,Iya Kak Dong,0.7481633424758911,18,100 Universitas Siber,0.7480756044387817
7571517070224311057,earlycai,bisa pake kip ga ya?,0,0,5,Ada S2 Rpl,0.7587963938713074,1,Berapa Buka Kapan,0.7541162371635437,15,Dimana Daerah Pjj,0.7241663932800293
7571516991820317441,earlycai,untuk biaya nya berapa ka,0,0,1,Berapa Buka Kapan,0.8094842433929443,22,Biayanya Berapa Biaya,0.8071290850639343,13,Info Bagaimana Cara,0.7756280303001404
7570504381537239809,taliasukabakso,ka apakah unsia menerima llusan paket c???,0,0,1,Berapa Buka Kapan,0.7842530012130737,0,Tidak Ada Jurusan,0.7506228685379028,19,Jalur Konversi Melalui,0.7403370141983032
7569125542834799381,cmilaslm_,gaa ada jurusan pendidikan yah :(,0,0,0,Tidak Ada Jurusan,0.7333900928497314,5,Ada S2 Rpl,0.7800378799438477,12,Umur Yang Semangat,0.7065000534057617
7572018362176930577,tukiyem_244,Kalo wisuda gimana kak???? Di Taiwan apa indo??,0,4,1,Berapa Buka Kapan,0.8102969527244568,0,Tidak Ada Jurusan,0.8201460838317871,15,Dimana Daerah Pjj,0.7904291152954102
7572031191139386119,valentinostanleyy,bisa online bs offline kak,5,0,4,Online Offline Full,0.8288662433624268,1,Berapa Buka Kapan,0.7573041915893555,13,Info Bagaimana Cara,0.7296991348266602
7605777673378415368,sskryuu,kalo milih offline ada syarat khusus misal yg boleh ipk 3+ gitu ga kak?,0,0,0,Tidak Ada Jurusan,0.7728966474533081,1,Berapa Buka Kapan,0.7378761768341064,4,Online Offline Full,0.7312172651290894
7605789659025031954,valentinostanleyy,"engga kak, semuanya boleh",0,0,2,Iya Kak Dong,0.8327959775924683,7,Daftar Aku Sudah,0.7241677045822144,5,Ada S2 Rpl,0.7138415575027466
7572052215595729672,univsiberasia,"Hi Kakak, untuk wisuda dilaksanakan secara onsite ya",0,0,6,Dibuka Saat Mahasiswa,0.8391737937927246,16,100 Tugas Skripsi,0.7652531862258911,9,Id Ac Pmb,0.7587399482727051
7590512298595992338,nadhifazalfabella,Ada RPL ga kaa,1,2,5,Ada S2 Rpl,0.7837717533111572,15,Dimana Daerah Pjj,0.799472451210022,7,Daftar Aku Sudah,0.7825729846954346
7591016308868678408,nadhifazalfabella,Owh okayy. Kaka ada timeline pendaftarannya kah?,0,0,1,Berapa Buka Kapan,0.7755640745162964,7,Daftar Aku Sudah,0.7832268476486206,8,Dm Admin Halo,0.7601219415664673
7590792580871602952,nadhifazalfabella,"Aku kebetulan dari d3 bahasa inggris, kira2 jurisan apa aja ya yang bisa aku enroll",0,0,0,Tidak Ada Jurusan,0.755936861038208,1,Berapa Buka Kapan,0.6728571653366089,5,Ada S2 Rpl,0.6554581522941589
7536059856912024328,assyhhh,berarti ga usah ke kampus sama sekali gapapa kan kak?,9,9,2,Iya Kak Dong,0.6815721988677979,12,Umur Yang Semangat,0.7424300909042358,7,Daftar Aku Sudah,0.7042559385299683
7538282971519697671,univsiberasia,"Halo Kak, Betul banget Kakak, karena UNSIA 100% full online learning😊",9,0,16,100 Tugas Skripsi,0.8887019157409668,9,Id Ac Pmb,0.769426703453064,27,Pt Terakreditasi Ban,0.7602920532226562
7542536014352220936,alvinaaaaaaa_,Ujian juga online ka?,0,0,4,Online Offline Full,0.8410121202468872,7,Daftar Aku Sudah,0.7810166478157043,2,Iya Kak Dong,0.7713401317596436
7545797255883637512,mellstore_5,gapapa dong,0,0,2,Iya Kak Dong,0.7719070911407471,20,Betul Keren Banget,0.6670929193496704,21,Nitip Nitipp Kabarin,0.6251804232597351
7536133014524756754,einaafets,"Iya betull kakk, nti saat sdh wisuda juga bisa pilih yg online",0,0,4,Online Offline Full,0.8248387575149536,7,Daftar Aku Sudah,0.7884816527366638,12,Umur Yang Semangat,0.7850425839424133
7538058410136371986,duhsiecaa,kalo pilih kelas ofline seminggu sekali bisa?,0,0,1,Berapa Buka Kapan,0.624891996383667,4,Online Offline Full,0.6778613328933716,12,Umur Yang Semangat,0.6423760652542114
7538090156717998866,einaafets,Engga ada kls offline ka,0,0,4,Online Offline Full,0.8187985420227051,5,Ada S2 Rpl,0.7731280326843262,1,Berapa Buka Kapan,0.7506996393203735
7540564621841974023,bulannbiruu_,ada skripsi ngga kak?tugas banyak tidak?,0,0,5,Ada S2 Rpl,0.7033848762512207,12,Umur Yang Semangat,0.6964540481567383,0,Tidak Ada Jurusan,0.6585267782211304
7540569441098515218,einaafets,"Ada TA, tugasnya 1 doang sih perMK",0,0,4,Online Offline Full,0.7159268856048584,12,Umur Yang Semangat,0.7390536069869995,5,Ada S2 Rpl,0.7005831599235535
7527631066661438225,_heeyouuu,daerah mna ni kak,0,2,15,Dimana Daerah Pjj,0.8823829889297485,1,Berapa Buka Kapan,0.7389279007911682,7,Daftar Aku Sudah,0.7028694748878479
7527870877608149778,univsiberasia,"Halo Kak, Kampus UNSIA terletak di Jl. Harsono RM No.1, RT.5/RW.7, Ragunan, Kec. Ps. Minggu, Kota Jakarta Selatan.",3,0,23,Jakarta Selatan Kota,0.8816063404083252,9,Id Ac Pmb,0.5374967455863953,6,Dibuka Saat Mahasiswa,0.5172897577285767
7581038814098359041,fhrraac,eh ada yg mau daftar ga tahun depan?,42,20,1,Berapa Buka Kapan,0.7799688577651978,7,Daftar Aku Sudah,0.7852151393890381,0,Tidak Ada Jurusan,0.7451450824737549
7581379657570222866,univsiberasia,Yuk yuk yuk🤗🤩🤗,6,0,2,Iya Kak Dong,0.6875547766685486,21,Nitip Nitipp Kabarin,0.6524157524108887,26,Bismillah Depan Bismillahirrahmanirrahim,0.6246559619903564
7585391802066404114,dekanaaaa12,tahun besok buka pendaftarannya di bulan apa ya kak?,1,0,1,Berapa Buka Kapan,0.8541285991668701,6,Dibuka Saat Mahasiswa,0.7758933305740356,0,Tidak Ada Jurusan,0.7716583609580994
7589485320227177234,mrgarttt,ikutt,0,0,2,Iya Kak Dong,0.7727037668228149,20,Betul Keren Banget,0.7050473690032959,21,Nitip Nitipp Kabarin,0.7002342939376831
7623274207028282120,shesyfaaa,kak kamu udah daftar?,0,0,7,Daftar Aku Sudah,0.8416234254837036,2,Iya Kak Dong,0.7602292895317078,8,Dm Admin Halo,0.7377756834030151
7590246442268640020,.bjeautiful,ak,0,0,3,Menyimak Nrrjml Binus,0.8802098035812378,2,Iya Kak Dong,0.7110781073570251,21,Nitip Nitipp Kabarin,0.6537196636199951
7582460963095724817,whiteebaby__,bkin grup dong,1,0,7,Daftar Aku Sudah,0.7466548681259155,2,Iya Kak Dong,0.7592250108718872,5,Ada S2 Rpl,0.6773142218589783
7587102431499895570,ismifazh19,ikuuuut,0,0,2,Iya Kak Dong,0.7198202610015869,20,Betul Keren Banget,0.7286070585250854,21,Nitip Nitipp Kabarin,0.668109118938446
7583005214237426453,ga_but84,Hai kak ak udh daftar kmu udh?,0,0,7,Daftar Aku Sudah,0.790733814239502,8,Dm Admin Halo,0.7400733232498169,6,Dibuka Saat Mahasiswa,0.6787917613983154
7583184271611904784,fhrraac,belum ka🥺,0,0,2,Iya Kak Dong,0.842258095741272,7,Daftar Aku Sudah,0.7281395792961121,21,Nitip Nitipp Kabarin,0.6946189403533936
7583188713057665813,ga_but84,Iya aku udh tes ka tinggal nunggu hasil,0,0,7,Daftar Aku Sudah,0.7825874090194702,4,Online Offline Full,0.7479466199874878,12,Umur Yang Semangat,0.7209479808807373
7584761751335846663,nooneoneo_,kak cra dpet info daftrnya dimna,0,0,13,Info Bagaimana Cara,0.7375895977020264,1,Berapa Buka Kapan,0.7298768758773804,8,Dm Admin Halo,0.7051995396614075
7584797409172407058,univsiberasia,Dari Mimin juga bisa kak🤩,0,0,4,Online Offline Full,0.7556584477424622,8,Dm Admin Halo,0.8045383095741272,7,Daftar Aku Sudah,0.7760376930236816
7584296475975353105,hellowleo19,Aku msh bingunggg mau ke sini atau UT😭,0,0,2,Iya Kak Dong,0.6198729276657104,15,Dimana Daerah Pjj,0.6853435635566711,7,Daftar Aku Sudah,0.6814819574356079
7584023446108554004,nicaandri,ikut kak,0,0,2,Iya Kak Dong,0.8567474484443665,21,Nitip Nitipp Kabarin,0.7631921768188477,25,Semangat Wah Tetap,0.7556988000869751
7584090717494346514,univsiberasia,Mimin ikutttt kaa,0,0,2,Iya Kak Dong,0.8260478377342224,7,Daftar Aku Sudah,0.7869200110435486,11,Terima Kasih Salam,0.763141393661499
7583934149527946004,qaxaxa,yukk,0,0,2,Iya Kak Dong,0.7129949927330017,3,Menyimak Nrrjml Binus,0.7809994220733643,21,Nitip Nitipp Kabarin,0.729622483253479
7582535892486767367,novalia3006,Aku kk,0,0,3,Menyimak Nrrjml Binus,0.7490674257278442,2,Iya Kak Dong,0.7728196382522583,20,Betul Keren Banget,0.6896660923957825
7582466169827820305,fhrraac,gass,0,0,3,Menyimak Nrrjml Binus,0.8555786609649658,21,Nitip Nitipp Kabarin,0.6939428448677063,2,Iya Kak Dong,0.6602015495300293
7581049327700099841,knceh13,kak mau masuk unsia jugaa?,0,0,0,Tidak Ada Jurusan,0.8427609205245972,7,Daftar Aku Sudah,0.8204060196876526,1,Berapa Buka Kapan,0.8022081851959229
7581679201083032327,mieko_o6,"kak, bikin grub wa yu pliss",0,0,7,Daftar Aku Sudah,0.7493454217910767,8,Dm Admin Halo,0.744116485118866,13,Info Bagaimana Cara,0.6684764623641968
7568508246794126088,scorpiooww12_,untuk tugas akhir/skripsi ad ka? dan cara ngumpulin tugas akhir ny gimana ktmu dosen ny apa ngga apa via online?,9,9,0,Tidak Ada Jurusan,0.7484444379806519,16,100 Tugas Skripsi,0.7559077739715576,4,Online Offline Full,0.7486202716827393
7569296586062496530,ikutikutan,"Halo kak semua full online yaa, jd kuliah, tugas, uas, uts, sidang semua online🥰 wisuda jg online tapi klo mau offline bisaa",5,0,4,Online Offline Full,0.820097804069519,16,100 Tugas Skripsi,0.7757524251937866,12,Umur Yang Semangat,0.7695455551147461
7569933261733397266,maya.siska13,"Aku mauuu semua online , wisuda doang yang mau offline 😭😭biar bisa foto foto wkwk😂",36,0,4,Online Offline Full,0.7073819637298584,12,Umur Yang Semangat,0.7295718193054199,7,Daftar Aku Sudah,0.6901963949203491
7569933804997165832,ikutikutan,Cek dm ya kak🥰,0,0,8,Dm Admin Halo,0.8355534076690674,11,Terima Kasih Salam,0.6829982995986938,7,Daftar Aku Sudah,0.6710363030433655
7569934299697496840,maya.siska13,Tapi kalau wisuda offline nya di jkt ya kak?? Aku aja tinggal di Pekanbaru Riau,1,0,4,Online Offline Full,0.7886106967926025,0,Tidak Ada Jurusan,0.7731502056121826,1,Berapa Buka Kapan,0.7429777383804321
7569937459305530130,ikutikutan,Iya kak benar☺️,0,0,2,Iya Kak Dong,0.812501072883606,20,Betul Keren Banget,0.8339045643806458,11,Terima Kasih Salam,0.7247194051742554
7605639564082250512,jupe_juleha,iya sama lagi,0,0,2,Iya Kak Dong,0.7821927070617676,20,Betul Keren Banget,0.7098433971405029,26,Bismillah Depan Bismillahirrahmanirrahim,0.6499329805374146
7575368059772568340,ayavlyyy,ad skripsi ka?,0,0,2,Iya Kak Dong,0.8492825627326965,5,Ada S2 Rpl,0.8077821731567383,15,Dimana Daerah Pjj,0.7818230390548706
7592861841840538388,lunaluvyy_,"kak, wajib kkn atau magang gitu ngga kak?",0,0,1,Berapa Buka Kapan,0.7436290979385376,0,Tidak Ada Jurusan,0.7966595888137817,5,Ada S2 Rpl,0.7612497806549072
7568552389372887816,einaafets,Ada tugas akhir ka. Semua online ya,0,0,16,100 Tugas Skripsi,0.8153344392776489,4,Online Offline Full,0.8499020338058472,7,Daftar Aku Sudah,0.8087491989135742
7568418853891900167,cesil_000,"kk cara daftarnya gmna?
bisa gak saya dari Kalimantan ngedaftar?",0,11,1,Berapa Buka Kapan,0.8231952786445618,13,Info Bagaimana Cara,0.7768323421478271,19,Jalur Konversi Melalui,0.7648103833198547
7568552680462205714,einaafets,"Di sini pmb.unsia.ac.id blm buka lg.. Bisa bgt ka, sluruh indo dan LN pun banyak mhs unsia",0,0,9,Id Ac Pmb,0.7878116369247437,0,Tidak Ada Jurusan,0.7373666763305664,6,Dibuka Saat Mahasiswa,0.7327768206596375
7568722051537240840,cesil_000,takut ttb” banyak tugas🥲,0,0,16,100 Tugas Skripsi,0.5422616600990295,12,Umur Yang Semangat,0.6885508298873901,5,Ada S2 Rpl,0.6273747086524963
7657005986611233557,melllio7,"bimbang antara ut dma unsia, tpi di unsia gda parodi yg ak mau😭",0,0,0,Tidak Ada Jurusan,0.6605609655380249,12,Umur Yang Semangat,0.6889855861663818,4,Online Offline Full,0.6422851085662842
7568723279570502418,einaafets,"Ngga kak, tenang aja. Tugas di unsia cuma 1 per mk per smt. Paling adanya kuis aja di lms edlink😁",0,0,16,100 Tugas Skripsi,0.7838440537452698,9,Id Ac Pmb,0.768964409828186,12,Umur Yang Semangat,0.7554556131362915
7586688239151661831,atlehileee,kalau s1 di UT s2 di unsia boleh ga?,2,1,0,Tidak Ada Jurusan,0.8532040119171143,5,Ada S2 Rpl,0.7694350481033325,1,Berapa Buka Kapan,0.728778600692749
7593922081721844501,milanounow,"ka, aku diut skrg semeter 2 mau naik ke 3. apa bisa pindah ke unsia tanpa ngulang? 🙏",0,0,0,Tidak Ada Jurusan,0.8098690509796143,1,Berapa Buka Kapan,0.7820305824279785,12,Umur Yang Semangat,0.767105221748352
7542849122605744914,fifetee,pertama masuk brp biayanya kak?,1,5,1,Berapa Buka Kapan,0.8205428123474121,22,Biayanya Berapa Biaya,0.8086991310119629,15,Dimana Daerah Pjj,0.7563654780387878
7543529467856978696,einaafets,Biaya pendaftaran 100k. Tp skrg lg promo bebas biaya pendaftaran loh ka. Cm smpe hri ini yaa😁. Dan minimal bayar ukt cicilan 1 yaitu 1jt,0,0,14,Dicicil 3Jt Biaya,0.8111491203308105,9,Id Ac Pmb,0.7302722930908203,6,Dibuka Saat Mahasiswa,0.7119736671447754
7543978731153703698,mentariiiptr,ada program pjj untuk s2 ga kak?,0,0,0,Tidak Ada Jurusan,0.8378050327301025,5,Ada S2 Rpl,0.7890465259552002,1,Berapa Buka Kapan,0.7724188566207886
7543980344509547282,einaafets,"Kabarnya nanti ada, cm blm tau kapan terealisasikan😁",2,0,1,Berapa Buka Kapan,0.6297541260719299,4,Online Offline Full,0.6181272268295288,7,Daftar Aku Sudah,0.6152528524398804
7562193783908746005,shaaxyra,kak untuk ukt nya berapa sama per semester berapa kak?,0,0,1,Berapa Buka Kapan,0.8002539873123169,0,Tidak Ada Jurusan,0.7633684873580933,14,Dicicil 3Jt Biaya,0.7611892223358154
7562194695804437255,einaafets,3jt per semester bisa dicicil 3x,0,0,14,Dicicil 3Jt Biaya,0.7896170020103455,28,Juta 3Jt Serius,0.6036374568939209,0,Tidak Ada Jurusan,0.545013964176178
7606228429156139777,ginulnie,"untuk bisa jadi s1 habisin brp ya kira"" ka",2,1,1,Berapa Buka Kapan,0.7967002391815186,0,Tidak Ada Jurusan,0.7889352440834045,14,Dicicil 3Jt Biaya,0.7495274543762207
7606254070244164370,ritaaaaaaaaaaaa1,24jutaan kak,0,0,28,Juta 3Jt Serius,0.8592641353607178,2,Iya Kak Dong,0.6908578872680664,14,Dicicil 3Jt Biaya,0.6718947887420654
7653309123093807890,ynoww231,adain untuk non rpl plss,0,1,5,Ada S2 Rpl,0.6762917637825012,18,100 Universitas Siber,0.6730376482009888,14,Dicicil 3Jt Biaya,0.6072247624397278
7653309138169004818,ynoww231,tapi tetep full online belum dpt kerja nih,0,0,4,Online Offline Full,0.7553083300590515,12,Umur Yang Semangat,0.7477760314941406,0,Tidak Ada Jurusan,0.678510308265686
7597347230500143879,mtnshop31,Klo sudah kuliah diut tp pngn kuliah diunsia tp beda jurusan bisa ga ka,0,1,0,Tidak Ada Jurusan,0.8373624086380005,1,Berapa Buka Kapan,0.756318211555481,9,Id Ac Pmb,0.7312583327293396
7609417953826177800,xyzzz488,Kak kira kira biaya sampe lulus berapa ya perkiraan saja kak hee,0,0,1,Berapa Buka Kapan,0.7815467715263367,0,Tidak Ada Jurusan,0.7304369211196899,14,Dicicil 3Jt Biaya,0.7295459508895874
7528903282351538965,zhack35a,iya tau kuliah tidak ribet tapi biayanya yang ribet orang tua tidak sanggup,27,2,22,Biayanya Berapa Biaya,0.5850793123245239,12,Umur Yang Semangat,0.7533923983573914,0,Tidak Ada Jurusan,0.6662057638168335
7597220299532567316,onyourvra,disini bisa pake kip ka?,0,0,0,Tidak Ada Jurusan,0.6403158903121948,5,Ada S2 Rpl,0.7178770899772644,4,Online Offline Full,0.710379958152771
7593848245127349012,chocolavaa_2,daftar beasiswa gmn kak caranya,0,0,1,Berapa Buka Kapan,0.8209245204925537,13,Info Bagaimana Cara,0.8246074914932251,0,Tidak Ada Jurusan,0.7617822885513306
7591438326759490312,cassava698,di UNSIA ada program S2 ga ka?,0,1,0,Tidak Ada Jurusan,0.8742363452911377,5,Ada S2 Rpl,0.79587322473526,6,Dibuka Saat Mahasiswa,0.7935529947280884
7606942092003312402,risnamwrdh15,bisa fashtrak ngga ka?,0,0,2,Iya Kak Dong,0.7273281216621399,1,Berapa Buka Kapan,0.7839155793190002,15,Dimana Daerah Pjj,0.7802941799163818
7624346958229439252,ooonieeeee,min mau daftar,1,2,7,Daftar Aku Sudah,0.7811266183853149,13,Info Bagaimana Cara,0.8033655881881714,1,Berapa Buka Kapan,0.7736281156539917
7624348416831095560,univsiberasia,"Hi hi Kak, yuu daftar sekarang karena hari ini terakhir pendaftaran lhoo🤩",0,0,6,Dibuka Saat Mahasiswa,0.7708503007888794,9,Id Ac Pmb,0.7435115575790405,7,Daftar Aku Sudah,0.7261591553688049
7624757118419190549,theonlyme_48,hah beneran udah di tutup kak pendaftaran nya???,0,0,1,Berapa Buka Kapan,0.7564790844917297,7,Daftar Aku Sudah,0.7648721933364868,6,Dibuka Saat Mahasiswa,0.7499510645866394
7527947294685397778,novira_1613,pgn bgt tp blm ada rezekinya,1,1,0,Tidak Ada Jurusan,0.5666060447692871,12,Umur Yang Semangat,0.6783309578895569,7,Daftar Aku Sudah,0.6437986493110657
7575934257466983175,novira_1613,"Yaa Allah pgn kak, semoga bisa tahun depan daftar kuliah di unsia Aamiin 🤲🏻",0,0,10,Selalu Amin Semoga,0.8523527383804321,9,Id Ac Pmb,0.7190662622451782,6,Dibuka Saat Mahasiswa,0.7167166471481323
7527570824086242055,raymondswag,berarti universitas lain ribut kak?,8,3,5,Ada S2 Rpl,0.7690414190292358,0,Tidak Ada Jurusan,0.7480941414833069,15,Dimana Daerah Pjj,0.7445453405380249
7527650224220029703,cc.vronicca,"bkn gt maksudnya, mksd kaka ini tu bisa kuliah jarak jauh gitu",0,0,0,Tidak Ada Jurusan,0.7077457308769226,12,Umur Yang Semangat,0.7237328290939331,4,Online Offline Full,0.6619183421134949
7527670820987896596,raymondswag,"just kidding, sis😊",0,0,2,Iya Kak Dong,0.6327505111694336,20,Betul Keren Banget,0.6465829610824585,21,Nitip Nitipp Kabarin,0.622209906578064
7527671134108664584,cc.vronicca,"just fyi, sist☺️",1,0,2,Iya Kak Dong,0.6503444910049438,20,Betul Keren Banget,0.6460316181182861,21,Nitip Nitipp Kabarin,0.5978383421897888
7588949983857607444,ciaorpia,biaya terjangkau ga min???,0,7,9,Id Ac Pmb,0.4575522243976593,22,Biayanya Berapa Biaya,0.6984089612960815,13,Info Bagaimana Cara,0.6584397554397583
7588959851733861128,univsiberasia,"Pastinya dong Kak, karena UKTnya cuma 3jt persemester dan kamu harus tau Kak, bisa dicicil sebanyak 3x🤩",6,0,14,Dicicil 3Jt Biaya,0.8789421319961548,1,Berapa Buka Kapan,0.7328107357025146,0,Tidak Ada Jurusan,0.7200554609298706
7591788287687394064,ketuagengsterriyall,gass,0,0,3,Menyimak Nrrjml Binus,0.8555786609649658,21,Nitip Nitipp Kabarin,0.6939428448677063,2,Iya Kak Dong,0.6602015495300293
7591113150885774088,miigacoan,Ini bayar 3x dicicil dlm wktu semester brp 6 bulan ya?,0,0,14,Dicicil 3Jt Biaya,0.8239034414291382,1,Berapa Buka Kapan,0.6969137191772461,22,Biayanya Berapa Biaya,0.6658031344413757
7588993374942872327,xyzahrabc,Ka ini smua jurusan sama?,0,0,0,Tidak Ada Jurusan,0.7844054698944092,5,Ada S2 Rpl,0.7735560536384583,4,Online Offline Full,0.7577410936355591
7589183012899046152,univsiberasia,Samaa Kakak🤗,0,0,2,Iya Kak Dong,0.8388046026229858,21,Nitip Nitipp Kabarin,0.7468539476394653,25,Semangat Wah Tetap,0.712580680847168
7589456179652576017,riniwijaya41,min g ada jurusan hukum..???,0,0,0,Tidak Ada Jurusan,0.7999200224876404,5,Ada S2 Rpl,0.8136634826660156,1,Berapa Buka Kapan,0.6933797597885132
7528561216994951957,rahmatefendi591,kek ga asing mukanya,6,1,20,Betul Keren Banget,0.7120682597160339,2,Iya Kak Dong,0.676913857460022,12,Umur Yang Semangat,0.5791976451873779
7528716429278249735,fdaafry,sama,1,0,-1,Mantab Uk Belakang,0.0,3,Menyimak Nrrjml Binus,0.8422602415084839,2,Iya Kak Dong,0.7406575679779053
7527653541570904839,lpknikainternasional1,mba mba adfor 😳,54,1,11,Terima Kasih Salam,0.70451819896698,2,Iya Kak Dong,0.696309506893158,20,Betul Keren Banget,0.6733970642089844
7527653979753644801,zefanya_54,pantes ga asing mukanya😭,6,0,20,Betul Keren Banget,0.6312257647514343,2,Iya Kak Dong,0.5528779029846191,3,Menyimak Nrrjml Binus,0.504463791847229
7528084626779243272,giman9601,ini serba online ka kak,0,4,4,Online Offline Full,0.7997384071350098,2,Iya Kak Dong,0.7791513800621033,7,Daftar Aku Sudah,0.7590621113777161
7559935504885711634,strawberycakee66,Ada jurusan apa aja ini?,0,0,0,Tidak Ada Jurusan,0.7575632333755493,5,Ada S2 Rpl,0.7478935122489929,15,Dimana Daerah Pjj,0.6952269673347473
7545801249578664711,mellstore_5,100% online,0,0,3,Menyimak Nrrjml Binus,0.8205177187919617,18,100 Universitas Siber,0.6298248767852783,28,Juta 3Jt Serius,0.6198593378067017
7549037874181800722,giman9601,link ya kak,0,0,13,Info Bagaimana Cara,0.7687445282936096,8,Dm Admin Halo,0.8047662973403931,2,Iya Kak Dong,0.774742841720581
7549038021145707272,mellstore_5,dm aja kak🤗,0,0,8,Dm Admin Halo,0.8135961890220642,13,Info Bagaimana Cara,0.689178466796875,11,Terima Kasih Salam,0.6852794289588928
7549857325391135506,uselelew,Wisudah nya itu gmn kak?,0,2,1,Berapa Buka Kapan,0.812461793422699,15,Dimana Daerah Pjj,0.8121601343154907,0,Tidak Ada Jurusan,0.7601220011711121
7552772827503018760,einaafets,Onsite atau bisa online jg ka,1,0,4,Online Offline Full,0.7363142371177673,8,Dm Admin Halo,0.7429441809654236,1,Berapa Buka Kapan,0.716315746307373
7568096895459312391,teccaawca,bisa pindahan dari kampuss lain ga?? niat nyaa nanti semester depan mau pindah,0,3,0,Tidak Ada Jurusan,0.7781482934951782,12,Umur Yang Semangat,0.7634077072143555,4,Online Offline Full,0.7123866677284241
7568749219084698386,teccaawca,apakah kemungkinan besar akan keterima kalau jalur alih jenjang ka?,0,0,19,Jalur Konversi Melalui,0.7213026285171509,0,Tidak Ada Jurusan,0.7185665369033813,5,Ada S2 Rpl,0.6811060905456543
7568732247564010248,teccaawca,kalau untuk alih jenjang apa tetap ada tes ujian masuk nya kak?,0,0,19,Jalur Konversi Melalui,0.7816914319992065,1,Berapa Buka Kapan,0.8339344263076782,0,Tidak Ada Jurusan,0.8282747864723206
7568426726406750984,windaycute_,ini full online ga ya kak?,0,0,4,Online Offline Full,0.8730429410934448,1,Berapa Buka Kapan,0.8379724025726318,15,Dimana Daerah Pjj,0.7786389589309692
7611382165608465168,_inisialmps,"kak kalau sebelumnya kuliah di UT pindah ke unsia itu gimana. kan status nya mahasiswa disana, perlu di non aktifkan dlu gak",1,1,0,Tidak Ada Jurusan,0.8012704253196716,1,Berapa Buka Kapan,0.7698303461074829,9,Id Ac Pmb,0.7309226393699646
7611469541603853074,ppmbunsia,"Halo Kak, bisa Kak",0,0,8,Dm Admin Halo,0.8675580024719238,11,Terima Kasih Salam,0.7700614333152771,2,Iya Kak Dong,0.7605345845222473
7551968066130215687,cxyzraa11,jurusan administrasi gada kh,0,3,0,Tidak Ada Jurusan,0.8420182466506958,5,Ada S2 Rpl,0.8538006544113159,4,Online Offline Full,0.7517864108085632
7558137233166287624,frzywlkrr,komunikasi akre apa?,0,0,15,Dimana Daerah Pjj,0.7096361517906189,5,Ada S2 Rpl,0.695415735244751,24,Ilkom Ieu Balang,0.6736257672309875
7567066562981856007,dezhrostova,hukum ga ada ka?,0,0,2,Iya Kak Dong,0.6394907832145691,5,Ada S2 Rpl,0.6093671321868896,20,Betul Keren Banget,0.5363844633102417
7528792094867178248,tatan427,na nya dulu biaya nya berapa ini,0,5,1,Berapa Buka Kapan,0.7435098886489868,22,Biayanya Berapa Biaya,0.7708939909934998,14,Dicicil 3Jt Biaya,0.7098324298858643
7545798205872718612,mellstore_5,3 JT persemester kak,0,0,14,Dicicil 3Jt Biaya,0.758037269115448,28,Juta 3Jt Serius,0.8354660272598267,22,Biayanya Berapa Biaya,0.6966546177864075
7555474408006877969,greentea2345,"sudah full biaya ama uas, uts, modul kak?",0,0,4,Online Offline Full,0.7749255895614624,12,Umur Yang Semangat,0.7399411201477051,16,100 Tugas Skripsi,0.7360132932662964
7555474688534037264,mellstore_5,"iya dong gaada biaya UAS,UTS dll itu udah include Ama SKS dll jadi misal ambil 24 SKS pun gaada tambahan biaya",0,0,4,Online Offline Full,0.707579493522644,12,Umur Yang Semangat,0.7535632848739624,14,Dicicil 3Jt Biaya,0.683301568031311
7555478385222009616,greentea2345,makasi ya kk infonya,0,0,11,Terima Kasih Salam,0.8890066146850586,10,Selalu Amin Semoga,0.7233657836914062,8,Dm Admin Halo,0.7032333612442017
7555555336398258965,mellstore_5,masama🤗,0,0,2,Iya Kak Dong,0.6538604497909546,3,Menyimak Nrrjml Binus,0.7215927243232727,21,Nitip Nitipp Kabarin,0.6491215825080872
7544595629789594376,keke_nknik,Kak aku tki di sgp bisa full online kah ?,0,2,4,Online Offline Full,0.8049829006195068,1,Berapa Buka Kapan,0.8212285041809082,0,Tidak Ada Jurusan,0.7785259485244751
7545797231795045140,mellstore_5,bisa kak,0,0,2,Iya Kak Dong,0.8483531475067139,8,Dm Admin Halo,0.759137749671936,13,Info Bagaimana Cara,0.7533248662948608
7545685053049848594,einaafets,Bisa kak..,0,0,2,Iya Kak Dong,0.8483531475067139,8,Dm Admin Halo,0.759137749671936,13,Info Bagaimana Cara,0.7533248662948608
7527913988366942984,pett3749,"nggak akan datang kekampus sampai kapan pun kan kk?
maksudnya misal selama 1 minggu itu nggak akan ke kampus gitu kan",1,3,1,Berapa Buka Kapan,0.6559606790542603,12,Umur Yang Semangat,0.7219202518463135,4,Online Offline Full,0.7035986185073853
7527981668239246087,univsiberasia,"Halo Kak, betul sekali karena UNSIA 100% full online learning 😊",4,0,16,100 Tugas Skripsi,0.8735851049423218,27,Pt Terakreditasi Ban,0.7314040660858154,9,Id Ac Pmb,0.7313297986984253
7527945106981896968,einaafets,Iya gk perlu ke kampus kak. Wisuda jg bisa pilih online,1,0,4,Online Offline Full,0.803316593170166,9,Id Ac Pmb,0.7382411360740662,12,Umur Yang Semangat,0.7212986946105957
7527919443578667792,jitsia_haha,itu kuliahnya full online kk,1,0,4,Online Offline Full,0.8523685932159424,5,Ada S2 Rpl,0.7488553524017334,18,100 Universitas Siber,0.7436293959617615
7568004857295569671,m4tchaaalattee,kak kalo pjj semua ada kkn gaa ya??,0,1,1,Berapa Buka Kapan,0.8261347413063049,0,Tidak Ada Jurusan,0.8061926364898682,15,Dimana Daerah Pjj,0.7920024394989014
7568438259837567764,wannabeyourbaeee_,Ada batas usainya tidak?,0,0,5,Ada S2 Rpl,0.6219916343688965,2,Iya Kak Dong,0.5833321809768677,22,Biayanya Berapa Biaya,0.5813189744949341
7528255937086309136,djdnvgahf,kalau akunya di jepang bisa nga kak??,0,3,1,Berapa Buka Kapan,0.8068908452987671,4,Online Offline Full,0.7665919065475464,0,Tidak Ada Jurusan,0.7595123052597046
7528320740333847314,univsiberasia,"Halo kak, bisa banget lho kak, karena UNSIA 100% full online learning😊",0,0,16,100 Tugas Skripsi,0.8878130316734314,9,Id Ac Pmb,0.8013330101966858,6,Dibuka Saat Mahasiswa,0.7613263130187988
7528321998579614480,djdnvgahf,tapi aku full kerja kak libut cuman akhir pekan😔,0,0,0,Tidak Ada Jurusan,0.7076692581176758,12,Umur Yang Semangat,0.8051877617835999,4,Online Offline Full,0.7607221007347107
7534371656590148370,zhiezha08,ada jurusan S1 Pendidikan ngak kak?,0,4,0,Tidak Ada Jurusan,0.8881509304046631,5,Ada S2 Rpl,0.8292233943939209,1,Berapa Buka Kapan,0.7936019897460938
7535686646227059464,univsiberasia,"Halo Kak, saat ini di UNSIA terdapat 5 prodi yaitu manajemen, akuntansi, komunikasi, sistem informasi, dan informatika",0,0,17,Informasi Informatika Akuntansi,0.9286390542984009,6,Dibuka Saat Mahasiswa,0.7221930027008057,27,Pt Terakreditasi Ban,0.7219946384429932
7536169968024552208,safitrirokhayati7,kalau pas wisuda nya gimana kak,0,0,1,Berapa Buka Kapan,0.8433618545532227,15,Dimana Daerah Pjj,0.7785915732383728,13,Info Bagaimana Cara,0.7748510837554932
7537016664286757650,yushob94,"cek aja di yt nya UNSIA TV, wisuda baru aja bulan lalu😁",0,0,18,100 Universitas Siber,0.6786690354347229,4,Online Offline Full,0.6536403894424438,7,Daftar Aku Sudah,0.6470615863800049
7535047150905606920,einaafets,Blm ada ka,0,0,2,Iya Kak Dong,0.8106393814086914,7,Daftar Aku Sudah,0.8010063171386719,8,Dm Admin Halo,0.7397453784942627
7590216521621340944,kagatau812,"ka cara daftarnya kaya gimanaa, jujur aku kurang ngertiii, mauu minta arahannya 😔",1,1,1,Berapa Buka Kapan,0.7749512195587158,13,Info Bagaimana Cara,0.7654867172241211,7,Daftar Aku Sudah,0.7367573976516724
7609904172121998088,univsiberasia,"Hi Kakak. Kakak bisa langsung daftar sekarang di pmb.unsia.ac.id, pilih jurusan favorit, dan mulai kuliah online fleksibel dari mana aja..",0,0,9,Id Ac Pmb,0.9319641590118408,6,Dibuka Saat Mahasiswa,0.7723391652107239,27,Pt Terakreditasi Ban,0.7291678190231323
7597796485987730183,onlydubuland,min mau tanya semisal mau pindah dari ut prodi adbis ke unsia di semester 3 ini bisa ga yaa?,1,1,0,Tidak Ada Jurusan,0.8108054399490356,1,Berapa Buka Kapan,0.7698812484741211,19,Jalur Konversi Melalui,0.7359544634819031
7597990644553302805,yayaa.264,sm ka aku adbis pgn pndh unsia tp gmn cr ny y,0,0,1,Berapa Buka Kapan,0.8024622201919556,0,Tidak Ada Jurusan,0.7572519779205322,13,Info Bagaimana Cara,0.755199134349823
7563968523245847303,evaastuti35,kak kalo online dari luar negeri bisa,0,3,1,Berapa Buka Kapan,0.7698267698287964,4,Online Offline Full,0.7676515579223633,19,Jalur Konversi Melalui,0.7477800846099854
7565801171275219730,univsiberasia,"Halo Kakak, bisa banget dong😊",0,0,8,Dm Admin Halo,0.8221590518951416,7,Daftar Aku Sudah,0.7607003450393677,11,Terima Kasih Salam,0.7594633102416992
7569440810187424528,odeeunoia,cara daftar gimana,0,0,13,Info Bagaimana Cara,0.7789887189865112,22,Biayanya Berapa Biaya,0.7035084962844849,1,Berapa Buka Kapan,0.6281082630157471
7567304208257811207,evaastuti35,Kak sistem perkuliahan gimana apa full online terus biaya per semester berapa ya,0,0,1,Berapa Buka Kapan,0.8255836367607117,0,Tidak Ada Jurusan,0.7881770133972168,4,Online Offline Full,0.7656841278076172
7527665261898564359,fauzanhilmi155,akreditasi,0,1,3,Menyimak Nrrjml Binus,0.8903945684432983,28,Juta 3Jt Serius,0.6576411128044128,18,100 Universitas Siber,0.6246433258056641
7527870764268503826,univsiberasia,"Halo Kak, UNSIA sudah mendapatkan akreditasi nasional oleh BAN-PT dengan nilai Baik Sekali, dan akreditasi internasional oleh EAHEA ya Kak",1,0,27,Pt Terakreditasi Ban,0.9339888095855713,9,Id Ac Pmb,0.7293002605438232,6,Dibuka Saat Mahasiswa,0.7148228287696838
7528223092369261313,vlinderkupu,ujiannya online apa offline,6,1,4,Online Offline Full,0.8329492807388306,1,Berapa Buka Kapan,0.7410403490066528,15,Dimana Daerah Pjj,0.7187525629997253
7528321180765373202,univsiberasia,"Halo Kak, untuk ujiannya juga online ya😊",0,0,4,Online Offline Full,0.7955356240272522,6,Dibuka Saat Mahasiswa,0.8407220840454102,16,100 Tugas Skripsi,0.8030663728713989
7529147042729558802,waterfallyah,ada beasiswa ga kak,0,4,1,Berapa Buka Kapan,0.8377563953399658,5,Ada S2 Rpl,0.8417357206344604,0,Tidak Ada Jurusan,0.8243435621261597
7529193702910378770,sipuputi,ada ka,0,0,2,Iya Kak Dong,0.8884873986244202,21,Nitip Nitipp Kabarin,0.7539201378822327,7,Daftar Aku Sudah,0.7535897493362427
7529310366741136146,waterfallyah,apa tuh kak,0,0,15,Dimana Daerah Pjj,0.8046259880065918,2,Iya Kak Dong,0.8407257199287415,20,Betul Keren Banget,0.7705826759338379
7527707751897514760,mdjugs,ada jurusan teknik ngga kk??,0,2,0,Tidak Ada Jurusan,0.8281662464141846,5,Ada S2 Rpl,0.8188649415969849,1,Berapa Buka Kapan,0.7138487100601196
7527944716655592210,einaafets,"Teknik informatika, kak palingan",0,0,0,Tidak Ada Jurusan,0.6877317428588867,17,Informasi Informatika Akuntansi,0.7334152460098267,18,100 Universitas Siber,0.7304726243019104
7527715255164093192,hiduphamp,ngj,0,0,3,Menyimak Nrrjml Binus,0.8087592124938965,21,Nitip Nitipp Kabarin,0.6480359435081482,2,Iya Kak Dong,0.6348150968551636
7591228967743423250,akhmadakhrori127,ini masih di buka ngga sih?bulan januari,0,2,1,Berapa Buka Kapan,0.7598116993904114,4,Online Offline Full,0.7204653024673462,7,Daftar Aku Sudah,0.6707213521003723
7591485277001286418,univsiberasia,Saat ini UNSIA sedang membuka pendaftaran mahasiswa baru lho Kak🤩,1,0,6,Dibuka Saat Mahasiswa,0.85340416431427,9,Id Ac Pmb,0.7907085418701172,27,Pt Terakreditasi Ban,0.7098317742347717
7591339076298605330,spideruare,kak infoin pendaftaran,0,0,1,Berapa Buka Kapan,0.7912108898162842,13,Info Bagaimana Cara,0.81951904296875,8,Dm Admin Halo,0.7896578311920166
7529101660057633543,sns5560,ka bayar spp berapa y ka,0,1,1,Berapa Buka Kapan,0.8356413841247559,15,Dimana Daerah Pjj,0.7785820960998535,14,Dicicil 3Jt Biaya,0.7586500644683838
7529153042132255495,syaban130,3 jt,0,0,28,Juta 3Jt Serius,0.9189279079437256,3,Menyimak Nrrjml Binus,0.7333575487136841,22,Biayanya Berapa Biaya,0.6364355683326721
7547952909020201735,cakeann__,"Halo kak, kalau mau daftar, di mana yaa? Ada yang bisa dihubungi?",0,1,1,Berapa Buka Kapan,0.786087691783905,8,Dm Admin Halo,0.7683278918266296,7,Daftar Aku Sudah,0.7165738344192505
7550164374230024968,univsiberasia,"Halo Kakak, untuk pendaftaran bisa langsung ke website UNSIA lho di pmb.unsia.ac.id",0,0,9,Id Ac Pmb,0.8772149085998535,6,Dibuka Saat Mahasiswa,0.7703361511230469,16,100 Tugas Skripsi,0.708280086517334
7548052260795728658,teejusbatugula,ini bisa alih jenjang gasi kak dri d3 ke s1 ??,0,1,0,Tidak Ada Jurusan,0.7371966242790222,5,Ada S2 Rpl,0.6864067316055298,12,Umur Yang Semangat,0.6654971837997437
7549051437448987399,einaafets,Bisa kakk.. Coba dm biar ku bantu info,0,0,8,Dm Admin Halo,0.8435367345809937,7,Daftar Aku Sudah,0.6969062089920044,13,Info Bagaimana Cara,0.6813109517097473
7559447583531565842,cch0c0late._,Masih buka pendaftaran ga kak?,0,2,1,Berapa Buka Kapan,0.8392815589904785,6,Dibuka Saat Mahasiswa,0.7817540764808655,13,Info Bagaimana Cara,0.7661918997764587
7565802376758690578,univsiberasia,"Halo Kakak, untuk pendaftaran bisa melalui website UNSIA ya di pmb.unsia.ac.id, untuk penerimaan mahasiswa baru akan dibuka dibulan November ya😊",0,0,9,Id Ac Pmb,0.8960112929344177,6,Dibuka Saat Mahasiswa,0.8750650882720947,16,100 Tugas Skripsi,0.7258762717247009
7530996363314184961,hadikbs1,kak kalau untuk D3 manajemen lanjut ke S1 bagaimana kak,0,2,0,Tidak Ada Jurusan,0.819023609161377,1,Berapa Buka Kapan,0.7515459060668945,19,Jalur Konversi Melalui,0.7155290842056274
7547624105740469000,univsiberasia,"Halo Kakak, bisa ya melalui jalur konversi/ahli jenjang😊",0,0,19,Jalur Konversi Melalui,0.9276807904243469,0,Tidak Ada Jurusan,0.7235589623451233,1,Berapa Buka Kapan,0.7168166637420654
7545798016030376725,mellstore_5,bisa melalui jalur konversi kak,0,0,19,Jalur Konversi Melalui,0.819003701210022,4,Online Offline Full,0.6721810698509216,5,Ada S2 Rpl,0.6663660407066345
7528802229348778760,ini_4stri,pendaftaran masih dibuka ga?,0,2,1,Berapa Buka Kapan,0.6317400932312012,6,Dibuka Saat Mahasiswa,0.6533565521240234,18,100 Universitas Siber,0.6422866582870483
7547624236208440071,univsiberasia,"Halo Kaka, UNSIA saat ini masih membuka pendaftaran mahasiswa baru lhoo",0,0,6,Dibuka Saat Mahasiswa,0.8872091770172119,9,Id Ac Pmb,0.7887858748435974,16,100 Tugas Skripsi,0.72847580909729
7545801169639359240,mellstore_5,masih,0,0,3,Menyimak Nrrjml Binus,0.8922533988952637,2,Iya Kak Dong,0.6756258606910706,21,Nitip Nitipp Kabarin,0.6697169542312622
7579242111565005575,americanogvrl_,ka di Unsia ada S1 Bahasa Korea ga ka?,0,2,0,Tidak Ada Jurusan,0.8708268404006958,6,Dibuka Saat Mahasiswa,0.7759336829185486,1,Berapa Buka Kapan,0.7702417373657227
7579255943565853458,univsiberasia,"Hi Kakak, saat ini untuk prodi bahasa belum dibuka ya☺️",0,0,6,Dibuka Saat Mahasiswa,0.8871549367904663,1,Berapa Buka Kapan,0.7380869388580322,19,Jalur Konversi Melalui,0.7360517978668213
7579257579931976456,americanogvrl_,kira2 kapan ya ka di buka nya klo boleh tau??,0,0,1,Berapa Buka Kapan,0.8130955696105957,15,Dimana Daerah Pjj,0.7429052591323853,7,Daftar Aku Sudah,0.7334745526313782
7540193796626793234,salsabila_2013169,kaka saya kelas 12 SMA jurusan ips anggota osis saya lulus SMA 2026 apakah bisa kuliah sambil keria gak kaka,0,2,5,Ada S2 Rpl,0.6814394593238831,0,Tidak Ada Jurusan,0.7884960174560547,1,Berapa Buka Kapan,0.7051347494125366
7540560584170947346,univsiberasia,Kak? UNSIA cocok banget untuk Kakaknya🤩,0,0,9,Id Ac Pmb,0.6005911827087402,7,Daftar Aku Sudah,0.698724627494812,10,Selalu Amin Semoga,0.6922706961631775
7540242993325638408,einaafets,Bisa dong~,0,0,2,Iya Kak Dong,0.8239371180534363,20,Betul Keren Banget,0.7362472414970398,7,Daftar Aku Sudah,0.6625090837478638
7562629034556375825,dddiiaanp,"saya pengen kuliah, usia 32 tahun bisa ngga ya?",0,2,0,Tidak Ada Jurusan,0.7991088032722473,1,Berapa Buka Kapan,0.7696638703346252,5,Ada S2 Rpl,0.7235869765281677
7565801830330286866,univsiberasia,"Halo Kakak, di UNSIA tidak ada batasan umur ya😊",0,0,12,Umur Yang Semangat,0.6796870231628418,6,Dibuka Saat Mahasiswa,0.8134285807609558,16,100 Tugas Skripsi,0.7748990058898926
7565809458413404944,dddiiaanp,"kak kalo SKHU hilang, gk bisa dftar ya? Tapi di belakang ijazah ada kok nilai ujiannya. isinya sama seperti SKHU yg hilang.",0,0,1,Berapa Buka Kapan,0.7325118780136108,0,Tidak Ada Jurusan,0.7175690531730652,4,Online Offline Full,0.7115970849990845
7528985453778666247,alya42896,Msh buka pendaftaran gk kk?,0,2,1,Berapa Buka Kapan,0.7890337109565735,6,Dibuka Saat Mahasiswa,0.7273603677749634,4,Online Offline Full,0.7220134735107422
7532821316022600464,alya42896,Kini ny kk,0,0,2,Iya Kak Dong,0.7308331727981567,26,Bismillah Depan Bismillahirrahmanirrahim,0.6793462038040161,18,100 Universitas Siber,0.661569356918335
7532793737527165703,univsiberasia,"Halo Kak, UNSIA masih membuka pendaftaran mahasiswa baru lho, yuk dafar sekarang di pmb.unsia.ac.id",1,0,9,Id Ac Pmb,0.8734283447265625,6,Dibuka Saat Mahasiswa,0.8311423063278198,27,Pt Terakreditasi Ban,0.7401885986328125
7577542933013103380,zxyeaa2,kalo pindah dri ut ke unsia apakah lanjut semester atau ngulang dari semester awal?,1,4,0,Tidak Ada Jurusan,0.7806433439254761,1,Berapa Buka Kapan,0.721630334854126,12,Umur Yang Semangat,0.7132372260093689
7577546076309701383,iyytinna,nah aku jg mau nanya bisa gak yah,0,0,1,Berapa Buka Kapan,0.7313917875289917,0,Tidak Ada Jurusan,0.7050898671150208,7,Daftar Aku Sudah,0.704989492893219
7587268543423496980,ghinnaaaaa_,kak gimana bisa gaa?,0,0,2,Iya Kak Dong,0.7354315519332886,15,Dimana Daerah Pjj,0.7178767919540405,1,Berapa Buka Kapan,0.6833840608596802
7577590125933511425,tifany_167_,harusnya sih kalo jurusan nya sama lanjut semester kak.,0,0,0,Tidak Ada Jurusan,0.7761998772621155,12,Umur Yang Semangat,0.7852470874786377,4,Online Offline Full,0.759229302406311
7577724220193555218,mjwahh,tapi ak liat di google katanya ngulang kak😭,0,0,0,Tidak Ada Jurusan,0.6487221121788025,12,Umur Yang Semangat,0.7157812118530273,7,Daftar Aku Sudah,0.7008577585220337
7528004955580760839,ogitureiz,umur 28 lulusan smk apa masih bs kuliah ya 🤔,0,2,0,Tidak Ada Jurusan,0.7763349413871765,1,Berapa Buka Kapan,0.7210891842842102,5,Ada S2 Rpl,0.70595782995224
7528321242774356754,univsiberasia,"Halo Kak, bisa banget dongg😊",0,0,8,Dm Admin Halo,0.8529657125473022,7,Daftar Aku Sudah,0.7647050023078918,11,Terima Kasih Salam,0.7562040090560913
7528055171038954247,juneee001,kuliah tidak mandang umur kak,0,0,0,Tidak Ada Jurusan,0.6788424253463745,12,Umur Yang Semangat,0.7581512928009033,2,Iya Kak Dong,0.6952719688415527
7546109388055413525,ibura111,Tahun ini masih buka gak ya pendaftarannya,0,4,1,Berapa Buka Kapan,0.8121832013130188,6,Dibuka Saat Mahasiswa,0.767488420009613,4,Online Offline Full,0.7465635538101196
7547587077001478919,einaafets,"Msh buka kak, jalur reguler smpe 1 okt. Konversi smpe15 sept. Kuliah 13okt",1,0,19,Jalur Konversi Melalui,0.6313366889953613,1,Berapa Buka Kapan,0.6835466027259827,6,Dibuka Saat Mahasiswa,0.6765185594558716
7547623401063596807,univsiberasia,"Halo Kakak, UNSIA masih membuka pendaftaran mahasiswa baru lho😊",1,0,6,Dibuka Saat Mahasiswa,0.874915599822998,9,Id Ac Pmb,0.7831183671951294,16,100 Tugas Skripsi,0.7408030033111572
7550001665866662663,syiflann,boleh bagi link nya kak?,0,0,13,Info Bagaimana Cara,0.7492830753326416,8,Dm Admin Halo,0.7910810708999634,7,Daftar Aku Sudah,0.7485616207122803
7547598170264879892,ibura111,Web nya apa ya kak kalo mau daftar,0,0,1,Berapa Buka Kapan,0.8722967505455017,15,Dimana Daerah Pjj,0.808079719543457,13,Info Bagaimana Cara,0.8044276237487793
7528844185556058887,abdulfath56,mirip temen gw lagih,0,2,0,Tidak Ada Jurusan,0.5809304714202881,2,Iya Kak Dong,0.7359009981155396,20,Betul Keren Banget,0.7186986207962036
7578854699811390216,univsiberasia,Spill dong temennya Kakak🤩,0,0,7,Daftar Aku Sudah,0.758834958076477,2,Iya Kak Dong,0.7813130617141724,11,Terima Kasih Salam,0.70516037940979
7578937363260572424,abdulfath56,harus izin dulu udah ada yang punya meski belum sah sii huft gamon lagi w akhh🙃,0,0,8,Dm Admin Halo,0.5099533200263977,12,Umur Yang Semangat,0.705741286277771,7,Daftar Aku Sudah,0.6575089693069458
7537488474681869072,ichaatrg,hallo kak unsia bisa Nerima mahasiswa transferan semester tua GK kak? kalau bisa aku pengen masuk sini kak 😭,0,3,1,Berapa Buka Kapan,0.8127626180648804,0,Tidak Ada Jurusan,0.8258788585662842,6,Dibuka Saat Mahasiswa,0.8228920698165894
7538283095474471687,univsiberasia,"Halo Kakak, bisa ya melalui jalur konversi/ahli jenjang",0,0,19,Jalur Konversi Melalui,0.9276807904243469,0,Tidak Ada Jurusan,0.7235589623451233,1,Berapa Buka Kapan,0.7168166637420654
7537639119033139975,einaafets,"Bisa kak, smt tua itu smt brp kah😁",0,0,1,Berapa Buka Kapan,0.7085103988647461,15,Dimana Daerah Pjj,0.6887310743331909,14,Dicicil 3Jt Biaya,0.6670821905136108
7537642354159043345,ichaatrg,ini semester 6 kak masuk 7 bisa kak?,0,0,1,Berapa Buka Kapan,0.7909548878669739,0,Tidak Ada Jurusan,0.7988662719726562,7,Daftar Aku Sudah,0.7910571098327637
7527579660609520402,resismarlita01,berapa biaya per semester kak?,0,2,1,Berapa Buka Kapan,0.7729511260986328,22,Biayanya Berapa Biaya,0.8261750936508179,14,Dicicil 3Jt Biaya,0.7862606048583984
7527871204432053000,univsiberasia,"Halo Kak, hanya 3jt lho Kak persemester",1,0,14,Dicicil 3Jt Biaya,0.8212975859642029,1,Berapa Buka Kapan,0.7102242708206177,13,Info Bagaimana Cara,0.7028436660766602
7527955435312513799,resismarlita01,udah ada berapa angkatan kak?,0,0,1,Berapa Buka Kapan,0.7665014266967773,7,Daftar Aku Sudah,0.7636767625808716,15,Dimana Daerah Pjj,0.7451876401901245
7532902837556364049,ikan_kerapu20,Min kelas magister ada juga gak?,0,2,0,Tidak Ada Jurusan,0.8543205261230469,5,Ada S2 Rpl,0.8688063621520996,1,Berapa Buka Kapan,0.8111329078674316
7547624278322971410,univsiberasia,"Halo Kakak, saat ini untuk program S2 belum dibuka ya Kak😊",0,0,6,Dibuka Saat Mahasiswa,0.902619481086731,9,Id Ac Pmb,0.7654032707214355,1,Berapa Buka Kapan,0.74639892578125
7545797692677702418,mellstore_5,otw ada sih kak,0,0,2,Iya Kak Dong,0.7867516279220581,7,Daftar Aku Sudah,0.7786943912506104,15,Dimana Daerah Pjj,0.7578303813934326
7568446642719900423,rfnyrsyd_,kapan di buka pendaftarannya min??,0,1,1,Berapa Buka Kapan,0.8286871910095215,13,Info Bagaimana Cara,0.7818469405174255,4,Online Offline Full,0.7267294526100159
7568552844719342343,einaafets,"Bulan ini kak, cek sosmed nya aja terus atau akun ig pmbunsiaofficial",1,0,7,Daftar Aku Sudah,0.7155840396881104,8,Dm Admin Halo,0.7008878588676453,9,Id Ac Pmb,0.6573500037193298
7595090093271008018,bdhmn,"siapaa yang sistem informasi, yukk berteman yyyk😭",3,2,17,Informasi Informatika Akuntansi,0.5467307567596436,7,Daftar Aku Sudah,0.6165913939476013,2,Iya Kak Dong,0.5827131867408752
7630127028059538184,inceslyy7,ihh mauu,0,0,2,Iya Kak Dong,0.7911445498466492,20,Betul Keren Banget,0.6921544671058655,21,Nitip Nitipp Kabarin,0.6854256391525269
7630199786930750215,bdhmn,"ayoo kaa, akuu udah masukk 🥰",0,0,7,Daftar Aku Sudah,0.7883718013763428,2,Iya Kak Dong,0.7351033687591553,8,Dm Admin Halo,0.6739781498908997
7565712034270003975,yayangnoviana,bisa nggak sih umur udah 35 daftar kuliah di unsia?,3,1,0,Tidak Ada Jurusan,0.8108974099159241,12,Umur Yang Semangat,0.7609599828720093,1,Berapa Buka Kapan,0.7446711659431458
7565800790502441746,univsiberasia,"Halo Kak, bisa banget Kakak, di UNSIA tidak ada batasan umur 😊",0,0,12,Umur Yang Semangat,0.7057772874832153,6,Dibuka Saat Mahasiswa,0.8191369771957397,16,100 Tugas Skripsi,0.8096008896827698
7534962211735978770,urnamejie_,kaa disini bisa pindahan dan lanjut semeester ga ya,0,5,1,Berapa Buka Kapan,0.832584798336029,0,Tidak Ada Jurusan,0.8066225051879883,4,Online Offline Full,0.7953914999961853
7542461919409177351,hisindya,kak bisa transkrip dari universitas lain ga ya?,0,0,1,Berapa Buka Kapan,0.8204977512359619,0,Tidak Ada Jurusan,0.8339838981628418,19,Jalur Konversi Melalui,0.7691745162010193
7537487958632727313,ichaatrg,ihh kak samaan aku juga mau gitu,0,0,2,Iya Kak Dong,0.7171955108642578,7,Daftar Aku Sudah,0.6904560327529907,12,Umur Yang Semangat,0.665917694568634
7535317417758212872,urnamejie_,ibu apa boleh saya konsultasi,0,0,1,Berapa Buka Kapan,0.6114499568939209,15,Dimana Daerah Pjj,0.6300556659698486,5,Ada S2 Rpl,0.6157673597335815
7535315861680063240,urnamejie_,alamatnya dmn ya kaaa,0,0,15,Dimana Daerah Pjj,0.8385487198829651,1,Berapa Buka Kapan,0.7916229963302612,13,Info Bagaimana Cara,0.7835959196090698
7535018695854228232,univsiberasia,"Halo Kak, bisa banget lho, melalu jalur konversi",0,0,19,Jalur Konversi Melalui,0.8940579891204834,16,100 Tugas Skripsi,0.7531129121780396,1,Berapa Buka Kapan,0.7286703586578369
7593500602236388114,davinurazima_,Online bisa gk kak,0,2,4,Online Offline Full,0.8203259110450745,1,Berapa Buka Kapan,0.8191155791282654,13,Info Bagaimana Cara,0.7835602164268494
7609904002050360082,univsiberasia,UNSIA 100% fully online learning🤗,0,0,18,100 Universitas Siber,0.8170483112335205,16,100 Tugas Skripsi,0.6590631008148193,17,Informasi Informatika Akuntansi,0.5817794799804688
7610773655039361813,taurorie_,ada jalur RPL ga kak,1,1,5,Ada S2 Rpl,0.8268078565597534,1,Berapa Buka Kapan,0.8316624164581299,0,Tidak Ada Jurusan,0.8038792610168457
7611471647627494162,ppmbunsia,"Halo Kak, ada Kak gelombang terakhir diperpanjang hingga 12 maret 2026 Kak",1,0,6,Dibuka Saat Mahasiswa,0.786020040512085,19,Jalur Konversi Melalui,0.7015889883041382,1,Berapa Buka Kapan,0.6986033916473389
7591022114762539797,butterflyblue_24,"bisa pake kip-k?
kalo ijasah rata-rata 83,80 bisa ga ya daftar beasiswa akademik?",1,1,0,Tidak Ada Jurusan,0.7797110080718994,1,Berapa Buka Kapan,0.7555835843086243,14,Dicicil 3Jt Biaya,0.7355905175209045
7609903075412181778,univsiberasia,Bisa ya Kak🤗,0,0,2,Iya Kak Dong,0.8153814077377319,8,Dm Admin Halo,0.8231559991836548,13,Info Bagaimana Cara,0.7652486562728882
7530717511278723848,_double_m4,"Kak maaf izin bertanya,untuk yang sudah kuliah di kampus lain pengin pindah dengan jurusan yang sama apakah bisa? Dan kalau bisa itu lanjut semester apa ngulang dari awal ya kak?",0,2,0,Tidak Ada Jurusan,0.8083498477935791,1,Berapa Buka Kapan,0.7801278233528137,19,Jalur Konversi Melalui,0.7228327989578247
7530866048067175186,univsiberasia,"Halo Kak, Bisa ya Kak. Untuk informasi lebih detailnya izin menyampaikan melalui DM ya😊",0,0,8,Dm Admin Halo,0.8512771725654602,1,Berapa Buka Kapan,0.6845858693122864,13,Info Bagaimana Cara,0.683880627155304
7533157400448107282,manpeachyy,kak aku mau dong informasi,0,0,17,Informasi Informatika Akuntansi,0.5403842926025391,7,Daftar Aku Sudah,0.7858113050460815,8,Dm Admin Halo,0.7675536870956421
7591781275477017352,smiling._55,bisaa ngerjain tugas pake tab aja ga ya kak tanpa laptop gitu,1,1,16,100 Tugas Skripsi,0.660110592842102,4,Online Offline Full,0.6887561678886414,12,Umur Yang Semangat,0.6841388940811157
7591838325566210824,univsiberasia,Bisa banget dong tentunya🤩,1,0,2,Iya Kak Dong,0.7277499437332153,20,Betul Keren Banget,0.7451059818267822,7,Daftar Aku Sudah,0.620122492313385
7528192800963134216,nurhani147,ada kulaih full online ka itu,1,4,4,Online Offline Full,0.7876664400100708,5,Ada S2 Rpl,0.7175688147544861,7,Daftar Aku Sudah,0.7171595096588135
7528320895023153938,univsiberasia,"Halo Kak, UNSIA 100% full online ya Kak😊",0,0,16,100 Tugas Skripsi,0.8688564896583557,6,Dibuka Saat Mahasiswa,0.8148125410079956,8,Dm Admin Halo,0.789505124092102
7528346758243058452,lyvin246,Kaka apakah membutuhkan biaya???,0,0,22,Biayanya Berapa Biaya,0.8011295199394226,5,Ada S2 Rpl,0.6864252090454102,15,Dimana Daerah Pjj,0.6782366037368774
7528204033501971218,malikbawazki,ada paikologi ga yah? minat,0,1,1,Berapa Buka Kapan,0.7108795046806335,5,Ada S2 Rpl,0.7631815075874329,0,Tidak Ada Jurusan,0.7223042845726013
7528614811798684433,dtspymup2,yahh gada fh ya ka😔,0,0,2,Iya Kak Dong,0.7922695279121399,7,Daftar Aku Sudah,0.7300716638565063,4,Online Offline Full,0.7289817929267883
7547679323860239122,occeansengines,"kak, tunggu tahun depan yaak",2,2,11,Terima Kasih Salam,0.7493224143981934,7,Daftar Aku Sudah,0.7804833650588989,8,Dm Admin Halo,0.7332690954208374
7550164445832446738,univsiberasia,"Wahhh, Mimin tunggu ya Kakak😊",0,0,11,Terima Kasih Salam,0.8723302483558655,8,Dm Admin Halo,0.7693622708320618,7,Daftar Aku Sudah,0.7422995567321777
7549051829347681042,einaafets,"Wihh gas ka, kmrn sempet baca dibuka lg desember",0,0,7,Daftar Aku Sudah,0.7171611785888672,12,Umur Yang Semangat,0.7046177983283997,11,Terima Kasih Salam,0.671170175075531
7638381662812586759,suchirhmadani,Info cara daftarnya kak???,0,1,13,Info Bagaimana Cara,0.8738305568695068,1,Berapa Buka Kapan,0.7533167004585266,8,Dm Admin Halo,0.7421664595603943
7638517884457534226,univsiberasia,"Kakak bisa langsung daftar sekarang di pmb.unsia.ac.id, pilih jurusan favorit, dan mulai kuliah online fleksibel dari mana aja🤩",0,0,9,Id Ac Pmb,0.9071130752563477,6,Dibuka Saat Mahasiswa,0.7225440740585327,0,Tidak Ada Jurusan,0.7095905542373657
7600311437966197520,zidan1aqilah3,ada jurusan sastra gak???,0,1,5,Ada S2 Rpl,0.8505469560623169,0,Tidak Ada Jurusan,0.7742610573768616,18,100 Universitas Siber,0.7332553863525391
7600315142438355730,univsiberasia,"Hi Kak, saat ini belum tersedia nih Kak;(",0,0,8,Dm Admin Halo,0.753322958946228,6,Dibuka Saat Mahasiswa,0.7193354368209839,7,Daftar Aku Sudah,0.6590737104415894
7598730415856190226,xzizah8914,biaya kuliah nya berapa min?,0,1,1,Berapa Buka Kapan,0.8202680349349976,22,Biayanya Berapa Biaya,0.8181885480880737,0,Tidak Ada Jurusan,0.7811289429664612
7600252140326978311,univsiberasia,"Hi Kak, hanya 3jt lho persemesternya😊",0,0,14,Dicicil 3Jt Biaya,0.8670721054077148,1,Berapa Buka Kapan,0.7280389070510864,13,Info Bagaimana Cara,0.7087587118148804
7595523323636204309,arunika315,buat pendaftaran 2026 kapan ya?,0,1,1,Berapa Buka Kapan,0.8149787187576294,13,Info Bagaimana Cara,0.7236467599868774,0,Tidak Ada Jurusan,0.7230271100997925
7595803763320423176,univsiberasia,Saat ini UNSIA masih membuka pendaftaran mahasiswa baru lho Kakak😊,0,0,6,Dibuka Saat Mahasiswa,0.8015869855880737,9,Id Ac Pmb,0.7358179092407227,27,Pt Terakreditasi Ban,0.6371543407440186
7603383416469504789,ffff_056,cara daftar nya gmna nih kak?,0,1,1,Berapa Buka Kapan,0.8344752788543701,13,Info Bagaimana Cara,0.8712796568870544,8,Dm Admin Halo,0.7578657865524292
7609903334694355719,univsiberasia,"Kakak bisa langsung daftar sekarang di pmb.unsia.ac.id, pilih jurusan favorit, dan mulai kuliah online fleksibel dari mana aja😊",0,0,9,Id Ac Pmb,0.9071130752563477,6,Dibuka Saat Mahasiswa,0.7225440740585327,0,Tidak Ada Jurusan,0.7095905542373657
7638284064419529488,brend_alguera,uang semesternya berapa ka yg managemen,0,1,1,Berapa Buka Kapan,0.7991960048675537,14,Dicicil 3Jt Biaya,0.7526756525039673,22,Biayanya Berapa Biaya,0.7359330058097839
7638518160329868039,univsiberasia,Hanya 3jt/semester ya Kakak🤩,0,0,14,Dicicil 3Jt Biaya,0.8095593452453613,5,Ada S2 Rpl,0.7271751165390015,28,Juta 3Jt Serius,0.7034202218055725
7597618880400311048,zeeaazaa,ujiannya juga online kah min?,0,1,4,Online Offline Full,0.8513703346252441,1,Berapa Buka Kapan,0.8365428447723389,0,Tidak Ada Jurusan,0.7908000946044922
7609903935085036295,univsiberasia,Betul sekali Kak🤗,0,0,20,Betul Keren Banget,0.9099567532539368,2,Iya Kak Dong,0.7523614168167114,11,Terima Kasih Salam,0.7496924996376038
7595807527419478805,vaz262708,gimana caranya kak daftarnya,0,1,1,Berapa Buka Kapan,0.806038498878479,13,Info Bagaimana Cara,0.8566471338272095,7,Daftar Aku Sudah,0.7055206298828125
7595842645408285447,univsiberasia,"Kakak bisa langsung daftar sekarang di pmb.unsia.ac.id, pilih jurusan favorit, dan mulai kuliah online fleksibel dari mana aja.🤗",0,0,9,Id Ac Pmb,0.9071130752563477,6,Dibuka Saat Mahasiswa,0.7225440740585327,0,Tidak Ada Jurusan,0.7095905542373657
7610112535739515656,2nd.wearss,Ka kelas karyawan ada jurusan hukum ga?,1,1,0,Tidak Ada Jurusan,0.8621232509613037,5,Ada S2 Rpl,0.8358417749404907,1,Berapa Buka Kapan,0.7939543128013611
7610256812810437383,univsiberasia,"Hi Kak, untuk jurusan hukum saat ini belum tersedia ya di UNSIA☺️",0,0,6,Dibuka Saat Mahasiswa,0.8799777030944824,9,Id Ac Pmb,0.7934890985488892,16,100 Tugas Skripsi,0.7593982219696045
7595867905876263696,fall_b2,min untuk informatika persemesternya berapa di unsia?,0,1,17,Informasi Informatika Akuntansi,0.6149753928184509,1,Berapa Buka Kapan,0.8107165098190308,0,Tidak Ada Jurusan,0.795910120010376
7596165474184069896,univsiberasia,"Hai Kak, semua jurusan di UNSIA, UKTnya hanya 3jt lhoo🤩",1,0,14,Dicicil 3Jt Biaya,0.8106664419174194,6,Dibuka Saat Mahasiswa,0.7978043556213379,16,100 Tugas Skripsi,0.7897608280181885
7646555382713811733,k1ngvarrr,pendaftaran wajib ke unsia kah,0,0,5,Ada S2 Rpl,0.6889888644218445,18,100 Universitas Siber,0.7528429627418518,9,Id Ac Pmb,0.7295840978622437
7647054694909788949,piiiiiiiiiiiiiiii03,kak ada beasiswa selalin kip-k ga disana?,0,1,1,Berapa Buka Kapan,0.8310983180999756,0,Tidak Ada Jurusan,0.8319101929664612,5,Ada S2 Rpl,0.7908920049667358
7647386179874079495,univsiberasia,"Hi Kakak, ada 5 program beasiswa di UNSIA lho, informasi lebih lengkapnya bisa Kakak dapatkan di akun instagram @ppmbunsia_official😊",1,0,9,Id Ac Pmb,0.8216367959976196,6,Dibuka Saat Mahasiswa,0.767278790473938,27,Pt Terakreditasi Ban,0.7221253514289856
7624056859326464789,shoba_syahab,unsia ada gak di palembang?,1,1,0,Tidak Ada Jurusan,0.7571372389793396,5,Ada S2 Rpl,0.7847042083740234,18,100 Universitas Siber,0.7442788481712341
7624059233537131272,univsiberasia,UNSIA menerapkan sistem perkuliahan secara online maka kakak bisa berkuliah dimana saja dan kapan saja. Nah UNSIA bisa menjadi tujuan kakak yg ingin kuliah sambil bekerja kak karena memang waktunya fleksibel dan bisa dilaksanakan kapanpun dan dimanapun🤩,0,0,9,Id Ac Pmb,0.8030000925064087,27,Pt Terakreditasi Ban,0.6489601135253906,16,100 Tugas Skripsi,0.6480634212493896
7596951067193541384,suhenihardi99,kalo di ambon bisa kuliah ini kah,0,1,0,Tidak Ada Jurusan,0.8158828020095825,5,Ada S2 Rpl,0.788345456123352,1,Berapa Buka Kapan,0.7619999647140503
7609903861026226962,univsiberasia,"Masih bisa dong Kakak, UNSIA menerapkan sistem perkuliahan secara online maka kakak bisa berkuliah dimana saja dan kapan saja. Nah UNSIA bisa menjadi tujuan kakak yg ingin kuliah sambil bekerja kak karena memang waktunya fleksibel dan bisa dilaksanakan kapanpun dan dimanapun🤩",0,0,9,Id Ac Pmb,0.8133841753005981,0,Tidak Ada Jurusan,0.6819937229156494,12,Umur Yang Semangat,0.6792361736297607
7590333593936986887,anita.cuherni,cara daftar kak,0,1,13,Info Bagaimana Cara,0.8494440317153931,7,Daftar Aku Sudah,0.7008455991744995,1,Berapa Buka Kapan,0.6989043354988098
7609904462563410695,univsiberasia,"Kakak bisa langsung daftar sekarang di pmb.unsia.ac.id, pilih jurusan favorit, dan mulai kuliah online fleksibel dari mana aja🤗",0,0,9,Id Ac Pmb,0.9071130752563477,6,Dibuka Saat Mahasiswa,0.7225440740585327,0,Tidak Ada Jurusan,0.7095905542373657
7589660882466292500,yunie.lim.nasutio,paket c bisa daftar ga ya,0,1,1,Berapa Buka Kapan,0.8181055188179016,4,Online Offline Full,0.7672032117843628,13,Info Bagaimana Cara,0.7360130548477173
7609904383601787666,univsiberasia,Bisa banget ya Kakak🤗,0,0,2,Iya Kak Dong,0.8146356344223022,20,Betul Keren Banget,0.7997040152549744,11,Terima Kasih Salam,0.7313956022262573
7588893549454869266,ersasarii_,berarti uas nya online juga kak?,0,1,4,Online Offline Full,0.882803201675415,1,Berapa Buka Kapan,0.8258112668991089,16,100 Tugas Skripsi,0.8053011894226074
7588945952896959240,univsiberasia,Betul banget Kak🤩,0,0,20,Betul Keren Banget,0.9214138984680176,2,Iya Kak Dong,0.7612767219543457,11,Terima Kasih Salam,0.7434011697769165
7586576190287135495,vitfssfg,berarti online aja? ga ada ke univ?,0,1,18,100 Universitas Siber,0.6633487343788147,4,Online Offline Full,0.7734183073043823,5,Ada S2 Rpl,0.7458080649375916
7581135515672822535,urtinkerbelllll,"halo kak, mau tanya untuk 2026 pendaftarannya mulai kapan ya ? dan bisa ga ya transfer dari lulusan d3 akt ke s1 manajemen?",0,1,0,Tidak Ada Jurusan,0.7953724265098572,1,Berapa Buka Kapan,0.7670210599899292,6,Dibuka Saat Mahasiswa,0.752008855342865
7581379373392544520,univsiberasia,"Hi Kak, dibuka dibulan Januari ya, bisa melalui jalur konversi",0,0,19,Jalur Konversi Melalui,0.8626397848129272,6,Dibuka Saat Mahasiswa,0.8051905035972595,1,Berapa Buka Kapan,0.769758939743042
7579972769938047752,omgmyshaylaaaaa,pjj itu apa admin?,0,1,15,Dimana Daerah Pjj,0.7739437222480774,5,Ada S2 Rpl,0.7033374905586243,1,Berapa Buka Kapan,0.6657997965812683
7580139080765326088,baron.7706,pembelajraan jrak jauh kk,1,0,2,Iya Kak Dong,0.6454678773880005,15,Dimana Daerah Pjj,0.6303701400756836,5,Ada S2 Rpl,0.6175878047943115
7579307216270279431,oralb470,ada skripsi gak ka,0,1,5,Ada S2 Rpl,0.8455400466918945,15,Dimana Daerah Pjj,0.8180204033851624,0,Tidak Ada Jurusan,0.7980549335479736
7579473946350273298,univsiberasia,"Hi Kak, untuk tugas akhir ada skripsi ya Kakak",0,0,16,100 Tugas Skripsi,0.8515594005584717,6,Dibuka Saat Mahasiswa,0.781795859336853,0,Tidak Ada Jurusan,0.7770823836326599
7578808906207511303,urmentai,hukum gaada ya?,0,1,2,Iya Kak Dong,0.7255724668502808,5,Ada S2 Rpl,0.655942440032959,20,Betul Keren Banget,0.6495723724365234
7578853719899931400,univsiberasia,"Hi Kak, belum ada ya☺️",0,0,8,Dm Admin Halo,0.8585638403892517,7,Daftar Aku Sudah,0.7993665933609009,1,Berapa Buka Kapan,0.7609512209892273
7578391880364573460,_ejjaaa17,Cara pindah pilihan prodi nya gemana ya kak?,0,1,1,Berapa Buka Kapan,0.8206754922866821,13,Info Bagaimana Cara,0.796112060546875,19,Jalur Konversi Melalui,0.7863525152206421
7578391973766365972,_ejjaaa17,Soalnya waktu daftar salah ambil prodi,0,0,0,Tidak Ada Jurusan,0.7227526903152466,12,Umur Yang Semangat,0.7051953077316284,4,Online Offline Full,0.6816165447235107
7578169278987617032,chell12.16,unsia full online gak yaa kak?,0,1,4,Online Offline Full,0.8633753657341003,1,Berapa Buka Kapan,0.8603391051292419,16,100 Tugas Skripsi,0.824237585067749
7578853850434634503,univsiberasia,"Hi Kak, betul banget. UNSIA 100% full online learning",1,0,16,100 Tugas Skripsi,0.8742517828941345,18,100 Universitas Siber,0.7233084440231323,27,Pt Terakreditasi Ban,0.7093403935432434
7569036062539744007,adistiyaaaaaa,ini kalo buat yang kerja diluar negri bisa ga sih?,0,1,0,Tidak Ada Jurusan,0.7559421062469482,1,Berapa Buka Kapan,0.735690712928772,4,Online Offline Full,0.7253773212432861
7578854284671107858,univsiberasia,"Hi Kak, bisa banget dong. Karena UNSIA sistem pembelajarannya 100% full online 🤩",0,0,16,100 Tugas Skripsi,0.9047670960426331,4,Online Offline Full,0.7977015376091003,9,Id Ac Pmb,0.7969877123832703
7565220113083892501,228yyl,kalo uts/uas online juga ga?,0,1,4,Online Offline Full,0.8334990739822388,12,Umur Yang Semangat,0.7280858159065247,16,100 Tugas Skripsi,0.7160792350769043
7565800907326735112,univsiberasia,"Halo kakak, 100% full online ya termasuk UTS dan UAS😊",0,0,4,Online Offline Full,0.7953190803527832,16,100 Tugas Skripsi,0.8288506269454956,6,Dibuka Saat Mahasiswa,0.7568374872207642
7563851911478215432,dintrian,Min buka pendaftaran kapan lagi ya?,0,1,1,Berapa Buka Kapan,0.8305048942565918,6,Dibuka Saat Mahasiswa,0.7564219236373901,4,Online Offline Full,0.7515631914138794
7565801523465847570,univsiberasia,"Halo Kakak, untuk pendaftaran bisa melalui website UNSIA ya di pmb.unsia.ac.id, untuk penerimaan mahasiswa baru akan dibuka dibulan November ya😊",0,0,9,Id Ac Pmb,0.896011233329773,6,Dibuka Saat Mahasiswa,0.8750650882720947,16,100 Tugas Skripsi,0.7258762121200562
7563019105353548562,sshabya,mwu donggg ini nanya ny kmnaaaa,0,1,-1,Mantab Uk Belakang,0.0,7,Daftar Aku Sudah,0.7201789617538452,15,Dimana Daerah Pjj,0.7080041170120239
7565801019252015890,univsiberasia,"Halo Kakak, bisa melalui DM ya😊",0,0,8,Dm Admin Halo,0.8730035424232483,19,Jalur Konversi Melalui,0.7069525718688965,13,Info Bagaimana Cara,0.6638256907463074
7562888419748987666,tuanputriii15,Wisuda nya nanti gmna ka kalo jauhh,0,1,1,Berapa Buka Kapan,0.829105019569397,4,Online Offline Full,0.7975680828094482,0,Tidak Ada Jurusan,0.7958039045333862
7565801110703801095,univsiberasia,"Halo Kakak, untuk wisuda dilaksanakan secara onsite ya",0,0,6,Dibuka Saat Mahasiswa,0.8390440940856934,16,100 Tugas Skripsi,0.7682170867919922,9,Id Ac Pmb,0.7628226280212402
7561088357360304914,nandechan_,takut banget susah cari nilai kek UT 😭 aku lulusan D3 mau cari buat ke s1,0,1,0,Tidak Ada Jurusan,0.7814119458198547,12,Umur Yang Semangat,0.784121572971344,5,Ada S2 Rpl,0.6709670424461365
7565802103001285384,univsiberasia,"Halo Kakak, di UNSIA menerima mahasiswa pindahan atau lulusan D3 ingin melanjutkan pendidikan ke S1 melalui jalur konversi ya😊",0,0,0,Tidak Ada Jurusan,0.7450337409973145,6,Dibuka Saat Mahasiswa,0.7470205426216125,9,Id Ac Pmb,0.7453891038894653
7560846777114854145,velnox99,ka buka pendaftaran lagi bulan apa?,0,1,1,Berapa Buka Kapan,0.8468700647354126,6,Dibuka Saat Mahasiswa,0.781180739402771,7,Daftar Aku Sudah,0.7791723608970642
7560934833133994760,univsiberasia,"Halo Kak, penerimaan mahasiswa baru akan dibuka di bulan November ya😊",0,0,6,Dibuka Saat Mahasiswa,0.9019699096679688,9,Id Ac Pmb,0.7656461000442505,16,100 Tugas Skripsi,0.7102930545806885
7560653850048430855,byyna02,Gimana cara daftarnya tolong,0,1,1,Berapa Buka Kapan,0.7458745241165161,13,Info Bagaimana Cara,0.8089547753334045,22,Biayanya Berapa Biaya,0.7037903070449829
7565801441426031367,univsiberasia,"Halo Kakak, untuk pendaftaran bisa melalui website UNSIA ya di pmb.unsia.ac.id, untuk penerimaan mahasiswa baru akan dibuka dibulan November ya😊",0,0,9,Id Ac Pmb,0.896011233329773,6,Dibuka Saat Mahasiswa,0.8750650882720947,16,100 Tugas Skripsi,0.7258762121200562
7559221298985452306,secondchoice2002_,belum ada S2 kak?,1,1,5,Ada S2 Rpl,0.8511196970939636,0,Tidak Ada Jurusan,0.8117892742156982,7,Daftar Aku Sudah,0.7806863784790039
7565802194047828754,univsiberasia,"Halo Kakak, untuk porgram S2 di UNSIA belum dibuka ya",1,0,6,Dibuka Saat Mahasiswa,0.8809173703193665,9,Id Ac Pmb,0.7845902442932129,16,100 Tugas Skripsi,0.7806475162506104
7555142795503158032,dwii.jyntii,"yg gada magang nya ada kak ? jurusan apa?
karna ini mau disambi kerja juga ..",0,1,0,Tidak Ada Jurusan,0.7837928533554077,12,Umur Yang Semangat,0.7716571092605591,4,Online Offline Full,0.7339237928390503
7565801740718277384,univsiberasia,"Halo Kakak, untuk magang di UNSIA ada ya namun tidak diwajibkan",0,0,6,Dibuka Saat Mahasiswa,0.8369998931884766,9,Id Ac Pmb,0.7948526740074158,0,Tidak Ada Jurusan,0.7899120450019836
7554999158115058440,auradelreyyy,untuk ukt bisa di cicil perbulan ga ka?,0,1,14,Dicicil 3Jt Biaya,0.8117828965187073,1,Berapa Buka Kapan,0.7784842848777771,0,Tidak Ada Jurusan,0.7424333691596985
7578854415001256722,univsiberasia,"Hi Kakak, untuk UKT dapat dicicil sebanyak 3x ya☺️",0,0,14,Dicicil 3Jt Biaya,0.8425083160400391,6,Dibuka Saat Mahasiswa,0.7024308443069458,1,Berapa Buka Kapan,0.7021957635879517
7554294440186479367,cakill930,Pendaftaran sampi kapan min??,0,1,1,Berapa Buka Kapan,0.799217700958252,13,Info Bagaimana Cara,0.7746785879135132,4,Online Offline Full,0.718029797077179
7565801875267715848,univsiberasia,"Halo Kakak, untuk pendaftaran bisa melalui website UNSIA ya di pmb.unsia.ac.id, untuk penerimaan mahasiswa baru akan dibuka dibulan November ya😊",0,0,9,Id Ac Pmb,0.8960112929344177,6,Dibuka Saat Mahasiswa,0.8750650882720947,16,100 Tugas Skripsi,0.7258762717247009
7554217340943680264,rasta_affiliator09,cara daftar nya kak,0,0,13,Info Bagaimana Cara,0.8840609788894653,1,Berapa Buka Kapan,0.7463134527206421,7,Daftar Aku Sudah,0.7241435647010803
7547949045852193554,princessenergy8,Kapan pendaftaran darimams daftar,0,1,1,Berapa Buka Kapan,0.7290677428245544,13,Info Bagaimana Cara,0.7041336894035339,4,Online Offline Full,0.6790145635604858
7565801616428925704,univsiberasia,"Halo Kakak, untuk pendaftaran bisa melalui website UNSIA ya di pmb.unsia.ac.id, untuk penerimaan mahasiswa baru akan dibuka dibulan November ya😊",0,0,9,Id Ac Pmb,0.896011233329773,6,Dibuka Saat Mahasiswa,0.8750650882720947,16,100 Tugas Skripsi,0.7258762121200562
7547935143245382421,cii_________,Ka minta web buat pendaftranya dimna?,0,1,1,Berapa Buka Kapan,0.7853749990463257,0,Tidak Ada Jurusan,0.739974319934845,13,Info Bagaimana Cara,0.735450804233551
7549051917684343559,einaafets,Kesini ka pmb.unsia.ac.id,0,0,18,100 Universitas Siber,0.8280578255653381,9,Id Ac Pmb,0.7930866479873657,16,100 Tugas Skripsi,0.7461485862731934
7546846571033527047,caffelotso__,buat tahap pendaftarannya dimana ya hubunginya,0,1,1,Berapa Buka Kapan,0.8139199018478394,13,Info Bagaimana Cara,0.7744913101196289,15,Dimana Daerah Pjj,0.7394516468048096
7547613937425744648,univsiberasia,"Halo Kakak, untuk pendaftarannya sangat mudah lho, cukup dari website saja yaitu pmb.unsia.ac.id",0,0,9,Id Ac Pmb,0.8697848320007324,6,Dibuka Saat Mahasiswa,0.772737443447113,16,100 Tugas Skripsi,0.7257438898086548
7539097568954991377,anakbontot271,Pjj itu apa kak?,2,1,15,Dimana Daerah Pjj,0.8343429565429688,1,Berapa Buka Kapan,0.7353388667106628,5,Ada S2 Rpl,0.7278895378112793
7539369430985048840,sn0opy06,pembelajaran jarak jauh,4,0,0,Tidak Ada Jurusan,0.45960840582847595,18,100 Universitas Siber,0.6050544381141663,3,Menyimak Nrrjml Binus,0.5632173418998718
7535663274689053461,mieayamgerobakbiru08,Hallo ka klo d3 sblmnya lnjut s1 disini bsa ya,0,1,0,Tidak Ada Jurusan,0.8222454190254211,19,Jalur Konversi Melalui,0.7556213140487671,1,Berapa Buka Kapan,0.7542166709899902
7535686452249674514,univsiberasia,"Halo Kak, bisa banget lho Kak, melalui jalur konversi",0,0,19,Jalur Konversi Melalui,0.8859645128250122,8,Dm Admin Halo,0.7340070009231567,16,100 Tugas Skripsi,0.7268062233924866
7535132474155287314,nana_024.0,Kk g ada jurusan bahasa inggris atau sastra Inggris ya?,0,0,0,Tidak Ada Jurusan,0.8118230104446411,5,Ada S2 Rpl,0.7417978644371033,1,Berapa Buka Kapan,0.6997308731079102
7533828606397596433,nhonamhutii,kak mau tanya 3jt itu sudah termasuk semua biaya tuk /semester atau belum termasuk biaya yg lain,0,0,14,Dicicil 3Jt Biaya,0.779043436050415,1,Berapa Buka Kapan,0.7247931957244873,0,Tidak Ada Jurusan,0.693040668964386
7533484029011673863,hitamputih9075,S2 nya belum ada kak?,0,1,5,Ada S2 Rpl,0.8405535817146301,1,Berapa Buka Kapan,0.8232408761978149,0,Tidak Ada Jurusan,0.8220711946487427
7547623732740621074,univsiberasia,"Halo Kakak, saat ini untuk program S2 belum dibuka ya Kak😊",0,0,6,Dibuka Saat Mahasiswa,0.902619481086731,9,Id Ac Pmb,0.7654032707214355,1,Berapa Buka Kapan,0.74639892578125
7529332627541066517,a.ahmaadd,yassss bener bangettt kaka! siber asiiaaa terbaikkkkk,2,0,20,Betul Keren Banget,0.7641748189926147,2,Iya Kak Dong,0.6824336051940918,11,Terima Kasih Salam,0.6794420480728149
7528956817819058952,paternakbitcoin,kuliah ngk ribet kalau dpt beasiswa full😂,1,0,2,Iya Kak Dong,0.5548256039619446,12,Umur Yang Semangat,0.7135010957717896,0,Tidak Ada Jurusan,0.7091811299324036
7528862936127783697,aryp00h,di UGM aja 😂😂😂,1,0,18,100 Universitas Siber,0.749332070350647,5,Ada S2 Rpl,0.697457492351532,2,Iya Kak Dong,0.6683915257453918
7528190298436322056,tya.guntoro,per semester itu brp lama ya ka🙄,1,1,1,Berapa Buka Kapan,0.8023810386657715,14,Dicicil 3Jt Biaya,0.7612037658691406,0,Tidak Ada Jurusan,0.7498083114624023
7528320959717065479,univsiberasia,"Halo Kak, persemester 6 bulan ya Kak",0,0,6,Dibuka Saat Mahasiswa,0.7622882127761841,1,Berapa Buka Kapan,0.7722592949867249,8,Dm Admin Halo,0.7672750949859619
7528091305810395924,lyvin246,yakin beasiswa nya 1000 persen ? caranya,1,0,14,Dicicil 3Jt Biaya,0.6966241002082825,5,Ada S2 Rpl,0.6705617904663086,4,Online Offline Full,0.6520105600357056
7527858488870454034,iraguniara,Daerah mnh k,1,1,15,Dimana Daerah Pjj,0.632178544998169,22,Biayanya Berapa Biaya,0.6097480058670044,2,Iya Kak Dong,0.6074416637420654
7527870623017960200,univsiberasia,"Halo Kak, Kampus UNSIA terletak di Jl. Harsono RM No.1, RT.5/RW.7, Ragunan, Kec. Ps. Minggu, Kota Jakarta Selatan.",1,0,23,Jakarta Selatan Kota,0.8816063404083252,9,Id Ac Pmb,0.5374967455863953,6,Dibuka Saat Mahasiswa,0.5172897577285767
7527665093020107527,var160h,tutor kak dapat beasiswa 🗿,1,0,1,Berapa Buka Kapan,0.6587275266647339,18,100 Universitas Siber,0.7259266376495361,5,Ada S2 Rpl,0.7249702215194702
7529446892691899143,drupadikaaa15,ada s2nya nggak kak,0,0,1,Berapa Buka Kapan,0.8511214256286621,5,Ada S2 Rpl,0.8792047500610352,0,Tidak Ada Jurusan,0.8652563095092773
7529147065797624594,waterfallyah,uk brapa,0,0,-1,Mantab Uk Belakang,0.0,3,Menyimak Nrrjml Binus,0.7265698909759521,22,Biayanya Berapa Biaya,0.7007124423980713
7529062277417665298,eeccceeee00,S2 ada ngga ka?,0,1,0,Tidak Ada Jurusan,0.8608890771865845,5,Ada S2 Rpl,0.8925454020500183,1,Berapa Buka Kapan,0.8282806873321533
7547623873840907016,univsiberasia,"Halo Kakak, saat ini untuk program S2 belum dibuka ya Kak😊",0,0,6,Dibuka Saat Mahasiswa,0.902619481086731,9,Id Ac Pmb,0.7654032707214355,1,Berapa Buka Kapan,0.74639892578125
7529041334159000328,nazilarifka2,ada s2 GK situ kk,0,1,0,Tidak Ada Jurusan,0.8425867557525635,5,Ada S2 Rpl,0.8801646828651428,15,Dimana Daerah Pjj,0.760093629360199
7547623520793854727,univsiberasia,"Halo Kakak, saat ini untuk program S2 belum dibuka ya Kakak",0,0,6,Dibuka Saat Mahasiswa,0.8878026008605957,9,Id Ac Pmb,0.7566866874694824,0,Tidak Ada Jurusan,0.7360548377037048
7528757757311451925,m_zain71,s2 ada gak kak?,0,1,0,Tidak Ada Jurusan,0.8608891367912292,5,Ada S2 Rpl,0.8925454020500183,1,Berapa Buka Kapan,0.8282806873321533
7547623916941361927,univsiberasia,"Halo Kakak, saat ini untuk program S2 belum dibuka ya Kak😊",0,0,6,Dibuka Saat Mahasiswa,0.902619481086731,9,Id Ac Pmb,0.7654032707214355,1,Berapa Buka Kapan,0.74639892578125
7528696393307095816,stoneheart_108,pembayaran nya gimana??,0,1,14,Dicicil 3Jt Biaya,0.6668277978897095,22,Biayanya Berapa Biaya,0.853335976600647,13,Info Bagaimana Cara,0.8147786855697632
7545801233228153620,mellstore_5,melalui virtual account,0,0,3,Menyimak Nrrjml Binus,0.606772780418396,18,100 Universitas Siber,0.5867286920547485,28,Juta 3Jt Serius,0.553143322467804
7528583218992792327,siraj.sabil,S2 Pendidikan Kimia/IPA ada kak?,0,1,0,Tidak Ada Jurusan,0.7852314710617065,5,Ada S2 Rpl,0.7598179578781128,17,Informasi Informatika Akuntansi,0.7128787040710449
7547623774436033298,univsiberasia,"Halo Kakak, saat ini untuk program S2 belum dibuka ya Kak😊",0,0,6,Dibuka Saat Mahasiswa,0.902619481086731,9,Id Ac Pmb,0.7654032707214355,1,Berapa Buka Kapan,0.74639892578125
7528433139569083143,grenebleu,s2nya belum ada ya?,0,1,5,Ada S2 Rpl,0.8330044746398926,0,Tidak Ada Jurusan,0.7900177240371704,1,Berapa Buka Kapan,0.7848255634307861
7547623831323984647,univsiberasia,"Halo Kakak, saat ini untuk program S2 belum dibuka ya Kak😊",0,0,6,Dibuka Saat Mahasiswa,0.902619481086731,9,Id Ac Pmb,0.7654032707214355,1,Berapa Buka Kapan,0.74639892578125
7528379026894045970,misfit_on_ice,ga ada ilmu perpustakaan😁,0,0,0,Tidak Ada Jurusan,0.4953675866127014,5,Ada S2 Rpl,0.6425628662109375,18,100 Universitas Siber,0.6310352683067322
7528377716379403015,denza058,utk jurusan lanjutan D3 ke S1 adakah,0,1,0,Tidak Ada Jurusan,0.6767333745956421,5,Ada S2 Rpl,0.6154232025146484,17,Informasi Informatika Akuntansi,0.5924172401428223
7528390932585710343,pradivaadisa,"ada kak, ambilnya jalur konversi",0,0,19,Jalur Konversi Melalui,0.8401434421539307,5,Ada S2 Rpl,0.7816612720489502,1,Berapa Buka Kapan,0.7731795310974121
7528321946279789328,kashaquille,S2 ada gak?,0,1,5,Ada S2 Rpl,0.883302628993988,0,Tidak Ada Jurusan,0.7477434873580933,15,Dimana Daerah Pjj,0.7337690591812134
7547623803137098504,univsiberasia,"Halo Kakak, saat ini untuk program S2 belum dibuka ya Kak😊",0,0,6,Dibuka Saat Mahasiswa,0.902619481086731,9,Id Ac Pmb,0.7654032707214355,1,Berapa Buka Kapan,0.74639892578125
7528253239965025031,sfrculas,S1 brp tahun kak,0,1,1,Berapa Buka Kapan,0.7901148796081543,0,Tidak Ada Jurusan,0.815483033657074,5,Ada S2 Rpl,0.786588191986084
7528321099658953480,univsiberasia,"Halo kak, sesuai LLDIKTI minimal 3,5 tahun ya Kak",1,0,14,Dicicil 3Jt Biaya,0.7186895608901978,6,Dibuka Saat Mahasiswa,0.7413321733474731,27,Pt Terakreditasi Ban,0.738834023475647
7528128995361030920,dzikri2425,emng penting?,0,0,2,Iya Kak Dong,0.6811521053314209,20,Betul Keren Banget,0.6936638951301575,3,Menyimak Nrrjml Binus,0.6733690500259399
7528117824699908882,annisazahrotuu,ada pilihan kuliah offline ga si? soalnya ga berasa kuliah kalau full online😭,0,0,0,Tidak Ada Jurusan,0.8052294850349426,4,Online Offline Full,0.7963606119155884,12,Umur Yang Semangat,0.7863705158233643
7528035473858691847,falahazkyazahara,kak ada S2 gak,0,1,0,Tidak Ada Jurusan,0.8836119771003723,5,Ada S2 Rpl,0.9169893264770508,1,Berapa Buka Kapan,0.8248463869094849
7547623700867842823,univsiberasia,"Halo Kakak, saat ini untuk program S2 belum dibuka ya Kak😊",0,0,6,Dibuka Saat Mahasiswa,0.902619481086731,9,Id Ac Pmb,0.7654032707214355,1,Berapa Buka Kapan,0.74639892578125
7528007570264277780,mayaalamri4,kak ada s1 gizi gak?,0,0,1,Berapa Buka Kapan,0.7610597610473633,0,Tidak Ada Jurusan,0.8719471096992493,5,Ada S2 Rpl,0.8602350950241089
7527925778031215367,syafiuddin8892,Ekonomi syari'ah ada kak,0,1,5,Ada S2 Rpl,0.7585018277168274,18,100 Universitas Siber,0.6879856586456299,0,Tidak Ada Jurusan,0.6655223369598389
7528737668278174480,xin16yi,syari'ah bukannya ribet yah?,0,0,2,Iya Kak Dong,0.6990783214569092,5,Ada S2 Rpl,0.6523354649543762,20,Betul Keren Banget,0.6389590501785278
7527917637151687440,zayna_rayhana,biayanya brpa?,0,1,22,Biayanya Berapa Biaya,0.9388627409934998,13,Info Bagaimana Cara,0.7333475351333618,15,Dimana Daerah Pjj,0.7206909656524658
7545798103086039828,mellstore_5,3 JT persemester kak bisa dicicil,0,0,14,Dicicil 3Jt Biaya,0.8299638628959656,28,Juta 3Jt Serius,0.6779223680496216,22,Biayanya Berapa Biaya,0.6346283555030823
7527670486567027457,rofiquh,Mau daftar kak,0,1,7,Daftar Aku Sudah,0.8719234466552734,13,Info Bagaimana Cara,0.8354957699775696,1,Berapa Buka Kapan,0.806904673576355
7527671279647589138,univsiberasia,Yuk Kak langsung daftar di website UNSIA ya di pmb.unsia.ac.id,0,0,9,Id Ac Pmb,0.8619393110275269,6,Dibuka Saat Mahasiswa,0.7381407022476196,16,100 Tugas Skripsi,0.6968562602996826
7527610870529131271,ngapain7788,Min email buat masuk grup pensamalu dapet biasanya kapan ya?,0,1,1,Berapa Buka Kapan,0.8069040179252625,4,Online Offline Full,0.7258987426757812,0,Tidak Ada Jurusan,0.718910813331604
7527671422115906322,univsiberasia,"Halo Kak, ketika sudah mendekati PENSAMAKU ya🤗",0,0,8,Dm Admin Halo,0.695040762424469,7,Daftar Aku Sudah,0.7066422700881958,11,Terima Kasih Salam,0.6725716590881348
7527579599536259848,maslanang60,ada program doktoral ga kak?,0,0,0,Tidak Ada Jurusan,0.845634937286377,5,Ada S2 Rpl,0.8495657444000244,1,Berapa Buka Kapan,0.7928328514099121
7527573470545609490,sptro47,PJJ itu apa,0,1,15,Dimana Daerah Pjj,0.771920919418335,5,Ada S2 Rpl,0.7042081356048584,22,Biayanya Berapa Biaya,0.6697854995727539
7527574179934421767,univsiberasia,"Halo Kak, PJJ adalah Pendidikan Jarak Jauh ya😊",0,0,15,Dimana Daerah Pjj,0.6622202396392822,16,100 Tugas Skripsi,0.707510232925415,0,Tidak Ada Jurusan,0.6945586204528809
7623374364264383253,estehsegeer8,lagi nyari temen Maba tahun ini prodi manejemen domisili Jakarta Timur,2,0,0,Tidak Ada Jurusan,0.7156652212142944,17,Informasi Informatika Akuntansi,0.6607692837715149,6,Dibuka Saat Mahasiswa,0.6592131853103638
7638575271025476373,aku.lul4,ka pembayaran cicilannya itu periodenta brp lama ya. boleh pas mau masuk kuliahnya ga,1,0,13,Info Bagaimana Cara,0.7008970975875854,1,Berapa Buka Kapan,0.8104392290115356,14,Dicicil 3Jt Biaya,0.7720944285392761
7638104905450423057,nuraini14_03,Ijasah paket c bisa daftar gk kak,1,0,1,Berapa Buka Kapan,0.8371449708938599,0,Tidak Ada Jurusan,0.7948267459869385,4,Online Offline Full,0.7668468356132507
7634241353904145169,_isal__faisal,teknik ada gak,1,0,5,Ada S2 Rpl,0.7034270167350769,2,Iya Kak Dong,0.6831251978874207,22,Biayanya Berapa Biaya,0.6451166272163391
7633436198346130177,chokelate25,UTS sama UAS apakah take home kk,1,0,4,Online Offline Full,0.7412992715835571,0,Tidak Ada Jurusan,0.6968990564346313,5,Ada S2 Rpl,0.6959668397903442
7609417671138231060,meamor911,ada sastra jepang gak min?,2,0,0,Tidak Ada Jurusan,0.7726007699966431,5,Ada S2 Rpl,0.8249025940895081,15,Dimana Daerah Pjj,0.7357935905456543
7633074382697366280,5y1f44444,"kak katanya kan full online kok di kampusnya tetep ada mahasiswanya ya, itu dari jakarta apa dari luar jakarta juga",1,0,0,Tidak Ada Jurusan,0.7877997756004333,4,Online Offline Full,0.7976431846618652,1,Berapa Buka Kapan,0.7654170989990234
7621577649589650197,sukasukasayadisini,info kuliah s2 nya dong kak 🙏🙏,1,0,0,Tidak Ada Jurusan,0.8205089569091797,1,Berapa Buka Kapan,0.7558043003082275,6,Dibuka Saat Mahasiswa,0.7466541528701782
7618605640664613653,naomiryusho,ga ada PGSD ya,1,0,0,Tidak Ada Jurusan,0.7508019208908081,5,Ada S2 Rpl,0.8198343515396118,4,Online Offline Full,0.7468209266662598
7604540407049061127,haechanfullsun22,min boleh minta brosurnya dulu ga ya soalnya masih bingung mau nerusin S1nya dimana nanti,1,0,15,Dimana Daerah Pjj,0.6594884395599365,0,Tidak Ada Jurusan,0.7940465807914734,1,Berapa Buka Kapan,0.7936742901802063
7596188435250889492,alfianaai,bisa gasih nanti kalau mau ikut whv?,1,0,1,Berapa Buka Kapan,0.7375538349151611,7,Daftar Aku Sudah,0.7626469135284424,0,Tidak Ada Jurusan,0.7226582169532776
7596020093654909714,uzhraaa,Kalo RPL disini gimana sistemnya ya kak? Terus biaya nya berapa ya mhn info ka plsss 🙏🏻🙏🏻,1,0,1,Berapa Buka Kapan,0.7677724957466125,13,Info Bagaimana Cara,0.7525830268859863,14,Dicicil 3Jt Biaya,0.727663516998291
7595778286971831048,maynotlvu,lanjut dari d3 ke s1 bisa gak kak,1,0,0,Tidak Ada Jurusan,0.8157169818878174,5,Ada S2 Rpl,0.738822340965271,19,Jalur Konversi Melalui,0.7376888990402222
7589860842708370196,23_02___,Aku pengen daftar thn depan..bisa gasi kak?😭,1,0,1,Berapa Buka Kapan,0.8079018592834473,7,Daftar Aku Sudah,0.8709226846694946,0,Tidak Ada Jurusan,0.7855186462402344
7583779878656606994,mzainirm,Jd uts uas bimbingan seminar dan sidang online semua? Hanya wisuda yg offline?,1,0,4,Online Offline Full,0.7688531875610352,12,Umur Yang Semangat,0.6984006762504578,16,100 Tugas Skripsi,0.6963585615158081
7653314821279646472,dmhijab.underwear,jurusannya kk,0,0,2,Iya Kak Dong,0.8285630941390991,3,Menyimak Nrrjml Binus,0.8218190670013428,21,Nitip Nitipp Kabarin,0.7427310943603516
7645235689790259984,sitinurjnahh_,pendaftaran buat yg tamat tahun ini kapan kk,0,0,1,Berapa Buka Kapan,0.803260087966919,6,Dibuka Saat Mahasiswa,0.7771696448326111,0,Tidak Ada Jurusan,0.7498183250427246
7644790142049764117,australianmate24,"Ini rekomendasi ngga guys saya rencana ambil S2 ,takutnya ribet kaya UT sekarang lebih fokus ke Kuliah bukan kerja, padahal dulu Kerja",0,0,0,Tidak Ada Jurusan,0.7709397673606873,12,Umur Yang Semangat,0.7767316102981567,4,Online Offline Full,0.6763153076171875
7644197735767737106,mlkjvf,pembelajranya gimana kak sistemnya,0,0,1,Berapa Buka Kapan,0.7859145402908325,13,Info Bagaimana Cara,0.7905469536781311,15,Dimana Daerah Pjj,0.7587915658950806
7643310237499884296,rai_naa_,"kuliahnya 3,5tahun doang kak? itu bisa full online?",0,0,4,Online Offline Full,0.793320894241333,14,Dicicil 3Jt Biaya,0.7531763315200806,12,Umur Yang Semangat,0.750037431716919
7637780589185549077,puputylni23,S2 ada ngk,0,0,5,Ada S2 Rpl,0.8712891340255737,0,Tidak Ada Jurusan,0.7636235952377319,15,Dimana Daerah Pjj,0.7632150650024414
7636599198025564949,aulliaa10,ada s2 nya ga kak?,0,0,0,Tidak Ada Jurusan,0.8829877376556396,5,Ada S2 Rpl,0.8840984106063843,1,Berapa Buka Kapan,0.8570460677146912
7636439815925547796,godblessme.sn,"Kak, ada jurusan perpajakan ga ya?",0,0,0,Tidak Ada Jurusan,0.8848842978477478,1,Berapa Buka Kapan,0.839637041091919,5,Ada S2 Rpl,0.8225884437561035
7636196818003444498,inthesky428,ka ada PGSD ga?,0,0,0,Tidak Ada Jurusan,0.8423393964767456,5,Ada S2 Rpl,0.8578526973724365,1,Berapa Buka Kapan,0.8210837841033936
7636078485466972929,mirandaastuti2,Bisa RPL ga ya?,0,0,5,Ada S2 Rpl,0.7796494960784912,15,Dimana Daerah Pjj,0.7445803284645081,1,Berapa Buka Kapan,0.7368189096450806
7634004950931211016,rraisky_18,ga ada program studi pendidikan yaa?,0,0,0,Tidak Ada Jurusan,0.7393590211868286,5,Ada S2 Rpl,0.7877800464630127,18,100 Universitas Siber,0.6793622374534607
7629637768213873425,cepekdua2_0,ada jurusan teknik mesin/elektro ga? terus ini full online atau ada tatap muka nya? mohon pencerahan 🙏,0,0,5,Ada S2 Rpl,0.7405760288238525,0,Tidak Ada Jurusan,0.7901291251182556,4,Online Offline Full,0.7671860456466675
7629249999931556609,beningkalbu765,S2nya ad ngk,0,0,5,Ada S2 Rpl,0.8637033700942993,15,Dimana Daerah Pjj,0.7895716428756714,0,Tidak Ada Jurusan,0.7867203950881958
7628575715989930760,aysdfghjkl98798yu011na,"halokak ini nerima s1 kedua gak ya? aku udah lulus s1 di tempat lain, mau nyoba jurusan lain disini",0,0,0,Tidak Ada Jurusan,0.817504346370697,1,Berapa Buka Kapan,0.7212164402008057,5,Ada S2 Rpl,0.7164026498794556
7625916333096043284,dindptrmeilnna,hukum blm ada ya,0,0,2,Iya Kak Dong,0.7623310089111328,5,Ada S2 Rpl,0.71438068151474,7,Daftar Aku Sudah,0.6793897151947021
7616215594945446664,marzukialmahmudi,@ilham dawar:rekomendasi kuliah bk full online,0,0,18,100 Universitas Siber,0.6920531392097473,5,Ada S2 Rpl,0.6056522130966187,4,Online Offline Full,0.603095531463623
7616203509428486928,icecreamvanila8__,ini daerah mana kak? kalau dati lampung bisa ga si?,0,0,15,Dimana Daerah Pjj,0.7975074052810669,1,Berapa Buka Kapan,0.7702929973602295,0,Tidak Ada Jurusan,0.7324570417404175
7604517970329846548,momsss12340,s2 ada gk,0,0,5,Ada S2 Rpl,0.883302628993988,0,Tidak Ada Jurusan,0.7477434873580933,15,Dimana Daerah Pjj,0.7337690591812134
7604475133906780935,ppuunnggkkii,Apakah ada s2nyaaaa?,0,0,5,Ada S2 Rpl,0.806634783744812,0,Tidak Ada Jurusan,0.7704713344573975,1,Berapa Buka Kapan,0.7345095276832581
7604419505872732935,synamee_,S2 ada gak min?,0,0,0,Tidak Ada Jurusan,0.8365503549575806,5,Ada S2 Rpl,0.8748241662979126,1,Berapa Buka Kapan,0.7718630433082581
7604335917713883924,riuriuriuuuu,kak semisal sudah lulus S1 lalu mau daftar S2 LPDP LN bisa tdk? apakah sudah ada alumni yg demikian,0,0,0,Tidak Ada Jurusan,0.8000748157501221,1,Berapa Buka Kapan,0.7348015308380127,19,Jalur Konversi Melalui,0.722309947013855
7532902837556364049,ikan_kerapu20,Min kelas magister ada juga gak?,0,2,0,Tidak Ada Jurusan,0.8543205261230469,5,Ada S2 Rpl,0.8688063621520996,1,Berapa Buka Kapan,0.8111329078674316
7547624278322971410,univsiberasia,"Halo Kakak, saat ini untuk program S2 belum dibuka ya Kak😊",0,0,6,Dibuka Saat Mahasiswa,0.902619481086731,9,Id Ac Pmb,0.7654032707214355,1,Berapa Buka Kapan,0.74639892578125
7545797692677702418,mellstore_5,otw ada sih kak,0,0,2,Iya Kak Dong,0.7867516279220581,7,Daftar Aku Sudah,0.7786943912506104,15,Dimana Daerah Pjj,0.7578303813934326
7530996363314184961,hadikbs1,kak kalau untuk D3 manajemen lanjut ke S1 bagaimana kak,0,2,0,Tidak Ada Jurusan,0.819023609161377,1,Berapa Buka Kapan,0.7515459060668945,19,Jalur Konversi Melalui,0.7155290842056274
7547624105740469000,univsiberasia,"Halo Kakak, bisa ya melalui jalur konversi/ahli jenjang😊",0,0,19,Jalur Konversi Melalui,0.9276807904243469,0,Tidak Ada Jurusan,0.7235589623451233,1,Berapa Buka Kapan,0.7168166637420654
7545798016030376725,mellstore_5,bisa melalui jalur konversi kak,0,0,19,Jalur Konversi Melalui,0.819003701210022,4,Online Offline Full,0.6721811294555664,5,Ada S2 Rpl,0.6663660407066345
7537488474681869072,ichaatrg,hallo kak unsia bisa Nerima mahasiswa transferan semester tua GK kak? kalau bisa aku pengen masuk sini kak 😭,0,2,0,Tidak Ada Jurusan,0.8258788585662842,6,Dibuka Saat Mahasiswa,0.8228920698165894,9,Id Ac Pmb,0.8166682124137878
7538283095474471687,univsiberasia,"Halo Kakak, bisa ya melalui jalur konversi/ahli jenjang",0,0,19,Jalur Konversi Melalui,0.9276807904243469,0,Tidak Ada Jurusan,0.7235589623451233,1,Berapa Buka Kapan,0.7168166637420654
7537639119033139975,einaafets,"Bisa kak, smt tua itu smt brp kah😁",0,0,1,Berapa Buka Kapan,0.7085103988647461,15,Dimana Daerah Pjj,0.6887310743331909,14,Dicicil 3Jt Biaya,0.6670821905136108
7537642354159043345,ichaatrg,ini semester 6 kak masuk 7 bisa kak?,0,0,1,Berapa Buka Kapan,0.7909548282623291,0,Tidak Ada Jurusan,0.7988661527633667,7,Daftar Aku Sudah,0.7910569906234741
7529859809597358865,alyshaa.p,Kak info akun ig resmi nya dong,0,1,7,Daftar Aku Sudah,0.7660903930664062,8,Dm Admin Halo,0.824402928352356,13,Info Bagaimana Cara,0.7601401805877686
7532794101407105800,univsiberasia,"Halo Kak, akun instagram resmi UNSIA ada 2 yaitu univsiberasia dan ppmbunsia_official 😊",0,0,9,Id Ac Pmb,0.7334341406822205,6,Dibuka Saat Mahasiswa,0.7231334447860718,27,Pt Terakreditasi Ban,0.7105671167373657
7529858053992743700,aniqhninaaa10,@nz,0,0,3,Menyimak Nrrjml Binus,0.8266951441764832,21,Nitip Nitipp Kabarin,0.635737419128418,2,Iya Kak Dong,0.5909609198570251
7529446892691899143,drupadikaaa15,ada s2nya nggak kak,0,0,1,Berapa Buka Kapan,0.8511213660240173,5,Ada S2 Rpl,0.8792048096656799,0,Tidak Ada Jurusan,0.8652562499046326
7529147065797624594,waterfallyah,uk brapa,0,0,-1,Mantab Uk Belakang,0.0,3,Menyimak Nrrjml Binus,0.7265698909759521,22,Biayanya Berapa Biaya,0.7007124423980713
7529147042729558802,waterfallyah,ada beasiswa ga kak,0,4,1,Berapa Buka Kapan,0.8377563953399658,5,Ada S2 Rpl,0.8417357206344604,0,Tidak Ada Jurusan,0.8243435621261597
7529193702910378770,sipuputi,ada ka,0,0,2,Iya Kak Dong,0.8884873986244202,21,Nitip Nitipp Kabarin,0.7539201378822327,7,Daftar Aku Sudah,0.7535897493362427
7529310366741136146,waterfallyah,apa tuh kak,0,0,15,Dimana Daerah Pjj,0.8046259880065918,2,Iya Kak Dong,0.8407257199287415,20,Betul Keren Banget,0.7705826759338379
7529146846956520199,vallstrongg05,nyocot,0,0,2,Iya Kak Dong,0.7158650159835815,21,Nitip Nitipp Kabarin,0.7079935073852539,3,Menyimak Nrrjml Binus,0.6958419680595398
7529101660057633543,sns5560,ka bayar spp berapa y ka,0,1,1,Berapa Buka Kapan,0.8356413841247559,15,Dimana Daerah Pjj,0.7785820364952087,14,Dicicil 3Jt Biaya,0.7586500644683838
7529153042132255495,syaban130,3 jt,0,0,28,Juta 3Jt Serius,0.9189279079437256,3,Menyimak Nrrjml Binus,0.7333575487136841,22,Biayanya Berapa Biaya,0.6364355683326721
7529062277417665298,eeccceeee00,S2 ada ngga ka?,0,1,0,Tidak Ada Jurusan,0.8608891367912292,5,Ada S2 Rpl,0.8925454020500183,1,Berapa Buka Kapan,0.8282806873321533
7547623873840907016,univsiberasia,"Halo Kakak, saat ini untuk program S2 belum dibuka ya Kak😊",0,0,6,Dibuka Saat Mahasiswa,0.902619481086731,9,Id Ac Pmb,0.7654032707214355,1,Berapa Buka Kapan,0.74639892578125
7529041334159000328,nazilarifka2,ada s2 GK situ kk,0,1,0,Tidak Ada Jurusan,0.8425867557525635,5,Ada S2 Rpl,0.8801646828651428,15,Dimana Daerah Pjj,0.760093629360199
7547623520793854727,univsiberasia,"Halo Kakak, saat ini untuk program S2 belum dibuka ya Kakak",0,0,6,Dibuka Saat Mahasiswa,0.8878026008605957,9,Id Ac Pmb,0.7566866874694824,0,Tidak Ada Jurusan,0.7360548377037048
7548052260795728658,teejusbatugula,ini bisa alih jenjang gasi kak dri d3 ke s1 ??,0,1,0,Tidak Ada Jurusan,0.7371966242790222,5,Ada S2 Rpl,0.6864067316055298,12,Umur Yang Semangat,0.6654971837997437
7549051437448987399,einaafets,Bisa kakk.. Coba dm biar ku bantu info,0,0,8,Dm Admin Halo,0.8435367345809937,7,Daftar Aku Sudah,0.6969062089920044,13,Info Bagaimana Cara,0.6813109517097473
7554825577632219922,zatadinii,gada jurusan psikologi yah kak?,0,0,0,Tidak Ada Jurusan,0.8233773708343506,5,Ada S2 Rpl,0.7969259023666382,4,Online Offline Full,0.7685542106628418
7554294440186479367,cakill930,Pendaftaran sampi kapan min??,0,1,1,Berapa Buka Kapan,0.799217700958252,13,Info Bagaimana Cara,0.7746785879135132,4,Online Offline Full,0.718029797077179
7565801875267715848,univsiberasia,"Halo Kakak, untuk pendaftaran bisa melalui website UNSIA ya di pmb.unsia.ac.id, untuk penerimaan mahasiswa baru akan dibuka dibulan November ya😊",0,0,9,Id Ac Pmb,0.8960112929344177,6,Dibuka Saat Mahasiswa,0.8750650882720947,16,100 Tugas Skripsi,0.7258762717247009
7554217340943680264,rasta_affiliator09,cara daftar nya kak,0,0,13,Info Bagaimana Cara,0.8840609192848206,1,Berapa Buka Kapan,0.7463134527206421,7,Daftar Aku Sudah,0.7241436243057251
7551972086793831176,hilmiifth,😂,0,0,3,Menyimak Nrrjml Binus,0.995229959487915,21,Nitip Nitipp Kabarin,0.6757673621177673,2,Iya Kak Dong,0.6486166715621948
7551968066130215687,cxyzraa11,jurusan administrasi gada kh,0,2,0,Tidak Ada Jurusan,0.8420182466506958,5,Ada S2 Rpl,0.8538006544113159,4,Online Offline Full,0.7517864108085632
7558137233166287624,frzywlkrr,komunikasi akre apa?,0,0,15,Dimana Daerah Pjj,0.7096360921859741,5,Ada S2 Rpl,0.695415735244751,24,Ilkom Ieu Balang,0.6736257076263428
7567066562981856007,dezhrostova,hukum ga ada ka?,0,0,2,Iya Kak Dong,0.6394908428192139,5,Ada S2 Rpl,0.6093671321868896,20,Betul Keren Banget,0.5363845229148865
7550698988485509895,g_melia_,Ka ada S2nya ga? Klo ada jurusan apa saja?,0,0,0,Tidak Ada Jurusan,0.8788292407989502,1,Berapa Buka Kapan,0.8059678077697754,5,Ada S2 Rpl,0.79499351978302
7549857325391135506,uselelew,Wisudah nya itu gmn kak?,0,2,1,Berapa Buka Kapan,0.812461793422699,15,Dimana Daerah Pjj,0.8121601343154907,0,Tidak Ada Jurusan,0.7601220011711121
7552772827503018760,einaafets,Onsite atau bisa online jg ka,1,0,4,Online Offline Full,0.7363142371177673,8,Dm Admin Halo,0.7429441213607788,1,Berapa Buka Kapan,0.7163158059120178
7548494068827194119,thukuooutfit,👍,0,0,3,Menyimak Nrrjml Binus,0.995229959487915,21,Nitip Nitipp Kabarin,0.6757673621177673,2,Iya Kak Dong,0.6486166715621948
7548446555809776402,shnmnmar,kak open pkl engga?,0,0,2,Iya Kak Dong,0.7912793159484863,7,Daftar Aku Sudah,0.7914330363273621,15,Dimana Daerah Pjj,0.7797988653182983
7528985453778666247,alya42896,Msh buka pendaftaran gk kk?,0,2,1,Berapa Buka Kapan,0.7890336513519287,6,Dibuka Saat Mahasiswa,0.7273603677749634,4,Online Offline Full,0.7220134139060974
7532821316022600464,alya42896,Kini ny kk,0,0,2,Iya Kak Dong,0.7308331727981567,26,Bismillah Depan Bismillahirrahmanirrahim,0.6793462038040161,18,100 Universitas Siber,0.661569356918335
7532793737527165703,univsiberasia,"Halo Kak, UNSIA masih membuka pendaftaran mahasiswa baru lho, yuk dafar sekarang di pmb.unsia.ac.id",1,0,9,Id Ac Pmb,0.8734283447265625,6,Dibuka Saat Mahasiswa,0.8311423063278198,27,Pt Terakreditasi Ban,0.7401885986328125
7547952909020201735,cakeann__,"Halo kak, kalau mau daftar, di mana yaa? Ada yang bisa dihubungi?",0,1,1,Berapa Buka Kapan,0.786087691783905,8,Dm Admin Halo,0.7683278918266296,7,Daftar Aku Sudah,0.7165738344192505
7550164374230024968,univsiberasia,"Halo Kakak, untuk pendaftaran bisa langsung ke website UNSIA lho di pmb.unsia.ac.id",0,0,9,Id Ac Pmb,0.8772149085998535,6,Dibuka Saat Mahasiswa,0.7703361511230469,16,100 Tugas Skripsi,0.708280086517334
7547949045852193554,princessenergy8,Kapan pendaftaran darimams daftar,0,1,1,Berapa Buka Kapan,0.7290676832199097,13,Info Bagaimana Cara,0.7041336297988892,4,Online Offline Full,0.6790145039558411
7565801616428925704,univsiberasia,"Halo Kakak, untuk pendaftaran bisa melalui website UNSIA ya di pmb.unsia.ac.id, untuk penerimaan mahasiswa baru akan dibuka dibulan November ya😊",0,0,9,Id Ac Pmb,0.8960112929344177,6,Dibuka Saat Mahasiswa,0.8750650882720947,16,100 Tugas Skripsi,0.7258762717247009
7547935143245382421,cii_________,Ka minta web buat pendaftranya dimna?,0,1,1,Berapa Buka Kapan,0.7853749990463257,0,Tidak Ada Jurusan,0.739974319934845,13,Info Bagaimana Cara,0.735450804233551
7549051917684343559,einaafets,Kesini ka pmb.unsia.ac.id,0,0,18,100 Universitas Siber,0.8280578255653381,9,Id Ac Pmb,0.7930866479873657,16,100 Tugas Skripsi,0.7461485862731934
7546846571033527047,caffelotso__,buat tahap pendaftarannya dimana ya hubunginya,0,1,1,Berapa Buka Kapan,0.8139199018478394,13,Info Bagaimana Cara,0.7744913101196289,15,Dimana Daerah Pjj,0.7394516468048096
7547613937425744648,univsiberasia,"Halo Kakak, untuk pendaftarannya sangat mudah lho, cukup dari website saja yaitu pmb.unsia.ac.id",0,0,9,Id Ac Pmb,0.8697848320007324,6,Dibuka Saat Mahasiswa,0.772737443447113,16,100 Tugas Skripsi,0.7257438898086548
7546109388055413525,ibura111,Tahun ini masih buka gak ya pendaftarannya,0,4,1,Berapa Buka Kapan,0.8121832013130188,6,Dibuka Saat Mahasiswa,0.767488420009613,4,Online Offline Full,0.7465635538101196
7547623401063596807,univsiberasia,"Halo Kakak, UNSIA masih membuka pendaftaran mahasiswa baru lho😊",1,0,6,Dibuka Saat Mahasiswa,0.874915599822998,9,Id Ac Pmb,0.7831183671951294,16,100 Tugas Skripsi,0.7408030033111572
7550001665866662663,syiflann,boleh bagi link nya kak?,0,0,13,Info Bagaimana Cara,0.7492830753326416,8,Dm Admin Halo,0.7910810708999634,7,Daftar Aku Sudah,0.7485616207122803
7547587077001478919,einaafets,"Msh buka kak, jalur reguler smpe 1 okt. Konversi smpe15 sept. Kuliah 13okt",1,0,19,Jalur Konversi Melalui,0.6313366889953613,1,Berapa Buka Kapan,0.6835466027259827,6,Dibuka Saat Mahasiswa,0.6765185594558716
7547598170264879892,ibura111,Web nya apa ya kak kalo mau daftar,0,0,1,Berapa Buka Kapan,0.8722967505455017,15,Dimana Daerah Pjj,0.808079719543457,13,Info Bagaimana Cara,0.8044276237487793
7545042417533141780,uliya3141,😂,0,0,3,Menyimak Nrrjml Binus,0.995229959487915,21,Nitip Nitipp Kabarin,0.6757673621177673,2,Iya Kak Dong,0.6486166715621948
7544595629789594376,keke_nknik,Kak aku tki di sgp bisa full online kah ?,0,2,4,Online Offline Full,0.8049827814102173,1,Berapa Buka Kapan,0.8212285041809082,0,Tidak Ada Jurusan,0.7785259485244751
7545797231795045140,mellstore_5,bisa kak,0,0,2,Iya Kak Dong,0.8483531475067139,8,Dm Admin Halo,0.759137749671936,13,Info Bagaimana Cara,0.7533248662948608
7545685053049848594,einaafets,Bisa kak..,0,0,2,Iya Kak Dong,0.8483531475067139,8,Dm Admin Halo,0.759137749671936,13,Info Bagaimana Cara,0.7533248662948608
7540193796626793234,salsabila_2013169,kaka saya kelas 12 SMA jurusan ips anggota osis saya lulus SMA 2026 apakah bisa kuliah sambil keria gak kaka,0,2,5,Ada S2 Rpl,0.6814394593238831,0,Tidak Ada Jurusan,0.7884960174560547,1,Berapa Buka Kapan,0.7051347494125366
7540560584170947346,univsiberasia,Kak? UNSIA cocok banget untuk Kakaknya🤩,0,0,9,Id Ac Pmb,0.600591242313385,7,Daftar Aku Sudah,0.698724627494812,10,Selalu Amin Semoga,0.6922706961631775
7540242993325638408,einaafets,Bisa dong~,0,0,2,Iya Kak Dong,0.8239371180534363,20,Betul Keren Banget,0.7362472414970398,7,Daftar Aku Sudah,0.6625090837478638
7527665261898564359,fauzanhilmi155,akreditasi,0,1,3,Menyimak Nrrjml Binus,0.8903945684432983,28,Juta 3Jt Serius,0.6576411128044128,18,100 Universitas Siber,0.6246433258056641
7527870764268503826,univsiberasia,"Halo Kak, UNSIA sudah mendapatkan akreditasi nasional oleh BAN-PT dengan nilai Baik Sekali, dan akreditasi internasional oleh EAHEA ya Kak",1,0,27,Pt Terakreditasi Ban,0.9339888095855713,9,Id Ac Pmb,0.7293002605438232,6,Dibuka Saat Mahasiswa,0.7148228287696838
7528058197836464897,andirtup,@r @fitriyani,0,0,3,Menyimak Nrrjml Binus,0.6844035983085632,18,100 Universitas Siber,0.5497434735298157,28,Juta 3Jt Serius,0.5421618223190308
7528035473858691847,falahazkyazahara,kak ada S2 gak,0,1,0,Tidak Ada Jurusan,0.8836120963096619,5,Ada S2 Rpl,0.9169893264770508,1,Berapa Buka Kapan,0.8248464465141296
7547623700867842823,univsiberasia,"Halo Kakak, saat ini untuk program S2 belum dibuka ya Kak😊",0,0,6,Dibuka Saat Mahasiswa,0.902619481086731,9,Id Ac Pmb,0.7654032707214355,1,Berapa Buka Kapan,0.74639892578125
7528007570264277780,mayaalamri4,kak ada s1 gizi gak?,0,0,1,Berapa Buka Kapan,0.7610597610473633,0,Tidak Ada Jurusan,0.871947169303894,5,Ada S2 Rpl,0.8602350950241089
7528004955580760839,ogitureiz,umur 28 lulusan smk apa masih bs kuliah ya 🤔,0,2,0,Tidak Ada Jurusan,0.7763348817825317,1,Berapa Buka Kapan,0.7210891246795654,5,Ada S2 Rpl,0.7059577703475952
7528321242774356754,univsiberasia,"Halo Kak, bisa banget dongg😊",0,0,8,Dm Admin Halo,0.8529657125473022,7,Daftar Aku Sudah,0.7647050023078918,11,Terima Kasih Salam,0.7562040090560913
7528055171038954247,juneee001,kuliah tidak mandang umur kak,0,0,0,Tidak Ada Jurusan,0.6788424253463745,12,Umur Yang Semangat,0.7581512928009033,2,Iya Kak Dong,0.6952719688415527
7527925778031215367,syafiuddin8892,Ekonomi syari'ah ada kak,0,1,5,Ada S2 Rpl,0.7585018873214722,18,100 Universitas Siber,0.6879856586456299,0,Tidak Ada Jurusan,0.6655223369598389
7528737668278174480,xin16yi,syari'ah bukannya ribet yah?,0,0,2,Iya Kak Dong,0.6990783214569092,5,Ada S2 Rpl,0.6523354649543762,20,Betul Keren Banget,0.6389590501785278
7527917637151687440,zayna_rayhana,biayanya brpa?,0,1,22,Biayanya Berapa Biaya,0.9388627409934998,13,Info Bagaimana Cara,0.7333475351333618,15,Dimana Daerah Pjj,0.7206909656524658
7545798103086039828,mellstore_5,3 JT persemester kak bisa dicicil,0,0,14,Dicicil 3Jt Biaya,0.8299638628959656,28,Juta 3Jt Serius,0.6779223680496216,22,Biayanya Berapa Biaya,0.6346283555030823
7527707751897514760,mdjugs,ada jurusan teknik ngga kk??,0,1,0,Tidak Ada Jurusan,0.8281663060188293,5,Ada S2 Rpl,0.8188649415969849,1,Berapa Buka Kapan,0.7138487100601196
7527944716655592210,einaafets,"Teknik informatika, kak palingan",0,0,0,Tidak Ada Jurusan,0.6877317428588867,17,Informasi Informatika Akuntansi,0.7334151268005371,18,100 Universitas Siber,0.7304725050926208
7527715255164093192,hiduphamp,ngj,0,0,3,Menyimak Nrrjml Binus,0.8087592124938965,21,Nitip Nitipp Kabarin,0.6480359435081482,2,Iya Kak Dong,0.6348150968551636
7527677440190989063,amaze_dnd,adsfort aja 👍👍👍,0,0,3,Menyimak Nrrjml Binus,0.7707608938217163,2,Iya Kak Dong,0.7019226551055908,28,Juta 3Jt Serius,0.6744683980941772
7527670486567027457,rofiquh,Mau daftar kak,0,1,7,Daftar Aku Sudah,0.8719233274459839,13,Info Bagaimana Cara,0.8354957103729248,1,Berapa Buka Kapan,0.806904673576355
7527671279647589138,univsiberasia,Yuk Kak langsung daftar di website UNSIA ya di pmb.unsia.ac.id,0,0,9,Id Ac Pmb,0.8619393110275269,6,Dibuka Saat Mahasiswa,0.7381407022476196,16,100 Tugas Skripsi,0.6968562602996826
7528084626779243272,giman9601,ini serba online ka kak,0,4,4,Online Offline Full,0.7997384071350098,2,Iya Kak Dong,0.7791513800621033,7,Daftar Aku Sudah,0.7590621113777161
7559935504885711634,strawberycakee66,Ada jurusan apa aja ini?,0,0,0,Tidak Ada Jurusan,0.7575632333755493,5,Ada S2 Rpl,0.7478935122489929,15,Dimana Daerah Pjj,0.6952269673347473
7549038021145707272,mellstore_5,dm aja kak🤗,0,0,8,Dm Admin Halo,0.8135961890220642,13,Info Bagaimana Cara,0.689178466796875,11,Terima Kasih Salam,0.6852794289588928
7549037874181800722,giman9601,link ya kak,0,0,13,Info Bagaimana Cara,0.7687445282936096,8,Dm Admin Halo,0.8047662973403931,2,Iya Kak Dong,0.774742841720581
7545801249578664711,mellstore_5,100% online,0,0,3,Menyimak Nrrjml Binus,0.8205177187919617,18,100 Universitas Siber,0.6298248767852783,28,Juta 3Jt Serius,0.6198593378067017
7527665230806860551,fauzanhilmi155,ukt,0,0,3,Menyimak Nrrjml Binus,0.7965916991233826,21,Nitip Nitipp Kabarin,0.6519424915313721,28,Juta 3Jt Serius,0.6206861734390259
7527631066661438225,_heeyouuu,daerah mna ni kak,0,2,15,Dimana Daerah Pjj,0.8823829293251038,1,Berapa Buka Kapan,0.7389278411865234,7,Daftar Aku Sudah,0.7028694152832031
7527870877608149778,univsiberasia,"Halo Kak, Kampus UNSIA terletak di Jl. Harsono RM No.1, RT.5/RW.7, Ragunan, Kec. Ps. Minggu, Kota Jakarta Selatan.",3,0,23,Jakarta Selatan Kota,0.8816063404083252,9,Id Ac Pmb,0.5374967455863953,6,Dibuka Saat Mahasiswa,0.5172897577285767
7527610870529131271,ngapain7788,Min email buat masuk grup pensamalu dapet biasanya kapan ya?,0,1,1,Berapa Buka Kapan,0.8069040179252625,4,Online Offline Full,0.7258987426757812,0,Tidak Ada Jurusan,0.718910813331604
7527671422115906322,univsiberasia,"Halo Kak, ketika sudah mendekati PENSAMAKU ya🤗",0,0,8,Dm Admin Halo,0.695040762424469,7,Daftar Aku Sudah,0.7066422700881958,11,Terima Kasih Salam,0.6725716590881348
7527579660609520402,resismarlita01,berapa biaya per semester kak?,0,2,1,Berapa Buka Kapan,0.7729511260986328,22,Biayanya Berapa Biaya,0.8261750936508179,14,Dicicil 3Jt Biaya,0.7862606048583984
7527955435312513799,resismarlita01,udah ada berapa angkatan kak?,0,0,1,Berapa Buka Kapan,0.7665014266967773,7,Daftar Aku Sudah,0.7636768817901611,15,Dimana Daerah Pjj,0.7451876401901245
7527871204432053000,univsiberasia,"Halo Kak, hanya 3jt lho Kak persemester",1,0,14,Dicicil 3Jt Biaya,0.8212975859642029,1,Berapa Buka Kapan,0.7102242708206177,13,Info Bagaimana Cara,0.7028436660766602
7527579599536259848,maslanang60,ada program doktoral ga kak?,0,0,0,Tidak Ada Jurusan,0.8456349968910217,5,Ada S2 Rpl,0.849565863609314,1,Berapa Buka Kapan,0.7928328514099121
7527575416891654932,k.hofficiall,Nice,0,0,2,Iya Kak Dong,0.7058237791061401,3,Menyimak Nrrjml Binus,0.7779495120048523,20,Betul Keren Banget,0.7419809699058533
7527573470545609490,sptro47,PJJ itu apa,0,1,15,Dimana Daerah Pjj,0.771920919418335,5,Ada S2 Rpl,0.7042081356048584,22,Biayanya Berapa Biaya,0.6697854995727539
7527574179934421767,univsiberasia,"Halo Kak, PJJ adalah Pendidikan Jarak Jauh ya😊",0,0,15,Dimana Daerah Pjj,0.6622202396392822,16,100 Tugas Skripsi,0.707510232925415,0,Tidak Ada Jurusan,0.6945586204528809
7527571364212998919,a1f1ian,Balang sendal rene,0,0,24,Ilkom Ieu Balang,0.8278395533561707,2,Iya Kak Dong,0.5865779519081116,18,100 Universitas Siber,0.5587884783744812
7577782454582215445,saycaaaa_,aku baru daftar prodi akuntansi ada yg sama gaaa😭,0,0,0,Tidak Ada Jurusan,0.8328268527984619,1,Berapa Buka Kapan,0.787781834602356,7,Daftar Aku Sudah,0.7649968266487122
7577707264066618132,aya.shining,ini ada s2 nya?,0,0,5,Ada S2 Rpl,0.8218083381652832,0,Tidak Ada Jurusan,0.7350409030914307,4,Online Offline Full,0.721123218536377
7577611702901113608,gedanuw,Ibu full IRT anak 3 apakah bisa ya kuliah di sini?,0,0,0,Tidak Ada Jurusan,0.8199716806411743,5,Ada S2 Rpl,0.7403363585472107,1,Berapa Buka Kapan,0.7164739966392517
7577562754488550145,sxhearted,magister komunikasi udah ada gak ya kakk??,0,0,2,Iya Kak Dong,0.6438231468200684,1,Berapa Buka Kapan,0.8332089185714722,0,Tidak Ada Jurusan,0.8158303499221802
7577436365449855745,iyanganniiii_,S1 semua ya?,0,0,0,Tidak Ada Jurusan,0.699222207069397,5,Ada S2 Rpl,0.7687218189239502,2,Iya Kak Dong,0.7453197240829468
7577065186877522689,jennyrrrrr_,Jurusan hukum ga ada ya kak ? 🥹,0,0,0,Tidak Ada Jurusan,0.8587477207183838,5,Ada S2 Rpl,0.8457385301589966,1,Berapa Buka Kapan,0.7875404953956604
7576625585545167632,galangrambuanar820,ga ada jurusan teknik industri ya kak,0,0,0,Tidak Ada Jurusan,0.8491464853286743,5,Ada S2 Rpl,0.8105976581573486,1,Berapa Buka Kapan,0.7582967281341553
7576215639858643719,heheaja33,"Saya dijadwalkan tes tgl 22, tapi ga bisa mengikuti tes karena server unsia gangguan. Katanya mau dijadwalkan ulang hari ini, tapi pihak pihak yang menjanjikan penjadwalan ulang ga merespon. Padahal sudah dijanjikan hari ini tes ulang",0,0,1,Berapa Buka Kapan,0.5868762731552124,12,Umur Yang Semangat,0.6152409315109253,4,Online Offline Full,0.6024059057235718
7574757284032824084,_sccbella,kalo pgsd ad ga ya,0,0,0,Tidak Ada Jurusan,0.8122044205665588,5,Ada S2 Rpl,0.8094508647918701,1,Berapa Buka Kapan,0.7984291315078735
7574245624367842055,mommynasya1,dibandung ada ga ka kampusnya?,0,0,1,Berapa Buka Kapan,0.8001872301101685,0,Tidak Ada Jurusan,0.7972412705421448,15,Dimana Daerah Pjj,0.7890322804450989
7573952863987647239,reemifasolasido,Kenapa blm ada s1 hukum kak,0,0,0,Tidak Ada Jurusan,0.8160947561264038,5,Ada S2 Rpl,0.7965070009231567,1,Berapa Buka Kapan,0.7135947346687317
7571270256812507912,jean_jj96,baru regist UT jadi nyesel gak regist sini sja🤣,0,0,9,Id Ac Pmb,0.5011205673217773,7,Daftar Aku Sudah,0.6434673070907593,12,Umur Yang Semangat,0.6245745420455933
7570705477607047944,sugarrboo7,Ada magister gak ka?,0,0,5,Ada S2 Rpl,0.8152053356170654,15,Dimana Daerah Pjj,0.8406665325164795,2,Iya Kak Dong,0.8290584087371826
7570582370571977473,moon.julyaa,ini cara daftarnya gmna,0,0,13,Info Bagaimana Cara,0.8317698240280151,1,Berapa Buka Kapan,0.7475036382675171,22,Biayanya Berapa Biaya,0.7152892351150513
7570529571851059985,ndptr8,ada jurusan pendidikan ga ka?,0,0,0,Tidak Ada Jurusan,0.8604272603988647,5,Ada S2 Rpl,0.8493123054504395,1,Berapa Buka Kapan,0.7938406467437744
7569832439075603221,_xyzzzxxx,info pendaftaran ka,0,0,13,Info Bagaimana Cara,0.8324763774871826,6,Dibuka Saat Mahasiswa,0.7364518642425537,1,Berapa Buka Kapan,0.7147312164306641
7569161336095425301,azlennnnnnnnnnn,ga ada prodi teknik ya?,0,0,0,Tidak Ada Jurusan,0.7754586338996887,5,Ada S2 Rpl,0.8268923759460449,4,Online Offline Full,0.7191318869590759
7569091247555314439,nanarisa93,Untuk S2 nya ada ka ?,0,0,0,Tidak Ada Jurusan,0.8397082686424255,5,Ada S2 Rpl,0.8299647569656372,1,Berapa Buka Kapan,0.8017442226409912
7568505154748957461,roncea.atelier,yah gaada desain ya,0,0,2,Iya Kak Dong,0.675536036491394,4,Online Offline Full,0.6377153396606445,5,Ada S2 Rpl,0.6324946880340576
7567137165303382791,lestarindah_,wisudanya nanti online apa offline?,0,0,4,Online Offline Full,0.8261857628822327,1,Berapa Buka Kapan,0.7442257404327393,0,Tidak Ada Jurusan,0.7226400375366211
7566672079714616082,dewip232,Syarat pendaftaran gimana ya kk,0,0,1,Berapa Buka Kapan,0.845458984375,13,Info Bagaimana Cara,0.835911750793457,0,Tidak Ada Jurusan,0.7551782727241516
7564764248753210128,kamuu0__0,ada yang lanjut udah s1 tapi alih ke pgsd ga yaa,0,0,0,Tidak Ada Jurusan,0.8157317042350769,5,Ada S2 Rpl,0.7387504577636719,12,Umur Yang Semangat,0.7033678293228149
7564466711728161543,blublublubb3,Ada jurusan psikologi?,0,0,5,Ada S2 Rpl,0.8099503517150879,18,100 Universitas Siber,0.7480051517486572,0,Tidak Ada Jurusan,0.7260223627090454
7563980138259448584,starsssscreaaamm,Ketentuan untuk RPL bagaimana ?,0,0,5,Ada S2 Rpl,0.6077409982681274,22,Biayanya Berapa Biaya,0.629491925239563,13,Info Bagaimana Cara,0.5798351764678955
7562190100483392264,egil.varela,"Kak, saya dari Timor Leste? Gimana saya mau daftarnya?gimana caranya",0,0,13,Info Bagaimana Cara,0.7383637428283691,1,Berapa Buka Kapan,0.7808948755264282,0,Tidak Ada Jurusan,0.7197592258453369
7554825577632219922,zatadinii,gada jurusan psikologi yah kak?,0,0,0,Tidak Ada Jurusan,0.8233773708343506,5,Ada S2 Rpl,0.7969259023666382,4,Online Offline Full,0.7685542106628418
7550698988485509895,g_melia_,Ka ada S2nya ga? Klo ada jurusan apa saja?,0,0,0,Tidak Ada Jurusan,0.8788292407989502,1,Berapa Buka Kapan,0.8059678077697754,5,Ada S2 Rpl,0.79499351978302
7548446555809776402,shnmnmar,kak open pkl engga?,0,0,2,Iya Kak Dong,0.7912793159484863,7,Daftar Aku Sudah,0.7914330363273621,15,Dimana Daerah Pjj,0.7797988653182983
7527575416891654932,k.hofficiall,Nice,0,0,2,Iya Kak Dong,0.7058237791061401,3,Menyimak Nrrjml Binus,0.7779495120048523,20,Betul Keren Banget,0.7419809699058533
7528368154264732424,dri.yns,kiw kiw mba adfort,0,0,11,Terima Kasih Salam,0.7178223133087158,20,Betul Keren Banget,0.6156893968582153,2,Iya Kak Dong,0.6068212389945984
7564451995718271752,palingrandom5,ka pngn daftar gimana caranya ya,0,1,1,Berapa Buka Kapan,0.8546087145805359,13,Info Bagaimana Cara,0.8515027761459351,8,Dm Admin Halo,0.7957494258880615
7566588814195966727,einaafets,Di sini pmb.unsia.ac.id tp blm dibuka lg,0,0,18,100 Universitas Siber,0.7361763715744019,6,Dibuka Saat Mahasiswa,0.7348703145980835,9,Id Ac Pmb,0.7290709018707275
7575753949480878856,pdpdque,beri aku alumni unsia agar dpt diskon,0,0,0,Tidak Ada Jurusan,0.5780612826347351,18,100 Universitas Siber,0.6356493234634399,10,Selalu Amin Semoga,0.5800620317459106
7593021858870919956,4caacu,info pendaftaran ka,0,5,13,Info Bagaimana Cara,0.8324763774871826,6,Dibuka Saat Mahasiswa,0.7364518642425537,1,Berapa Buka Kapan,0.7147312164306641
7593162382492205832,univsiberasia,"Hi Kakak, saat ini UNSIA masih membuka pendaftaran mahasiswa baru lho🤗",5,0,6,Dibuka Saat Mahasiswa,0.897603452205658,9,Id Ac Pmb,0.7898934483528137,16,100 Tugas Skripsi,0.7418594360351562
7593405272010474248,alethaverona,"yang lulus tahun ini gimana ka?, boleh langsung daftar?",0,0,9,Id Ac Pmb,0.719901442527771,1,Berapa Buka Kapan,0.8477877378463745,0,Tidak Ada Jurusan,0.7989767789840698
7593812902340657928,ikutikutan,Kalo kaka lulus bulan apa? Klo diatas april ikut semester ganjil ya kak. Dibuka dibulan agustus sepertinya pendaftarannya hehe,0,0,6,Dibuka Saat Mahasiswa,0.8057247400283813,1,Berapa Buka Kapan,0.8039509057998657,0,Tidak Ada Jurusan,0.7969279289245605
7593813758822318856,ikutikutan,*eh sorry mksdnya buka juni 😂,0,0,6,Dibuka Saat Mahasiswa,0.5782606601715088,7,Daftar Aku Sudah,0.6633332967758179,4,Online Offline Full,0.6568937301635742
7594050670362952456,alethaverona,kyknya bulan april udh lulus ka,0,0,6,Dibuka Saat Mahasiswa,0.7573418617248535,7,Daftar Aku Sudah,0.8025022745132446,4,Online Offline Full,0.7628886699676514
7644096695630971669,onlyriiinnn,@恩达. Yang aku bilang semalem,0,1,0,Tidak Ada Jurusan,0.46523264050483704,24,Ilkom Ieu Balang,0.5709913372993469,12,Umur Yang Semangat,0.5707671642303467
7644468781816824584,idkmyvibee,baguss tuuu,0,0,20,Betul Keren Banget,0.7717747688293457,2,Iya Kak Dong,0.7526943683624268,3,Menyimak Nrrjml Binus,0.7281655073165894
7618206320001188628,aaulialea,Kaa ada grup gak si untuk maba,2,2,1,Berapa Buka Kapan,0.8413866758346558,0,Tidak Ada Jurusan,0.8147545456886292,7,Daftar Aku Sudah,0.7793086767196655
7651261684367983361,nianitisa,yehhh pindah anjg😭😭😭,0,0,2,Iya Kak Dong,0.7580618262290955,20,Betul Keren Banget,0.6934784650802612,24,Ilkom Ieu Balang,0.683348536491394
7618894651218887442,ppmbunsia,Ada Kak,0,0,2,Iya Kak Dong,0.8884873986244202,21,Nitip Nitipp Kabarin,0.7539201378822327,7,Daftar Aku Sudah,0.7535897493362427
7603429397916812050,akasdhgft,ada skripsi ga min,0,0,5,Ada S2 Rpl,0.8499245643615723,0,Tidak Ada Jurusan,0.7834623456001282,1,Berapa Buka Kapan,0.7786809206008911
7600041237814870804,dwiapriliiani,@Luxc❤️jare timbg ut mending iki🤣,0,2,24,Ilkom Ieu Balang,0.7407047748565674,12,Umur Yang Semangat,0.5324121713638306,2,Iya Kak Dong,0.4918772280216217
7600044660339229447,produkjateng14,opo luweh larang tak scrol mau wes😭😂,0,0,24,Ilkom Ieu Balang,0.657181978225708,12,Umur Yang Semangat,0.45539307594299316,2,Iya Kak Dong,0.41813158988952637
7600045912543380245,dwiapriliiani,iya🤣y ws positf UT ae ya,0,0,7,Daftar Aku Sudah,0.6837084889411926,2,Iya Kak Dong,0.6746847629547119,11,Terima Kasih Salam,0.6573171615600586
7598160526523548424,anisa_samha,@𐙚˙✧˖Nipon림🩰💗° ༘ ⋆｡ ˚ sis menurutmu worth it kd aku mun meambil ini?,0,1,2,Iya Kak Dong,0.5633721351623535,24,Ilkom Ieu Balang,0.6384077072143555,12,Umur Yang Semangat,0.5879797339439392
7598219495199114005,maliaaa28_,"kalo km sanggup serba online worth it ay klo aku si ttep offline kadang offline aja aku kd paham, tapi klo km niat oke ay keknya kurleb ut",0,0,4,Online Offline Full,0.6394419074058533,12,Umur Yang Semangat,0.6793181896209717,0,Tidak Ada Jurusan,0.570059061050415
7587251667687752456,miawhug,@viennnmo wdyt double degree di Jaksel,0,1,0,Tidak Ada Jurusan,0.4923810362815857,18,100 Universitas Siber,0.5951135158538818,24,Ilkom Ieu Balang,0.5622743964195251
7587271804944958216,viennnmo,tergantung univ,0,0,18,100 Universitas Siber,0.6805002093315125,3,Menyimak Nrrjml Binus,0.7301439046859741,2,Iya Kak Dong,0.6858643293380737
7569611767543694087,xrssi,@ull,0,1,3,Menyimak Nrrjml Binus,0.8135929107666016,21,Nitip Nitipp Kabarin,0.5754512548446655,2,Iya Kak Dong,0.5426732301712036
7569628589663322901,mlfyy23,😻😻,0,0,3,Menyimak Nrrjml Binus,0.9952300190925598,21,Nitip Nitipp Kabarin,0.6757674217224121,2,Iya Kak Dong,0.6486167311668396
7657193632138773255,hahihuhahahu,😌,0,0,3,Menyimak Nrrjml Binus,0.995229959487915,21,Nitip Nitipp Kabarin,0.6757673621177673,2,Iya Kak Dong,0.6486166715621948
7597249355036918544,ramadhani_568,@Auliส❥,1,0,3,Menyimak Nrrjml Binus,0.8901338577270508,21,Nitip Nitipp Kabarin,0.6940510272979736,2,Iya Kak Dong,0.6922181844711304
7559812627414467336,lulii5687,@ismaaay,1,0,2,Iya Kak Dong,0.69675612449646,20,Betul Keren Banget,0.6539032459259033,3,Menyimak Nrrjml Binus,0.6530243754386902
7601696712101004053,rani.salfitri5,😳😳😳,0,0,3,Menyimak Nrrjml Binus,0.9952300190925598,21,Nitip Nitipp Kabarin,0.6757674217224121,2,Iya Kak Dong,0.6486167311668396
7599666815270437653,userr300806,😀😀😀,0,0,3,Menyimak Nrrjml Binus,0.9952300190925598,21,Nitip Nitipp Kabarin,0.6757674217224121,2,Iya Kak Dong,0.6486167311668396
7598545309777937160,zahara.resti.gise,😊😊😊,0,0,3,Menyimak Nrrjml Binus,0.9952300190925598,21,Nitip Nitipp Kabarin,0.6757674217224121,2,Iya Kak Dong,0.6486167311668396
7595178688162824976,kristinnn_11,😭,0,0,3,Menyimak Nrrjml Binus,0.9952300190925598,21,Nitip Nitipp Kabarin,0.6757674217224121,2,Iya Kak Dong,0.6486167311668396
7593052619452711688,duzshop,😭,0,0,3,Menyimak Nrrjml Binus,0.995229959487915,21,Nitip Nitipp Kabarin,0.6757673621177673,2,Iya Kak Dong,0.6486166715621948
7592260027890467604,hasanahmaul,🥺,0,0,3,Menyimak Nrrjml Binus,0.995229959487915,21,Nitip Nitipp Kabarin,0.6757673621177673,2,Iya Kak Dong,0.6486166715621948
7592055838219600658,whqnaulfaa,🥰,0,0,3,Menyimak Nrrjml Binus,0.995229959487915,21,Nitip Nitipp Kabarin,0.6757673621177673,2,Iya Kak Dong,0.6486166715621948
7591047473776870152,mayluuppp,@Anisa,0,0,3,Menyimak Nrrjml Binus,0.890288233757019,2,Iya Kak Dong,0.6586722135543823,28,Juta 3Jt Serius,0.650181233882904
7591027893271593749,abilataubila,😭,0,0,3,Menyimak Nrrjml Binus,0.995229959487915,21,Nitip Nitipp Kabarin,0.6757673621177673,2,Iya Kak Dong,0.6486166715621948
7588768362865001234,kunzawahitomi,😁,0,0,3,Menyimak Nrrjml Binus,0.995229959487915,21,Nitip Nitipp Kabarin,0.6757673621177673,2,Iya Kak Dong,0.6486166715621948
7585626657202045714,_chococherries,🤣,0,0,3,Menyimak Nrrjml Binus,0.995229959487915,21,Nitip Nitipp Kabarin,0.6757673621177673,2,Iya Kak Dong,0.6486166715621948
7584353339249476360,linadaniati44,🥰,0,0,3,Menyimak Nrrjml Binus,0.995229959487915,21,Nitip Nitipp Kabarin,0.6757673621177673,2,Iya Kak Dong,0.6486166715621948
7583907803784430354,imdeargirl,🥰,0,0,3,Menyimak Nrrjml Binus,0.995229959487915,21,Nitip Nitipp Kabarin,0.6757673621177673,2,Iya Kak Dong,0.6486166715621948
7580352190527783700,lulmouya,😁,0,0,3,Menyimak Nrrjml Binus,0.995229959487915,21,Nitip Nitipp Kabarin,0.6757673621177673,2,Iya Kak Dong,0.6486166715621948
7579699847247528725,naddin_s.putri,😁,0,0,3,Menyimak Nrrjml Binus,0.995229959487915,21,Nitip Nitipp Kabarin,0.6757673621177673,2,Iya Kak Dong,0.6486166715621948
7579624189418898194,kinaaans_,🙈🙈🙈,0,0,3,Menyimak Nrrjml Binus,0.995229959487915,21,Nitip Nitipp Kabarin,0.6757673621177673,2,Iya Kak Dong,0.6486166715621948
7578889925723620104,abxjdun,🥰🥰🥰,0,0,3,Menyimak Nrrjml Binus,0.995229959487915,21,Nitip Nitipp Kabarin,0.6757673621177673,2,Iya Kak Dong,0.6486166715621948
7577147543734878997,rheynaldrp,☺,0,0,3,Menyimak Nrrjml Binus,0.995229959487915,21,Nitip Nitipp Kabarin,0.6757673621177673,2,Iya Kak Dong,0.6486166715621948
7577002435492365073,hawa_channel0,😂,0,0,3,Menyimak Nrrjml Binus,0.995229959487915,21,Nitip Nitipp Kabarin,0.6757673621177673,2,Iya Kak Dong,0.6486166715621948
7577002470002656016,hawa_channel0,😁,0,0,3,Menyimak Nrrjml Binus,0.995229959487915,21,Nitip Nitipp Kabarin,0.6757673621177673,2,Iya Kak Dong,0.6486166715621948
7576935102875681556,sebelas017,🙃,0,0,3,Menyimak Nrrjml Binus,0.9952300190925598,21,Nitip Nitipp Kabarin,0.6757674217224121,2,Iya Kak Dong,0.6486167311668396
7576282459113898770,widyakwan,😁,0,0,3,Menyimak Nrrjml Binus,0.9952300190925598,21,Nitip Nitipp Kabarin,0.6757674217224121,2,Iya Kak Dong,0.6486167311668396
7575877710263010066,hikma912_,😁,0,0,3,Menyimak Nrrjml Binus,0.9952300190925598,21,Nitip Nitipp Kabarin,0.6757674217224121,2,Iya Kak Dong,0.6486167311668396
7575751811865838337,coffemacha45,😂,0,0,3,Menyimak Nrrjml Binus,0.9952300190925598,21,Nitip Nitipp Kabarin,0.6757674217224121,2,Iya Kak Dong,0.6486167311668396
7571380845232079632,nura_khaya,🥰🥰🥰,0,0,3,Menyimak Nrrjml Binus,0.9952300190925598,21,Nitip Nitipp Kabarin,0.6757674217224121,2,Iya Kak Dong,0.6486167311668396
7569186856375370503,aphdites,🥺,0,0,3,Menyimak Nrrjml Binus,0.9952300190925598,21,Nitip Nitipp Kabarin,0.6757674217224121,2,Iya Kak Dong,0.6486167311668396
7569043655224394513,vequellezy,@moyawror @kinaraaaa,0,0,24,Ilkom Ieu Balang,0.814468502998352,2,Iya Kak Dong,0.5756113529205322,18,100 Universitas Siber,0.5539337396621704
7568520185511674632,not.a.nana,😭,0,0,3,Menyimak Nrrjml Binus,0.9952300190925598,21,Nitip Nitipp Kabarin,0.6757674217224121,2,Iya Kak Dong,0.6486167311668396
7568511970971058952,laurahs06,😂,0,0,3,Menyimak Nrrjml Binus,0.9952300190925598,21,Nitip Nitipp Kabarin,0.6757674217224121,2,Iya Kak Dong,0.6486167311668396
7568459161526616850,whoo.cii,😂,0,0,3,Menyimak Nrrjml Binus,0.9952300190925598,21,Nitip Nitipp Kabarin,0.6757674217224121,2,Iya Kak Dong,0.6486167311668396
7567010798506263304,sssnrvhhh,😂,0,0,3,Menyimak Nrrjml Binus,0.9952300190925598,21,Nitip Nitipp Kabarin,0.6757674217224121,2,Iya Kak Dong,0.6486167311668396
7564392616771830549,girlscryy_,☺,0,0,3,Menyimak Nrrjml Binus,0.9952300190925598,21,Nitip Nitipp Kabarin,0.6757674217224121,2,Iya Kak Dong,0.6486167311668396
7559091332354949906,iin.awaly,😁,0,0,3,Menyimak Nrrjml Binus,0.995229959487915,21,Nitip Nitipp Kabarin,0.6757673621177673,2,Iya Kak Dong,0.6486166715621948
7551972086793831176,hilmiifth,😂,0,0,3,Menyimak Nrrjml Binus,0.9952300190925598,21,Nitip Nitipp Kabarin,0.6757674217224121,2,Iya Kak Dong,0.6486167311668396
7548494068827194119,thukuooutfit,👍,0,0,3,Menyimak Nrrjml Binus,0.9952300190925598,21,Nitip Nitipp Kabarin,0.6757674217224121,2,Iya Kak Dong,0.6486167311668396
7545042417533141780,uliya3141,😂,0,0,3,Menyimak Nrrjml Binus,0.9952300190925598,21,Nitip Nitipp Kabarin,0.6757674217224121,2,Iya Kak Dong,0.6486167311668396
7533073761786315528,alexgultom.01,😏,0,0,3,Menyimak Nrrjml Binus,0.9952300190925598,21,Nitip Nitipp Kabarin,0.6757674217224121,2,Iya Kak Dong,0.6486167311668396
7529858053992743700,aniqhninaaa10,@nz,0,0,3,Menyimak Nrrjml Binus,0.8266951441764832,21,Nitip Nitipp Kabarin,0.635737419128418,2,Iya Kak Dong,0.5909609198570251
7528639454551769863,random_ygy14,@cifahiraaa✨🧚🌷 @iyaahhhhh GALAU HABIS @haiiiii🐧 apa pindah aja?,0,0,2,Iya Kak Dong,0.6488354206085205,7,Daftar Aku Sudah,0.6461830139160156,12,Umur Yang Semangat,0.6438585519790649
7528058197836464897,andirtup,@r @fitriyani,0,0,3,Menyimak Nrrjml Binus,0.6844035983085632,18,100 Universitas Siber,0.5497434735298157,28,Juta 3Jt Serius,0.5421618223190308
7531790975599166215,kaum_nuh,"di mana kuliah nya, yah kuliah onlen, yah gak seru dong",1,3,12,Umur Yang Semangat,0.7978018522262573,0,Tidak Ada Jurusan,0.7269023656845093,4,Online Offline Full,0.7014792561531067
7551167182479278855,kaum_nuh,"jurusan nya apa saja kak , apakah ada jurusan pisikolog. terus kalo mau wisuda gi mana . kak",1,0,0,Tidak Ada Jurusan,0.8529382944107056,1,Berapa Buka Kapan,0.8175622224807739,15,Dimana Daerah Pjj,0.762735903263092
7549968278934225671,kaum_nuh,"kenal orang orang berbagai tempat ya iya ,tapi gak bisa tatap muka. humm, oh iya kak bagai mana cara daftar nya kak",1,0,2,Iya Kak Dong,0.6223332285881042,1,Berapa Buka Kapan,0.7368862628936768,7,Daftar Aku Sudah,0.7255176305770874
7545801405240492807,mellstore_5,seru,1,0,20,Betul Keren Banget,0.753320038318634,3,Menyimak Nrrjml Binus,0.8241636157035828,2,Iya Kak Dong,0.7215361595153809
7581055059515245332,bontot7_7,Hai min kalo mau tanya tanya seputar unsia ada kontaknya kah?,0,1,1,Berapa Buka Kapan,0.7506107091903687,8,Dm Admin Halo,0.7310466766357422,13,Info Bagaimana Cara,0.7164925336837769
7581379642393805576,univsiberasia,"Hi Kak, boleh DM Mimin ya Kak, kalau masih ada yang bingung🤩",0,0,8,Dm Admin Halo,0.8775389194488525,1,Berapa Buka Kapan,0.7194825410842896,7,Daftar Aku Sudah,0.7125378847122192
7529859809597358865,alyshaa.p,Kak info akun ig resmi nya dong,0,1,7,Daftar Aku Sudah,0.7660903930664062,8,Dm Admin Halo,0.8244028687477112,13,Info Bagaimana Cara,0.7601402997970581
7532794101407105800,univsiberasia,"Halo Kak, akun instagram resmi UNSIA ada 2 yaitu univsiberasia dan ppmbunsia_official 😊",0,0,9,Id Ac Pmb,0.7334341406822205,6,Dibuka Saat Mahasiswa,0.7231334447860718,27,Pt Terakreditasi Ban,0.7105671167373657
7593567723460936464,blurbieses,bisa kipk ga kak,0,0,5,Ada S2 Rpl,0.7775190472602844,1,Berapa Buka Kapan,0.7940269708633423,2,Iya Kak Dong,0.7935562133789062
7571812682160997121,miumiulusyu,"ini beneran 100% online semua kan ya? soalnya aku dari semarang, dan gabakal bisa kalau hrs ke jkt 😭",0,0,3,Menyimak Nrrjml Binus,0.2362595498561859,12,Umur Yang Semangat,0.7124135494232178,4,Online Offline Full,0.7039107084274292
7569440986439811856,odeeunoia,cara nha,0,0,13,Info Bagaimana Cara,0.6721402406692505,22,Biayanya Berapa Biaya,0.6386548280715942,3,Menyimak Nrrjml Binus,0.6289287805557251
7528977881365218056,cin5yi,mirip ut,0,0,2,Iya Kak Dong,0.7854434251785278,3,Menyimak Nrrjml Binus,0.7205772399902344,20,Betul Keren Banget,0.7141717672348022
7527665230806860551,fauzanhilmi155,ukt,0,0,3,Menyimak Nrrjml Binus,0.7965916991233826,21,Nitip Nitipp Kabarin,0.6519424915313721,28,Juta 3Jt Serius,0.6206861734390259
7587218881431241490,miicinss,Yahhhh gd hukum😭,0,0,2,Iya Kak Dong,0.7123401165008545,24,Ilkom Ieu Balang,0.6705507040023804,3,Menyimak Nrrjml Binus,0.6593118906021118
7587089179768324884,teee.ennn,kak bisa RPL ga?,0,0,5,Ada S2 Rpl,0.7997080683708191,7,Daftar Aku Sudah,0.7822959423065186,15,Dimana Daerah Pjj,0.7819148302078247
7529146846956520199,vallstrongg05,nyocot,0,0,2,Iya Kak Dong,0.7158650159835815,21,Nitip Nitipp Kabarin,0.7079935073852539,3,Menyimak Nrrjml Binus,0.6958419680595398
7527677440190989063,amaze_dnd,adsfort aja 👍👍👍,0,0,3,Menyimak Nrrjml Binus,0.7707608938217163,2,Iya Kak Dong,0.7019226551055908,28,Juta 3Jt Serius,0.6744683980941772
7527571364212998919,a1f1ian,Balang sendal rene,0,0,24,Ilkom Ieu Balang,0.8278394937515259,2,Iya Kak Dong,0.5865780115127563,18,100 Universitas Siber,0.5587884783744812
