video_id,video_url,caption,views,scraped_at
7656663517424028935,https://www.tiktok.com/@univsiberasia/video/7656663517424028935,"International Seminar & Workshop Series Universitas Siber Asia sukses menyelenggarakan International Seminar & Workshop Series bertajuk “UNSIA AI-Innovators: Preparing AI-Driven Learning Innovation for WURI 2027” pada Jumat, 26 Juni 2026. Seminar ini menghadirkan narasumber internasional dari Pohang University of Science and Technology (POSTECH) dan Soonchunhyang University, Korea Selatan, serta praktisi dari Pertamina EP dan Google Certified Trainer. Kegiatan ini membahas peran Artificial Intelligence dalam mendorong inovasi pembelajaran, penguatan kompetensi digital, serta kolaborasi antara dunia pendidikan dan industri. Acara ini turut dihadiri oleh Rektor beserta jajaran Wakil Rektor Universitas Siber Asia sebagai bentuk dukungan terhadap penguatan budaya inovasi dan transformasi digital di lingkungan perguruan tinggi. Kehadiran pimpinan universitas menegaskan komitmen UNSIA dalam mempersiapkan ekosistem pembelajaran berbasis AI yang berdaya saing global menuju WURI 2027. Semoga kolaborasi dan wawasan yang diperoleh dapat menjadi langkah nyata dalam menciptakan inovasi pendidikan di era kecerdasan buatan #fyp #seminarinternasional #kampusonline #wuri #unsia created by Universitas Siber Asia with Universitas Siber Asia’s original sound - Universitas Siber Asia",1687,2026-07-01 04:17:47
7655300474303778056,https://www.tiktok.com/@univsiberasia/video/7655300474303778056,Wah menarik sekali ya nanti yang akan menjadi pembicara di acara wisuda UNSIA di Taman Mini Indonesia Indah 🤩 Mimin jadi ngga sabar nih🙌🏻🙌🏻 #fyp #kampusonline #wisudaunsia  created by Universitas Siber Asia with Universitas Siber Asia’s original sound - Universitas Siber Asia,2253,2026-07-01 04:17:47
7652962311929351442,https://www.tiktok.com/@univsiberasia/video/7652962311929351442,Sobat UNSIA kira-kira tertarik dengan cara pembuatan aplikasi? 🧐 Seperti cocok nih dengan jurusan inii  #fyp #kampusonline #pilihjurusan  created by Universitas Siber Asia with Universitas Siber Asia’s original sound - Universitas Siber Asia,4379,2026-07-01 04:17:47
7652951775422532882,https://www.tiktok.com/@univsiberasia/video/7652951775422532882,"Laki-laki tidak bercerita, tapi …. Kalau versi Sobat UNSIA apa? Yuk, tulis di kolom komentar jawabannya🤩 #fyp #wisudaunsia #kampusonline  created by Universitas Siber Asia with Fake Messiah’s suara asli - Fake Messiah",5404,2026-07-01 04:17:47
7652244835167898887,https://www.tiktok.com/@univsiberasia/video/7652244835167898887,"Wisuda bukan hanya milik mahasiswa Ada Ayah dan Ibu yang telah menunggu momen ini selama bertahun-tahun. Momen melihatmu mengenakan toga, berjalan ke atas panggung, dan merayakan hasil perjuangan bersama. Karena ada rasa bangga yang tak bisa tergantikan oleh layar. Jika bisa hadir langsung, mengapa hanya menyaksikan dari kejauhan? #unsia #wisudaunsia #kampusonline  created by Universitas Siber Asia with Universitas Siber Asia’s original sound - Universitas Siber Asia",3826,2026-07-01 04:17:47
7652200132955376903,https://www.tiktok.com/@univsiberasia/video/7652200132955376903,"UNSIA Jalin Kerja Sama Strategis dengan Kementerian Desa dan Pembangunan Daerah Tertinggal Universitas Siber Asia (UNSIA) menandatangani Nota Kesepahaman Bersama (Memorandum of Understanding/MoU) dengan Kementerian Desa dan Pembangunan Daerah Tertinggal (Kemendesa PDT) pada Kamis, 11 Juni 2026. Penandatanganan kerja sama ini berlangsung di Kantor Kemendesa PDT, Kalibata, Jakarta Selatan, sebagai bagian dari upaya memperkuat sinergi antara perguruan tinggi dan pemerintah dalam mendukung pembangunan serta pemberdayaan masyarakat desa di Indonesia. Nota Kesepahaman Bersama ini ditandatangani oleh Rektor UNSIA, Jang Youn Cho, BA., MPA., Ph.D., CPA., dan Sekretaris Jenderal Kemendesa PDT, Dr. Taufik Madjid, S.Sos. Penandatanganan ini disaksikan langsung oleh Menteri Desa dan Pembangunan Daerah Tertinggal, Yandri Susanto, S.Pt., M.Pd., yang turut memberikan dukungan terhadap kolaborasi strategis antara dunia pendidikan tinggi dan pemerintah dalam mendorong percepatan pembangunan desa. Kegiatan penandatanganan MoU ini dilaksanakan bertepatan dengan acara Pengukuhan 200 Peserta Program Pemuda Bangun Desa, sebuah program yang bertujuan mendorong keterlibatan generasi muda dalam pembangunan dan pemberdayaan masyarakat desa. Acara ini juga dihadiri oleh Raffi Ahmad selaku Utusan Khusus Presiden Bidang Pembinaan Generasi Muda dan Pekerja Seni, yang memberikan dukungan terhadap penguatan peran pemuda dalam pembangunan nasional, khususnya di wilayah perdesaan. Melalui kerja sama ini, UNSIA berkomitmen untuk berkontribusi dalam mendukung berbagai program pembangunan desa yang berkelanjutan. Sebagai perguruan tinggi berbasis digital, UNSIA akan berperan dalam memperluas akses pendidikan tinggi bagi masyarakat desa melalui sistem pembelajaran daring yang fleksibel dan inklusif. Selain itu, UNSIA juga akan mendukung peningkatan kualitas sumber daya manusia desa melalui penyediaan program beasiswa, pelatihan, seminar, webinar, serta berbagai kegiatan peningkatan kompetensi yang relevan dengan kebutuhan masyarakat dan aparatur desa. Ruang lingkup kerja sama juga mencakup pengembangan konsep Smart Village yang mengintegrasikan pemanfaatan teknologi digital. #fyp #mouunsiadengankementerian #kementeriandesa #unsia  created by Universitas Siber Asia with Universitas Siber Asia’s original sound - Universitas Siber Asia",2669,2026-07-01 04:17:47
7652195294855138578,https://www.tiktok.com/@univsiberasia/video/7652195294855138578,Sobat UNSIA kira-kira bakal foto dimana nih jika nanti wisuda secara langsung di Taman Mini Indonesia Indah? Yuk tulis di kolom komentar ya jawabannya🙌🏻🙌🏻 #fyp #wisudaunsia #kampusonline  created by Universitas Siber Asia with sxz.’s suara asli - sxz.,6125,2026-07-01 04:17:47
7652183514057608455,https://www.tiktok.com/@univsiberasia/video/7652183514057608455,"UNSIA Memberikan Beasiswa untuk Pemuda-Pemudi Desa di Seluruh Indonesia Sebagai bentuk komitmen dalam mendukung peningkatan kualitas sumber daya manusia di wilayah pedesaan, Universitas Siber Asia menyediakan program beasiswa pendidikan bagi pemuda-pemudi desa di seluruh Indonesia. Program ini disampaikan dalam acara Pengukuhan Pemuda Bangun Desa yang diselenggarakan oleh Kementerian Desa dan Pembangunan Daerah Tertinggal (Kemendesa PDT) pada Kamis, 11 Juni 2026, di Jakarta. Pemberian beasiswa ini merupakan bagian dari upaya UNSIA untuk memperluas akses pendidikan tinggi yang berkualitas bagi masyarakat desa, sekaligus mendukung program pembangunan desa yang berkelanjutan melalui peningkatan kapasitas generasi muda. Sebagai perguruan tinggi yang menerapkan sistem pembelajaran penuh secara daring (full online), UNSIA memiliki keunggulan dalam menjangkau masyarakat dari berbagai daerah tanpa terkendala jarak dan lokasi geografis. Melalui program beasiswa ini, pemuda-pemudi desa diharapkan memiliki kesempatan yang lebih luas untuk melanjutkan pendidikan ke jenjang perguruan tinggi, meningkatkan kompetensi, serta mengembangkan keterampilan yang relevan dengan kebutuhan dunia kerja dan pembangunan masyarakat. Kehadiran pendidikan tinggi yang dapat diakses dari desa menjadi salah satu solusi untuk mempercepat peningkatan kualitas sumber daya manusia sekaligus mendorong lahirnya generasi muda yang mampu menjadi agen perubahan di daerahnya masing-masing. Program ini juga sejalan dengan semangat kolaborasi yang terbangun antara UNSIA dan Kemendesa PDT dalam mendorong transformasi desa melalui pendidikan, inovasi, dan pemanfaatan teknologi digital. Dengan dukungan pembelajaran yang fleksibel, pemanfaatan teknologi informasi, serta kurikulum yang relevan dengan perkembangan teknologi informasi, UNSIA berharap semakin banyak pemuda desa yang dapat mengakses pendidikan tinggi tanpa harus meninggalkan daerah asalnya. Melalui kesempatan ini, UNSIA mengajak para pemuda-pemudi desa untuk terus meningkatkan kapasitas diri, mengembangkan potensi yang dimiliki, serta mengambil peran aktif dalam pembangunan desa. #unsia #programbeasiswa #kampusonline  created by Universitas Siber Asia with Universitas Siber Asia’s original sound - Universitas Siber Asia",2671,2026-07-01 04:17:47
7650483572230442248,https://www.tiktok.com/@univsiberasia/video/7650483572230442248,Hayo??? Sobat UNSIA punya jiwa leadership ga nih? Mungkin ini cocok jurusannya🤩 #UNSIA #kuliahonline #fyp  created by Universitas Siber Asia with Universitas Siber Asia’s original sound - Universitas Siber Asia,7803,2026-07-01 04:17:47
7645557066475654408,https://www.tiktok.com/@univsiberasia/video/7645557066475654408,"Kenapa sih harus wisuda offline? 🤔 Karena ada momen yang nggak bisa diganti layar, Peluk bangga orang tua, Tepuk tangan teman seperjuangan, Dan langkah kecil menuju babak baru kehidupan  Tahun ini, wisuda UNSIA bakal jadi lebih spesial karena dilaksanakan di Taman Mini Indonesia Indah 🤩 Jadi kamu tim wisuda offline atau online nih?  Yuk tulis jawabanmu di kolom komentar yaa🤗 #WisudaUNSIA #fyp #WisudaOffline #GraduationDay #UNSIA created by Universitas Siber Asia with Universitas Siber Asia’s original sound - Universitas Siber Asia",24.4K,2026-07-01 04:17:47
7631887722499558663,https://www.tiktok.com/@univsiberasia/video/7631887722499558663,"Kunjungan UNSIA ke Universitas Udayana Pada hari Jumat, 17 April 2026, Universitas Siber Asia melaksanakan kunjungan ke Universitas Udayana yang berlokasi di Bali. Kunjungan ini menjadi bagian dari upaya UNSIA dalam memperluas jejaring kemitraan dengan perguruan tinggi terkemuka di Indonesia, khususnya dalam menghadapi tantangan pendidikan tinggi di era digital dan global. Delegasi UNSIA dipimpin langsung oleh Rektor, Jang Youn Cho, didampingi oleh Wakil Rektor I Bidang Akademik, Kemahasiswaan, dan PPM, Ucuk Darusalam, serta jajaran Kepala Biro/Badan dan Kepala Program Studi. Sementara itu, pihak Universitas Udayana menyambut hangat rombongan UNSIA yang diwakili oleh Wakil Rektor Bidang Akademik sekaligus Plt. Biro Akademik, Kerja Sama, dan Humas, I Nengah Sujaya, serta Wakil Rektor Bidang Kemahasiswaan, Gusti Ngurah Alit Susanta Wirya.  Agenda utama dalam kunjungan ini adalah penjajakan kerja sama di bidang Tri Dharma Perguruan Tinggi, yang meliputi pendidikan, penelitian, dan pengabdian kepada masyarakat. Selain itu, kedua belah pihak juga mendiskusikan berbagai peluang kolaborasi lain yang potensial, seperti pengembangan program pembelajaran berbasis digital, pertukaran mahasiswa dan dosen, joint research, hingga kegiatan internasionalisasi kampus. Melalui pertemuan ini, diharapkan akan terjalin sinergi yang kuat antara UNSIA dan Universitas Udayana dalam menciptakan inovasi pendidikan yang adaptif dan relevan dengan kebutuhan zaman. Kunjungan ini tidak hanya menjadi langkah awal kerja sama, tetapi juga menjadi momentum penting dalam memperkuat kontribusi kedua institusi dalam pembangunan pendidikan nasional yang berdaya saing global. #kuliahonline #kampusonline #kuliahfullonline #kampussiber #kampusdigital  created by Universitas Siber Asia with Universitas Siber Asia’s original sound - Universitas Siber Asia",11.7K,2026-07-01 04:17:47
7631493628208205063,https://www.tiktok.com/@univsiberasia/video/7631493628208205063,"Workshop Akreditasi Dan Pembelajaran UNSIA Workshop Akreditasi dan Pembelajaran Universitas Siber Asia menjadi salah satu langkah  dalam memastikan kesiapan institusi dalam melaksanakan Semester Genap Tahun Akademik 2025/2026 sekaligus memperkuat komitmen menuju akreditasi unggul. Kegiatan ini diselenggarakan pada Kamis, 16 April 2026, bertempat di Happy Room HARRIS Hotel & Conventions Denpasar, dan kegiatan ini merupakan rangkaian kegiatan UNSIA Festival yang diselenggarakan di Bali. Workshop yang dilaksanakan secara hybrid ini diikuti oleh seluruh sivitas akademika UNSIA, mulai dari dosen, tenaga kependidikan, hingga jajaran rektorat. Dalam kesempatan ini, Wakil Rektor I Bidang Akademik, Kemahasiswaan, dan PPM, Dr. Ucuk Darusalam, S.T., M.T., memberikan arahan komprehensif terkait strategi pembelajaran serta persiapan akreditasi. Paparan yang disampaikan mencakup aspek teknis hingga substansi, mulai dari penguatan kurikulum berbasis capaian pembelajaran (OBE), optimalisasi sistem pembelajaran daring, hingga pemenuhan indikator-indikator akreditasi yang sesuai dengan standar nasional dan internasional. Tidak hanya menjadi forum pengarahan, workshop ini juga menjadi ruang diskusi aktif dan reflektif. Seluruh biro, badan, serta program studi mempresentasikan kesiapan masing-masing dalam menghadapi proses pembelajaran di semester genap ini sekaligus memaparkan strategi dan progres dalam menghadapi akreditasi. Hal ini menunjukkan keseriusan UNSIA dalam membangun sinergi lintas unit demi mencapai kualitas pendidikan yang unggul dan berkelanjutan. Melalui kegiatan ini, UNSIA menegaskan sebagai institusi pendidikan tinggi berbasis digital yang adaptif, inovatif, dan berorientasi pada mutu.  #kuliahonline #kampusonline #kuliahfullonline #fyp  created by Universitas Siber Asia with Universitas Siber Asia’s original sound - Universitas Siber Asia",10.7K,2026-07-01 04:17:47
7631452914153786642,https://www.tiktok.com/@univsiberasia/video/7631452914153786642,Kalau Sobat kenapa nih memilih UNSIA? Yuk tulis di kolom komentar alasannya..🤩 #kuliahonline #unsia #fyp #kampusonline  created by Universitas Siber Asia with Milan Paloyannidis’s Calm Inspirational Background,9906,2026-07-01 04:17:47
7631111807553326354,https://www.tiktok.com/@univsiberasia/video/7631111807553326354,Perempuan hebat adalah mereka yang…. Tulis di kolom komentar ya jawaban Sobat🤩 #kuliahonline #kartiniday #fyp #kuliahfullonline  created by Universitas Siber Asia with ⋆.˚ ☾⭒.˚’s suono originale,6952,2026-07-01 04:17:47
7630069980708752648,https://www.tiktok.com/@univsiberasia/video/7630069980708752648,"Workshop Akreditasi Dan Pembelajaran UNSIA Workshop Akreditasi dan Pembelajaran Universitas Siber Asia menjadi salah satu langkah  dalam memastikan kesiapan institusi dalam melaksanakan Semester Genap Tahun Akademik 2025/2026 sekaligus memperkuat komitmen menuju akreditasi unggul. Kegiatan ini diselenggarakan pada Kamis, 16 April 2026, bertempat di Happy Room HARRIS Hotel & Conventions Denpasar, dan kegiatan ini merupakan rangkaian kegiatan UNSIA Festival yang diselenggarakan di Bali. Workshop yang dilaksanakan secara hybrid ini diikuti oleh seluruh sivitas akademika UNSIA, mulai dari dosen, tenaga kependidikan, hingga jajaran rektorat. Dalam kesempatan ini, Wakil Rektor I Bidang Akademik, Kemahasiswaan, dan PPM, Dr. Ucuk Darusalam, S.T., M.T., memberikan arahan komprehensif terkait strategi pembelajaran serta persiapan akreditasi. Paparan yang disampaikan mencakup aspek teknis hingga substansi, mulai dari penguatan kurikulum berbasis capaian pembelajaran (OBE), optimalisasi sistem pembelajaran daring, hingga pemenuhan indikator-indikator akreditasi yang sesuai dengan standar nasional dan internasional. Tidak hanya menjadi forum pengarahan, workshop ini juga menjadi ruang diskusi aktif dan reflektif. Seluruh biro, badan, serta program studi mempresentasikan kesiapan masing-masing dalam menghadapi proses pembelajaran di semester genap ini sekaligus memaparkan strategi dan progres dalam menghadapi akreditasi. Hal ini menunjukkan keseriusan UNSIA dalam membangun sinergi lintas unit demi mencapai kualitas pendidikan yang unggul dan berkelanjutan. Melalui kegiatan ini, UNSIA menegaskan sebagai institusi pendidikan tinggi berbasis digital yang adaptif, inovatif, dan berorientasi pada mutu.  #kuliahonline #kampusonline #kuliahfullonline #kampussiber #kampusdigital created by Universitas Siber Asia with Universitas Siber Asia’s original sound - Universitas Siber Asia",8463,2026-07-01 04:17:47
7628077932224843016,https://www.tiktok.com/@univsiberasia/video/7628077932224843016,"Pengenalan Sistem Akademik dan Kemahasiswaan Universitas Siber Asia telah sukses dilaksanakan secara online pada hari Sabtu, 11 April 2026. Melalui kegiatan ini, mahasiswa mendapatkan pemahaman mengenai sistem akademik, alur perkuliahan, hingga berbagai layanan penunjang yang akan digunakan selama masa studi. Semoga langkah awal ini menjadi bekal untuk perjalanan akademik yang lancar dan penuh prestasi 🤩🙌🏻 #pensamakugenap20252026 #unsia #fyp #kuliahonline  created by Universitas Siber Asia with Universitas Siber Asia’s original sound - Universitas Siber Asia",6887,2026-07-01 04:17:47
7625500749539200263,https://www.tiktok.com/@univsiberasia/video/7625500749539200263,"Jadi, sudah sampai BAB berapa nih skripsimu Sobat? #skripsi #unsia #fyp  created by Universitas Siber Asia with 𝕽𝖎𝖆𝖓..𝓐’s Pak Tolong Remix",13.9K,2026-07-01 04:17:47
7625494206722723080,https://www.tiktok.com/@univsiberasia/video/7625494206722723080,Siapa yang sudah tidak sabar menyambut PENSAMAKU Semester genap 2025/2026 🤩 Yuk tulis di komentar jurusan kalian ya Sobat.. #unsia #fyp #pensamaku2026  created by Universitas Siber Asia with KING PLAT KB [BMR]’s suara asli - KING PLAT KB [BMR],7516,2026-07-01 04:17:47
7625493716106480903,https://www.tiktok.com/@univsiberasia/video/7625493716106480903,"Masih dalam suasana penuh kemenangan Idulfitri 🌙✨ Keluarga Besar Universitas Siber Asia menggelar kegiatan Halal Bihalal sebagai momentum mempererat silaturahmi, saling memaafkan, dan memperkuat kebersamaan antar sivitas akademika. Semoga kebersamaan ini menjadi awal yang baik untuk melangkah dengan semangat baru, hati yang bersih, serta kolaborasi yang semakin erat ke depannya 🤍 Selamat Idulfitri 1447 H. Mohon maaf lahir dan batin.  #UNSIA #HalalBihalal #IdulFitri1447H   created by Universitas Siber Asia with yuninasa867’s suara asli - yuninasa867",4701,2026-07-01 04:17:47
7619991224728014087,https://www.tiktok.com/@univsiberasia/video/7619991224728014087,"Selamat Lebaran Idul Fitri Wakil Rektor II Bidang Administrasi Umum, SDM, Pemasaran, dan Kerja Sama Ir. Abdul Wahab Bangkona, M.Sc., juga turut serta mengucapkan Selamat Hari Raya Idul Fitri 1 Syawal 1447 H. Di hari yang penuh kemenangan ini, kepada seluruh sivitas akademika untuk menjadikan Idul Fitri sebagai momentum memperkuat sinergi, meningkatkan profesionalisme, serta membangun budaya kerja yang kolaboratif dan berorientasi pada hasil terbaik. Dalam mendukung kemajuan Universitas Siber Asia, peran tata kelola administrasi yang baik, pengembangan sumber daya manusia yang unggul, serta perluasan jejaring kerja sama menjadi faktor penting. Semangat kebersamaan yang terbangun selama Ramadan diharapkan dapat terus dijaga dalam setiap langkah kerja ke depan. Semoga Idul Fitri ini membawa keberkahan, mempererat hubungan antar sivitas akademika, serta mendorong untuk terus berinovasi dan berkontribusi secara maksimal. Taqabbalallahu minna wa minkum, mohon maaf lahir dan batin. #kuliahonline #kampusonline #kuliahfullonline #kampussiber #kampusdigital created by Universitas Siber Asia with Queen Fazila’s Takbiran Malam Lebaran",6335,2026-07-01 04:17:47
7619990982712413458,https://www.tiktok.com/@univsiberasia/video/7619990982712413458,"Selamat Merayakan Hari Raya Idul Fitri Wakil Rektor I Bidang Akademik, Penelitian, dan Pengabdian kepada Masyarakat Dr. Ucuk Darusalam, S.T., M.T. juga mengucapkan Selamat Hari Raya Idul Fitri 1 Syawal 1447 H. Momentum yang suci ini menjadi kesempatan bagi kita semua untuk melakukan refleksi diri atas perjalanan akademik yang telah dilalui, sekaligus memperkuat komitmen dalam meningkatkan kualitas pendidikan, penelitian, dan pengabdian kepada masyarakat.                Nilai-nilai yang kita pelajari selama bulan Ramadan seperti keikhlasan, kedisiplinan, dan tanggung jawab, hendaknya menjadi landasan dalam menjalankan tridharma perguruan tinggi.  Dengan semangat tersebut, kita dapat terus menghadirkan inovasi pembelajaran, menghasilkan riset yang berdampak, serta memberikan kontribusi nyata bagi masyarakat luas. Ayo kita bersama-sama membangun ekosistem akademik yang adaptif terhadap perkembangan teknologi, khususnya dalam pemanfaatan AI untuk pendidikan. Semoga Idul Fitri ini membawa semangat baru bagi kita semua untuk terus tumbuh, berkembang, dan memberikan yang terbaik bagi negeri.  Mohon maaf lahir dan batin. #kuliahonline #kampusonline #kuliahfullonline #kampussiber #kampusdigital created by Universitas Siber Asia with Cahaya Qur'an’s Gema Takbiran Sedih Anak Rantau (Hari Raya Idul Fitri / Adha)",4842,2026-07-01 04:17:47
7619990267772341512,https://www.tiktok.com/@univsiberasia/video/7619990267772341512,"Selamat Hari Raya Idul Fitri 1 Syawal 1447 H Rektor Universitas Siber Asia, Jang Youn Cho, BA, MPA, Ph.D., CPA. dan Segenap Sivitas Akademika Universitas Siber Asia mengucapkan: Selamat hari Raya Idul Fitri Mohon Maaf Lahir dan Batin.  Momentum Idul Fitri ini menjadi saat yang penuh makna untuk kembali pada fitrah, mempererat tali silaturahmi, serta memperkuat nilai-nilai kebersamaan, keikhlasan, dan kepedulian. Setelah menjalani ibadah di bulan suci Ramadan, kini saatnya kita melangkah dengan hati yang lebih bersih, pikiran yang lebih jernih, dan semangat baru untuk terus memberikan kontribusi terbaik bagi dunia pendidikan dan masyarakat. Idul Fitri ini hendaknya kita jadikan sebagai momentum untuk memperkuat nilai kebersamaan lintas budaya dan latar belakang, sejalan dengan semangat global yang diusung Universitas Siber Asia. Kolaborasi, inovasi, dan integritas menjadi fondasi penting dalam membangun institusi pendidikan yang unggul dan mampu bersaing di tingkat internasional. Semoga semangat kemenangan ini membawa keberkahan, kedamaian, serta energi positif bagi kita semua untuk terus berkarya dan berkontribusi. Mari kita lanjutkan perjalanan UNSIA sebagai AI Integrated University dengan penuh optimisme dan komitmen.  Taqabbalallahu minna wa minkum, mohon maaf lahir dan batin. #kuliahonline #kampusonline #kuliahfullonline #kampussiber #kampusdigital created by Universitas Siber Asia with Syafeea library’s Idul Fitri",5170,2026-07-01 04:17:47
7616614106816187656,https://www.tiktok.com/@univsiberasia/video/7616614106816187656,"𝐊𝐞𝐠𝐢𝐚𝐭𝐚𝐧 𝐁𝐮𝐤𝐚 𝐁𝐞𝐫𝐬𝐚𝐦𝐚 𝐒𝐢𝐯𝐢𝐭𝐚𝐬 𝐀𝐤𝐚𝐝𝐞𝐦𝐢𝐤𝐚 𝐔𝐧𝐢𝐯𝐞𝐫𝐬𝐢𝐭𝐚𝐬 𝐒𝐢𝐛𝐞𝐫 𝐀𝐬𝐢𝐚 (𝐔𝐍𝐒𝐈𝐀) 𝐭𝐞𝐥𝐚𝐡 𝐬𝐮𝐤𝐬𝐞𝐬 𝐝𝐢𝐬𝐞𝐥𝐞𝐧𝐠𝐠𝐚𝐫𝐚𝐤𝐚𝐧 Momentum kebersamaan ini menjadi ajang mempererat silaturahmi antara dosen, mahasiswa, dan seluruh civitas akademika dalam suasana Ramadan yang penuh kehangatan. Terima kasih kepada seluruh pihak yang telah berpartisipasi dan menyemarakkan acara ini. Sampai jumpa di kegiatan UNSIA selanjutnya!🤩 #kuliahdiunsia #fyp #unsia  created by Universitas Siber Asia with Universitas Siber Asia’s suara asli - Universitas Siber Asia",6282,2026-07-01 04:17:47
7612920723375672594,https://www.tiktok.com/@univsiberasia/video/7612920723375672594,Apa nih yang membuat Sobat UNSIA bahagia di bulan ramadhan tahun Ini?🧐 Tulis di kolom komentar ya jawabannya🤩 #kuliahsambilpuasa #puasaramadhan #fyp #bahagiaitusederhana  created by Universitas Siber Asia with Universitas Siber Asia’s suara asli - Universitas Siber Asia,5442,2026-07-01 04:17:47
7612882160248294674,https://www.tiktok.com/@univsiberasia/video/7612882160248294674,Hal apa yang membuat Sobat UNSIA sedih di ramadhan tahun ini?🥺  Tulis di kolom komentar ya jawabannya.. #ramadhan #kuliahonlinediunsia #unsia #fyp  created by Universitas Siber Asia with 18npy’s suara asli - 18npy,4763,2026-07-01 04:17:47
7612486431235198226,https://www.tiktok.com/@univsiberasia/video/7612486431235198226,"𝐀𝐮𝐝𝐢𝐞𝐧𝐬𝐢𝐚 𝐔𝐍𝐒𝐈𝐀 𝐝𝐞𝐧𝐠𝐚𝐧 𝐁𝐊𝐍 - 𝐉𝐮𝐦𝐚𝐭, 𝟐𝟕 𝐅𝐞𝐛𝐫𝐮𝐚𝐫𝐢 𝟐𝟎𝟐𝟔 Pada Jumat, 27 Februari 2026, Universitas Siber Asia (UNSIA) melaksanakan kegiatan audiensi bersama Badan Kepegawaian Negara (BKN) sebagai bagian dari upaya memperkuat sinergi antara dunia pendidikan tinggi dan institusi pemerintahan. Audiensi ini menjadi momentum penting dalam membangun kolaborasi strategis, khususnya dalam pengembangan sumber daya manusia unggul, peningkatan kompetensi digital, serta kesiapan lulusan menghadapi kebutuhan dunia kerja yang terus berkembang di era transformasi digital. Melalui pertemuan ini, diharapkan terjalin kerja sama berkelanjutan yang mampu memberikan kontribusi nyata bagi peningkatan kualitas pendidikan serta penguatan ekosistem talenta digital di Indonesia. UNSIA berkomitmen untuk terus menghadirkan pendidikan yang adaptif, inovatif, dan relevan dengan kebutuhan masa depan. #kuliahonlinediunsia  #AudiensiUNSIA #fyp #unsia #kuliahonline  created by Universitas Siber Asia with Nagari Batu Kambing’s suara asli - Nagari Batu Kambing",5778,2026-07-01 04:17:47
7611394151296322824,https://www.tiktok.com/@univsiberasia/video/7611394151296322824,"ISIBER 2026 berhasil diselenggarakan! ✨ Membahas peran Artificial Intelligence dalam pengembangan cyber security, konferensi ini menghadirkan akademisi dan peneliti dari berbagai negara untuk berbagi riset, tren ancaman digital, serta peluang kolaborasi internasional.   📄 500+ paper   🌎 30+ negara berpartisipasi   🤝 Kolaborasi riset global   Terima kasih kepada seluruh narasumber dan peserta yang telah menjadi bagian dari ISIBER 2026.   See you di International Conference ISIBER selanjutnya! ✨ #kuliahonline #fyp #unsia #seminarinternasional  created by Universitas Siber Asia with Universitas Siber Asia’s suara asli - Universitas Siber Asia",4948,2026-07-01 04:17:47
7610280181634305288,https://www.tiktok.com/@univsiberasia/video/7610280181634305288,"Hsttt sudah pada tau belum nih UNSIA punya prodi baru? 😎 #fyp #kuliahonline #unsia #CampusExpo  created by Universitas Siber Asia with ella sikmacuy😹’s suara asli - Ellα, Mingyu's gf",52.8K,2026-07-01 04:17:47
7610213128504134919,https://www.tiktok.com/@univsiberasia/video/7610213128504134919,"Universitas Siber Asia ikut meramaikan 6th Bandung Campus Update  Bukan cuma sharing jurusan dan ngobrol soal masa depan karier, di booth UNSIA juga ada games seru yang bikin suasana makin rame 😎 Terima kasih buat kamu yang sudah mampir, main bareng, dan kenalan langsung dengan tim UNSIA Semoga dari pertemuan singkat kemarin, Sobat UNSIA jadi selangkah lebih dekat dengan kampus impian 🥳 #BandungCampusUpdate #UniversitasSiberAsia  #CampusExpo #fyp   #CapCut  created by Universitas Siber Asia with Laís Cardoso’s som original",5025,2026-07-01 04:17:47
7610063799256648968,https://www.tiktok.com/@univsiberasia/video/7610063799256648968,"Halo Sobat UNSIA👋🏻  Beasiswa hari ini, sukses esok hari Kenalan yuk sama kak Rafa selaku penerima Beasiswa Prodi Teknologi Informasi di UNSIA~ #Beasiswa #ProdiTI #TeknologiInformasi #UNSIA #fyp  created by Universitas Siber Asia with Universitas Siber Asia’s suara asli - Universitas Siber Asia",5761,2026-07-01 04:17:47
7609934066804182279,https://www.tiktok.com/@univsiberasia/video/7609934066804182279,"Universitas Siber Asia hadir di acara PPTJ — 4-6 Februari 2026  Seru banget bisa ketemu langsung, ngobrol santai soal jurusan, karier, sampai mimpi masa depan bareng kamu! Terima kasih buat semua yang sudah mampir ke booth kami 🤝 Semoga pertemuan singkat kemarin jadi langkah awal menuju perjalanan kuliahmu  ya Sobat  #kuliahonline #kampusonline #unsia #pameran #fyp  created by Universitas Siber Asia with Ntephs’s original sound - Ntephs",4464,2026-07-01 04:17:47
7609870791039126792,https://www.tiktok.com/@univsiberasia/video/7609870791039126792,"Stop scrolling! 👀 UNSIA resmi buka Prodi *PJJ Teknologi Informasi*💻🔥 Buat kamu yang tertarik dunia digital & inovasi teknologi, ini tempatnya! Next, kira-kira prodi apa lagi yaa yang akan dibuka?💡 #ProdiBaru #UNSIA #TeknologiInformasi #KuliahOnline #kuliahsambilkerja  created by Universitas Siber Asia with ella sikmacuy😹’s suara asli - Ellα, Mingyu's gf",9160,2026-07-01 04:17:47
7608453805000183047,https://www.tiktok.com/@univsiberasia/video/7608453805000183047,"Bulan penuh berkah telah tiba 🌙 Universitas Siber Asia mengucapkan selamat menunaikan ibadah puasa 1447 H. Semoga Ramadan kali ini membawa ketenangan hati, memperkuat iman, serta menghadirkan keberkahan dalam setiap langkah kita — baik dalam menuntut ilmu maupun menjalani kehidupan. Mari jadikan momen ini sebagai waktu terbaik untuk memperbaiki diri dan menebar kebaikan. #ramadhan2026 #kuliahsambilkerja #unsia  created by Universitas Siber Asia with Megan Yagami’s Ramadan Kareem",4429,2026-07-01 04:17:47
7605605160483556615,https://www.tiktok.com/@univsiberasia/video/7605605160483556615,"Keseruan di acara 6th Bandung Campus Update day 1🤩 Sisa 2 hari lagi nih Sobat UNSIA, yuk ke booth UNSIA No. 97 dari 11 Februari 2026 - 13 Februari 2026.. Dan serunya lagi dapatkan potongan UKT 500rb khusus acara 6th Bandung Campus Update 🥳🥳 #bcu #kuliahonline #unsia #kuliahsambilkerja #fyp  created by Universitas Siber Asia with DJ JELLY’s suara asli - DJ JELLY",20.4K,2026-07-01 04:17:47
7603301145112497426,https://www.tiktok.com/@univsiberasia/video/7603301145112497426,Wisuda sendiri ❌ Wisuda bareng pasanga ✅ #kuliahonline #kuliahsambilkerja #unsia #fyp  created by Universitas Siber Asia with Man Osman & Traffic Jam’s Bentang Jarak Asmara,6832,2026-07-01 04:17:47
7602935609195318546,https://www.tiktok.com/@univsiberasia/video/7602935609195318546,"Keseruan di acara Pameran Pekan Pendidikan Tinggi Jakarta (PPTJ) 🤩 Yuk, kunjungi Booth Universitas Siber Asia (UNSIA)  📍 Booth Nomor 108 🗓 04–06 Februari 2026 ⏰ 08.00 WIB – selesai 📌 Balai Kartini Jakarta Dapatkan informasi lengkap seputar program studi, sistem perkuliahan, hingga peluang masa depan bersama UNSIA. Dan khusus untuk kegiatan PPTJ dapatkan potongan sebesar 500rb lhoo.. Sampai ketemu di booth UNSIA ya!🤩 #kuliahonline #unsia #campusfair #fyp  created by Universitas Siber Asia with bocil replay’s suara asli - bocil replay",21.3K,2026-07-01 04:17:47
7600267486885334280,https://www.tiktok.com/@univsiberasia/video/7600267486885334280,"Wisuda ke 4 UNSIA Pada Minggu, 18 Januari 2026, Universitas Siber Asia (UNSIA) menyelenggarakan Wisuda Sarjana Periode II Tahun Akademik Genap 2024/2025. Pada wisuda keempat ini, UNSIA meluluskan sebanyak 879 wisudawan yang terdiri atas 318 wisudawan Program Studi Manajemen, 384 wisudawan Program Studi Akuntansi, 64 wisudawan Program Studi Sistem Informasi, 62 wisudawan Program Studi Informatika, dan 51 wisudawan Program Studi Ilmu Komunikasi. Wisuda keempat ini diselenggarakan secara hybrid. Dari total 879 wisudawan, sebanyak 495 wisudawan mengikuti prosesi wisuda secara daring, sedangkan 366 wisudawan mengikuti prosesi secara luring. Pelaksanaan wisuda secara luring bertempat di Auditorium Universitas Nasional (UNAS), Pasar Minggu, Jakarta Selatan. Tema wisuda kali adalah ""Sinergi Akademis dan Pembangunan Kawasan: Mencetak SDM Unggul & Cerdas Digital Menuju Indonesia Emas Tahun 2045"". Rektor UNSIA, Jang Youn Cho, Ph.D., dalam orasi ilmiahnya menekankan bahwa lulusan UNSIA adalah pionir di era Artificial General Intelligence (AGI). ""Anda tidak perlu bersaing dengan silikon; kembangkanlah apa yang bersifat biologis dan berjiwa,"" tegasnya. Beliau juga mengumumkan pencapaian luar biasa UNSIA sebagai hub World University Ranking for Innovation (WURI) di Indonesia serta rencana menjadi Google Reference University pertama dan pionir penggunaan AI untuk pendidikan di tanah air. Rektor menambahkan ""Jangan hanya menjadi 'pengguna' masa depan, jadilah 'inovator' masa depan. Di era AI ini, kecanggihan mesin justru membuat nilai kemanusiaan Anda semakin berharga... #unsia #kuliahonline #wisuda2026 #wisudaunsia #fyp  created by Universitas Siber Asia with Santiago Melo’s inside out theme",4026,2026-07-01 04:17:47
7600087650531413256,https://www.tiktok.com/@univsiberasia/video/7600087650531413256,Kuliah online? Why not? Memudahkan mahasiswa yang berkuliah sambil bekerja. UNSIA menerapkan pembelajaran 100% full online learning. Jadi bisa berkuliah dimana saja dan kapan saja tanpa mengganggu aktivitaa Sobat lho🥳 #unsia #kuliahsambilkerja #kuliahonline #fyp #UNSIAmendunia  created by Universitas Siber Asia with Pearlfection’s son original,485.2K,2026-07-01 04:17:47
7599945236479036690,https://www.tiktok.com/@univsiberasia/video/7599945236479036690,"Di UNSIA, kuliah bisa tetap jalan meskipun sambil kerja. Hari ini bukti nyatanya🥺 Next? Giliran Sobat UNSIA ya.. #kuliahsambilkerja #wisudaunsia #kampusonline #fypシ  created by Universitas Siber Asia with Sugarbrown19’s suara asli - Sugarbrown",316K,2026-07-01 04:17:47
7599567924491259154,https://www.tiktok.com/@univsiberasia/video/7599567924491259154,Jadi mau daftar di UNSIA atau ke Ragunan Kak?🤔 #kuliahonline #kuliahsambilkerja #fypシ゚  created by Universitas Siber Asia with Aphex Twin’s QKThr,9920,2026-07-01 04:17:47
7599227962826771720,https://www.tiktok.com/@univsiberasia/video/7599227962826771720,Kalau Sobat UNSIA dosen favoritnya siapa nih? Tulis di kolom komentar ya jawabannya🥳 #dosenfavorit #wisudawandanwisudawati #kuliahonline  created by Universitas Siber Asia with Baila Music’s original sound - Baila Music,6446,2026-07-01 04:17:47
7599183612050738450,https://www.tiktok.com/@univsiberasia/video/7599183612050738450,"Kalian nemu uang dijalan?  Pilihannya cuma 2, diambil atau ditukar sama biaya pendaftaran kuliah di UNSIA🤩 #kuliahonlinediunsia #kuliahonline #kuliahsambilkerja  created by Universitas Siber Asia with ✈️A7-BBH | MAN 🇬🇧’s Jet2 Advert",7015,2026-07-01 04:17:47
7599152619713481991,https://www.tiktok.com/@univsiberasia/video/7599152619713481991,"Kalau versi Sobat UNSIA, kenapa nih memilih UNSIA?🤔 Tulis jawabannya di kolom komentar yaa #kuliahonlinediunsia #jadibisa #fyp #wisuda  created by Universitas Siber Asia with gabut woi’s youre on your own kid",23.3K,2026-07-01 04:17:47
7598904115967610120,https://www.tiktok.com/@univsiberasia/video/7598904115967610120,"𝐔𝐍𝐒𝐈𝐀 𝐆𝐨𝐞𝐬 𝐓𝐨 𝐒𝐜𝐡𝐨𝐨𝐥 Pada 21 Januari 2026, UNSIA berkesempatan mengunjungi SMK Negeri 5 Jakarta dalam rangka kegiatan 𝐔𝐍𝐒𝐈𝐀 𝐆𝐨𝐞𝐬 𝐓𝐨 𝐒𝐜𝐡𝐨𝐨𝐥. Melalui kegiatan ini, UNSIA berbagi informasi, pengalaman, serta wawasan seputar dunia perkuliahan dan persiapan masa depan kepada para siswa. Terima kasih atas sambutan hangat dan antusiasme luar biasa dari siswa-siswi serta seluruh pihak SMK Negeri 5 Jakarta 🤍 Semoga kegiatan ini dapat menjadi langkah awal untuk terus berani bermimpi dan merancang masa depan sejak dini. #UNSIAGoesToSchool #kuliahonlinediunsia #kampusonline created by Universitas Siber Asia with Universitas Siber Asia’s original sound - Universitas Siber Asia",5319,2026-07-01 04:17:47
7598411604316704007,https://www.tiktok.com/@univsiberasia/video/7598411604316704007,"At least kamu percaya sama prosesmu sendiri. Dan hari ini, kamu berdiri sebagai lulusan  Universitas Siber Asia bangga jadi bagian dari perjalananmu. Selamat wisuda dan selamat melangkah ke cerita berikutnya 🤩 #kuliahonline  #GraduationDay  #wisudadiunsia #fyp  created by Universitas Siber Asia with Ultimate Music Page’s original sound",157.4K,2026-07-01 04:17:47
7598402134949858567,https://www.tiktok.com/@univsiberasia/video/7598402134949858567,"𝐔𝐍𝐒𝐈𝐀 𝐆𝐨𝐞𝐬 𝐓𝐨 𝐒𝐜𝐡𝐨𝐨𝐥 Pada 13 Januari 2026, UNSIA berkesempatan mengunjungi SMK Negeri 4 Jakarta dalam rangka kegiatan 𝐔𝐍𝐒𝐈𝐀 𝐆𝐨𝐞𝐬 𝐓𝐨 𝐒𝐜𝐡𝐨𝐨𝐥. Melalui kegiatan ini, UNSIA berbagi informasi, pengalaman, serta wawasan seputar dunia perkuliahan dan persiapan masa depan kepada para siswa. Terima kasih atas sambutan hangat dan antusiasme luar biasa dari siswa-siswi serta seluruh pihak SMK Negeri 4 Jakarta 🤍 Semoga kegiatan ini dapat menjadi langkah awal untuk terus berani bermimpi dan merancang masa depan sejak dini. #UNSIAGoesToSchool #kuliahonlinediunsia #kampusonline   created by Universitas Siber Asia with The Bamboos’s I Don't Wanna Stop",4690,2026-07-01 04:17:47
7595474111850089746,https://www.tiktok.com/@univsiberasia/video/7595474111850089746,Siapa nih Sobat UNSIA yang udah gasabar pengen wisuda?🧐🧐 #wisuda #kampusonline #fypシ゚  created by Universitas Siber Asia with dia’s EEEE A,8843,2026-07-01 04:17:47
7594384231409650962,https://www.tiktok.com/@univsiberasia/video/7594384231409650962,Siapa yang sudah ga sabar untuk wisuda?🧐 Sudah siapin konten untuk di acara wisuda nanti belum nih Sobat?🤩 #kampusonline #wisudaunsia #fyp  created by Universitas Siber Asia with tswiftmusic’s son original,24.9K,2026-07-01 04:17:47
7593570453021641992,https://www.tiktok.com/@univsiberasia/video/7593570453021641992,"Penerimaan Mahasiswa Baru Universitas Siber Asia (UNSIA) TELAH DIBUKA! Saatnya wujudkan mimpi kuliah dengan 100% full online, fleksibel, dan relevan dengan dunia kerja masa kini ✨ UNSIA hadir sebagai kampus siber yang mendukung kamu belajar dari mana saja. 📌 Yuk daftar sekarang di pmb.unsia.ac.id #penerimaanmahasiswabaru ##mabaunsia #fyp #kampusonline  created by Universitas Siber Asia with Dayah Modern Darul 'Ulum BNA’s original sound - Dayah Modern Darul 'Ulum BNA",18.4K,2026-07-01 04:17:47
7593567907330657554,https://www.tiktok.com/@univsiberasia/video/7593567907330657554,Siapa nih Sobat UNSIA yang sudah ga sabar wisuda🤩🤩 #persiapanwisuda #wisudaunsia #fyp  created by Universitas Siber Asia with Aku Jeje’s Lihat Kebunku (Taman Bunga),7330,2026-07-01 04:17:47
7592915172365389064,https://www.tiktok.com/@univsiberasia/video/7592915172365389064,"Sebentar lagi wisuda, yuk Sobat UNSIA persiapkan semuanya dari sekarang agar tidak ada yang tertinggal, dari administrasi, outfit, dokumentasi, dan mau ajak siapa ke wisuda nanti🤩 #persiapanwisuda #kuliahonlinediunsia #fyp  created by Universitas Siber Asia with Taylor Swift’s Opalite",19.4K,2026-07-01 04:17:47
7592897611250633992,https://www.tiktok.com/@univsiberasia/video/7592897611250633992,"Absen yuk, siapa yang sebentar lagi wisuda bareng bestie?🤩 #wisuda2026 #kampusonline #fyp #kuliahonlinediunsia #unsia  created by Universitas Siber Asia with Dr. Dog’s Where'd All the Time Go?",6441,2026-07-01 04:17:47
7591849994538274055,https://www.tiktok.com/@univsiberasia/video/7591849994538274055,"Bukan tentang seberapa mahal isi kadonya, tapi tentang tawa dan kebersamaan yang kita bagi💓 Momen New Year’s Greetings di lingkungan Universitas Siber Asia menjadi pengingat bahwa di balik layar pendidikan digital, ada koneksi nyata yang terus terjalin erat. Siap menyongsong tahun yang lebih produktif dan penuh prestasi! Apa harapan terbesar kamu di tahun ini? Share di kolom komentar ya! 🧐 #kelasonline #kampuslife #kuliahonlinediunsia #kerjasambilkuliah #fypシ  created by Universitas Siber Asia with One Direction’s Kiss You (Sharoque Remix)",5529,2026-07-01 04:17:47
7591109921207340306,https://www.tiktok.com/@univsiberasia/video/7591109921207340306,"Cuma mahasiswa UNSIA nih yang bisa kerja sambil kuliah, yang bisa kelas darimana saja dan kapan saja🤩 Gimana nih pengalaman Sobat UNSIA selama berkuliah di UNSIA? Yuk tulis jawabannya di kolom komentar yah🥳 #kuliahonlinediunsia #kelasonlinecheck  created by Universitas Siber Asia with brnmrcll.v1’s suara asli - Berlianmarcell",9597,2026-07-01 04:17:47
7589084920245456146,https://www.tiktok.com/@univsiberasia/video/7589084920245456146,"Pelatihan dan Sertifikasi Gemini Certified Education untuk Dosen dan Tendik UNSIA Pada hari Senin, 22 Desember 2025,Universitas Siber Asia mengadakan Workshop  dan Sertifikasi Gemini Certified Educator bagi dosen dan tenaga pendidikan, bertempat di Auditorium gedung UNSIA Ragunan Jakarta Selatan. Kegiatan ini bertujuan untuk meningkatkan kompetensi dosen dan tenaga kependidikan dalam pemanfaatan teknologi kecerdasan buatan (AI) serta ekosistem Google for Education guna mendukung proses pembelajaran dan tata kelola akademik yang lebih inovatif dan efektif. Workshop ini menghadirkan Tresna Agustian dan Andy Suhanto sebagai Google Certified Trainer, yang menyampaikan materi secara komprehensif terkait pemanfaatan Gemini dalam dunia pendidikan. Para peserta mendapatkan pembekalan teori sekaligus praktik langsung mengenai integrasi Gemini dan berbagai tools Google for Education dalam proses pembelajaran, kolaborasi, serta peningkatan produktivitas di lingkungan perguruan tinggi. Kegiatan ini disupport dengan kehadiran Olivia Husli Basrin, selaku Country Lead Google for Education Indonesia dan Malaysia, yang memberikan wawasan strategis mengenai transformasi digital pendidikan serta arah pengembangan teknologi Google for Education di kawasan regional. Kehadiran Olivia menjadi nilai tambah dan motivasi bagi para peserta untuk terus berinovasi dan beradaptasi dengan perkembangan teknologi global. Kegiatan ini turut dihadiri oleh Rektor UNSIA dan Wakil Rektor  UNSIA, yang menegaskan komitmen institusi dalam mendukung penguatan kapasitas sumber daya manusia melalui pelatihan dan sertifikasi berskala internasional. Melalui kegiatan ini, UNSIA menunjukkan keseriusannya dalam mendorong penerapan teknologi digital guna menciptakan ekosistem pendidikan yang unggul dan berdaya saing. Melalui rangkaian pelatihan, diskusi interaktif, serta proses sertifikasi, kegiatan ini diharapkan mampu meningkatkan kompetensi dosen dan twndik dalam mengimplementasikan Gemini secara optimal. Dengan demikian, UNSIA semakin siap menghadapi tantangan pendidikan di era digital dan mewujudkan pembelajaran yang adaptif, inovatif, dan berkelanjutan. #kuliahonlinediunsia  #unsianews #workshop #fyp  created by Universitas Siber Asia with Lykha Joyce’s original sound",5593,2026-07-01 04:17:47
7583915397561355538,https://www.tiktok.com/@univsiberasia/video/7583915397561355538,Buruan mending cobain ke Universitas Siber Asia aja ya #kuliahonline #kampusonline #fyp  created by Universitas Siber Asia with Universitas Siber Asia’s original sound - Universitas Siber Asia,9874,2026-07-01 04:17:47
7579856777068465415,https://www.tiktok.com/@univsiberasia/video/7579856777068465415,Kata-kata apa yang memotivasi Sobat UNSIA agar kembali bersemangat untuk kuliah?  Tulis jawabannya di kolom komentar ya.. #burnout #fyp #kampusonline #kuliahonline  created by Universitas Siber Asia with Diahh.’s suara asli - Diahh.,11.5K,2026-07-01 04:17:47
7579500915695029511,https://www.tiktok.com/@univsiberasia/video/7579500915695029511,"Sebelum masuk dunia perkuliahan, HATI-HATI sama 3 hal ini Solusi aman? Universitas Siber Asia  dong.  Kuliah 100% full online, biaya UKT terjangkau, akreditasi nasional & internasional  Yuk daftar sekarang juga di pmb.unsia.ac.id  #kuliahonline #kampuslife #fyp #kampusonline  created by Universitas Siber Asia with ArchiveAmhara’s original sound",14.4K,2026-07-01 04:17:47
7576563694356811026,https://www.tiktok.com/@univsiberasia/video/7576563694356811026,"𝐔𝐍𝐒𝐈𝐀 𝐇𝐚𝐝𝐢𝐫 𝐝𝐢 𝐄𝐗𝐏𝐎 𝐁𝐄𝐀𝐒𝐈𝐒𝐖𝐀 𝟐𝟎𝟐𝟓! Sabtu, 22 November 2025 | Nola Learning Center UNSIA mendapatkan kehormatan untuk turut serta dalam Expo Beasiswa yang diselenggarakan oleh Central Kristen Indonesia (CKI) — sebuah ruang inspiratif yang mempertemukan para pelajar dengan kesempatan pendidikan terbaik. Pada kesempatan ini, UNSIA hadir membawa kabar gembira: Beasiswa Khusus untuk Peserta EXPO! Setiap peserta yang hadir berkesempatan mendapatkan beasiswa eksklusif dari UNSIA sebagai bentuk dukungan terhadap mimpi dan masa depan mereka. Acara ini menjadi ajang yang penuh antusiasme, diskusi inspiratif, dan pertanyaan-pertanyaan dari peserta yang begitu bersemangat meraih pendidikan tinggi dengan akses yang lebih luas. Terima kasih kepada CCI atas undangannya, dan kepada seluruh peserta yang mampir ke booth UNSIA. Mari terus membuka pintu masa depan bersama UNSIA! 💙✨ #kuliahonlinediUNSIA #kuliahonline #ExpoBeasiswa2025 #fypシ  created by Universitas Siber Asia with Elfa's Singers’s Prahara Cinta",17.3K,2026-07-01 04:17:47
7572431256999300370,https://www.tiktok.com/@univsiberasia/video/7572431256999300370,"""Kita harus bisa mendalami apa yang kita dapat semasa kuliah"" Yuk absen dulu siapa yang kuliah sambil bekerja juga? Tulis di kolom komentar ya jawabanya Sobat 🥳 #kuliahonline #jurusankuliah #unsia #fyp  created by Universitas Siber Asia with Mostafa khafagy Videographer’s الصوت الأصلي",15.2K,2026-07-01 04:17:47
7571029436930231570,https://www.tiktok.com/@univsiberasia/video/7571029436930231570,Siapa nih Sobat UNSIA yang masih bingung mau masuk prodi apa di UNSIA?🧐 Yuk tulis di kolom komentar atau bisa DM Mimin ya🥳 #fyp #kuliahonline #mahasiswaindonesia #jurusankuliah  created by Universitas Siber Asia with Speed Songs’s Call me maybe sped,11K,2026-07-01 04:17:47
7569540401397386514,https://www.tiktok.com/@univsiberasia/video/7569540401397386514,"Sama-sama berjuang, sama-sama berprestasi! Kisah adik dan kakak ini membuktikan, fleksibilitas belajar di UNSIA bisa membawa mereka mencapai IPK 4.00 tanpa mengorbankan waktu dan impian. #kuliahonlinediunsia #fyp #kelasonline  created by Universitas Siber Asia with 𝙑𝙄𝙎𝘾𝙊𝙐𝙉𝙏🎧’s suara asli - 𝙑𝙄𝙎𝘾𝙊𝙐𝙉𝙏🎧",7809,2026-07-01 04:17:47
7568808482544127250,https://www.tiktok.com/@univsiberasia/video/7568808482544127250,Buruan mending cobain ke Universitas Siber Asia aja ya Sobat  #kuliahonlinediunsia #fyp #kelasonline #kuliahfullonline  created by Universitas Siber Asia with Enviphoria’s suara asli - Enviphoria HMTL UINSA,33.6K,2026-07-01 04:17:47
7566145680079670546,https://www.tiktok.com/@univsiberasia/video/7566145680079670546,Fun walk Dies Natalis UNSIA ke-5 telah usai🥳 Sampai jumpa di acara-acara UNSIA berikutnya ya Sobat UNSIA👋🏼 #kuliahonlinediunsia #diesnatalisunsia5 #fyp #kelasonline #mahasiswa  created by Universitas Siber Asia with vinn’s lebih baik,10.5K,2026-07-01 04:17:47
7564665742424149256,https://www.tiktok.com/@univsiberasia/video/7564665742424149256,"Sivitas Akademika : Selamat Dies Natalis UNSIA yang ke-5 Segenap sivitas akademika Universitas Siber Asia menyampaikan ucapan selamat kepada UNSIA yang pada tahun 2025 ini berulang tahun yang ke-5 dan puncak peringatannya di laksanakan pada hari Minggu, 19 Oktober 2025. Pada Dies Natalis ke 5 (Tahun 2025) ini banyak pencapaian yang telah diraih oleh UNSIA diantaranya adalah : Pada tahun 2025 ini, penerimaan Maba periode ganjil tahun akademik 2025/20256 mencapai 3.100 Mahasiswa baru, ini merupakan pencapaian yang cukup luar biasa, dan total mahasiswa UNSIA saat ini mencapai 7.000 lebih mahasiswa. Angka ini merupakan pencapaian yang luar biasa mengingat UNSIA baru hadir selama 5 tahun dan merupakan Perguruang Tinggi dengan metode full online. UNSIA pada tahun 2025 ini berhasil mencetak prestasi gemilang di kancah global. UNSIA resmi masuk dalam daftar The World University Rankings for Innovation (WURI) 2025, sebuah pemeringkatan internasional yang menyoroti kontribusi nyata perguruan tinggi terhadap inovasi, industri, dan pembangunan masyarakat. Masih ditahun 2025 ini UNSIA juga meraih prestasi sebanyak 15 Dosen Tetap UNSIA dinyatakan lulus Sertifikasi Dosen (Serdos) Gelombang 1 Tahun 2025. Capaian ini menjadi bukti nyata komitmen UNSIA dalam meningkatkan kualitas sumber daya manusia, khususny dosen tenaga pengajar yang profesional, kompeten, dan berdaya saing tinggi. Hal yang semakin membanggakan adalah, pada seleksi Serdos Gelombang 1 Tahun 2025, seluruh dosen UNSIA yang mengikuti seleksi, yaitu sebanyak 15 orang dosen, berhasil lulus 100%. Berikut video ucapan selamat Dies Natalis dari sivitas akademika untuk UNSIA…. #kuliahonlinediunsia  #diesnatalisunsia5  #unsiawithu #fyp  created by Universitas Siber Asia with Universitas Siber Asia’s original sound - Universitas Siber Asia",7424,2026-07-01 04:17:47
7564638375869697298,https://www.tiktok.com/@univsiberasia/video/7564638375869697298,"Halo Sobat UNSIA 👋🏼 Kenalan sama Kak Kanaka, sosok kreatif di balik karya keren. Keren banget kan? 😍 Terus semangat berkarya, Sobat UNSIA! #kuliahonlinediUNSIA #jadibisa #diesnatalisunsia #fyp  created by Universitas Siber Asia with Raisa’s Awal Kisah Selamanya (feat. Barsena Bestandhi)",6587,2026-07-01 04:17:47
7563614457943887122,https://www.tiktok.com/@univsiberasia/video/7563614457943887122,"Halo Sobat UNSIA Sunday vibes + happy steps! Minggu, 19 Oktober 2025 kemarin, Universitas Siber Aisa sukses gelar Fun Walk Dies Natalis ke-5 🎉 Ratusan langkah seru, senyum cerah, dan energi positif jadi bukti: kita melangkah lebih jauh & lebih kuat bersama #kuliahonlinediUNSIA #jadibisa #unsiawithu #fypage  created by Universitas Siber Asia with The Cardigans’s Lovefool",6202,2026-07-01 04:17:47
7560937534692265227,https://www.tiktok.com/@univsiberasia/video/7560937534692265227,Halo Sobat UNSIA👋🏼 Kapan lagi bisa kelas sambil mantai?🤩 Kalau Sobat UNSIA biasanya kalau lagi ada kelas sambil ngapain nih? Tulisa jawabannya di kolom komentar ya🥳 #kuliahfullonline #fypage  created by Universitas Siber Asia with Raisa’s Awal Kisah Selamanya (feat. Barsena Bestandhi),137.4K,2026-07-01 04:17:47
7560595483324943627,https://www.tiktok.com/@univsiberasia/video/7560595483324943627,Halo Sobat UNSIA Jangan lupa dicatat ya tips dari Kak Aira dan Kak Arfa mengenai anti grogi saat berbicara di depan umum🥳 #kuliahonline #kuliahfullonline #pensamakuunsia #fypage  created by Universitas Siber Asia with j’s original sound,5913,2026-07-01 04:17:47
7560573867899571468,https://www.tiktok.com/@univsiberasia/video/7560573867899571468,"PENSAMAKU TA Ganjil 2025/2026 Universitas Siber Asia pada hari Sabtu, 11 Oktober 2025, menyelenggarakan Pengenalan Sistem Akademik dan Kemahasiswaan Universitas (PENSAMAKU) untuk mahasiswa baru UNSIA. Kegiatan ini menandai dimulainya perkuliahan pada semester ganjil 2025/2026. Kegiatan pensamaku ini diselenggarakan secara hybrid dimana semua kegaiatan dipusatkan di ruang Multimedia Universitas Siber Asia, Ragunan Jakarta Selatan. PENSAMAKU dengan tema  Sustainable Student Journey : Penegenalan Kampus Sebagai Langkah Awal Keberlanjutan Akademik kali ini dibawakan oleh Aira dan Arfa  sebagai pemandu acara dan diisi dengan sambutan oleh Rektor, Prof. Jang Youn Cho, BA, MPA, Ph.D., CPA, Sambutan dari Warek II Bid. Adm Umum, SDM, Pemasaran dan Kerja Sama Ir. Abdul Wahab Bangkona, M.Sc. Penyematan jaket Almamater oleh Wakil Rektor I Bid. Akademik, Kemahasiswaan dan PPM Dr. Ucuk Darusalam, S.T., M.T  dan Warek II Bid. Adm Umum, SDM, Pemasaran dan Kerja Sama Ir. Abdul Wahab Bangkona, M.Sc. dilanjutkan dengan pemaparan sistem pendidikan online disampaikan oleh Wakil Rektor I Bid. Akademik, Kemahasiswaan dan PPM Dr. Ucuk Darusalam, S.T., M.T. dan dilanjutkan dengan penjelasan sistem pembelajaran oleh Kepala Biro Pusat Keunggulan Pengajaran Online dan Pengembangan Kurikulum Ratih Anggoro Wilis, S.E., M.M dan Kepala Biro Administrasi Akademik Muhammad Ikhwani Saputra, S.Kom., M.Kom. Selanjutnya kegiatan PENSAMAKU diisi dengan penyampaian materi terkait Kemahasiswaan, Karir Masa Depan, dan Keuangan oleh Kepala Biro Kemahasiswaan, Kerjasama Internasional dan Tri Darma Dian Metha Ariyanti, S.Sos., M.Si, Kepala Biro Pengembangan Karir Masa Depan Tri Tania Amarilis Amry, S.Psi, M.Sc. dan Kepala Biro Administrasi Keuangan Vera Liliana, S.E., M.Ak. dan dilanjutkan dengan penjelasan mengenai Learning Management System/LMS yang disampaikan oleh Novi Dian Nathasia, S.Kom., MMSI, Kepala Badan Pengelolaan dan Pengembangan Teknologi Informasi beserta Putri Amelia, S.Kom.  Kegiatan PENSAMAKU ini diikuti oleh sekitar 2000an mahasiswa dari total 3.063 mahasiswa baru pada periode ganjil 2025 ini, dan diikuti juga oleh Dosen dan Tenaga Pendidikan UNSIA. Disela sela acara juga diadakan fun games, sesi tanya jawab dan breakout room yang bertujuan agar mahasiswa baru lebih mengenal lagi prodinya masing-masing. Kepada seluruh mahasiswa baru selamat bergabung dan menjadi keluarga besar UNSIA… #pensamaku #maba #kuliahonline #kampusonline #kuliahfullonline created by Universitas Siber Asia with Back 2 R&B ✨’s original sound",7710,2026-07-01 04:17:47
7556551031618948364,https://www.tiktok.com/@univsiberasia/video/7556551031618948364,"Dalam rangka Hari Batik Nasional, yuk kita kenakan batik terbaik kita! Tunjukkan kebanggaan sebagai bagian dari Indonesia yang kaya budaya! #OOTD Sobat UNSIA hari ini udah batik belum? #kuliahonlinediunsia #haribatiknasional #fyp  created by Universitas Siber Asia with Yura Yunita’s Bandung",7606,2026-07-01 04:17:47
7555727081657699640,https://www.tiktok.com/@univsiberasia/video/7555727081657699640,"Pov Dosen UNSIA ikutan trend ""Tepuk Sakinah""  Energi para dosen UNSIA bener-bener pecah, gaada habisnya, kalian setuju ngga nih?🤩 #kuliahonlinediunsia #fyp #tepuksakinah  created by Universitas Siber Asia with KUA Menteng’s suara asli - KUA Menteng",6308,2026-07-01 04:17:47
7555723450053070091,https://www.tiktok.com/@univsiberasia/video/7555723450053070091,"Keseruan pada saat PKM di Desa Tarumajaya, Pangalengan, Bandung. Ada dosen favorit sobat UNSIA ga nih?  Tulis di kolom komentar ya🤩 #kuliahonline #kuliahonlinediunsia #fyp  created by Universitas Siber Asia with 🪐💫✨’s original sound - 🪐💫✨",5167,2026-07-01 04:17:47
7555370241857948939,https://www.tiktok.com/@univsiberasia/video/7555370241857948939,"UNSIA – LONSUM Memberikan Penyuluhan Teknis Kepada UMKM di Desa Tarumajaya Universitas Siber Asia (UNSIA) bekerja sama dengan PT. PP London Sumatra Indonesia Tbk (LONSUM) menyelenggarakan kegiatan penyuluhan teknis bagi pelaku Usaha Mikro, Kecil, dan Menengah (UMKM) di Desa Tarumajaya, Kecamatan Kertasari, Kabupaten Bandung, Jawa Barat, pada Jumat, 26 September 2025. Kegiatan ini merupakan bagian dari Pengabdian Kepada Masyarakat (PKM) Universitas Siber Asia yang berfokus pada pemberdayaan masyarakat di sekitar perkebunan dan pabrik teh milik PT. LONSUM, khususnya masyarakat Desa Tarumajaya yang banyak menggantungkan perekonomiannya pada sektor pertanian dan usaha kecil. Dengan mengangkat tema “Pemberdayaan UMKM melalui Inovasi Digital, Kreativitas, dan Manajemen Bisnis yang Efektif”, kegiatan ini menghadirkan dosen dan mahasiswa UNSIA dari lima program studi yang menyajikan materi sesuai bidang keilmuan masing-masing: Program Studi Komunikasi: Strategi Promosi dan Komunikasi Bisnis UMKM melalui Optimalisasi Media Sosial. Program Studi Sistem Informasi: Pelatihan Pemanfaatan Aplikasi Kasir untuk Efisiensi Operasional UMKM. Program Studi Informatika: Penerapan Prompt Engineering untuk Mendukung Layanan UMKM. Program Studi Manajemen: Inovasi Socialpreneur: Pemberdayaan Masyarakat Desa melalui UMKM Digital. Program Studi Akuntansi: Penyusunan Laporan Keuangan sebagai Evaluasi Kinerja Usaha UMKM. Melalui penyuluhan ini, pelaku UMKM mendapatkan wawasan terkait strategi pemasaran digital, pemanfaatan teknologi untuk meningkatkan produktivitas, inovasi model bisnis, hingga pentingnya pengelolaan keuangan yang transparan dan terukur. Sesi diskusi dan tanya jawab berlangsung aktif, di mana para peserta UMKM tidak hanya menyampaikan pengalaman serta tantangan yang mereka hadapi, tetapi juga mendapatkan solusi langsung dari para pemateri. Antusiasme masyarakat terlihat dari banyaknya pertanyaan yang diajukan, mulai dari cara memaksimalkan media sosial untuk pemasaran produk, penggunaan aplikasi kasir yang sederhana, hingga strategi agar usaha tetap bertahan di tengah persaingan. Sampai bertemu di PKM berikutnya... #kuliahonline #kuliahonlinediunsia  #fyp  created by Universitas Siber Asia with Pdubcookin’s pdubcookin shake it to the max flip",4594,2026-07-01 04:17:47
7551276779915218182,https://www.tiktok.com/@univsiberasia/video/7551276779915218182,"""Yes i'm the winner"" versi kamu apa nih Sobat UNSIA? Tulis di kolom komentar ya🤩 created by Universitas Siber Asia with Raisa’s Awal Kisah Selamanya (feat. Barsena Bestandhi)",17.5K,2026-07-01 04:17:47
7550588898452376837,https://www.tiktok.com/@univsiberasia/video/7550588898452376837,Siapa nih yang sudah ga sabar menunggu perkuliahan dimulai? Yuk tulis di kolom komentar ya 🧐🥳 #kuliahonlinediunsia #fyp #kuliahonline #PelajarBerkumpulBertumbuh  created by Universitas Siber Asia with Chemo Labetubun_21’s suara asli - Chemo_21,5618,2026-07-01 04:17:47
7549045271880322309,https://www.tiktok.com/@univsiberasia/video/7549045271880322309,"Halo Sobat UNSIA👋🏼 Sudah tahu belum nih kalau Kak Annisya Andrianti, yang merupakan alumni UNSIA dari prodi Manajemen adalah brand ambassador UNSIA lho🤩 #kuliahonline #kuliahonlinediunsia #fypシ #kampusdigital  created by Universitas Siber Asia with PinkPantheress’s Illegal",5993,2026-07-01 04:17:47
7548676194611301688,https://www.tiktok.com/@univsiberasia/video/7548676194611301688,Pilihan yang tepat ya kuliah di Universitas Siber Asia🤩 Siapa saja nih mahasiswa baru semester ganjil 2025/2026? Yuk tulis di kolom komentar🥳 #kuliahonline #kuliahonlinediunsia #fypシ #kampusonline #penerimaanmahasiswabaruUNSIA  created by Universitas Siber Asia with Trendformusic’s son original,8797,2026-07-01 04:17:47
7545408606439607558,https://www.tiktok.com/@univsiberasia/video/7545408606439607558,"Kisah Inspiratif Kak Melani yang naik truk keripik singkong dari Salatiga ke Kampus UNSIA yang berada di Jakarta Selatan, yang menempuk jarak kurang lebih 10 jam untuk menyelesaikan tugas akhirnya. Semoga perjuangan Kak Melani tidak sia-sia dan diberikan kemudahan dalam menyelesaikan tugas akhirnya di Universitas Siber Asia. #kisahinspirasi #kuliahonline #kuliahonlinediunsia #fypシ  created by Universitas Siber Asia with NAPA’s Deslocado",5628,2026-07-01 04:17:47
7545405590168915206,https://www.tiktok.com/@univsiberasia/video/7545405590168915206,"Keseruan pada saat Jakarta Festival UNSIA pada Sabtu, 23 Agustus 2025🤩🥳 siapa nih yang ikut di acara Jakarta Festival UNSIA??? Yuk tulis di kolom komentar 💃🏼 #kuliahonline #kuliahonlinediunsia #fypシ  created by Universitas Siber Asia with bethan mccoy’s original sound",4371,2026-07-01 04:17:47
7543553899857317126,https://www.tiktok.com/@univsiberasia/video/7543553899857317126,"Halo Sobat UNSIA 👋🏼 Gerak indah penuh makna, perjuangan yang berbuah juara! Selamat kepada Kak Puri sang juara lomba tari tradisional UNSIA Talent Show 2025✨ #kampusonline  #kampusdigital #kuliahonlinediunsia #unsiajakartafestival #fyp  created by Universitas Siber Asia with Chemo Labetubun_21’s suara asli - Chemo_21",4252,2026-07-01 04:17:47
7542738801592896774,https://www.tiktok.com/@univsiberasia/video/7542738801592896774,Pesona para hadirin di UNSIA Jakarta Festival di Universitas Siber Asia 🤩 Tentunya masih banyak lagi yang belum tersorot  #kampusonline #kampusdigital #unsiajakartafestival #kuliahonlinediunsia #fypシ゚viral  created by Universitas Siber Asia with JACSON ZERAN’s suara asli - Jacson Zeran,4401,2026-07-01 04:17:47
7542438374221630776,https://www.tiktok.com/@univsiberasia/video/7542438374221630776,Join now and don't forget to register at pmb.unsia.ac.id 🥳🤩🥳 #kampusonline #kuliahonline #kampusdigital #kuliahonlinediunsia #mahasiswabaru  created by Universitas Siber Asia with PinkPantheress’s Illegal,3909,2026-07-01 04:17:47
7542434450760617222,https://www.tiktok.com/@univsiberasia/video/7542434450760617222,"UNSIA Jakarta Festival Pada hari Sabtu, 23 Agustus 2025, Universitas Siber Asia menggelar acara Puncak UNSIA Jakarta Festival yang bertempat di Gedung Universitas Siber Asia, Ragunan, Jakarta Selatan. Acara ini diselenggarakan secara hybrid, sehingga dapat diikuti baik secara langsung maupun online oleh peserta dari berbagai daerah dan luar negeri. Kegiatan ini menjadi puncak dari rangkaian UNSIA Jakarta Festival yang telah berlangsung sejak Juli 2025. Festival ini diinisiasi UNSIA sebagai upaya memperkuat keterhubungan antara sivitas akademika dengan masyarakat luas, khususnya para siswa SMA/SMK. Melalui beragam kompetisi yang digelar, UNSIA membuka ruang bagi generasi muda untuk menyalurkan kreativitas, bakat, serta semangat kolaboratif. Acara puncak ini diisi oleh, Sambutan dari Rektor UNSIA, Jang Youn Cho, BA, MPA, Ph.D., CPA, dan Wakil Rektor Bidang Akademik, Penelitian, dan Pengabdian kepada Masyarakat, Dr. Ucuk Darusalam, ST., MT., Talk Show Kemahasiswaan, Soft Launching ICEMS, Pengumuman dan Penampilan pemenang lomba Tari, Paduan Suara, dan Video Reels. Untuk pemenang lomba Tari, Paduan suara dan Video reels selain mendapatkan hadiah uang tunai, beasiswa, piala dan sertifikat. Untuk kedepannya UNSIA Festival akan dilaksanakan di beberapa wilayah di Indonesia. Sampai bertemu di UNSIA Festival berikutnya… #kuliahonline #kampusonline #kuliahfullonline #kampussiber #kampusdigital created by Universitas Siber Asia with SILET OPEN UP & Jacson Seran & Juan Reza & Diva Aurel’s TABOLA BALE",3505,2026-07-01 04:17:47
7541319541071072568,https://www.tiktok.com/@univsiberasia/video/7541319541071072568,Ko bisa tiba-tiba wisuda? Bisa dong kan kuliahnya asik soalnya🥳💃🏼 Tunggu apalagi yuk daftar sekarang di pmb.unsia.ac.id  #kuliahonlinediunsia #jadibisa #penerimaanmahasiswabaruUNSIA #mahasiswabaru  created by Universitas Siber Asia with Mickeyy’s suara asli - Mickeyy🐭,13.1K,2026-07-01 04:17:47
7540230215268666680,https://www.tiktok.com/@univsiberasia/video/7540230215268666680,"𝐒𝐞𝐥𝐚𝐦𝐚𝐭 𝐮𝐥𝐚𝐧𝐠 𝐭𝐚𝐡𝐮𝐧 𝐑𝐞𝐤𝐭𝐨𝐫  𝐔𝐍𝐒𝐈𝐀 𝐏𝐫𝐨𝐟. 𝐉𝐚𝐧𝐠 𝐘𝐨𝐮𝐧 𝐂𝐡𝐨, 𝐁𝐀, 𝐌𝐏𝐀, 𝐏𝐡.𝐃., 𝐂𝐏𝐀 Semoga panjang umur, sehat selalu, dan senantiasa diberkahi dalam setiap langkah untuk membawa UNSIA semakin maju 🥳 Yuk tulis di kolom komentar harapan untuk Prof. Cho 🤩 #kuliahonlinediunsia #fyp #rektorunsia #jadibisa created by Universitas Siber Asia with Nomi’s suara asli - Nomi",5003,2026-07-01 04:17:47
7539404048823242040,https://www.tiktok.com/@univsiberasia/video/7539404048823242040,"🇮🇩 𝐃𝐈𝐑𝐆𝐀𝐇𝐀𝐘𝐔 𝐑𝐄𝐏𝐔𝐁𝐋𝐈𝐊 𝐈𝐍𝐃𝐎𝐍𝐄𝐒𝐈𝐀 𝐊𝐄-𝟖𝟎!🇮🇩 Semangat kemerdekaan selalu menjadi pengingat bagi kita untuk terus berjuang, melangkah maju, dan mewujudkan cita-cita. Begitu pula di dunia pendidikan, kemerdekaan adalah kesempatan untuk belajar, berkembang, dan meraih masa depan yang gemilang. Dalam rangka memperingati HUT RI ke-80, PPMB Universitas Siber Asia menghadirkan promo spesial bagi calon mahasiswa baru! 🎉 📌 Promo Kemerdekaan UNSIA 🗓️ Periode: 17 – 28 Agustus 2025 🎓 Jalur: Reguler 💸 Benefit: 𝐆𝐑𝐀𝐓𝐈𝐒 𝐛𝐢𝐚𝐲𝐚 𝐟𝐨𝐫𝐦𝐮𝐥𝐢𝐫 𝐩𝐞𝐧𝐝𝐚𝐟𝐭𝐚𝐫𝐚𝐧 Kesempatan ini hanya berlaku selama periode promo berlangsung, jadi jangan lewatkan peluang untuk menjadi bagian dari keluarga besar UNSIA. 𝐈𝐧𝐟𝐨 𝐩𝐞𝐧𝐝𝐚𝐟𝐭𝐚𝐫𝐚𝐧 𝐛𝐢𝐬𝐚 𝐜𝐞𝐤 𝐦𝐞𝐥𝐚𝐥𝐮𝐢 𝐖𝐞𝐛𝐬𝐢𝐭𝐞: 🌐pmb.unsia.ac.id Follow akun Instagram kami: @univsiberasia ppmbunsia_official Atau 𝐇𝐮𝐛𝐮𝐧𝐠𝐢 𝐓𝐢𝐦 𝐀𝐝𝐦𝐢𝐬𝐬𝐢𝐨𝐧 𝐤𝐚𝐦𝐢 : 📱Rizka (+62)812-9554-4717 📱Holis (+62)812-1898-7353 📱Sofi (+62)877-1574-4747 📱Fian (+62)815-1469-6934 Kami tunggu kabar baiknya untuk bergabung di UNSIA🙌 #KuliahOnlinediUNSIA #JadiBisa #penerimaanmahasiswabaruUNSIA #fypシ  created by Universitas Siber Asia with 🎶🎧’s original sound",5098,2026-07-01 04:17:47
7537927151908179256,https://www.tiktok.com/@univsiberasia/video/7537927151908179256,"✨ 𝐔𝐍𝐒𝐈𝐀 𝐉𝐚𝐤𝐚𝐫𝐭𝐚 𝐅𝐞𝐬𝐭𝐢𝐯𝐚𝐥 𝟐𝟎𝟐𝟓 ✨🇮🇩 Tahun ini, Universitas Siber Asia (UNSIA) mengajak Sobat UNSIA untuk memeriahkan HUT Kemerdekaan RI ke-80 lewat ""𝐔𝐍𝐒𝐈𝐀 𝐉𝐚𝐤𝐚𝐫𝐭𝐚 𝐅𝐞𝐬𝐭𝐢𝐯𝐚𝐥 𝟐𝟎𝟐𝟓"" yang akan dilaksanakan pada:   Hari, Tanggal: Sabtu, 23 Agustus 2025 Waktu: 08.00 WIB - selesai Media : Hybrid (onsite dan online) Tempat Onsite : Kampus UNSIA Media Online: Zoom Meeting (link will be update soon) Apa saja yang bakal seru di sini? 𝟏. 𝐔𝐍𝐒𝐈𝐀 𝐓𝐚𝐥𝐞𝐧𝐭 𝐒𝐡𝐨𝐰 Ajang pencarian bakat untuk siswa SMA/SMK. Tunjukkan talenta terbaikmu dengan mengikuti lomba menyanyi, menari tradisional maupun modern, dan lomba produksi video reels dan raih hadiah totalnya sebesar 60 jt. 𝟐. 𝐒𝐞𝐦𝐚𝐫𝐚𝐤 𝐔𝐍𝐒𝐈𝐀  Acara spesial untuk mahasiswa, alumni, dan tenaga kependidikan UNSIA. Akan ada lomba-lomba seru, games kebersamaan, dan hadiah menarik yang siap bikin harimu lebih meriah! 𝟑. 𝐒𝐭𝐮𝐝𝐞𝐧𝐭 & 𝐀𝐥𝐮𝐦𝐧𝐢 𝐆𝐚𝐭𝐡𝐞𝐫𝐢𝐧𝐠 Momen hangat untuk bertemu kembali. Berbagi kisah, memperluas koneksi, dan mempererat tali persaudaraan antar civitas akademika UNSIA.📍  Catat tanggalnya!! 📲 Info lebih lanjut:  Hotline Kemahasiswaan UNSIA (0877-500-700-50) #UNSIAJakartaFestival  #HUTRI80  #kuliahonlinediUNSIA  #GatheringUNSIA #fyp  created by Universitas Siber Asia with Beachcrimes & Tia Tia’s Elevator",4242,2026-07-01 04:17:47
7536141303923494149,https://www.tiktok.com/@univsiberasia/video/7536141303923494149,"𝗛𝗮𝗹𝗼 𝗦𝗼𝗯𝗮𝘁 𝗨𝗡𝗦𝗜𝗔 👋  𝐔𝐍𝐒𝐈𝐀 𝐆𝐎𝐄𝐒 𝐓𝐎 𝐌𝐀𝐊𝐀𝐒𝐒𝐀𝐑 - 𝟑𝟎 𝐉𝐮𝐥𝐢 𝟐𝟎𝟐𝟓 UNSIA berkesempatan mengadakan student gathering  hangat di Warung Ropang Perintis, Makassar. Acara ini dihadiri beberapa mahasiswa UNSIA yang penuh semangat dan perwakilan dari UNSIA yaitu Kaprodi Komunikasi, Rosanah, S.S., M.I.Kom untuk berbagi cerita, pengalaman, serta mempererat silaturahmi.  Terima kasih banyak kepada teman-teman yang sudah menyempatkan hadir di tengah kesibukan masing-masing. Kehadiran kalian membuat suasana semakin hangat dan bermakna.  Sampai jumpa di kesempatan berikutnya, dan semoga kita bisa terus terhubung, di manapun kita berada!  #kuliahonlinediunsia #StudentGathering2025 #GatheringIntimMakassar #PelajarBerkumpulBertumbuh #makassar #infokuliahonline  created by Universitas Siber Asia with Universitas Siber Asia’s original sound - Universitas Siber Asia",4581,2026-07-01 04:17:47
7535733515556605189,https://www.tiktok.com/@univsiberasia/video/7535733515556605189,"Ayahku Sekaligus Kakak Tingkatku di Kampus Belajar tidak pernah mengenal batas usia, ruang, dan waktu. Semangat inilah yang tercermin dari kisah inspiratif antara Alghazali dan putrinya, Bintang. Ayah dan anak yang menempuh pendidikan tinggi di kampus yang sama: Universitas Siber Asia (UNSIA). Alghazali, seorang mahasiswa Program Studi Manajemen Universitas Siber Asia, telah menyelesaikan studinya dan diwisuda pada periode kedua, 8 Desember 2024. Perjalanan pendidikannya bukan hanya menjadi pencapaian pribadi, tetapi juga menjadi motivasi besar bagi sang putri. Tidak lama berselang, Bintang, sang anak yang mengikuti jejak sang ayah, menyusul menyelesaikan pendidikannya di UNSIA dan diwisuda pada periode ketiga yang berlangsung pada 26 Juli 2025, bertempat di Auditorium UNAS, Pasar Minggu, Jakarta Selatan. Kisah ini bukan sekadar cerita tentang ayah dan anak yang sama-sama berkuliah. Ini adalah cermin dari semangat belajar seumur hidup, dedikasi terhadap pendidikan, dan nilai-nilai keluarga yang saling mendukung dan menginspirasi. Di tengah kesibukan dan peran sebagai kepala keluarga, Alghazali membuktikan bahwa pendidikan tetap bisa diraih. Sementara itu, Bintang, sebagai generasi muda, tidak hanya mendapatkan ilmu, tetapi juga teladan langsung dari sosok ayah yang juga pernah menjadi kakak tingkatnya di kampus. Universitas Siber Asia, sebagai perguruan tinggi berbasis full online, menjadi wadah yang inklusif dan fleksibel bagi siapa saja yang ingin belajar, tanpa memandang usia atau status. Kisah Alghazali dan Bintang membuktikan bahwa belajar adalah perjalanan lintas generasi yang bisa ditempuh bersama, saling menguatkan, dan meninggalkan jejak inspirasi bagi banyak orang. #kuliahonline #kampusonline #kuliahfullonline #kampussiber #kampusdigital #unsia #UNSIA #UNSIANews #wisuda created by Universitas Siber Asia with 👀’s original sound",35.7K,2026-07-01 04:17:47
7535021597208497464,https://www.tiktok.com/@univsiberasia/video/7535021597208497464,"Kuliah ya mending langsung ke Universitas Siber Asia aja, yuk daftarkan diri Sobat cukup melalui website UNSIA di pmb.unsia.ac.id #kuliahonlinediunsia  #jadibisa  #fypage  created by Universitas Siber Asia with Mario A’s Wanting You Is Not a Crime (Acoustic)",7537,2026-07-01 04:17:47
7532341706029616440,https://www.tiktok.com/@univsiberasia/video/7532341706029616440,Ya jelas langsung pilih Universitas Siber Asia dong 😎 #kuliahonlinediunsia #onlineclasses #fypage  created by Universitas Siber Asia with Maman Fvndy’s Stecu Stecu,6471,2026-07-01 04:17:47
7531972672012422406,https://www.tiktok.com/@univsiberasia/video/7531972672012422406,"Joanne Landy Tantreece : Sad To Dramatic Inspiring Wisudawan terbaik yang mewakili wisudawan untuk menyampaikan speech saat Wisuda Sarjana UNSIA Sabtu, 26 Juli 2025. Selamat Joanne…. #kuliahonline #kampusonline #kuliahfullonline #kampussiber #kampusdigital #unsia #UNSIA #fyp #wisuda  created by Universitas Siber Asia with SZA’s Open Arms",61.6K,2026-07-01 04:17:47
7527166069002226950,https://www.tiktok.com/@univsiberasia/video/7527166069002226950,Kesempatan terakhir untuk mendapatkan potongan UKT!! created by Universitas Siber Asia with Universitas Siber Asia’s suara asli - Universitas Siber Asia,1.1M,2026-07-01 04:17:47
7527165777322020102,https://www.tiktok.com/@univsiberasia/video/7527165777322020102,Kapan lagi sarjana bisa dari rumah saja created by Universitas Siber Asia with Universitas Siber Asia’s suara asli - Universitas Siber Asia,21.2K,2026-07-01 04:17:47
7524639523259583800,https://www.tiktok.com/@univsiberasia/video/7524639523259583800,Definisi apapun dikerjain selain skripsi... Hayo siapa juga yang seperti ini?🤔 #kuliahonline #fyp  #jadibisa  created by Universitas Siber Asia with masganee’s Jaithep Raroengjai_Grandma Home,4094,2026-07-01 04:17:47
7524237245839150392,https://www.tiktok.com/@univsiberasia/video/7524237245839150392,"𝗛𝗮𝗹𝗼 𝗦𝗼𝗯𝗮𝘁 𝗨𝗡𝗦𝗜𝗔 👋  𝐌𝐨𝐦𝐞𝐧 𝐈𝐧𝐭𝐢𝐦𝐚𝐭𝐞 𝐝𝐢 𝐒𝐭𝐮𝐝𝐞𝐧𝐭 𝐆𝐚𝐭𝐡𝐞𝐫𝐢𝐧𝐠 𝐉𝐚𝐰𝐚 𝐓𝐞𝐧𝐠𝐚𝐡 –𝗥𝗮𝗯𝘂, 𝟐𝟓 𝐉𝐮𝐧𝐢 𝟐𝟎𝟐𝟓  ""Kadang, kebersamaan yang paling berkesan justru hadir dalam skala kecil"". Pada 25 Juni 2025, Mahasiswa-mahasiswa UNSIA yang berapa di daerah Jawa Tengah berkumpul dalam acara student gathering yang hangat, akrab, dan penuh makna. ✨ Dalam suasana yang intim, setiap peserta punya ruang untuk berbagi cerita, bertukar ide, dan membangun koneksi yang lebih dalam, serta suasana yang hangat dan penuh semangat. Terima kasih untuk semua yang hadir dan ikut menciptakan pengalaman yang autentik dan inspiratif. Sampai bertemu di kesempatan berikutnya! 💬🌱 #kuliahonlinediunsia #StudentGathering2025 #GatheringIntimJateng #PelajarBerkumpulBertumbuh #fypシ #yogyakarta #toeanwatimanjogja  created by Universitas Siber Asia with music ୨ৎ’s original sound",3244,2026-07-01 04:17:47
7522768754594352440,https://www.tiktok.com/@univsiberasia/video/7522768754594352440,"Partisipasi UNSIA pada Kirab Pusaka Keraton Kasunanan Surakarta Hadiningrat… Universitas Siber Asia turut ambil bagian dalam prosesi sakral Kirab Pusaka Malam 1 Suro, yang digelar oleh Keraton Kasunanan Surakarta Hadiningrat pada Kamis malam, 26 Juni 2025. Momen ini sekaligus menandai pergantian Tahun Baru Jawa, 1 Sura 1959 dalam kalender Jawa, yang memiliki makna mendalam bagi masyarakat Jawa sebagai peristiwa kontemplatif, spiritual, dan historis. UNSIA diwakili oleh Rektor UNSIA, Jang Youn Cho, BA, MPA, Ph.D., CPA, yang didampingi oleh Wakil Rektor I, Dr. Ucuk Darusalam, ST., MT, serta Wakil Rektor II, Ir. Abdul Wahab Bangkona, M.Sc. Turut serta pula jajaran struktural universitas, dosen tetap, serta tenaga kependidikan, sebagai bentuk dukungan institusional terhadap pelestarian nilai-nilai luhur bangsa. Prosesi kirab diawali dengan doa bersama di lingkungan Keraton, memohon keselamatan dan kesejahteraan bagi masyarakat dan negeri. Selanjutnya, kirab dilangsungkan dalam suasana hening dan khidmat, dipimpin oleh kerbau albino ""Kyai Slamet"" yang dipercaya sebagai cucuk lampah (penuntun jalan) yang membawa aura suci dan berkah. Iring-iringan pusaka keraton kemudian menyusuri jalanan kota Surakarta sepanjang malam hingga menjelang fajar. Prosesi ini diyakini menyatukan perjalanan waktu antara masa lalu (Atita), masa kini (Atiki), dan masa depan (Anagata), menjadikannya refleksi spiritual atas perjalanan hidup sekaligus permohonan untuk perlindungan dan kemakmuran. Tidak kurang dari 5.000 peserta, yang terdiri atas warga, tokoh adat, pemuka agama, budayawan, hingga wisatawan mancanegara, mengikuti kirab ini dengan penuh hormat. Atmosfer malam yang sunyi dan sakral memberi kesan mendalam bagi siapa pun yang hadir, mempererat rasa kebangsaan dan kecintaan terhadap warisan budaya. Partisipasi UNSIA dalam kegiatan ini merupakan wujud nyata dari komitmen kampus dalam membangun koneksi antara pendidikan tinggi dan warisan budaya, serta memperkuat kolaborasi lintas institusi demi membangun masa depan yang berakar kuat pada identitas bangsa.  #kuliahonline #kampusonline #kuliahfullonline #kampussiber #kampusdigital #unsia #UNSIA #usia news #kirabpusakasolo  #solo #karatonsurakartahadiningrat  created by Universitas Siber Asia with FASSounds’s Gamelan Symphony",3632,2026-07-01 04:17:47
7522002941994093830,https://www.tiktok.com/@univsiberasia/video/7522002941994093830,Perempuan harus bisa multitasking? Apakah Sobat UNSIA pernah ngerasain posisi seperti ini? Tulis di kolom komentar ya jawabannya☺️ #kuliahonline #jadibisa #bekerjasambilkuliah #fypシ  created by Universitas Siber Asia with Nadhif Basalamah’s bergema sampai selamanya,4180,2026-07-01 04:17:47
7516480220715552006,https://www.tiktok.com/@univsiberasia/video/7516480220715552006,"𝐇𝐚𝐥𝐨 𝐒𝐨𝐛𝐚𝐭 𝐔𝐍𝐒𝐈𝐀👋 𝐒𝐓𝐔𝐃𝐄𝐍𝐓 𝐆𝐀𝐓𝐇𝐄𝐑𝐈𝐍𝐆 – 𝐔𝐍𝐒𝐈𝐀 𝐆𝐨𝐞𝐬 𝐓𝐨 𝐂𝐞𝐧𝐭𝐫𝐚𝐥 𝐉𝐚𝐯𝐚  Teruntuk Sobat UNSIA yang berdomisili atau sedang berada di Jawa Tengah dan Yogyakarta; Yuk, ikut kumpul bareng secara langsung.  Momen untuk saling mengenal lebih dekat, mempererat tali silaturahmi, dan merayakan kebersamaan bersama civitas akademika UNSIA baik antara mahasiswa, dosen, staf, hingga pimpinan. Acara ini 𝑭𝑹𝑬𝑬  tanpa dipungut biaya. Cukup siapkan transportasi dan akomodasimu sendiri, dan jangan lupa bawa perlengkapan ibadah pribadi supaya makin nyaman selama acara. STUDENT GATHERING UNSIA akan dilaksanakan pada: 📅 Rabu 25 Juni 2025 🕓 16.00-18.00 👥 Media : Onsite 📍 Lokasi : Toean Watiman Resto 🏷️ Daftarkan dirimu segera juga melalui link berikut : https://bit.ly/StudentGatheringJatengJogja-UNSIA-2025 Pendaftaran dibuka hingga Minggu, 22 Juni 2025 pukul 21.00 WIB . Kuota terbatas, pendaftaran akan ditutup jika sudah penuh Untuk Informasi lebih lanjut dan pendaftaran : 📲 +62 877-500-700-50 (Hotline Kemahasiswaan UNSIA) Terima kasih dan sampai jumpa di acara Student Gathering 🤗 #KuliahOnlinediUNSIA #StudentGathering2025 #fypシ #jawatengah #MahasiswaBerkolaborasi #yogyakarta  #jadibisa #studentgathering created by Universitas Siber Asia with Jaad  Line |  جـــاد لاين’s الصوت الأصلي",5748,2026-07-01 04:17:47
7514614620389149957,https://www.tiktok.com/@univsiberasia/video/7514614620389149957,"Halo Sobat UNSIA 👋 UNSIA GOES TO BANDUNG-Sabtu, 31 Mei 2025. Terima kasih untuk seluruh mahasiswa hebat yang sudah hadir dan meramaikan Student Gathering di Bandung 🔥 Suasana penuh semangat, tawa, dan inspirasi mengalir sepanjang acara, semua jadi bagian dari momen tak terlupakan!  Next UNSIA ke daerah mana lagi ya #StudentGathering2025 #BandungEvent #MahasiswaBerkolaborasi #fyp  created by Universitas Siber Asia with Universitas Siber Asia’s original sound - Universitas Siber Asia",3887,2026-07-01 04:17:47
7514612913181674757,https://www.tiktok.com/@univsiberasia/video/7514612913181674757,"Unite your hearts and click hands together - ""UNSIA Goes to Malang"" at Buddha Tidur🛕 #kuliahonlinediunsia #fypage #kampusonline #buddhatidur  created by Universitas Siber Asia with Super Girlies’s Aw Aw Aw",3753,2026-07-01 04:17:47
7514590407578094854,https://www.tiktok.com/@univsiberasia/video/7514590407578094854,"Halo Sobat UNSIA 👋🏼 A day at Student Gathering ""UNSIA Goes to Malang"" - Friday, 15 May 2025. Wait for us in your city!! Next ke kota mana lagi ya🧐 #kuliahonlinediunsia #studentgathering #malang #fypage #kampusonline  created by Universitas Siber Asia with 𝑖𝑠𝑎𝑏𝑒𝑙𝑙𝑎 ˚୨୧⋆’s original sound",5355,2026-07-01 04:17:47
7500851723502898437,https://www.tiktok.com/@univsiberasia/video/7500851723502898437,"𝐔𝐍𝐒𝐈𝐀 𝐆𝐨𝐞𝐬 𝐭𝐨 𝐒𝐌𝐊𝐍 𝟑𝟔 – Sukses Diselenggarakan! Kegiatan sosialisasi UNSIA Goes to SMKN 36 Jakarta telah sukses dilaksanakan dengan antusiasme tinggi dari para siswa! Dalam acara ini, tim dari Universitas Siber Asia (UNSIA) memperkenalkan sistem pembelajaran online, program studi unggulan, serta berbagai peluang beasiswa yang ditawarkan. Para siswa juga aktif bertanya dan berdiskusi tentang masa depan pendidikan di era digital. Terima kasih kepada seluruh pihak SMKN 36 Jakarta atas sambutan hangat dan kerjasamanya. Semoga kegiatan ini menjadi langkah awal bagi para siswa untuk merancang masa depan yang cerah bersama UNSIA! #UNSIA #kuliahonlinediUNSIA #UNSIAGoesToSchool #KampusDigital  created by Universitas Siber Asia with yayayoo’s original sound - yayayoo",3235,2026-07-01 04:17:47
7481556328402423095,https://www.tiktok.com/@univsiberasia/video/7481556328402423095,"Keseruan acara ""Home Coming and Career Growth: A Ramadhan Gathering"" pada hari Sabtu, 08 Maret 2025🤩 #kuliahonlinediunsia #fyp #jadibisa #ramadhan #bukabersama  created by Universitas Siber Asia with Universitas Siber Asia’s original sound - Universitas Siber Asia",5920,2026-07-01 04:17:47
7456638536020774150,https://www.tiktok.com/@univsiberasia/video/7456638536020774150,Halo Sobat UNSIA 👋🏼 Kenalan yuk dengan salah satu wisudawan terbaik UNSIA!! Kira-kira bagaimana ya caranya membagi waktu supaya bisa menjadi wisudawan terbaik?  Simak videonya sampai selesai ya agar Sobat UNSIA tau jawabannya🤩 #kuliahonlinediunsia #jadibisa #wisudawanterbaik created by Universitas Siber Asia with Universitas Siber Asia’s original sound - Universitas Siber Asia,13.4K,2026-07-01 04:17:47
7455888534713535750,https://www.tiktok.com/@univsiberasia/video/7455888534713535750,"Wisuda Periode II Universitas Siber Asia Minggu, 8 Desember 2024 bertempat di Auditorium UNAS Pasar Minggu Jakarta Selatan Universitas Siber Asia mewisuda 170 mahasiswa secara hybrid (online dan onsite). Wisudawan ini terdiri dari 81 wisudawan prodi Manajemen, 19 wisudawan Akuntansi, wisudawan program studi Sistem Informasi sebanyak 24 orang, 31 wisudawan program studi Informatika dan 15 wisudawan asal program studi Komunikasi. Dari total 170 mahasiswa yang diwisuda 138 mahasiswa hadir secara onsite dan 32 mahasiswa secara online. #KuliahOnlinediUNSIA #jadibisa #fyp #wisuda  created by Universitas Siber Asia with Universitas Siber Asia’s original sound - Universitas Siber Asia",12.9K,2026-07-01 04:17:47
7441128035924905272,https://www.tiktok.com/@univsiberasia/video/7441128035924905272,"Selamat Hari Guru Nasional, 25 November 2024 ""Terima kasih yang sebesar-besarnya kepada para guru, pahlawan tanpa tanda jasa, yang telah memberikan ilmu, dedikasi, dan kasih sayang tanpa batas. bukan hanya pengajar, tetapi juga pembimbing, motivator, dan inspirator bagi generasi penerus bangsa. Semoga jasa dan pengorbanan Bapa Ibu Guru selalu dihargai dan terus memberi dampak positif bagi dunia pendidikan. Teruslah menginspirasi dan mencerdaskan kehidupan bangsa. #KuliahOnlinediUNSIA #jadibisa #hariguruindonesia  created by Universitas Siber Asia with Universitas Siber Asia’s original sound - Universitas Siber Asia",7857,2026-07-01 04:17:47
7424372512491834629,https://www.tiktok.com/@univsiberasia/video/7424372512491834629,"𝐇𝐚𝐥𝐨 𝐒𝐨𝐛𝐚𝐭 𝐔𝐍𝐒𝐈𝐀👋 Siap untuk menjelajahi tempat di mana inovasi dan pendidikan bertemu? Saksikan video tur kampus Universitas Siber Asia dan temukan berbagai fasilitas modern yang mendukung perjalanan akademik Sobat UNSIA! Bergabunglah di Universitas Siber Asia, setiap langkah adalah investasi untuk masa depan yang lebih cerah! Tonton sekarang dan rasakan atmosfer kampus Universitas SIber Asia. Siapkan diri Sobat untuk pengalaman belajar yang tak terlupakan! #fyp #kuliahonlinediunsia #jadibisa #campustour #onlineclass created by Universitas Siber Asia with Tommy Richman’s MILLION DOLLAR BABY (VHS)",23.2K,2026-07-01 04:17:47
7421204084255984902,https://www.tiktok.com/@univsiberasia/video/7421204084255984902,"𝐇𝐚𝐥𝐨 𝐒𝐨𝐛𝐚𝐭 𝐔𝐍𝐒𝐈𝐀 👋🏼 Batik bukan hanya kain, tapi juga cerita. Yuk, rayakan Hari Batik dengan memakai batik kesayanganmu! #kuliahonlinediunsia #jadibisa #fyp #haribatiknasional #batikday  created by Universitas Siber Asia with Universitas Siber Asia’s original sound - Universitas Siber Asia",5763,2026-07-01 04:17:47
7390607480755113222,https://www.tiktok.com/@univsiberasia/video/7390607480755113222,Halo Sobat UNSIA👋🏼 Benar gak sih anak jurusan komunikasi itu ingin bekerja di bidang kreatif? Simak videonya sampai habis ya 🤩 #kuliahonlinediunsia #jadibisa #mahasiswaonline  #fyp  #jurusankomunikasi created by Universitas Siber Asia with orino’s Vlog ・ Stylish city pop(1275391),16.7K,2026-07-01 04:17:47
7385865263813643525,https://www.tiktok.com/@univsiberasia/video/7385865263813643525,"Halo Sobat UNSIA 👋🏼 Bagaimana ya perasaan orang tua setelah anak tercintanya sudah lulus dan mendapatkan gelar sarjana? Simak videonya sampai habis ya, agar tau jawabannya🤩 #kuliahonlinediunsia  #jadibisa  #wisudawanterbaik2024  created by Universitas Siber Asia with Universitas Siber Asia’s suara asli - Universitas Siber Asia",12.3K,2026-07-01 04:17:47
7382803667620990213,https://www.tiktok.com/@univsiberasia/video/7382803667620990213,"𝐇𝐚𝐥𝐨 𝐒𝐨𝐛𝐚𝐭 𝐔𝐍𝐒𝐈𝐀👋 Wisuda perdana Universitas Siber Asia sebentar lagi nih Sobat, apa saja si yang harus dipersiapkan menjelang wisuda? Simak videonya sampai habis ya 🤩 #kuota #fyp #mahasiswaonline  #JadiBisa #persiapanmenjelangwisuda created by Universitas Siber Asia with Universitas Siber Asia’s suara asli - Universitas Siber Asia",7444,2026-07-01 04:17:47
7369960309420739846,https://www.tiktok.com/@univsiberasia/video/7369960309420739846,"Benarkah seseorang yang merasakan mati suri memiliki perasaan jiwa keluar dari raga? Saksikan jawabannya  di 𝐊𝐨𝐩𝐢 𝐔𝐍𝐒𝐈𝐀 𝐏𝐨𝐝𝐜𝐚𝐬𝐭 episode perdana, hanya di 𝐔𝐍𝐒𝐈𝐀 𝐓𝐕 𝐎𝐧𝐥𝐢𝐧𝐞 #kuliahonlinediUNSIA #Jadibisa #Penerimaanmahasiswabaru #fyp #kolaborasipikiran  #kopiunsiapodcast1 #matisuri created by Universitas Siber Asia with Universitas Siber Asia’s original sound - Universitas Siber Asia",7438,2026-07-01 04:17:47
7355422150695619846,https://www.tiktok.com/@univsiberasia/video/7355422150695619846,Halo Sobat UNSIA 👋🏼 Kembali lagi bersama mimin nih🤩kalau Sobat UNSIA biasanya apa sih yang dikangenin pada saat lebaran Idul Fitri?  Tulis jawaban Sobat di kolom komentar ya🙌🏻 #kuliahonlinediUNSIA #Jadibisa #fyp #ramadhan2024 #idulfitri  created by Universitas Siber Asia with Lux-Inspira’s Marhaban Ya Ramadan,6388,2026-07-01 04:17:47
7351721619619859718,https://www.tiktok.com/@univsiberasia/video/7351721619619859718,"PENSAMAKU UNSIA Universitas Siber Asia pada Kamis, 28 Maret 2024 mengadakan Pengenalan Sistem Akademik Dan Kemahasiswaan Universitas Siber Asia (PENSAMAKU) Semester Genap TA 2023/2024. Kegiatan ini di dedikasikan kepada seluruh Mahasiswa Baru UNSIA, PENSAMAKU ini diikuti oleh sekitar 506 Mahasiswa Baru Angkatan ke – 8 dan di selenggarakan secara online. Kegiatan PENSAMAKU rutin dilaksankan dan diperuntukkan untuk seluruh Mahasiswa Baru, untuk kali ini terasa spesial karena PENSAMAKU dilaksanakan hanya beberapa hari setelah UNSIA mendapatkan  Akreditasi Perguruan Tinggi dengan predikat BAIK SEKALI dari Badan Akreditasi Nasional Perguruan Tinggi (BAN-PT). Pada Video kali ini, berisikan kegiatan PENSAMAKU yang telah kami rangkumkan untuk seluruh Sivitas Akademika UNSIA.  Selamat bergabung dan menjadi keluarga besar Universitas Siber Asia kepada seluruh Mahasiswa Baru UNSIA…. #UNSIANews #UNSIA #unsia #PENSAMAKU2023/2024 created by Universitas Siber Asia with Universitas Siber Asia’s original sound - Universitas Siber Asia",6126,2026-07-01 04:17:47
7350932850138500358,https://www.tiktok.com/@univsiberasia/video/7350932850138500358,"Kampus yang kita cintai dan banggakan, Universitas Siber Asia mendapatkan peringkat Akreditasi Perguruan Tinggi dengan predikat Baik Sekali. Hal ini ditegaskan melalui surat keputusan Direktur Dewan Eksekutif Badan Akreditasi Nasional Perguruan Tinggi (BAN PT) dengan Nomor 324/SK/BAN-PT/AK/PT/III/2024. Pencapaian ini merupakan hasil kerjanyata dan kerjasama seluruh sivitas akademika UNSIA,  Pada kesempatan ini tim UNSIA News akan merangkumkan informasi untuk sivitas akademika semua mengenai perjalanan atau  milestone UNSIA dalam meraih Akreditasi Yuuk kita tonton videonya…… #UNSIANews #UNSIA #unsia created by Universitas Siber Asia with Universitas Siber Asia’s original sound - Universitas Siber Asia",5999,2026-07-01 04:17:47
7349474415127661829,https://www.tiktok.com/@univsiberasia/video/7349474415127661829,"Halo Sobat UNSIA🙌🏻 Siapa nih yang suka tidur kalau lagi ada kuliah online?  Usahakan tetap terjaga ya selama kuliah online berlangsung. Setidaknya, pasti ada beberapa materi yang kamu tangkap dari penjelasan dosen. Kamu pun hanya perlu mengevaluasi kembali penjelasan dosen setelah kelas selesai.  #kuliahonlinediUNSIA #jadibisa #mahasiswaonlinecheck #fyp #ramadhan2024  created by Universitas Siber Asia with 🎧’s original sound - 🎧",15.4K,2026-07-01 04:17:47
7348716631486500101,https://www.tiktok.com/@univsiberasia/video/7348716631486500101,"Sivitas Akademika UNSIA… Setelah beberapa hari yang lalu (19/03/2024) Badan Pengelolaan dan Pengembangan Teknologi Informasi (BPPTI) dan Lembaga Penelitian dan Pengabdian Kepada Masyarakat (LPPM) Universitas Siber Asia melaksanakan Sosialisasi dan Pelatihan Sistem Informasi Penelitian dan Pengabdian Masyarakat (SIPPM) yang diperuntukkan kepada para Dosen UNSIA. Hari ini Kamis 21 Maret 2024 kembali Lembaga Penelitian dan Pengabdian Kepada Masyarakat (LPPM) UNSIA mengadakan Pembekalan Peningkatan Kualitas Proposal Penelitian kepada seluruh Dosen Tetap UNSIA. Kegiatan yang dilaksankan secara online ini menghadirkan narasumber Dr. Ucuk Darusalam, S.T., M.T. (Wakil Rektor I Bid. Akademik, Kemahasiswaan dan PPM). Pada kesempatan ini Dr. Ucuk Darusalam, S.T., M.T. memberikan pengarahan, pembekalan kepada Dosen Tetap UNSIA untuk mengajukan proposal agar dapat mendapatkan hibah penelitian dari DIKTI. Dr. Ucuk juga berbagi pengalamannya, tips-tips untuk dapat mendapatkan hibah penelitian, dimana narasumber sudah sering mendapatkan hibah penelitian dari DIKTI. Terima kasih kepada Dr. Ucuk Darusalam, S.T., M.T. atas sharing yang diberikan, dan kepada para Dosen ayo semangat untuk mencoba mengajukan proposal penelitian guna mendapatkan hibah penelitian…. #UNSIANews #UNSIA #unsia  created by Universitas Siber Asia with Universitas Siber Asia’s original sound - Universitas Siber Asia",4924,2026-07-01 04:17:47
7348040440689593606,https://www.tiktok.com/@univsiberasia/video/7348040440689593606,"“Sosialisasi dan Pelatihan Sistem Informasi Penelitian dan Pengabdian Masyarakat (SIPPM)” Pada hari Senin, 19 Maret 2024 Badan Pengelolaan dan Pengembangan Teknologi Informasi (BPPTI) dan Lembaga Penelitian dan Pengabdian Kepada Masyarakat (LPPM) Universitas Siber Asia melaksanakan Sosialisasi dan Pelatihan Sistem Informasi Penelitian dan Pengabdian Masyarakat (SIPPM) yang diperuntukkan kepada para Dosen UNSIA. Kegiatan yang dilaksanakan secara hybrid ini dibuka oleh Wakil Rektor I Bid. Akademik, Kemahasiswaan dan PPM Dr. Ucuk Darusalam, S.T., M.T. dengan pemateri Noviandri, S.Kom., MMSI  Kepala Divisi Pengembangan Sistem dan Staf UI/UX Design Puthut Martanto, A.Md.Kom. Kegiatan ini bertujuan untuk meningkatkan efisiensi dan transparansi dalam pelaporan pengajuan proposal Penelitian dan Pengabdian Masyarakat. Sistem Informasi Penelitian dan Pengabdian Masyarakat (SIPPM) ini adalah platform hasil inovasi serta bertujuan untuk mempermudah dan meningkatkan proses pengumpulan proposal dari para Dosen UNSIA. #UNSIANews #UNSIA #unsia  created by Universitas Siber Asia with orino’s Vlog ・ Stylish city pop(1275391)",4137,2026-07-01 04:17:47
7347635994390187270,https://www.tiktok.com/@univsiberasia/video/7347635994390187270,"Halo Sobat UNSIA🙌🏻 Kembali lagi bersama Mimin yang akan memberikan informasi menarik tentunya. Sobat UNSIA kali ini Mimin ingin memberikan ""𝐓𝐢𝐩𝐬 𝐒𝐞𝐦𝐚𝐧𝐠𝐚𝐭 𝐌𝐞𝐧𝐣𝐚𝐥𝐚𝐧𝐤𝐚𝐧 𝐈𝐛𝐚𝐝𝐚𝐡 𝐏𝐮𝐚𝐬𝐚"" apa saja ya?🧐 Yuk simak videonya sampai akhir🤩 #kuliahonlinediUNSIA #jadibisa #tipssemangatmenjalankanpuasa #ramadhan2024 #fyp #UNSIA #mahasiswaonlinecheck  created by Universitas Siber Asia with Megan Yagami’s Ramadan Kareem",4067,2026-07-01 04:17:47
7346586602010840326,https://www.tiktok.com/@univsiberasia/video/7346586602010840326,"Sivitas Akademika UNSIA, Pada hari Kamis 14 Maret 2024, Universitas Siber Asia melaksanakan audiensi ke kantor Lembaga Layanan Pendidikan Tinggi Wilayah 3 (LLDIKTI 3) di Jl. SMA Negeri 14, Cawang, Jakarta. Pada kesempatan ini delegasi UNSIA dipimpin oleh Rektor UNSIA Prof. Jang Youn Cho, BA, MPA, Ph.D., CPA dan Wakil Rektor I Bid. Akademik, Kemahasiswaan dan PPM, Dr. Ucuk Darusalam, S.T., M.T, serta didampingi oleh Novi Dian Natasha, S.Kom, MMSI Kepala BPPTI. Dian Metha Ariyanti, S.Sos, M.Si Kepala Biro Kemahasiswaan, Kerjasama Internasional dan Tri Dharma. Muhammad lkhwani Saputra, S.Kom., M.Kom Kepala Biro Administrasi Akademik dan Abdu Rahman, S.E., M. Ak Kepala Badan Penjaminan Mutu diterima secara langsung oleh Kepala LLDIKTI wilayah 3, Prof. Dr. Toni Toharudin S.Si., M.Sc dan Ketua Tim Kerja Sistem Informasi dan PDDikti Titah Widihastuti, S.T. Dalam audiensi ini selain membahas tentang peningkatan mutu pendidikan dan Tri dharma Perguruan tinggi, juga memaparkan pencapaian UNSIA selama ini serta kesiapan UNSIA dalam melahirkan lulusan (sarjana) untuk angkatan yang pertama pada tahun ini. Semoga UNSIA dapat segera melahirkan wisudawan yang unggul dan berkarakter, memiliki kompetensi serta menguasai teknologi informasi… #UNSIANews #UNSIA #unsia  created by Universitas Siber Asia with Universitas Siber Asia’s original sound - Universitas Siber Asia",3760,2026-07-01 04:17:47
7343919562020211973,https://www.tiktok.com/@univsiberasia/video/7343919562020211973,"Halo Sobat UNSIA 🙌🏻 Bener gak ya, kampus online itu meragukan?  Kita lihat faktanya yuk di video kali ini🧐 #UNSIA #penerimaanmahasiswabaru #fyp #jadibisa #kuliahonlinediUNSIA #yangbenerajarugidong  created by Universitas Siber Asia with Universitas Siber Asia’s original sound - Universitas Siber Asia",80.6K,2026-07-01 04:17:47
7339115243693477126,https://www.tiktok.com/@univsiberasia/video/7339115243693477126,"Sivitas akademika UNSIA, yuuk kita tonton video laporan dari Depani mengenai simulasi Akreditasi Instistusi Perguruan Tinggi (AIPT) yang dilaksanakan pada pada hari  Jumat 23 Februari 2024 di ruang Aula gedung UNSIA Ragunan, Jakarta Selatan. Simulasi ini selain menghadirkan assesor eksternal juga diikuti oleh Wakil Rektor I Bid. Akademik, Kemahasiswaan dan PPM, Dr. Ucuk Darusalam, S.T., M.T, serta Warek II Bid. Adm Umum, Keuangan, SDM, Pemasaran dan Kerja Sama Ir. Abdul Wahab Bangkona, M.Sc, diikuti juga oleh Dosen, Tenaga Pendidik dan juga dihadiri oleh Ketua Pengurus Yayasan Memajukan Ilmu dan Kebudayaan Dr. Ramlan Siregar.. M.Si. #UNSIANews #UNSIA #fyp #kuliahinlinediUNSIA #AIPT #mahasiswaonline  created by Universitas Siber Asia with Universitas Siber Asia’s original sound - Universitas Siber Asia",5881,2026-07-01 04:17:47
7333054380469472517,https://www.tiktok.com/@univsiberasia/video/7333054380469472517,"Halo Sobat UNSIA👋🏼👋🏼 Universitas Siber Asia ikut serta dalam memeriahkan pameran perguruan tinggi  yang diselenggarakan di SMA Negeri 41 Jakarta. Dengan keikutsertaan UNSIA di di acara pameran ini, dapat memberikan pemahaman tentang apa saja prodi yang ada di UNSIA dan bagaimana sistem pembelajarannya kepada adik-adik terutama kelas 12. Nah untuk Sobat UNSIA yang ingin berkuliah sambil bekerja, UNSIA adalah jawabannya. Karena UNSIA 100% full online learning🤩 Link pendaftaran ada di bio ya Sobat🥳 #JelajahJakarta #kuliahonlinediunsia #jadibisa #unsiagoestoschool #fyp #kampusmerdeka #edufair2024  created by Universitas Siber Asia with Universitas Siber Asia’s original sound - Universitas Siber Asia",6650,2026-07-01 04:17:47
7328257882879692037,https://www.tiktok.com/@univsiberasia/video/7328257882879692037,"𝐇𝐚𝐥𝐨 𝐒𝐨𝐛𝐚𝐭 𝐔𝐍𝐒𝐈𝐀👋 Bener gak sih anak sistem informasi itu harus bisa coding? Simak videonya sampai habis ya supaya tahu jawabannya? Semoga dapat bermanfaat yaa. Jangan lupa follow, like dan share kepada teman-teman yang lain. Nantikan postingan kami selanjutnya🙌. #KuliahOnlinediUNSIA #penerimaanmahasiswabaru #fypシ #mahasiswaonline #kuliahdimanasaja #anaksisteminformasi #sisteminformasi  created by Universitas Siber Asia with Universitas Siber Asia’s original sound - Universitas Siber Asia",4506,2026-07-01 04:17:47
7319072380494580998,https://www.tiktok.com/@univsiberasia/video/7319072380494580998,Halo Sobat UNSIA👋🏼 Sobat UNSIA resolusinya apa nih untuk 2024?  Jawab di kolom komentar ya🤩 #KuliahOnlinediUNSIA #penerimaanmahasiswabaru #resolusi2024 #fypシ  created by Universitas Siber Asia with Universitas Siber Asia’s original sound - Universitas Siber Asia,3329,2026-07-01 04:17:47
7315385826181909765,https://www.tiktok.com/@univsiberasia/video/7315385826181909765,"𝐊𝐚𝐦𝐢 𝐌𝐞𝐧𝐠𝐮𝐜𝐚𝐩𝐤𝐚𝐧: Selamat Hari Ibu, 22 Desember 2023. ""Tak terhitung sudah berapa banyak hal yang engkau perjuangkan untuk anak-anakmu. Ucapan terima kasih pun tidak cukup untuk membalas segala jasa dan perjuangan seorang ibu. Selamat Hari Ibu! Terima kasih kepada semua Ibu karena sudah menjadi ibu terhebat dalam hidup"". #KuliahOnlinediUNSIA #penerimaanmahasiswabaru #hariibunasional #ibuhebat #ibupahlawanku #fypシ゚viral #anakibu  created by Universitas Siber Asia with Potret’s Bunda",3193,2026-07-01 04:17:47
7312671465030143237,https://www.tiktok.com/@univsiberasia/video/7312671465030143237,Halo Sobat UNSIA 👋 Kenalan yuk dengan salah satu mahasiswa UNSIA!! kira-kira dari jurusan apa ya?  Simak videonya sampai selesai ya agar kalian tau jawabannya 🧐 #kuliahonlinediUNSIA #Jadibisa #penerimaanmahasiswabaru #perkenalanmahasiswaunsia  created by Universitas Siber Asia with marie ౨ৎ’s all too well,100.1K,2026-07-01 04:17:47
7310068821404945670,https://www.tiktok.com/@univsiberasia/video/7310068821404945670,"𝐇𝐚𝐥𝐨 𝐒𝐨𝐛𝐚𝐭 𝐔𝐍𝐒𝐈𝐀👋 Manfaatkan kesempatan untuk bergabung di UNSIA sekarang.  𝐓𝐮𝐧𝐠𝐠𝐮 𝐀𝐩𝐚 𝐋𝐚𝐠𝐢?? Yuk buruan daftar, jangan sampai Ketinggalan dan Kehabisan Kouta-nya yaa!!🧐.  𝐈𝐧𝐟𝐨 𝐩𝐞𝐧𝐝𝐚𝐟𝐭𝐚𝐫𝐚𝐧 𝐛𝐢𝐬𝐚 𝐜𝐞𝐤 𝐦𝐞𝐥𝐚𝐥𝐮𝐢 𝐖𝐞𝐛𝐬𝐢𝐭𝐞: 🌐pmb.unsia.ac.id  Follow akun Instagram kami: @univsiberasia  @ppmb.unsia 𝐇𝐮𝐛𝐮𝐧𝐠𝐢 𝐓𝐢𝐦 𝐀𝐝𝐦𝐢𝐬𝐬𝐢𝐨𝐧 𝐤𝐚𝐦𝐢: 📱Call Center (+62) 821-3902-6826 📱Rizka (+62)812-9554-4717 📱Holis (+62)812-1898-7353 📱Sofi (+62)877-1574-4747 📱Fian (+62)815-1469-6934 Kami tunggu kabar baiknya untuk bergabung di UNSIA🙌. #KuliahOnlinediUNSIA #fyp #mahasiswaonline #JadiBisa #penerimaanmahasiswabaru  created by Universitas Siber Asia with ︎︎︎’s original sound",127.3K,2026-07-01 04:17:47
7304211001300339973,https://www.tiktok.com/@univsiberasia/video/7304211001300339973,"Halo Sobat UNSIA 👋🏼 Bagi sebagian orang, public speaking sangatlah gampang dan dapat dilakukan secara alamiah seperti bernapas. Tetapi bagi sebagian orang lainnya, dibutuhkan latihan dan dedikasi selama bertahun-tahun untuk mencapai kepercayaan diri dan ketenangan yang dibutuhkan untuk berbicara di depan umum. Nah Mimin sudah merangkum pertanyaan-pertanyaan yang sering ditanyakan oleh Sobat UNSIA, simak yuk videonya sampai habis🤩 Semoga dapat bermanfaat yaa Sobat UNSIA, jangan lupa follow, like, dan share kepada teman-teman yang lain. Nantikan postingan kami selanjutnya🥳. #kuliahonlinediUNSIA #fyp #tipsandtricks #qna #penerimaanmahasiswabaru  #jadibisa #publicspeaking created by Universitas Siber Asia with ’s",29.6K,2026-07-01 04:17:47
7275999656688094470,https://www.tiktok.com/@univsiberasia/video/7275999656688094470,"Halo!  Apa kabar? Semoga teman-teman selalu dalam keadaan sehat dan berbahagia. Kali ini, yuk kita menyapa kak Tania, kepala unit konseling Universitas Siber Asia. Salam hangat untuk keluarga di rumah. #penerimaanmahasiswabaru #kuliahonlinediUNSIA #Jadibisa #fyp #konseling  created by Universitas Siber Asia with Universitas Siber Asia’s original sound - Universitas Siber Asia",3946,2026-07-01 04:17:47
7273698612977093893,https://www.tiktok.com/@univsiberasia/video/7273698612977093893,"Halo Sobat UNSIA 👋🏼 Berjumpa lagi bersama mimin yang akan memberikan informasi menarik tentunya. Kalian pernah ga sih bingung mau mulai belajar bahasa inggris itu darimana?  Tonton videonya sampai habis ya sobat UNSIA, supaya tau tipsnya 🤩 #penerimaanmahasiswabaru #kuliahonlinediUNSIA #Jadibisa #fyp #tipsandtricks #belajarbahasainggris  created by Universitas Siber Asia with Hiếu Hai Hai’s nhạc nền - xiao xiao 💦",3518,2026-07-01 04:17:47
7270354375309102342,https://www.tiktok.com/@univsiberasia/video/7270354375309102342,"𝐇𝐚𝐥𝐨 𝐒𝐨𝐛𝐚𝐭 𝐔𝐍𝐒𝐈𝐀👋 Bener gak sih anak manajemen itu prodi paling mudah?  Simak videonya sampai habis ya supaya tahu jawabannya? Kira-kira jurusan apa lagi ya?  Komen di kolom komentar ya, supaya mimin spill 🥳 Semoga dapat bermanfaat yaa. Jangan lupa follow, like dan share kepada teman-teman yang lain. Nantikan postingan kami selanjutnya🙌. #kuliahonlinediUNSIA #Jadibisa #penerimaanmahasiswabaru #fyp #mitosataufakta  created by Universitas Siber Asia with Universitas Siber Asia’s suara asli - Universitas Siber Asia",7156,2026-07-01 04:17:47
7268158008423664902,https://www.tiktok.com/@univsiberasia/video/7268158008423664902,"Halo Sobat UNSIA 👋🏼 Dalam rangka menyambut kemerdekaan Indonesia, mimin mengajak staf akademika UNSIA lho untuk mengikuti Quiz Kemerdekaan dengan tema ""Seberapa Indonesianya Kamu"" Kira-kira bisa jawab semua gak ya?  Tonton videonya sampai habis yuk🤩#kuliahonlinediUNSIA #Jadibisa #kampusonlineterbaik #kemerdekaanindonesia #penerimaanmahasiswabaru #fyp  created by Universitas Siber Asia with Universitas Siber Asia’s original sound - Universitas Siber Asia",3365,2026-07-01 04:17:47
7266443261454060806,https://www.tiktok.com/@univsiberasia/video/7266443261454060806,"Halo Sobat UNSIA 👋🏼 Ini dia keseruan aktivitas di Kampus UNSIA. UNSIA melestarikan budaya, edisi kali ini yaitu Rujak Cingur Ada yang pernah nyobain rasanya rujak cingur?  Komen dibawah ya 🤩 #kuliahonlinediUNSIA #Jadibisa #penerimaanmahasiswabaru #kampusonlineterbaik #aktivitasseru #fyp  created by Universitas Siber Asia with Universitas Siber Asia’s original sound - Universitas Siber Asia",3467,2026-07-01 04:17:47
7265514949055679749,https://www.tiktok.com/@univsiberasia/video/7265514949055679749,"Halo Sobat UNSIA 👋🏼 Ini dia keseruan workshop bersama UNSIA di Club House Rancamaya Golf pada hari Jumat, 4 Agustus 2023. Workshop ini diadakan bertujuan untuk membangun Universitas Siber Asia menjadi universitas yang memberikan Pendidikan Tinggi bermutu, serta memiliki kegiatan marketing yang dinamis, sehingga dapat dikenal lebih luas oleh masyarakat. #kuliahonlinediUNSIA #Jadibisa #penerimaanmahasiswabaru #kampusonlineterbaik #workshop #rancamayagolfestate #fypシ  created by Universitas Siber Asia with Universitas Siber Asia’s original sound - Universitas Siber Asia",3103,2026-07-01 04:17:47
7265154525076524293,https://www.tiktok.com/@univsiberasia/video/7265154525076524293,Replying to @Fitri Nandasari  Halo Sobat UNSIA 👋🏼 Bagaimana kabarnya hari ini? Semoga selalu dalam keadaan sehat dan bahagia ya☺️ Semoga jawabannya bisa membantu ya Kak Yuk kunjungi website kita di www.unsia.ac.id  #kuliahonlinediUNSIA #Jadibisa #penerimaanmahasiswabaru #pindahan #kampusonlineterbaik #fyp  created by Universitas Siber Asia with Universitas Siber Asia’s original sound - Universitas Siber Asia,41.4K,2026-07-01 04:17:47
7264570550503148806,https://www.tiktok.com/@univsiberasia/video/7264570550503148806,"Replying to @Bukan Sagitarius  𝐇𝐚𝐥𝐨 𝐒𝐨𝐛𝐚𝐭 𝐔𝐍𝐒𝐈𝐀👋 Bener gak sih mahasiswa akuntansi itu semuanya perhitungan? Simak videonya sampai habis ya supaya tahu jawabannya? Kira-kira jurusan apa lagi ya?  Komen di kolom komentar ya, supaya mimin spill 🥳 Semoga dapat bermanfaat yaa. Jangan lupa follow, like dan share kepada teman-teman yang lain. Nantikan postingan kami selanjutnya🙌. #kuliahonlinediUNSIA #Jadibisa #penerimaanmahasiswabaru ##akuntansicheck  created by Universitas Siber Asia with Universitas Siber Asia’s original sound - Universitas Siber Asia",4629,2026-07-01 04:17:47
7264229857826065669,https://www.tiktok.com/@univsiberasia/video/7264229857826065669,Halo Sobat UNSIA 👋 Kenalan yuk dengan salah satu mahasiswa UNSIA!! kira-kira dari jurusan apa ya?  Simak videonya sampai selesai ya agar kalian tau jawabannya 🧐 #kuliahonlinediUNSIA #Jadibisa #fypシ  #penerimaanmahasiswabaru #perkenalanmahasiswaUNSIA created by Universitas Siber Asia with Universitas Siber Asia’s original sound - Universitas Siber Asia,3062,2026-07-01 04:17:47
7258287908631710982,https://www.tiktok.com/@univsiberasia/video/7258287908631710982,"𝐇𝐚𝐥𝐨 𝐒𝐨𝐛𝐚𝐭 𝐔𝐍𝐒𝐈𝐀👋 Bener gak sih anak komunikasi itu semuanya ekstrovert? Simak videonya sampai habis ya supaya tahu jawabannya? Semoga dapat bermanfaat yaa. Jangan lupa follow, like dan share kepada teman-teman yang lain. Nantikan postingan kami selanjutnya🙌. #fyp #mahasiswakomunikasi #komunikasi #KuliahOnlinediUNSIA #menjadimahasiswa2023 #masukkuliahbareng #penerimaanmahasiswabaruUNSIA  created by Universitas Siber Asia with Universitas Siber Asia’s suara asli - Universitas Siber Asia",3984,2026-07-01 04:17:47
7254915606040874246,https://www.tiktok.com/@univsiberasia/video/7254915606040874246,Halo Sobat UNSIA 👋 Kenalan yuk dengan salah satu mahasiswa UNSIA!! kira-kira dari jurusan apa ya?  Simak videonya sampai selesai ya agar kalian tau jawabannya 🧐 #kampuslife  #kuliahonlinediUNSIA #Jadibisa #penerimaanmahasiswabaru #perkenalanmahasiswaUNSIA created by Universitas Siber Asia with Universitas Siber Asia’s suara asli - Universitas Siber Asia,3424,2026-07-01 04:17:47
7247488480845073669,https://www.tiktok.com/@univsiberasia/video/7247488480845073669,Halo Sobat UNSIA 👋   Siapa nih diantara kalian yang mau terlihat aktif tapi masih bingung mau nanya apa? Nah simak videonya sampai habis ya supaya tau apa saja yang bisa kamu pertanyakan ke dosenmu nanti 🤩 #kuliahonline #fyp #jadibisa #kuliahonlinediunsia #penerimaanmahasiswabaru2023 #kampuslife #gugup #bingungharusgimana #pertanyaanpresentasi  created by Universitas Siber Asia with Xaveri Zulfikar’s Y Que Fue,3824,2026-07-01 04:17:47
7242984965212785925,https://www.tiktok.com/@univsiberasia/video/7242984965212785925,"Halo Sobat UNSIA 👋 Guys, tunggu apalagi. Yuk segera daftarkan diri di Universitas Siber Asia sekarang juga. Dan ada kabar gembira lho Saat ini UNSIA sedang membuka pendaftaran untuk Calon Mahasiswa Baru, yuk daftar sekarang juga di pmb.unsia.ac.id sebelum kehabisan kuotanya lho 🤩 Kami tunggu di UNSIA 👋 #penerimaanmahasiswabaru2023 #mahasiswabaru2023 #kuliahonlinediunsia #jadibisa #belajarbareng #fyp #kuliahonline  created by Universitas Siber Asia with Universitas Siber Asia’s suara asli - Universitas Siber Asia",23.1K,2026-07-01 04:17:47
7237407594778742022,https://www.tiktok.com/@univsiberasia/video/7237407594778742022,Simak tipsnya ya guys 😎 #universitassiberasia #universitas #tipskuliah #tips #kampuskeren #kampusimpian #infokuliah #ngampusonline  created by Universitas Siber Asia with Universitas Siber Asia’s suara asli - Universitas Siber Asia,13.5K,2026-07-01 04:17:47
7237037339942325510,https://www.tiktok.com/@univsiberasia/video/7237037339942325510,Tonton video ini yah 🤩 #universitassiberasia #universitas #kampusindonesia #dosen #kuliah #infokampus #infokuliah #mahasiswakuliahonline created by Universitas Siber Asia with Universitas Siber Asia’s suara asli - Universitas Siber Asia,3668,2026-07-01 04:17:47
7236673896580140293,https://www.tiktok.com/@univsiberasia/video/7236673896580140293,Siapa yang pengen kuliah online terus? 🤭 #universitassiberasia #kuliahonline #kampus #kuliahcheck #kampusonline #mahasiswakuliahonline  created by Universitas Siber Asia with Universitas Siber Asia’s suara asli - Universitas Siber Asia,28.2K,2026-07-01 04:17:47
7232286539806461210,https://www.tiktok.com/@univsiberasia/video/7232286539806461210,"Kegiatan Halal Bihalal yang dihadiri oleh segenap pimpinan dan seluruh civitas akademika Universitas Siber Asia dan acara Halal Bihalal berlangsung meriah. Momentum ini penuh dengan suasana kekeluargaan dan kebersamaan. Semoga kedepannya menjadikan kita berada di suasana baru,lembaran baru dan semangat baru untuk meningkatkan kinerja kita kedepannya✨ #mahasiswaonlinecheck #halalbihalal2023 #kuliahonline #kuliahonlinediunsia #fypシ #universitaskeren #universitassiberasia  created by Universitas Siber Asia with Universitas Siber Asia’s suara asli - Universitas Siber Asia",2385,2026-07-01 04:17:47
7232230534561287451,https://www.tiktok.com/@univsiberasia/video/7232230534561287451,Bisa banget dong kalau sama UNSIA 😏 #universitassiberasia #universitas #kuliah #kuliahonline #onlinelearning #ngampusonline #mahasiswakuliahonline  created by Universitas Siber Asia with Universitas Siber Asia’s suara asli - Universitas Siber Asia,6449,2026-07-01 04:17:47
7231940129097616666,https://www.tiktok.com/@univsiberasia/video/7231940129097616666,Kamu tipe yang mana nih? 😍 #universitassiberasia #universitas #frfuntiktok #fun #drama #tipetipe #mahasiswa #tipetipemahasiswa #kuliah #ngampus  created by Universitas Siber Asia with Universitas Siber Asia’s suara asli - Universitas Siber Asia,4870,2026-07-01 04:17:47
7231470681039424794,https://www.tiktok.com/@univsiberasia/video/7231470681039424794,Spesial tanya jawab UNSIA nih 🤩 #universitassiberasia #universitas #frequentlyaskquestion #faq #tanyajawab #kuliah #infokuliah #infobeasiswa #mahasiswa  created by Universitas Siber Asia with Universitas Siber Asia’s suara asli - Universitas Siber Asia,42.9K,2026-07-01 04:17:47
7231174104995482906,https://www.tiktok.com/@univsiberasia/video/7231174104995482906,Halo sobat UNSIA 🙌 Mimin kalau lagi belajar wajib dengerin lagu biar fokus belajarnya 😁 Biasanya kalian dengerin lagu apa nih supaya belajarnya makin semangat? #KuliahOnlinediUNSIA #belajarbareng #dengerinmusiksambilbelajar #mahasiswa #wesanderson #kuliahonline #mahasiswaonlinecheck  created by Universitas Siber Asia with Universitas Siber Asia’s suara asli - Universitas Siber Asia,3420,2026-07-01 04:17:47
7231103620928883995,https://www.tiktok.com/@univsiberasia/video/7231103620928883995,Jawabannya ada di video ini 🤗 #universitassiberasia #universitas #infokuliah #kampus #mahasiswa #kuliahonline #mahasiswakuliahonline  created by Universitas Siber Asia with DJ BAHBUS’s Dj Gamm Gamm Piri Slow,4151,2026-07-01 04:17:47
7226643504083111175,https://www.tiktok.com/@univsiberasia/video/7226643504083111175,Tipsnya ada di video ya guys 💖  #universitassiberasia #universitas #tipskuliah #tips #kampuskeren #kampusimpian #infokuliah #ngampusonline #mahasiswakuliahonline #kuliahonline  created by Universitas Siber Asia with Tollan Kim’s Chill Vibes,2516,2026-07-01 04:17:47
7226236424717126930,https://www.tiktok.com/@univsiberasia/video/7226236424717126930,"Hayooo, kalian pernah gak nih guys? 🤭  #universitassiberasia #universitas #funtiktok #fun #kuliahonline #onlinelearning #kuliahcepat #kuliah #pejuangkuliah  #kampuslife  created by Universitas Siber Asia with Apollo Nove’s Creepy Violins",2126,2026-07-01 04:17:47
7225788115368168706,https://www.tiktok.com/@univsiberasia/video/7225788115368168706,Gimana gak obsessed sama UNSIA coba? 🥰  #universitassiberasia #universitas #funtiktok #fun #obsessedwithyou #kuliah #kampusindonesia #kuliahonline #kuliahonlinecheck #OlsaSüperOlur  created by Universitas Siber Asia with INJI’s GASLIGHT,2939,2026-07-01 04:17:47
7225425999687683330,https://www.tiktok.com/@univsiberasia/video/7225425999687683330,Jawabannya ada di video ini 🤗#universitassiberasia #universitas #infokuliah #kampus #mahasiswa #kuliahonline #mahasiswakuliahonline  created by Universitas Siber Asia with KAYDEN’s RUNAWAY,1948,2026-07-01 04:17:47
7225127192940858625,https://www.tiktok.com/@univsiberasia/video/7225127192940858625,Kuliah di UNSIA the best 💕 #universitassiberasia #kampusindonesia #kampussiber #kuliahcheck #daftarkuliah #mahasiswakuliahonline #kampusonline  created by Universitas Siber Asia with Tollan Kim’s Aesthetic,2269,2026-07-01 04:17:47
7224904230241357057,https://www.tiktok.com/@univsiberasia/video/7224904230241357057,Siapa mau kuliah pakai beasiswa? Angkat tangan 😎 #universitassiberasia #infobeasiswa #infobeasiswakuliah #beasiswa #beasiswakuliah #beasiswaindonesia #beasiswatips #OlsaSüperOlur  created by Universitas Siber Asia with INJI’s GASLIGHT,2020,2026-07-01 04:17:47
7224295251995888923,https://www.tiktok.com/@univsiberasia/video/7224295251995888923,Fasilitasnya keren banget guys 🤩 #universitassiberasia #fasilitaskampus #kampuskeren #kampusimpian #kampuskukeren #kuliahonline #ngampusonline created by Universitas Siber Asia with Tollan Kim’s Chill Vibes,3344,2026-07-01 04:17:47
7224120128755993882,https://www.tiktok.com/@univsiberasia/video/7224120128755993882,Halo Sobat UNSIA 👋 Kali ini mimin mau kasih tips mudik lebaran agar nyaman dan aman Mudik kemana nih kolo Mimin boleh tau? 🤔 Tulis di kolom komentar ya jawabannya Sobat UNSIA ☺️ #lebaran2023 #mudik #universitassiberasia #ramadanmoments #universitaskeren #kampusunggulan #mahasiswa #persiapanmudik  created by Universitas Siber Asia with Universitas Siber Asia’s suara asli - Universitas Siber Asia,1598,2026-07-01 04:17:47
7223994192601582875,https://www.tiktok.com/@univsiberasia/video/7223994192601582875,"Tenang, tonton video ini deh guys 😍 #universitassiberasia #infokuliah #kuliahonline #universitas #kampus #kuliahcheck #infobeasiswa #kuliah  created by Universitas Siber Asia with WZ Beat’s Beat Automotivo Tan Tan Tan Viral",2581,2026-07-01 04:17:47
7223587290730351899,https://www.tiktok.com/@univsiberasia/video/7223587290730351899,Panggilan kepada kalian yang suka kuliah online 🥰 #universitassiberasia #universitas #kuliahonline #kampuscheck #kampuslife #kampusunggul  created by Universitas Siber Asia with HCTM’s Falling Angel,63.4K,2026-07-01 04:17:47
7222973022481763610,https://www.tiktok.com/@univsiberasia/video/7222973022481763610,Gampang banget kan? Burutan daftar yuk 🙌 #universitassiberasia #daftarkuliah #daftarkuliahonline #daftarkuliahdarirumah #kuliahonlinecheck #kuliah  created by Universitas Siber Asia with MAZRO AKHIRO’s Suasana Hari Raya (COVER),724,2026-07-01 04:17:47
7222613056755453210,https://www.tiktok.com/@univsiberasia/video/7222613056755453210,"Buat kamu yang pengen kuliah, daftar di UNSIA aja yuk 🤗 #universitassiberasia #infobeasiswakuliah #beasiswaindonesia #beasiswatips #biayakuliahterjangkau #biayakuliah #beasiswa  created by Universitas Siber Asia with WZ Beat’s Beat Automotivo Tan Tan Tan Viral",6950,2026-07-01 04:17:47
7222254832537603355,https://www.tiktok.com/@univsiberasia/video/7222254832537603355,Sobat UNSIA biasanya apa aja sih yang harus dipersiapkan sebelum mudik lebaran?  #ramadanmoments #mahasiswaonline #KuliahOnlinediUNSIA #jadibisa #mudik #lebaran2023 #persiapanramadhan #persiapanmudik  created by Universitas Siber Asia with Leah Kate’s 10 Things I Hate About You,1274,2026-07-01 04:17:47
7222221060027010330,https://www.tiktok.com/@univsiberasia/video/7222221060027010330,Bisa banget guys! Cuma di UNSIA 💖 #universitassiberasia #universitas #kuliahonline #onlinelearning #kuliahcepat #kuliah #pejuangkuliah  created by Universitas Siber Asia with MAZRO AKHIRO’s Suasana Hari Raya (COVER),8444,2026-07-01 04:17:47
7221801928332774682,https://www.tiktok.com/@univsiberasia/video/7221801928332774682,Keren banget kan guys? 😍 #universitassiberasia #keunggulan #ngampusonline #kuliahonlinecheck #kuliahonlineitunyata #universitas  created by Universitas Siber Asia with Waru Leaf’s broken heart & drink,1960,2026-07-01 04:17:47
7221101823690575130,https://www.tiktok.com/@univsiberasia/video/7221101823690575130,Ada yang bisa jawab Tiang apa yang membatalkan puasa? Tulis di kolom komentar ya jawabannya 🤩 #universitassiberasia #ramadhan2023 #kampusunggulan #universitaskeren #quiztime #jadibisa #ramadanmoments  created by Universitas Siber Asia with Opick’s Ya Maulana,2611,2026-07-01 04:17:47
7220690380897979674,https://www.tiktok.com/@univsiberasia/video/7220690380897979674,Hayo ada yang salah jawabnya ga nih Sobat UNSIA? #kuliahonlinediunsia #kampuscheck #ramadanmoments #mahasiswaonline #jadibisa #fyp #ramadhan2023  created by Universitas Siber Asia with Donny Fernanda’s Aiya Susanti Mei Mei Jangan Bimbang,1715,2026-07-01 04:17:47
7218409724465794331,https://www.tiktok.com/@univsiberasia/video/7218409724465794331,Apa bener Sobat UNSIA? #ramadhan2023 #fyp #mahasiswaonline #kuliahonlinediunsia #kampuscheck  created by Universitas Siber Asia with ABEETX’s,704,2026-07-01 04:17:47
7215517281521011995,https://www.tiktok.com/@univsiberasia/video/7215517281521011995,created by Universitas Siber Asia with user44095860957’s suara asli - king plat KT,984,2026-07-01 04:17:47
7215510841947475205,https://www.tiktok.com/@univsiberasia/video/7215510841947475205,"Yang pada pengen kuliah online, tonton video ini ya guys 😁 #universitassiberasia #universitas #kuliahonline #onlinelearning #kuliahonlinecheck #kuliahonlineitunyata #kampusonline  created by Universitas Siber Asia with Raim Laode’s Komang",9099,2026-07-01 04:17:47
7211446453619789083,https://www.tiktok.com/@univsiberasia/video/7211446453619789083,Ini nih keunggulan yang kamu dapatkan kalau kuliah di UNSIA ✨ #universitassiberasia #kampusunggulan #kampusunggul #kampusindonesia #kampussiber #kuliahcheck  created by Universitas Siber Asia with Raim Laode’s Komang,16K,2026-07-01 04:17:47
7211161452193828123,https://www.tiktok.com/@univsiberasia/video/7211161452193828123,Kampus cyber di Indonesia nih🥰 #universitassiberasia #universitas #ngampusonline #kampusonline #kuliahonline #mahasiswaonline  created by Universitas Siber Asia with Raim Laode’s Komang,13.6K,2026-07-01 04:17:47
7210694399016176922,https://www.tiktok.com/@univsiberasia/video/7210694399016176922,"Hayooo, kamu tipe yang mana nih guys? 🤭 #universitassiberasia #universitas #ngampusonline #kampusonline #kuliahonline #tipetipeorang #kuliahcheck #mahasiswaonline #mahasiswaonlinecheck #mahasiswakuliahonline  created by Universitas Siber Asia with Official Sound Studio’s Hey It's Me",2247,2026-07-01 04:17:47
7210364452271623450,https://www.tiktok.com/@univsiberasia/video/7210364452271623450,𝐇𝐚𝐥𝐨 𝐒𝐨𝐛𝐚𝐭 𝐔𝐍𝐒𝐈𝐀👋 Kembali lagi bersama mimin yang akan memberikan informasi yang menarik tentunya. Kali ini mimin akan memperkenalkan salah satu mahasiswi Universitas Siber Asia yang terpilih dalam Program Exchange Student. Wah ko bisa ya?🤔 kita simak sampai akhir yuk videonya🤩 #KuliahonlinediUNSIA #Jadibisa #penerimaanmahasiswabaruUNSIA #Exchangestudent #Manajemen #KuliahOnlinediUNSIA #fyp  #mahasiswa  created by Universitas Siber Asia with Donny Fernanda’s Sial (Remix),2523,2026-07-01 04:17:47
7210321503626333466,https://www.tiktok.com/@univsiberasia/video/7210321503626333466,"UNSIA punya program studi yang keren-keren loh, daftarkan dirimu ya 🥰  #universitassiberasia #universitas #programstudi #jurusankuliah #jurusankuliahcheck #jurusanmanajemen #jurusanakuntansi #jurusankomunikasi #jurusansisteminformasi #jurusaninformatika  created by Universitas Siber Asia with WZ Beat’s Beat Automotivo Tan Tan Tan Viral",38.2K,2026-07-01 04:17:47
7208494117062511899,https://www.tiktok.com/@univsiberasia/video/7208494117062511899,"Tenang, UNSIA siapin banyak beasiswa buat kalian. Buruan daftar yuk ✅ #universitassiberasia #universitas #beasiswa #beasiswakuliah #ngampusonline #infobeasiswakuliah #beasiswaindonesia #beasiswatips  created by Universitas Siber Asia with Raim Laode’s Komang",6467,2026-07-01 04:17:47
7207709957154770203,https://www.tiktok.com/@univsiberasia/video/7207709957154770203,Ini nih keunggulan yang kamu dapatkan kalau kuliah di UNSIA ✨ #universitassiberasia #kampusunggulan #kampusunggul #kampusindonesia #kampussiber #kuliahcheck  created by Universitas Siber Asia with WZ Beat’s Beat Automotivo Tan Tan Tan Viral,213.8K,2026-07-01 04:17:47
7207096343003712795,https://www.tiktok.com/@univsiberasia/video/7207096343003712795,Keren banget! Sebanyak dan sekeren itu partnernya UNSIA 🤩 #universitassiberasia #universitas #kampusindonesia #partner #kerjasama #university #kampus  created by Universitas Siber Asia with Tollan Kim’s Aesthetic,66.8K,2026-07-01 04:17:47
7206926110850845978,https://www.tiktok.com/@univsiberasia/video/7206926110850845978,"𝐇𝐚𝐥𝐨 𝐒𝐨𝐛𝐚𝐭 𝐔𝐍𝐒𝐈𝐀👋 Kenalan yuk sama Mahasiswi UNSIA!! kira-kira dari jurusan apa ya? dan ada keperluan apa ya ke UNSIA? Kalian penasaran?🧐  Simak video ini sampai selesai ya Sobat UNSIA agar kalian tau jawabannya🙌 Mungkin cukup sekian yang ingin Mimin share, semoga dapat bermanfaat yaa. Jangan lupa follow, like dan share kepada teman-teman yang lain. Nantikan postingan kami selanjutnya🙌. #webinarunsia #KuliahOnlinediUNSIA #dari bisa #koreanlearning #btsarmy  #bangtanboys  #fyp  created by Universitas Siber Asia with ANBOY_G10’s ANNOYING TER AW AW",2815,2026-07-01 04:17:47
7206250805370834202,https://www.tiktok.com/@univsiberasia/video/7206250805370834202,"Dimana lagi rektor universitas kamu, orang Korea asli guys? 😍 #universitassiberasia #universitas #rektor #dosen #universitaskeren #kampuscheck #kuliah  created by Universitas Siber Asia with Mas Gombal’s Funny Song",13.1K,2026-07-01 04:17:47
7205510997858143515,https://www.tiktok.com/@univsiberasia/video/7205510997858143515,Penasaran alasannya? cek di video ya guys 🙌 #universitassiberasia #universitas #kuliah #kuliahcheck #kampus #kampuslife #kampuscheck  created by Universitas Siber Asia with Raim Laode’s Komang,3159,2026-07-01 04:17:47
7204435257976769819,https://www.tiktok.com/@univsiberasia/video/7204435257976769819,𝐇𝐚𝐥𝐨 𝐒𝐨𝐛𝐚𝐭 𝐔𝐍𝐒𝐈𝐀👋 Kembali lagi bersama Mimin yang akan memberikan informasi menarik tentunya. Kali ini mimin akan share 5 hal yang tidak boleh dilakukan saat kuliah online🤔. Langsung aja simak yuk!! 𝐉𝐚𝐧𝐠𝐚𝐧 𝐋𝐚𝐤𝐮𝐤𝐚𝐧 𝟓 𝐇𝐚𝐥 𝐈𝐧𝐢 𝐒𝐚𝐚𝐭 𝐊𝐮𝐥𝐨𝐧 (𝐊𝐮𝐥𝐢𝐚𝐡 𝐎𝐧𝐥𝐢𝐧𝐞)🧐   #KuliahOnlinediUNSIA #jadibisa #fyp #mahasiswakuliahonline #mahasiswabaru #penerimaanmahasiswabaru #mahasiswajanganlakukanini  created by Universitas Siber Asia with JennyDJ x Mr. Y’s DJ SIAL MAHALINI VIRAL,1657,2026-07-01 04:17:47
7202177611139763482,https://www.tiktok.com/@univsiberasia/video/7202177611139763482,"𝐇𝐚𝐥𝐨 𝐒𝐨𝐛𝐚𝐭 𝐔𝐍𝐒𝐈𝐀👋 Kembali lagi bersama Mimin yang akan memberikan informasi menarik tentunya.  Ada kabar gembira lho! UNSIA punya program beasiswa, apa saja si program beasiswanya dan daftarnya harus kemana?🧐 Mau tau jawabannya? Simak video ini sampai akhir ya🤭🙌🏽🙌🏽 #KuliahOnlinediUNSIA #JadiBisa #penerimaanmahasiswabaru #programbeasiswaUNSIA #mahasiswakuliahonline #infobeasiswa2023  #fyp  created by Universitas Siber Asia with Universitas Siber Asia’s suara asli - Universitas Siber Asia",1153,2026-07-01 04:17:47
7201120505246584091,https://www.tiktok.com/@univsiberasia/video/7201120505246584091,"𝐇𝐚𝐥𝐨 𝐒𝐨𝐛𝐚𝐭 𝐔𝐍𝐒𝐈𝐀👋 Kamu suka merasa kelelahan secara emosional, fisik maupun mental gak sih? Biasanya karena  stress berlebihan dari sebuah tekanan dalam bekerja. Nah, kalau pernah, kondisi Itu disebut *BURNOUT* Lantas bagaimana cara mengatasinya? Yuk simak 𝟓 𝐓𝐢𝐩𝐬 𝐌𝐞𝐧𝐜𝐞𝐠𝐚𝐡 & 𝐌𝐞𝐧𝐠𝐚𝐭𝐚𝐬𝐢 𝐁𝐮𝐫𝐧𝐨𝐮𝐭🧐  #kuliahonlinediUnsia #jadibisa #burnout  #fyp created by Universitas Siber Asia with Raim Laode’s Komang",1748,2026-07-01 04:17:47
7138342682740428033,https://www.tiktok.com/@univsiberasia/video/7138342682740428033,"𝐔𝐩𝐝𝐚𝐭𝐞 𝐔𝐍𝐒𝐈𝐀  Penandatangan PKS antara Universitas Siber Asia Jakarta dengan Kepala SMA/SMK Negeri dan Swasta DKI Jakarta yang dilakukan oleh Rektor Universitas Siber Asia Prof. Jang Youn Cho, BA., MPA., Ph.D., CPA. dan 31 SMA/MK serta disaksikan Kepala Suku Dinas Pendidikan Jakarta Selatan II Bapak Drs. Sonny Juhersoni, MP.d dan  Wakil Rektor Bidang AKS Bapak Dr. Supriyatin, SY., MM.  Kerjasama ini yaitu meliputi Tridharma perguruan tinggi. created by Universitas Siber Asia with Universitas Siber Asia’s suara asli - Unsia",2122,2026-07-01 04:17:47
7136107610398346523,https://www.tiktok.com/@univsiberasia/video/7136107610398346523,"𝐇𝐚𝐢 𝐒𝐨𝐛𝐚𝐭 𝐔𝐧𝐬𝐢𝐚👋. Sebuah persembahan Jingle baru Universitas Siber Asia yang dikreasikan oleh para karyawan dari Universitas Siber Asia🥳. Ding Ga Ding, Ding Ga Ding!!#jingleUNSIA#KuliahOnlinediUNSIA#penerimaanmahasiswabaruunsia#JadiBisa created by Universitas Siber Asia with Universitas Siber Asia’s suara asli - Unsia",3847,2026-07-01 04:17:47
7134265570245004571,https://www.tiktok.com/@univsiberasia/video/7134265570245004571,"𝐊𝐚𝐦𝐢 𝐌𝐞𝐧𝐠𝐮𝐜𝐚𝐩𝐤𝐚𝐧:Selamat bertambahnya umur Rektor Universitas Siber Asia 𝐏𝐫𝐨𝐟. 𝐉𝐚𝐧𝐠 𝐘𝐨𝐮𝐧 𝐂𝐡𝐨 𝐏𝐡.𝐝,. Kamis, 18 Agustus 2022. Semoga diberikan panjang umur dan kesehatan selalu.#ultahrektorunsia#kuliahOnlinediUNSIA#JadiBisa#penerimaanmahasiswabaruUNSIA created by Universitas Siber Asia with Universitas Siber Asia’s suara asli - Unsia",1551,2026-07-01 04:17:47
7130077350816943386,https://www.tiktok.com/@univsiberasia/video/7130077350816943386,"𝐇𝐚𝐥𝐨 𝐒𝐨𝐛𝐚𝐭 𝐔𝐍𝐒𝐈𝐀👋Hidup itu pilihan. Sebuah rutinitas yang dimulai dari bangun tidur, makan, sampai menjalankan aktivitas. Semua orang ingin menjadi orang sukses. Semua orang ingin memilki pekerjaan. Semua orang ingin memiliki gelar atau jabatan. Terkadang mereka bingung untuk menjalankan bekerja sambil kuliah. Bingung membagi waktu kerja dengan waktu kuliah, bingung mana yang akan didahulukan. Namun hadirnya Unsia memberikan kemudahan bagi kita semua. Jadi bisa kuliah sambil kerja, pekerjaan dapat terselesaikan secara optimal.𝐓𝐮𝐧𝐠𝐠𝐮 𝐚𝐩𝐚 𝐥𝐚𝐠𝐢? Yuk Buruan daftar🤩, Jangan sampai ketinggalan dan Kehabisan Kursi-nya yaa!!😊 𝐃𝐚𝐟𝐭𝐚𝐫 𝐋𝐞𝐛𝐢𝐡 𝐀𝐰𝐚𝐥, 𝐃𝐚𝐩𝐚𝐭𝐤𝐚𝐧 𝐏𝐨𝐭𝐨𝐧𝐠𝐚𝐧 𝐁𝐢𝐚𝐲𝐚 𝐊𝐮𝐥𝐢𝐚𝐡 😱Pendaftaran 𝐆𝐞𝐥𝐨𝐦𝐛𝐚𝐧𝐠 𝟔, dimulai 28 Juli - 18 Agustus 2022Pendaftaran 𝐆𝐞𝐥𝐨𝐦𝐛𝐚𝐧𝐠 𝟕, dimulai 19 Agustus - 01 September 2022𝐇𝐮𝐛𝐮𝐧𝐠𝐢 𝐓𝐢𝐦 𝐀𝐝𝐦𝐢𝐬𝐬𝐢𝐨𝐧 𝐤𝐚𝐦𝐢 :📱Nizma (+62)812-9554-4717📱Holis (+62)812-1898-7353📱Sofi (+62)877-1574-4747📱Dwi (+62)815-1469-6934 created by Universitas Siber Asia with Universitas Siber Asia’s suara asli - universitassiberasia",1628,2026-07-01 04:17:47
7130077029373988123,https://www.tiktok.com/@univsiberasia/video/7130077029373988123,"𝐇𝐚𝐥𝐨 𝐒𝐨𝐛𝐚𝐭 𝐔𝐍𝐒𝐈𝐀👋Teman ngajak nyantai di cafe. Pas udah sampai cafe lupa bawa uang untuk bayar minuman. Jangan khawatir, jaman yang semakin berkembang saat ini, semua dilakukan serba digital mulai dari transaksi pembayaran, konsultasi atau pelayanan sampai dengan perkuliahan. Hadirnya Unsia memberikan kemudahan bagi kita semua. Waktu perkuliahan yang fleksibal memudahkan kami mengikuti perkuliahan sambil nyantai di cafe. 𝐓𝐮𝐧𝐠𝐠𝐮 𝐚𝐩𝐚 𝐥𝐚𝐠𝐢? Yuk Buruan daftar🤩, Jangan sampai ketinggalan dan Kehabisan Kursi-nya yaa!!😊 𝐃𝐚𝐟𝐭𝐚𝐫 𝐋𝐞𝐛𝐢𝐡 𝐀𝐰𝐚𝐥, 𝐃𝐚𝐩𝐚𝐭𝐤𝐚𝐧 𝐏𝐨𝐭𝐨𝐧𝐠𝐚𝐧 𝐁𝐢𝐚𝐲𝐚 𝐊𝐮𝐥𝐢𝐚𝐡 😱Pendaftaran 𝐆𝐞𝐥𝐨𝐦𝐛𝐚𝐧𝐠 𝟔, dimulai 28 Juli - 18 Agustus 2022Pendaftaran 𝐆𝐞𝐥𝐨𝐦𝐛𝐚𝐧𝐠 𝟕, dimulai 19 Agustus - 01 September 2022𝐇𝐮𝐛𝐮𝐧𝐠𝐢 𝐓𝐢𝐦 𝐀𝐝𝐦𝐢𝐬𝐬𝐢𝐨𝐧 𝐤𝐚𝐦𝐢 :📱Nizma (+62)812-9554-4717📱Holis (+62)812-1898-7353📱Sofi (+62)877-1574-4747📱Dwi (+62)815-1469-6934 created by Universitas Siber Asia with Universitas Siber Asia’s suara asli - universitassiberasia",1253,2026-07-01 04:17:47
7124589644230053147,https://www.tiktok.com/@univsiberasia/video/7124589644230053147,"Kegiatan kunjungan Rektor dan Wakil Rektor UNSIA ke SMAN 2 Palangkaraya dan Dinas Pendidikan Provinsi Kalimantan Tengah. Dalam rangkaian UNSIA Goes to Kalimantan, Selasa 26 Juli 2022. created by Universitas Siber Asia with Justin Bieber’s Ghost",1460,2026-07-01 04:17:47
7114213177184881946,https://www.tiktok.com/@univsiberasia/video/7114213177184881946,"Visitasi Lapangan Monev LLDIKTI Wilayah III Jakarta, Senin 27 Juni 2022. Monev dilakukan di USBJJ Unsia di Palembang yaitu Universitas Bina Darma. Tim monev diterima oleh Rektor Bina Darma, Dr. Sunda Ariana, M.Pd dan jajaran Wakil Rektor. #KuliahOnlinediUNSIA #Semuabisakuliah created by Universitas Siber Asia with Avicii & Sandro Cavazza’s Without You",1280,2026-07-01 04:17:47
7114183017903426842,https://www.tiktok.com/@univsiberasia/video/7114183017903426842,"Kunjungan Unsia ke PT Sari Roti Palembang, 28 juni 2022. Diterima oleh Kepala Cabang, Head of HRD dan Serikat Pekerja Sari Roti #Semuabisakuliah #KuliahOnlinediUNSIA created by Universitas Siber Asia with Party Tyme Karaoke’s Team (Made Popular By Lorde) [Vocal Version]",4747,2026-07-01 04:17:47
7104952176862154011,https://www.tiktok.com/@univsiberasia/video/7104952176862154011,"UNSIA Goes to Sulawesi, 27-28 Mei 2022 #KuliahOnlinediUNSIA #Semuabisakuliah created by Universitas Siber Asia with Lil Nas X’s THATS WHAT I WANT",1325,2026-07-01 04:17:47
7104495517379415322,https://www.tiktok.com/@univsiberasia/video/7104495517379415322,"Kegiatan Halal Bi Halal yang dihadiri oleh Ketua YMIK, Rektor, Wakil Rektor, Kaprodi, Dosen, seluruh Karyawan dan Staff Universitas Siber Asia. Meriahnya Halal bi Halal di UNSIA dari Tausyiah, Fashion Show sampai Tuker kado, Selasa 31 Mei 2022. #KuliahOnlinediUNSIA #Semuabisakuliah created by Universitas Siber Asia with SHELLA SAUKIA’s suara asli - SHELLA SAUKIA",1043,2026-07-01 04:17:47
7100829371761462555,https://www.tiktok.com/@univsiberasia/video/7100829371761462555,"Halo Sobat Unsia, para calon Mahasiswa/i baru Universitas Siber Asia. Unsia kembali akan membuka Pendaftaran Penerimaan Mahasiswa Baru lohh. Yuk segera daftarkan diri kalian, tetap nantikan dan infokan kepada teman atau saudara kalian🙌Berikut adalah video testimoni Mahasiwa/i aktif Universitas Siber Asia yang sudah menjalankan perkuliahan. #KuliahOnlinediUNSIA #Semuabisakuliah created by Universitas Siber Asia with Universitas Siber Asia’s suara asli - universitassiberasia",2939,2026-07-01 04:17:47
7100090544629632283,https://www.tiktok.com/@univsiberasia/video/7100090544629632283,"Kunjungan Universitas Siber Asia (UNSIA) dalam rangka UNSIA Goes to Sumatera, Day 2 & 3, Jum'at 20 Mei dan 21 Mei 2022 #KuliahOnlinediUNSIA #Semuabisakuliah created by Universitas Siber Asia with Beach Bunny’s Cloud 9",1357,2026-07-01 04:17:47
7100071110313561370,https://www.tiktok.com/@univsiberasia/video/7100071110313561370,"Kunjungan Universitas Siber Asia (UNSIA) ke Universitas Bina Darma Palembang, dalam rangka UNSIA Goes to Sumatera, Day 1 Kamis 19 Mei 2022 #KuliahOnlinediUNSIA #Semuabisakuliah created by Universitas Siber Asia with Harry Styles’s As It Was",1634,2026-07-01 04:17:47
7016604076611751195,https://www.tiktok.com/@univsiberasia/video/7016604076611751195,"✨UNIVERSITAS SIBER ASIA PROUDLY PRESENTASI✨ INTERNATIONAL WEBINAR ""Future Education, Digitalization and Competencies"" #fyp #fypシ #internationalwebinar created by Universitas Siber Asia with Universitas Siber Asia’s suara asli - universitassiberasia",2775,2026-07-01 04:17:47
7015803459718909210,https://www.tiktok.com/@univsiberasia/video/7015803459718909210,Registration 👇🏻 https://webinar.unsia.ac.id/internationalwebinar-registration/Ikuti Webinarnya karna akan ada pengumuman Tiktok Competition ☺ #fyp created by Universitas Siber Asia with Maudy Ayunda’s Kejar Mimpi,866,2026-07-01 04:17:47
6997274408926711067,https://www.tiktok.com/@univsiberasia/video/6997274408926711067,Selamat Hari Kemerdekaan RI ke-76 Indonesia Tangguh! Indonesia Tumbuh! Merdeka!! #dirgahayuri76 #berjuangberkreasi #unsia #kuliahonline created by Universitas Siber Asia with Universitas Siber Asia’s suara asli - universitassiberasia,2306,2026-07-01 04:17:47
6995472791214624026,https://www.tiktok.com/@univsiberasia/video/6995472791214624026,Kuliah di UNSIA itu :Biaya kuliah gak mahal✅Bisa dicicil ✅Full Online Learning ✅Masih buka pendaftaran ✅ #fyp #kuliahonline #xyzbca #foryourpagе created by Universitas Siber Asia with Universitas Siber Asia’s suara asli - universitassiberasia,8127,2026-07-01 04:17:47
6992416743163432219,https://www.tiktok.com/@univsiberasia/video/6992416743163432219,"Haloo, UNSIA masih membuka pendaftaran mahasiswa baru loh. Simak video berikut untuk alur pendaftarannya ya 😉 #fyp #xyzbca #unsia #kuliahonline created by Universitas Siber Asia with Universitas Siber Asia’s suara asli - universitassiberasia",25.1K,2026-07-01 04:17:47
6990996119832595738,https://www.tiktok.com/@univsiberasia/video/6990996119832595738,Kamu suka bikin video kreatif? Atau eksis di TikTok? ikuti ✨UNSIA Tiktok Competition✨ dan menangkan hadiah jutaan rupiah dan Beasiswa 👏🏻#fyp #fypシ created by Universitas Siber Asia with elysia✨’s Kanan Kiri Remix,1607,2026-07-01 04:17:47
6989524648237092123,https://www.tiktok.com/@univsiberasia/video/6989524648237092123,"Buat yang kepo sama kampus UNSIA nihh mimin kasih liat dikit yaa 😋, mau tau lebih lanjut? Daftar aja di pmb.unsia.ac.id 😁#fyp #foryou #unsia #xyzbca created by Universitas Siber Asia with Dj Viral TikToker’s Touch It (TikTok Remix)",6801,2026-07-01 04:17:47
6986517498686410010,https://www.tiktok.com/@univsiberasia/video/6986517498686410010,"Kirim pertanyaan kamu terkait UNSIA ke kita yuk. Dengan cara follow ig @univsiberasia, website www.unsia.ac.id atau wa 081213732772 #fyp #foryou created by Universitas Siber Asia with Abigail Barlow’s original sound",2607,2026-07-01 04:17:47
6985360199167135002,https://www.tiktok.com/@univsiberasia/video/6985360199167135002,Kuliah gaperlu mahal bisa jadi sarjana? Welcome to UNSIA✨  kunjungi website unsia.ac.id atau bisa follow IG kami ya 😉 #unsia #kuliahonline #fyp #fypシ created by Universitas Siber Asia with Universitas Siber Asia’s original sound - universitassiberasia,9635,2026-07-01 04:17:47
6985358341518150939,https://www.tiktok.com/@univsiberasia/video/6985358341518150939,Kuliah online ga pas pandemi aja??Welcome to UNSIA ✨cek unsia.ac.id dan follow IG di profile 😉 #unsia #kuliahonline #daring #fypシ created by Universitas Siber Asia with Universitas Siber Asia’s original sound - universitassiberasia,2136,2026-07-01 04:17:47
6985349471253056795,https://www.tiktok.com/@univsiberasia/video/6985349471253056795,Welcome to Universitas Siber Asia ✨ PTS Siber pertama di Indonesia. Cek unsia.ac.id atau follow IG kami yang ada di profile 😉 #unsia #fyp created by Universitas Siber Asia with Universitas Siber Asia’s original sound - universitassiberasia,2864,2026-07-01 04:17:47